time,open,high,low,close
1761552000,24332.85,24348.59,24317.13,24317.13
1761552300,24317.24,24317.7,24291.39,24295.08
1761552600,24293.41,24293.51,24264.44,24279.34
1761552900,24279.89,24284.63,24274.19,24283.57
1761553200,24285.72,24293.82,24284.52,24291.54
1761553500,24291.21,24294.18,24266.23,24268.63
1761553800,24265.99,24269.63,24257.35,24264.57
1761554100,24264.71,24280.43,24253.86,24280.3
1761554400,24278.89,24293.61,24278.89,24288.82
1761554700,24288.93,24301.44,24281.12,24281.88
1761555000,24282.06,24290.67,24276.74,24290.32
1761555300,24290.46,24310.41,24288.05,24289.47
1761555600,24289.33,24292.32,24278.34,24281.17
1761555900,24281.24,24281.24,24259.28,24268.04
1761556200,24268.08,24274.71,24267.19,24274.71
1761556500,24274.78,24281.58,24267.05,24267.65
1761556800,24267.71,24273.1,24257.29,24261.97
1761557100,24262.17,24264.66,24245.57,24246.55
1761557400,24246.62,24257.07,24242.86,24255.85
1761557700,24255.22,24265.74,24252.82,24265.45
1761558000,24265.55,24268.05,24260.08,24267.95
1761558300,24268.22,24282.07,24268.22,24277.46
1761558600,24277.42,24280.98,24274.2,24275.07
1761558900,24275.01,24276.51,24269.59,24276.51
1761559200,24277.44,24284.36,24268.21,24269.75
1761559500,24270.08,24271.47,24262.91,24267.83
1761559800,24267.31,24267.31,24251.83,24265.67
1761560100,24265.1,24270.78,24258.6,24262.96
1761560400,24262.94,24266.62,24261.2,24265.71
1761560700,24266.78,24271.05,24262.41,24266.04
1761561000,24266.3,24269.84,24263.51,24266.18
1761561300,24266.11,24267.05,24256.18,24263.49
1761561600,24263.43,24269.23,24250.05,24252.03
1761561900,24251.79,24252.71,24249.14,24251.76
1761562200,24253.06,24274.47,24252.76,24271.32
1761562500,24271.24,24271.37,24254.4,24254.4
1761562800,24254.72,24258.03,24247.5,24255.14
1761563100,24254.6,24262.25,24247.54,24252.81
1761563400,24251.71,24251.71,24226.63,24228.48
1761563700,24230.28,24234.54,24226.53,24234.54
1761564000,24234.44,24235.77,24230.92,24233.93
1761564300,24231.94,24231.94,24208.77,24209.5
1761564600,24208.7,24214.87,24204.17,24211.26
1761564900,24212.06,24212.06,24203.41,24211.02
1761565200,24210.67,24220.55,24208.8,24209.18
1761565500,24209.72,24215.78,24207.05,24215.78
1761565800,24215.73,24222.64,24208.73,24222.64
1761566100,24222.16,24227.25,24213.07,24225.13
1761566400,24224.96,24234.27,24224.38,24232.47
1761566700,24231.46,24232.74,24220.5,24223.67
1761567000,24223.59,24239.73,24223.59,24239.73
1761567300,24239.83,24244.03,24237.62,24238.91
1761567600,24238.86,24239.59,24231.8,24236.2
1761567900,24236.0,24237.67,24234.86,24236.33
1761568200,24235.82,24236.02,24224.79,24231.54
1761568500,24231.44,24233.21,24219.45,24223.43
1761568800,24223.64,24227.0,24219.93,24220.15
1761569100,24219.82,24231.42,24217.43,24230.48
1761569400,24230.6,24239.74,24228.05,24235.95
1761569700,24236.09,24237.42,24224.07,24227.74
1761570000,24227.81,24235.72,24225.58,24235.0
1761570300,24235.03,24240.98,24234.97,24240.24
1761570600,24239.23,24243.57,24225.48,24225.62
1761570900,24226.08,24231.12,24222.23,24225.92
1761571200,24227.58,24227.82,24202.09,24203.18
1761571500,24202.85,24218.16,24202.74,24216.37
1761571800,24217.72,24220.1,24185.84,24203.6
1761572100,24200.99,24235.07,24197.15,24235.07
1761572400,24234.58,24243.02,24227.37,24243.02
1761572700,24243.28,24255.44,24233.74,24255.44
1761573000,24255.77,24268.97,24250.99,24265.92
1761573300,24265.85,24274.81,24264.95,24268.71
1761573600,24268.76,24276.12,24263.62,24275.98
1761573900,24276.99,24281.74,24275.31,24277.49
1761574200,24277.45,24279.44,24271.94,24273.21
1761574500,24273.5,24283.77,24272.84,24280.14
1761574800,24281.47,24283.37,24273.24,24281.86
1761575100,24281.49,24301.18,24281.49,24293.79
1761575400,24293.91,24294.1,24278.01,24282.22
1761575700,24282.44,24289.9,24276.72,24278.17
1761576000,24278.05,24298.83,24274.88,24297.81
1761576300,24296.3,24297.24,24282.41,24287.1
1761576600,24287.17,24288.16,24270.4,24274.07
1761576900,24274.21,24288.99,24274.21,24281.45
1761577200,24281.41,24282.64,24269.33,24275.94
1761577500,24275.1,24275.1,24260.79,24261.66
1761577800,24261.74,24264.78,24256.17,24264.72
1761578100,24264.91,24268.94,24253.5,24253.55
1761578400,24253.92,24256.23,24247.67,24250.84
1761578700,24250.69,24258.76,24247.41,24258.33
1761579000,24257.89,24264.14,24253.98,24264.14
1761579300,24265.1,24268.33,24254.87,24257.92
1761579600,24257.39,24257.39,24246.44,24254.99
1761579900,24254.25,24254.25,24242.47,24253.81
1761580200,24254.36,24258.03,24250.14,24257.94
1761580500,24258.21,24265.96,24258.18,24262.43
1761580800,24262.35,24280.02,24261.98,24279.76
1761581100,24280.85,24299.64,24280.58,24298.21
1761581400,24297.57,24297.57,24287.4,24294.47
1761581700,24294.52,24305.73,24292.65,24305.66
1761582000,24306.24,24306.97,24299.44,24304.54
1761582300,24304.42,24306.59,24296.61,24304.71
1761638400,24228.18,24244.55,24224.75,24232.88
1761638700,24232.22,24245.79,24226.1,24226.68
1761639000,24223.83,24225.24,24207.28,24207.28
1761639300,24207.3,24212.48,24196.41,24203.29
1761639600,24202.99,24216.22,24188.37,24195.67
1761639900,24195.45,24206.62,24194.87,24202.65
1761640200,24202.38,24225.3,24202.38,24220.83
1761640500,24220.94,24229.2,24218.02,24221.64
1761640800,24221.8,24229.38,24216.92,24223.89
1761641100,24223.92,24248.48,24223.92,24248.25
1761641400,24246.8,24266.97,24245.19,24259.95
1761641700,24259.9,24259.9,24246.73,24247.77
1761642000,24247.85,24266.49,24241.77,24266.29
1761642300,24266.34,24278.54,24264.78,24278.27
1761642600,24278.43,24285.06,24277.04,24282.16
1761642900,24281.83,24302.6,24281.83,24301.15
1761643200,24299.89,24299.99,24269.06,24275.32
1761643500,24273.86,24277.93,24265.6,24267.35
1761643800,24267.39,24272.64,24259.86,24269.59
1761644100,24270.27,24270.98,24255.69,24256.89
1761644400,24256.98,24269.85,24256.37,24268.71
1761644700,24269.7,24269.7,24261.07,24261.56
1761645000,24261.43,24264.43,24255.82,24256.74
1761645300,24257.28,24264.61,24244.8,24244.81
1761645600,24244.15,24254.77,24242.15,24244.81
1761645900,24244.8,24260.95,24244.8,24258.12
1761646200,24258.62,24273.42,24255.27,24273.42
1761646500,24273.28,24281.93,24272.09,24275.83
1761646800,24276.37,24290.81,24276.37,24288.19
1761647100,24288.0,24288.35,24281.42,24285.13
1761647400,24284.61,24287.49,24277.18,24279.76
1761647700,24280.41,24281.52,24270.49,24270.49
1761648000,24270.76,24279.14,24266.13,24275.2
1761648300,24275.22,24282.39,24273.03,24277.03
1761648600,24276.84,24278.28,24268.23,24276.01
1761648900,24275.5,24288.11,24274.69,24287.22
1761649200,24287.43,24291.82,24284.82,24288.03
1761649500,24287.5,24288.66,24276.12,24276.73
1761649800,24274.7,24276.2,24270.04,24271.03
1761650100,24271.35,24282.25,24268.95,24276.53
1761650400,24275.77,24280.05,24272.88,24275.05
1761650700,24274.94,24274.94,24260.41,24261.77
1761651000,24262.03,24267.42,24258.18,24260.34
1761651300,24259.69,24268.31,24256.97,24264.2
1761651600,24264.14,24270.06,24263.51,24267.87
1761651900,24267.54,24279.09,24267.54,24275.44
1761652200,24275.22,24295.98,24275.22,24287.13
1761652500,24286.96,24293.27,24286.82,24288.76
1761652800,24290.49,24294.79,24289.08,24290.22
1761653100,24289.89,24299.77,24288.85,24295.37
1761653400,24296.13,24308.22,24296.13,24304.97
1761653700,24305.35,24305.47,24298.94,24304.01
1761654000,24304.52,24319.1,24304.46,24309.33
1761654300,24309.21,24312.13,24300.46,24304.71
1761654600,24304.82,24314.0,24302.95,24303.85
1761654900,24303.35,24304.66,24292.02,24298.08
1761655200,24298.63,24298.65,24290.2,24290.23
1761655500,24290.13,24290.13,24275.9,24277.76
1761655800,24277.94,24284.59,24275.75,24279.51
1761656100,24279.54,24287.92,24279.05,24287.37
1761656400,24287.51,24296.77,24284.99,24291.25
1761656700,24290.98,24304.92,24290.98,24300.49
1761657000,24300.71,24332.53,24300.64,24332.53
1761657300,24332.55,24338.26,24324.42,24326.01
1761657600,24325.97,24328.05,24322.53,24328.01
1761657900,24329.2,24339.94,24329.2,24336.87
1761658200,24335.89,24335.89,24304.39,24305.75
1761658500,24305.99,24311.88,24289.23,24290.45
1761658800,24288.89,24292.59,24274.92,24275.45
1761659100,24276.78,24276.78,24258.11,24269.36
1761659400,24269.24,24278.71,24261.22,24277.3
1761659700,24277.58,24284.88,24268.89,24275.36
1761660000,24275.76,24298.29,24275.38,24291.52
1761660300,24291.57,24291.57,24265.87,24270.81
1761660600,24270.75,24284.1,24270.02,24280.26
1761660900,24279.58,24295.43,24279.46,24293.47
1761661200,24293.61,24296.06,24281.91,24284.43
1761661500,24285.08,24310.23,24284.85,24309.18
1761661800,24308.57,24326.62,24307.47,24325.42
1761662100,24325.7,24335.92,24323.33,24329.18
1761662400,24327.44,24329.74,24320.67,24324.22
1761662700,24324.3,24325.46,24308.06,24313.57
1761663000,24314.36,24327.42,24313.13,24322.05
1761663300,24322.18,24323.4,24309.87,24312.4
1761663600,24312.52,24321.39,24309.67,24314.71
1761663900,24314.91,24315.58,24307.4,24315.49
1761664200,24315.4,24321.31,24310.4,24311.52
1761664500,24311.68,24325.1,24309.99,24321.73
1761664800,24320.67,24330.28,24319.97,24326.5
1761665100,24324.43,24325.78,24308.33,24320.17
1761665400,24319.87,24325.99,24312.2,24312.2
1761665700,24312.11,24315.51,24307.51,24313.12
1761666000,24313.05,24313.93,24299.88,24300.95
1761666300,24300.22,24307.27,24300.22,24300.23
1761666600,24300.2,24312.35,24300.03,24306.17
1761666900,24306.27,24310.69,24304.46,24304.58
1761667200,24303.86,24314.69,24300.84,24314.06
1761667500,24313.79,24315.48,24308.18,24309.94
1761667800,24311.4,24312.94,24290.79,24291.73
1761668100,24292.1,24307.95,24291.96,24296.89
1761668400,24296.5,24296.5,24278.56,24280.3
1761668700,24280.84,24288.98,24279.72,24286.4
1761724800,24261.09,24272.44,24252.96,24270.34
1761725100,24272.09,24278.78,24259.46,24278.38
1761725400,24279.1,24295.67,24274.56,24292.49
1761725700,24292.87,24322.59,24292.87,24314.67
1761726000,24313.37,24322.9,24303.88,24309.03
1761726300,24309.39,24309.84,24293.38,24297.15
1761726600,24297.4,24315.05,24297.4,24304.64
1761726900,24301.97,24301.97,24239.44,24243.76
1761727200,24243.25,24263.82,24243.0,24263.6
1761727500,24264.08,24288.19,24262.59,24272.28
1761727800,24271.9,24275.8,24253.9,24254.06
1761728100,24254.16,24272.7,24248.97,24272.7
1761728400,24273.4,24275.18,24263.84,24267.28
1761728700,24267.07,24277.73,24260.84,24260.95
1761729000,24260.64,24260.64,24248.3,24251.53
1761729300,24254.14,24281.13,24252.14,24280.58
1761729600,24280.43,24286.85,24278.67,24278.88
1761729900,24279.11,24284.71,24269.81,24273.19
1761730200,24273.33,24276.41,24266.68,24266.68
1761730500,24266.82,24268.91,24258.17,24261.52
1761730800,24261.62,24270.08,24256.69,24266.7
1761731100,24265.9,24271.91,24258.45,24268.78
1761731400,24268.87,24276.44,24268.55,24274.25
1761731700,24274.14,24274.24,24256.83,24262.4
1761732000,24263.01,24265.89,24258.06,24262.95
1761732300,24263.45,24272.72,24258.83,24270.76
1761732600,24270.53,24284.4,24267.37,24283.75
1761732900,24283.49,24303.38,24283.49,24298.65
1761733200,24299.21,24308.54,24298.63,24298.92
1761733500,24299.42,24302.62,24287.78,24290.5
1761733800,24290.14,24291.71,24272.17,24272.69
1761734100,24272.81,24278.86,24258.81,24258.81
1761734400,24257.88,24269.45,24255.58,24269.07
1761734700,24269.01,24272.57,24264.59,24271.68
1761735000,24271.66,24284.75,24270.34,24282.79
1761735300,24282.46,24285.37,24266.58,24267.26
1761735600,24267.22,24277.12,24267.22,24275.33
1761735900,24276.39,24281.26,24275.51,24275.85
1761736200,24275.74,24278.06,24268.9,24269.69
1761736500,24269.8,24273.1,24252.14,24252.2
1761736800,24252.15,24252.15,24241.35,24241.99
1761737100,24241.07,24256.25,24240.14,24254.59
1761737400,24254.26,24255.89,24243.3,24252.79
1761737700,24253.07,24256.29,24249.08,24249.48
1761738000,24249.67,24256.55,24247.5,24256.5
1761738300,24256.73,24262.89,24254.31,24258.48
1761738600,24258.24,24277.83,24257.21,24270.46
1761738900,24270.18,24274.79,24267.53,24274.76
1761739200,24274.67,24280.29,24271.13,24280.29
1761739500,24280.27,24287.71,24280.27,24287.71
1761739800,24287.55,24297.6,24286.09,24294.78
1761740100,24294.69,24306.65,24293.44,24303.83
1761740400,24304.16,24305.6,24298.84,24300.26
1761740700,24299.86,24307.61,24299.02,24303.92
1761741000,24303.44,24306.77,24297.99,24305.42
1761741300,24305.91,24306.51,24288.14,24291.33
1761741600,24291.31,24296.19,24287.29,24289.18
1761741900,24288.97,24289.2,24275.69,24275.69
1761742200,24275.6,24275.6,24259.05,24268.55
1761742500,24268.45,24271.34,24258.56,24259.06
1761742800,24258.74,24258.86,24242.77,24247.9
1761743100,24246.86,24258.09,24246.64,24254.82
1761743400,24255.16,24262.0,24250.7,24259.75
1761743700,24259.42,24264.33,24255.15,24257.46
1761744000,24257.33,24257.36,24245.8,24247.13
1761744300,24247.39,24247.39,24231.15,24234.54
1761744600,24235.22,24235.22,24210.52,24229.84
1761744900,24229.99,24233.66,24217.37,24227.99
1761745200,24228.17,24232.79,24219.97,24232.79
1761745500,24232.97,24234.28,24197.34,24199.54
1761745800,24200.86,24216.63,24190.9,24203.86
1761746100,24204.0,24222.6,24204.0,24215.22
1761746400,24214.48,24217.38,24163.42,24175.38
1761746700,24175.41,24201.46,24175.41,24198.96
1761747000,24199.45,24215.73,24198.36,24205.52
1761747300,24205.06,24211.59,24196.13,24209.74
1761747600,24208.73,24213.24,24201.85,24207.44
1761747900,24207.27,24214.01,24199.34,24201.68
1761748200,24202.1,24202.1,24167.64,24174.53
1761748500,24174.66,24191.85,24174.66,24189.08
1761748800,24188.54,24188.54,24153.95,24157.85
1761749100,24157.93,24160.56,24109.36,24112.14
1761749400,24113.4,24114.64,24090.58,24107.14
1761749700,24107.03,24129.06,24104.77,24127.83
1761750000,24128.19,24133.39,24123.85,24125.14
1761750300,24126.08,24158.32,24124.99,24157.8
1761750600,24156.69,24168.19,24142.94,24160.94
1761750900,24161.33,24161.33,24141.33,24146.69
1761751200,24146.81,24156.43,24141.25,24156.43
1761751500,24158.74,24165.52,24151.63,24164.7
1761751800,24163.84,24163.84,24141.79,24148.06
1761752100,24147.99,24147.99,24133.01,24142.97
1761752400,24143.12,24152.93,24139.13,24151.78
1761752700,24151.83,24161.13,24148.92,24159.65
1761753000,24159.2,24162.21,24146.57,24147.34
1761753300,24147.33,24147.65,24129.98,24131.18
1761753600,24131.11,24132.21,24119.01,24119.9
1761753900,24119.85,24130.83,24118.06,24130.04
1761754200,24130.35,24133.16,24124.21,24128.95
1761754500,24128.85,24128.85,24111.43,24118.1
1761754800,24117.9,24125.01,24117.67,24118.33
1761755100,24118.47,24124.43,24107.83,24123.45
1761811200,24187.82,24204.06,24171.11,24172.06
1761811500,24172.6,24175.23,24152.51,24175.23
1761811800,24174.99,24180.32,24152.35,24155.81
1761812100,24157.33,24194.57,24157.33,24183.64
1761812400,24183.82,24203.0,24182.78,24195.2
1761812700,24194.7,24202.74,24187.26,24189.0
1761813000,24188.86,24192.65,24168.14,24171.65
1761813300,24171.89,24186.06,24168.85,24185.31
1761813600,24184.46,24213.63,24181.53,24213.28
1761813900,24213.57,24215.3,24194.53,24194.53
1761814200,24195.09,24203.55,24193.16,24198.84
1761814500,24198.87,24200.96,24180.7,24181.9
1761814800,24181.69,24187.43,24146.89,24157.03
1761815100,24156.93,24172.51,24155.78,24166.3
1761815400,24165.7,24165.7,24130.67,24141.04
1761815700,24141.15,24142.37,24125.52,24126.09
1761816000,24126.12,24126.12,24093.51,24099.16
1761816300,24099.4,24109.91,24099.4,24104.51
1761816600,24105.38,24115.5,24091.88,24093.94
1761816900,24094.09,24096.04,24078.55,24087.66
1761817200,24087.76,24091.32,24081.24,24090.04
1761817500,24090.55,24090.7,24079.42,24081.76
1761817800,24082.02,24088.21,24076.95,24079.98
1761818100,24080.06,24097.21,24079.17,24096.36
1761818400,24097.62,24109.43,24094.42,24106.19
1761818700,24108.43,24114.25,24096.24,24110.5
1761819000,24110.17,24118.99,24110.17,24112.64
1761819300,24112.6,24121.31,24110.52,24121.31
1761819600,24121.15,24124.95,24100.58,24101.51
1761819900,24101.49,24104.71,24092.35,24092.35
1761820200,24093.19,24098.27,24088.84,24092.26
1761820500,24092.54,24092.54,24076.14,24076.14
1761820800,24076.04,24079.65,24057.87,24078.25
1761821100,24078.62,24087.39,24078.62,24080.78
1761821400,24080.47,24090.44,24079.91,24082.9
1761821700,24082.73,24083.07,24066.37,24066.37
1761822000,24065.71,24070.43,24057.02,24064.98
1761822300,24065.66,24077.26,24061.18,24069.2
1761822600,24069.18,24093.25,24068.91,24093.25
1761822900,24092.41,24101.49,24092.36,24096.99
1761823200,24096.89,24100.34,24091.66,24091.71
1761823500,24091.62,24092.2,24081.8,24088.91
1761823800,24088.97,24088.97,24074.24,24079.61
1761824100,24079.73,24085.25,24077.16,24078.45
1761824400,24078.29,24092.6,24077.82,24087.75
1761824700,24087.89,24087.89,24074.13,24074.13
1761825000,24075.93,24075.93,24061.62,24061.93
1761825300,24061.89,24071.93,24060.62,24069.13
1761825600,24070.1,24085.89,24065.45,24085.24
1761825900,24085.34,24091.77,24082.97,24083.29
1761826200,24083.43,24084.48,24058.02,24066.28
1761826500,24066.42,24076.27,24064.51,24075.63
1761826800,24075.41,24091.23,24075.27,24087.42
1761827100,24087.57,24088.81,24082.61,24083.27
1761827400,24083.46,24087.02,24073.15,24086.64
1761827700,24086.74,24099.83,24086.74,24089.49
1761828000,24089.36,24090.05,24071.22,24082.2
1761828300,24082.27,24094.34,24075.96,24092.89
1761828600,24093.17,24098.19,24089.57,24089.64
1761828900,24089.59,24091.17,24075.7,24077.99
1761829200,24078.34,24090.14,24069.27,24080.64
1761829500,24080.56,24087.97,24073.21,24087.87
1761829800,24087.9,24105.89,24086.39,24090.84
1761830100,24090.51,24092.77,24065.92,24066.58
1761830400,24066.54,24066.54,24043.05,24044.87
1761830700,24045.2,24065.26,24034.75,24065.26
1761831000,24065.43,24114.62,24065.22,24101.61
1761831300,24101.5,24103.08,24078.37,24089.72
1761831600,24090.28,24127.44,24085.98,24127.15
1761831900,24126.48,24140.04,24121.46,24136.12
1761832200,24135.97,24159.55,24135.01,24150.02
1761832500,24150.14,24151.49,24137.56,24137.56
1761832800,24137.5,24145.84,24110.69,24112.07
1761833100,24112.45,24136.24,24112.39,24114.88
1761833400,24113.33,24124.74,24103.27,24115.39
1761833700,24116.7,24118.62,24095.69,24095.69
1761834000,24094.36,24122.24,24093.49,24105.55
1761834300,24106.19,24122.09,24104.22,24117.97
1761834600,24117.99,24146.64,24117.99,24131.6
1761834900,24131.08,24138.47,24105.56,24105.56
1761835200,24105.49,24123.25,24104.4,24122.9
1761835500,24123.06,24129.95,24110.05,24122.0
1761835800,24122.05,24132.47,24115.57,24121.06
1761836100,24120.94,24131.14,24106.85,24128.14
1761836400,24128.42,24133.0,24124.73,24131.21
1761836700,24131.48,24135.92,24111.86,24123.71
1761837000,24123.17,24132.09,24120.93,24132.09
1761837300,24131.81,24136.64,24124.02,24127.79
1761837600,24127.3,24134.54,24126.22,24130.38
1761837900,24130.48,24137.28,24123.86,24137.15
1761838200,24138.04,24141.82,24122.15,24122.7
1761838500,24122.79,24127.94,24113.83,24114.68
1761838800,24114.9,24116.72,24103.63,24113.75
1761839100,24113.78,24121.99,24111.77,24120.12
1761839400,24120.31,24120.88,24107.19,24114.26
1761839700,24114.44,24124.32,24111.26,24111.63
1761840000,24109.79,24115.44,24097.37,24115.34
1761840300,24115.3,24125.04,24115.3,24122.79
1761840600,24122.88,24138.15,24118.99,24133.79
1761840900,24133.11,24138.8,24128.43,24136.6
1761841200,24136.54,24138.06,24131.65,24132.96
1761841500,24133.02,24140.32,24127.48,24139.04
1761897600,24115.31,24119.66,24086.27,24091.25
1761897900,24091.42,24091.42,24063.55,24069.48
1761898200,24069.43,24072.21,24051.14,24051.64
1761898500,24051.76,24064.79,24050.98,24054.37
1761898800,24054.79,24055.19,24029.92,24035.14
1761899100,24034.93,24049.7,24033.92,24036.34
1761899400,24035.79,24047.57,24033.35,24046.18
1761899700,24046.01,24051.71,24021.76,24027.85
1761900000,24028.4,24033.9,24024.73,24030.34
1761900300,24030.79,24031.57,24010.13,24010.82
1761900600,24010.66,24023.84,24007.37,24023.32
1761900900,24023.67,24032.08,24021.65,24030.78
1761901200,24033.17,24045.83,24029.54,24030.31
1761901500,24030.22,24055.59,24027.29,24051.44
1761901800,24050.91,24053.37,24042.66,24044.86
1761902100,24045.25,24048.92,24037.67,24043.05
1761902400,24042.83,24046.82,24029.73,24033.05
1761902700,24035.04,24042.31,24031.14,24034.68
1761903000,24034.82,24040.74,24024.93,24025.56
1761903300,24025.31,24026.23,24000.27,24002.4
1761903600,24002.01,24004.61,23992.27,23992.27
1761903900,23991.94,24005.32,23991.94,24001.59
1761904200,24001.67,24012.07,24001.46,24007.53
1761904500,24008.03,24008.5,24000.97,24005.93
1761904800,24004.31,24004.31,23998.59,24002.08
1761905100,24002.46,24002.46,23984.21,23997.55
1761905400,23997.67,23997.67,23983.38,23984.0
1761905700,23985.02,23991.18,23981.05,23990.91
1761906000,23990.81,24000.59,23985.89,24000.0
1761906300,23999.93,24006.16,23994.0,24006.01
1761906600,24005.91,24011.68,23998.29,24001.52
1761906900,24002.45,24012.23,23993.87,24011.77
1761907200,24011.75,24031.33,24010.26,24027.04
1761907500,24026.99,24037.75,24026.99,24034.6
1761907800,24039.05,24054.03,24030.2,24031.38
1761908100,24032.46,24033.35,24013.53,24013.81
1761908400,24015.33,24016.18,23992.12,23996.51
1761908700,23997.01,24023.28,23997.01,24022.36
1761909000,24022.24,24034.14,24022.24,24033.78
1761909300,24034.78,24043.11,24034.78,24042.22
1761909600,24042.24,24062.59,24041.69,24062.59
1761909900,24062.85,24065.57,24058.35,24063.32
1761910200,24061.03,24064.58,24050.62,24053.52
1761910500,24053.43,24055.5,24049.19,24055.5
1761910800,24055.4,24060.71,24053.4,24059.13
1761911100,24059.03,24070.15,24059.03,24070.15
1761911400,24070.02,24076.48,24069.45,24073.91
1761911700,24072.96,24073.08,24061.03,24062.63
1761912000,24061.07,24061.07,24031.53,24032.44
1761912300,24032.25,24032.25,24025.76,24027.9
1761912600,24027.27,24030.44,24024.54,24030.16
1761912900,24030.32,24051.97,24029.33,24051.73
1761913200,24053.42,24057.92,24051.36,24055.28
1761913500,24054.78,24057.7,24052.08,24052.75
1761913800,24052.89,24056.02,24047.02,24049.73
1761914100,24048.27,24049.83,24018.9,24025.93
1761914400,24026.44,24026.96,24018.05,24018.66
1761914700,24018.86,24018.86,24008.12,24015.7
1761915000,24015.65,24020.21,24013.22,24013.22
1761915300,24013.12,24013.22,23997.92,24002.64
1761915600,24002.54,24003.93,23997.33,23998.07
1761915900,23997.06,23997.06,23992.68,23995.1
1761916200,23994.98,23999.8,23991.6,23999.39
1761916500,23998.76,24005.57,23994.76,24004.04
1761916800,24003.72,24019.02,24002.92,24009.99
1761917100,24009.96,24010.18,23996.37,23996.37
1761917400,23995.59,24003.76,23993.08,24002.28
1761917700,24002.29,24004.74,23991.54,23992.13
1761918000,23991.95,23992.59,23959.24,23964.27
1761918300,23962.97,23972.1,23948.23,23953.88
1761918600,23954.71,23963.5,23946.82,23948.78
1761918900,23948.65,23949.14,23936.63,23941.99
1761919200,23943.23,23948.11,23938.26,23942.14
1761919500,23942.25,23960.38,23938.58,23951.41
1761919800,23952.52,23969.85,23952.12,23967.03
1761920100,23967.76,23973.58,23962.74,23969.99
1761920400,23969.72,23970.43,23940.13,23949.0
1761920700,23946.18,23950.66,23923.81,23924.72
1761921000,23924.65,23945.79,23922.95,23943.61
1761921300,23943.85,23965.71,23942.64,23965.33
1761921600,23965.14,23978.56,23952.7,23973.59
1761921900,23973.86,23979.01,23968.05,23968.05
1761922200,23967.47,23976.06,23966.91,23975.24
1761922500,23975.23,23994.03,23974.61,23993.12
1761922800,23993.0,23995.65,23980.87,23995.65
1761923100,23996.16,24000.49,23986.55,23987.91
1761923400,23987.98,23989.53,23970.83,23976.57
1761923700,23976.87,23985.66,23976.3,23978.42
1761924000,23978.56,23980.31,23973.88,23977.63
1761924300,23977.91,23977.91,23964.14,23964.14
1761924600,23964.32,23986.33,23964.11,23980.31
1761924900,23980.34,23984.77,23974.29,23975.14
1761925200,23975.07,23981.85,23960.89,23977.13
1761925500,23977.81,24008.81,23976.51,23978.43
1761925800,23977.92,23983.31,23970.2,23972.42
1761926100,23972.52,23974.07,23955.23,23956.15
1761926400,23954.29,23954.85,23938.52,23949.49
1761926700,23950.05,23962.97,23949.85,23951.37
1761927000,23950.87,23961.44,23950.87,23955.31
1761927300,23955.26,23955.26,23939.98,23939.98
1761927600,23940.08,23940.08,23932.93,23938.77
1761927900,23938.71,23956.6,23938.71,23955.09
1762156800,23990.34,24017.46,23982.28,24016.71
1762157100,24015.31,24022.12,24004.72,24008.34
1762157400,24008.2,24062.52,24008.2,24058.29
1762157700,24059.84,24091.31,24054.98,24081.74
1762158000,24081.88,24106.76,24074.79,24100.18
1762158300,24099.2,24117.06,24099.2,24112.8
1762158600,24111.44,24122.99,24108.4,24115.18
1762158900,24115.82,24117.54,24100.53,24110.13
1762159200,24110.19,24122.98,24097.4,24120.57
1762159500,24122.43,24141.48,24122.43,24139.44
1762159800,24140.53,24148.03,24134.71,24142.78
1762160100,24142.61,24143.73,24125.32,24128.1
1762160400,24128.83,24146.87,24121.91,24137.62
1762160700,24138.05,24156.11,24138.05,24155.16
1762161000,24154.86,24164.7,24146.78,24163.62
1762161300,24163.48,24172.49,24154.95,24171.36
1762161600,24171.49,24171.6,24162.12,24168.38
1762161900,24167.65,24179.0,24162.62,24178.15
1762162200,24178.35,24179.64,24160.04,24162.53
1762162500,24162.2,24162.2,24151.31,24156.9
1762162800,24157.35,24169.56,24156.73,24165.43
1762163100,24164.99,24167.51,24150.14,24159.74
1762163400,24160.22,24170.57,24158.5,24162.91
1762163700,24163.16,24170.73,24161.01,24163.06
1762164000,24163.31,24164.09,24150.59,24151.64
1762164300,24151.49,24164.7,24147.49,24164.7
1762164600,24164.01,24183.88,24159.47,24182.11
1762164900,24181.6,24182.65,24175.44,24178.58
1762165200,24179.18,24193.94,24179.18,24193.21
1762165500,24192.85,24195.35,24184.8,24189.47
1762165800,24190.93,24192.07,24174.01,24174.97
1762166100,24175.48,24185.63,24172.02,24185.63
1762166400,24188.82,24208.21,24187.33,24203.83
1762166700,24204.03,24210.72,24201.36,24210.72
1762167000,24209.99,24217.71,24207.28,24215.46
1762167300,24216.12,24220.73,24212.05,24218.26
1762167600,24221.13,24236.8,24218.28,24236.8
1762167900,24236.47,24247.21,24236.14,24246.26
1762168200,24245.93,24248.67,24239.12,24242.01
1762168500,24241.24,24248.56,24238.5,24240.92
1762168800,24241.62,24248.37,24235.13,24235.59
1762169100,24235.56,24235.56,24221.56,24224.79
1762169400,24227.01,24229.2,24222.82,24222.82
1762169700,24222.31,24224.44,24219.46,24222.21
1762170000,24222.25,24231.67,24222.25,24227.69
1762170300,24227.55,24232.74,24222.69,24232.49
1762170600,24232.57,24233.65,24225.13,24228.18
1762170900,24227.38,24228.86,24211.64,24218.86
1762171200,24218.92,24227.11,24216.76,24227.11
1762171500,24227.3,24228.36,24221.7,24223.33
1762171800,24223.22,24234.5,24222.25,24234.5
1762172100,24234.27,24246.02,24233.36,24246.02
1762172400,24246.22,24246.22,24224.37,24228.63
1762172700,24228.92,24229.72,24214.28,24214.77
1762173000,24214.91,24215.56,24206.77,24214.19
1762173300,24214.56,24214.56,24191.39,24191.47
1762173600,24191.4,24203.98,24190.96,24203.98
1762173900,24203.61,24207.95,24195.28,24207.4
1762174200,24207.73,24208.69,24193.07,24194.48
1762174500,24194.37,24194.87,24186.63,24188.93
1762174800,24188.86,24188.86,24158.65,24159.95
1762175100,24159.59,24174.67,24159.44,24164.94
1762175400,24164.56,24176.23,24162.17,24171.16
1762175700,24171.5,24179.31,24167.07,24173.92
1762176000,24173.56,24174.72,24164.07,24164.07
1762176300,24163.74,24163.74,24150.69,24155.59
1762176600,24155.28,24158.34,24150.5,24154.03
1762176900,24153.77,24158.46,24151.34,24151.84
1762177200,24151.2,24154.23,24141.0,24143.2
1762177500,24143.06,24143.06,24132.24,24135.52
1762177800,24133.28,24133.77,24122.7,24122.78
1762178100,24122.28,24132.81,24119.92,24130.55
1762178400,24133.23,24150.91,24133.23,24147.08
1762178700,24147.32,24158.86,24145.87,24158.49
1762179000,24158.77,24165.26,24155.4,24159.36
1762179300,24159.32,24173.02,24153.12,24173.02
1762179600,24173.08,24190.71,24172.85,24186.55
1762179900,24186.45,24186.69,24171.04,24180.64
1762180200,24178.27,24181.68,24147.49,24153.51
1762180500,24154.04,24162.02,24145.05,24145.05
1762180800,24144.96,24148.12,24129.61,24129.61
1762181100,24127.92,24150.25,24121.64,24146.95
1762181400,24147.09,24157.82,24136.46,24146.53
1762181700,24146.05,24147.86,24132.81,24137.12
1762182000,24136.62,24146.45,24126.3,24138.18
1762182300,24137.91,24146.28,24130.06,24141.42
1762182600,24141.84,24168.15,24141.84,24156.59
1762182900,24157.14,24161.99,24141.21,24157.84
1762183200,24157.98,24163.5,24153.16,24157.61
1762183500,24157.66,24158.02,24123.32,24131.58
1762183800,24131.67,24140.65,24121.62,24121.62
1762184100,24122.17,24148.32,24113.07,24148.32
1762184400,24149.72,24155.73,24144.63,24144.63
1762184700,24144.96,24146.44,24130.05,24130.05
1762185000,24129.92,24133.12,24117.1,24120.54
1762185300,24120.23,24124.25,24116.39,24116.86
1762185600,24117.59,24124.81,24107.46,24113.63
1762185900,24113.1,24121.53,24110.01,24112.36
1762186200,24111.68,24116.62,24106.49,24116.62
1762186500,24116.65,24122.93,24110.95,24122.93
1762186800,24122.77,24123.0,24115.25,24118.62
1762187100,24118.48,24119.12,24108.17,24111.45
1762243200,23801.24,23803.92,23767.09,23776.09
1762243500,23775.35,23775.35,23738.94,23752.59
1762243800,23750.42,23768.16,23742.33,23751.38
1762244100,23751.32,23769.23,23717.99,23721.77
1762244400,23722.14,23774.1,23722.14,23769.45
1762244700,23769.58,23788.04,23769.16,23776.28
1762245000,23776.19,23810.09,23774.01,23803.07
1762245300,23804.3,23804.3,23788.02,23789.76
1762245600,23790.31,23804.07,23785.01,23793.79
1762245900,23794.8,23797.93,23761.58,23773.72
1762246200,23774.25,23774.29,23756.24,23757.89
1762246500,23758.03,23784.9,23755.31,23782.55
1762246800,23783.26,23809.65,23783.26,23787.4
1762247100,23787.25,23787.65,23762.56,23765.43
1762247400,23765.8,23766.79,23745.93,23746.09
1762247700,23742.79,23746.52,23734.89,23742.35
1762248000,23742.43,23742.48,23699.82,23699.82
1762248300,23698.63,23713.36,23696.08,23699.94
1762248600,23701.7,23725.15,23699.57,23715.83
1762248900,23715.95,23716.88,23693.6,23700.69
1762249200,23700.34,23721.32,23692.91,23693.76
1762249500,23694.0,23706.0,23686.45,23705.48
1762249800,23707.56,23723.42,23696.44,23696.74
1762250100,23696.68,23696.73,23676.79,23684.06
1762250400,23683.56,23699.43,23674.65,23689.31
1762250700,23688.16,23704.9,23686.55,23698.32
1762251000,23698.62,23703.34,23690.92,23699.24
1762251300,23698.92,23699.77,23682.25,23697.74
1762251600,23697.97,23716.58,23695.42,23714.57
1762251900,23715.21,23727.55,23715.21,23722.13
1762252200,23721.87,23743.71,23719.69,23743.71
1762252500,23743.77,23758.63,23743.77,23757.79
1762252800,23758.72,23773.77,23758.69,23768.55
1762253100,23768.52,23786.58,23766.5,23783.6
1762253400,23782.87,23793.35,23780.32,23785.25
1762253700,23785.41,23785.41,23776.1,23783.83
1762254000,23784.38,23796.29,23778.76,23795.8
1762254300,23794.31,23796.38,23788.66,23791.69
1762254600,23791.32,23801.21,23791.32,23800.32
1762254900,23800.41,23812.8,23799.23,23808.73
1762255200,23808.57,23819.6,23804.44,23808.82
1762255500,23808.49,23811.31,23804.77,23811.21
1762255800,23809.0,23818.12,23803.54,23804.59
1762256100,23802.37,23820.88,23797.53,23817.65
1762256400,23817.78,23821.38,23813.35,23813.35
1762256700,23810.28,23816.17,23807.77,23815.65
1762257000,23815.47,23817.26,23809.34,23810.53
1762257300,23810.5,23813.76,23800.53,23803.54
1762257600,23807.63,23809.23,23787.28,23790.13
1762257900,23789.94,23793.81,23782.3,23783.74
1762258200,23783.68,23784.71,23770.01,23773.66
1762258500,23773.73,23786.54,23773.73,23786.49
1762258800,23786.55,23802.29,23786.55,23801.68
1762259100,23801.41,23820.97,23801.22,23819.47
1762259400,23819.72,23829.54,23819.53,23828.21
1762259700,23827.89,23829.54,23822.27,23822.72
1762260000,23817.99,23826.04,23817.55,23823.5
1762260300,23823.63,23828.04,23815.14,23820.73
1762260600,23820.61,23832.2,23820.61,23831.9
1762260900,23832.02,23837.91,23823.66,23829.47
1762261200,23828.8,23843.7,23823.77,23840.22
1762261500,23839.9,23839.9,23833.65,23836.42
1762261800,23836.23,23849.23,23835.18,23845.89
1762262100,23845.87,23855.73,23845.87,23855.12
1762262400,23855.15,23871.13,23845.44,23845.95
1762262700,23844.42,23845.86,23825.27,23825.27
1762263000,23825.55,23844.83,23825.33,23844.09
1762263300,23844.42,23857.31,23844.07,23857.14
1762263600,23857.98,23869.26,23854.91,23863.08
1762263900,23863.59,23865.37,23853.45,23864.41
1762264200,23864.5,23869.81,23857.22,23869.65
1762264500,23869.58,23873.96,23863.25,23863.25
1762264800,23863.2,23864.66,23832.65,23836.7
1762265100,23836.58,23851.75,23833.13,23851.55
1762265400,23851.33,23856.53,23845.25,23853.14
1762265700,23853.0,23857.01,23842.73,23854.16
1762266000,23854.41,23863.24,23852.65,23862.7
1762266300,23862.74,23866.58,23858.09,23861.47
1762266600,23862.9,23862.9,23846.55,23848.73
1762266900,23848.9,23858.93,23839.72,23845.02
1762267200,23844.91,23891.29,23840.87,23888.4
1762267500,23888.3,23899.72,23880.86,23898.98
1762267800,23898.8,23923.41,23892.89,23923.41
1762268100,23926.84,23936.04,23920.9,23936.04
1762268400,23937.89,23944.69,23932.08,23942.8
1762268700,23942.7,23947.83,23912.67,23921.17
1762269000,23921.36,23937.78,23909.83,23936.92
1762269300,23936.38,23954.06,23936.38,23950.11
1762269600,23949.7,23957.54,23942.23,23956.59
1762269900,23956.73,23963.11,23951.4,23957.14
1762270200,23956.93,23966.98,23951.68,23966.98
1762270500,23967.53,23974.31,23961.83,23967.79
1762270800,23967.72,23968.04,23954.04,23956.66
1762271100,23956.51,23956.51,23939.57,23940.18
1762271400,23940.72,23947.0,23927.4,23927.84
1762271700,23927.89,23936.96,23919.2,23935.14
1762272000,23935.35,23949.98,23929.87,23934.63
1762272300,23934.49,23939.0,23914.68,23914.97
1762272600,23914.9,23925.35,23907.72,23920.58
1762272900,23920.45,23934.93,23916.1,23926.39
1762273200,23925.88,23934.63,23923.51,23926.67
1762273500,23925.62,23947.69,23923.86,23946.65
1762329600,23774.55,23776.14,23745.52,23758.34
1762329900,23758.47,23795.06,23758.47,23793.02
1762330200,23793.21,23814.39,23787.92,23808.05
1762330500,23807.34,23828.65,23783.09,23783.09
1762330800,23782.9,23783.65,23766.71,23782.42
1762331100,23782.75,23795.31,23777.13,23792.32
1762331400,23791.77,23815.41,23791.77,23815.4
1762331700,23815.5,23831.11,23808.93,23823.57
1762332000,23823.54,23838.38,23821.0,23838.26
1762332300,23838.21,23856.01,23838.21,23856.01
1762332600,23856.55,23869.36,23848.98,23856.21
1762332900,23854.6,23858.19,23820.5,23820.5
1762333200,23819.94,23830.5,23811.57,23821.21
1762333500,23820.78,23822.85,23811.57,23821.54
1762333800,23821.44,23832.85,23809.57,23812.92
1762334100,23812.79,23815.97,23795.84,23796.04
1762334400,23795.8,23802.06,23789.92,23790.36
1762334700,23790.03,23790.66,23772.11,23782.89
1762335000,23782.83,23783.61,23754.46,23756.81
1762335300,23756.78,23775.39,23756.24,23775.39
1762335600,23775.62,23794.31,23774.87,23788.52
1762335900,23788.6,23788.6,23772.51,23780.85
1762336200,23780.77,23801.34,23779.83,23799.11
1762336500,23798.45,23800.94,23795.11,23800.61
1762336800,23800.52,23800.52,23779.82,23785.97
1762337100,23786.01,23787.5,23778.06,23778.06
1762337400,23777.88,23777.88,23759.4,23769.41
1762337700,23769.47,23783.66,23769.47,23781.14
1762338000,23781.24,23785.14,23776.28,23784.02
1762338300,23783.88,23784.82,23775.08,23779.57
1762338600,23779.46,23782.95,23772.86,23782.44
1762338900,23782.11,23796.33,23782.11,23794.01
1762339200,23794.29,23806.59,23793.67,23804.37
1762339500,23804.27,23804.6,23780.81,23786.29
1762339800,23787.9,23792.61,23769.72,23769.72
1762340100,23768.51,23768.54,23756.27,23763.64
1762340400,23763.26,23765.01,23754.62,23764.59
1762340700,23764.81,23766.96,23733.57,23737.73
1762341000,23738.06,23745.35,23732.38,23745.29
1762341300,23745.37,23763.49,23745.37,23759.11
1762341600,23758.98,23770.48,23757.14,23770.38
1762341900,23770.83,23775.08,23765.72,23767.25
1762342200,23767.15,23777.93,23764.14,23766.69
1762342500,23767.95,23787.6,23767.32,23787.6
1762342800,23788.85,23813.17,23788.85,23811.74
1762343100,23812.91,23824.99,23812.72,23820.47
1762343400,23820.6,23836.62,23820.55,23832.09
1762343700,23829.07,23830.88,23816.02,23827.09
1762344000,23827.48,23835.77,23824.05,23835.77
1762344300,23836.31,23861.95,23834.71,23858.27
1762344600,23857.28,23857.28,23838.39,23838.61
1762344900,23838.35,23846.27,23836.78,23839.52
1762345200,23839.89,23856.09,23839.71,23855.21
1762345500,23855.66,23862.91,23854.08,23854.08
1762345800,23853.61,23856.23,23846.91,23854.88
1762346100,23855.42,23868.13,23854.94,23868.13
1762346400,23868.24,23882.34,23868.24,23879.64
1762346700,23878.95,23880.97,23872.02,23873.2
1762347000,23871.13,23878.26,23870.55,23876.7
1762347300,23876.94,23891.62,23876.94,23885.69
1762347600,23885.1,23892.33,23884.13,23891.07
1762347900,23891.02,23895.6,23879.7,23879.7
1762348200,23878.56,23878.61,23864.92,23867.43
1762348500,23866.35,23871.43,23863.27,23867.68
1762348800,23867.78,23876.98,23865.66,23870.17
1762349100,23870.01,23890.08,23870.01,23888.65
1762349400,23888.89,23898.68,23884.72,23891.25
1762349700,23890.92,23903.13,23888.75,23899.71
1762350000,23899.51,23910.75,23897.91,23908.68
1762350300,23908.73,23914.92,23900.07,23911.66
1762350600,23912.32,23917.55,23905.08,23917.52
1762350900,23917.85,23917.85,23902.22,23902.8
1762351200,23902.93,23906.04,23895.8,23905.53
1762351500,23905.1,23917.46,23904.99,23911.9
1762351800,23911.8,23912.42,23886.87,23889.56
1762352100,23889.15,23889.79,23879.65,23889.33
1762352400,23889.23,23907.18,23888.37,23905.06
1762352700,23905.04,23911.29,23896.6,23907.23
1762353000,23907.86,23924.95,23902.76,23917.89
1762353300,23917.16,23927.78,23915.26,23921.56
1762353600,23921.69,23925.41,23912.01,23912.03
1762353900,23911.37,23949.74,23909.05,23948.88
1762354200,23948.81,23984.76,23947.96,23975.01
1762354500,23974.04,23988.64,23971.23,23983.11
1762354800,23982.33,23997.7,23980.52,23997.7
1762355100,23997.48,24044.6,23995.76,24043.18
1762355400,24043.39,24051.29,24032.57,24043.74
1762355700,24043.26,24050.7,24037.47,24042.08
1762356000,24042.67,24093.98,24040.96,24093.98
1762356300,24094.09,24103.53,24075.41,24097.38
1762356600,24097.5,24100.03,24074.9,24082.52
1762356900,24082.43,24082.43,24060.81,24062.45
1762357200,24064.85,24087.05,24064.85,24086.18
1762357500,24086.08,24091.91,24078.98,24083.79
1762357800,24082.24,24082.24,24058.88,24063.2
1762358100,24063.32,24063.6,24043.9,24055.05
1762358400,24055.52,24056.4,24028.19,24029.64
1762358700,24031.3,24042.76,24023.66,24025.61
1762359000,24026.55,24027.23,23996.96,23999.0
1762359300,23998.9,24022.19,23998.9,24016.14
1762359600,24016.11,24029.62,24004.41,24029.62
1762359900,24031.19,24053.07,24028.4,24047.83
1762416000,23996.24,23998.09,23985.98,23987.42
1762416300,23988.22,24008.47,23987.74,24002.64
1762416600,24002.63,24017.21,23966.61,23980.65
1762416900,23980.91,23991.78,23960.82,23964.98
1762417200,23965.18,23981.27,23956.54,23976.95
1762417500,23976.78,23996.38,23972.0,23981.08
1762417800,23981.14,24004.47,23955.12,23955.51
1762418100,23955.38,23966.78,23950.76,23959.29
1762418400,23958.81,23962.7,23942.01,23946.33
1762418700,23946.55,23951.35,23934.74,23946.77
1762419000,23947.02,23968.97,23947.02,23955.87
1762419300,23955.21,23956.23,23932.04,23955.84
1762419600,23955.87,23979.51,23948.59,23976.45
1762419900,23975.1,23982.62,23969.97,23980.79
1762420200,23980.6,23988.5,23975.78,23987.99
1762420500,23989.35,24011.38,23986.32,24011.38
1762420800,24011.48,24012.87,23996.31,23999.42
1762421100,23999.47,24008.03,23997.65,24004.83
1762421400,24005.67,24009.15,23996.69,24002.71
1762421700,24002.64,24002.64,23983.58,23987.01
1762422000,23986.0,23993.84,23981.79,23992.82
1762422300,23992.95,24020.63,23992.95,24020.12
1762422600,24019.99,24022.82,24003.59,24003.59
1762422900,24004.36,24007.75,23987.5,23988.44
1762423200,23988.77,24001.26,23978.26,24001.26
1762423500,24003.19,24005.56,23995.9,23995.91
1762423800,23995.92,24008.44,23995.38,24008.21
1762424100,24008.26,24020.35,23994.79,24016.56
1762424400,24017.17,24027.46,24016.06,24027.43
1762424700,24027.31,24044.13,24019.11,24040.2
1762425000,24039.94,24053.54,24039.44,24052.52
1762425300,24052.19,24058.73,24036.69,24036.69
1762425600,24036.93,24039.09,24029.67,24038.47
1762425900,24038.3,24038.74,24006.86,24012.96
1762426200,24014.24,24014.66,24001.44,24009.46
1762426500,24009.78,24026.47,24009.1,24013.48
1762426800,24013.08,24019.37,24007.57,24017.64
1762427100,24018.37,24032.34,24018.37,24032.34
1762427400,24032.46,24033.3,24017.83,24023.56
1762427700,24023.26,24037.02,24021.96,24034.67
1762428000,24034.92,24034.92,24017.22,24019.96
1762428300,24020.01,24030.03,24018.71,24026.31
1762428600,24025.6,24028.33,24018.38,24023.81
1762428900,24023.91,24037.76,24023.44,24035.62
1762429200,24035.25,24049.15,24032.34,24041.37
1762429500,24041.5,24041.5,24031.74,24036.23
1762429800,24036.98,24037.12,24016.96,24027.34
1762430100,24026.32,24026.32,24014.98,24017.98
1762430400,24018.0,24032.83,24012.9,24020.7
1762430700,24018.87,24028.41,24016.11,24023.44
1762431000,24022.86,24027.88,24004.64,24006.38
1762431300,24006.65,24008.75,23988.48,23988.75
1762431600,23988.89,23995.58,23980.08,23985.87
1762431900,23986.36,23986.76,23971.84,23978.88
1762432200,23978.85,23980.2,23972.85,23979.49
1762432500,23980.22,23990.04,23978.95,23980.29
1762432800,23980.39,23985.71,23972.12,23980.34
1762433100,23981.09,23994.2,23976.26,23991.54
1762433400,23990.78,23995.03,23987.1,23992.2
1762433700,23992.38,24009.11,23992.38,24008.31
1762434000,24009.52,24016.54,24005.47,24008.83
1762434300,24008.89,24015.24,24005.77,24013.26
1762434600,24012.99,24020.24,24012.67,24017.97
1762434900,24017.78,24018.65,23997.02,24001.03
1762435200,24001.35,24003.07,23986.64,23995.18
1762435500,23995.21,23995.21,23988.11,23989.93
1762435800,23989.69,23992.08,23974.38,23975.28
1762436100,23975.65,23992.43,23975.41,23985.11
1762436400,23986.72,23990.08,23973.27,23983.89
1762436700,23984.26,23999.89,23984.26,23995.19
1762437000,23994.68,24001.02,23985.73,23985.99
1762437300,23985.95,23988.81,23979.34,23980.17
1762437600,23981.91,23986.93,23960.95,23961.16
1762437900,23961.11,23962.44,23947.92,23947.92
1762438200,23947.8,23951.53,23942.67,23950.42
1762438500,23949.77,23949.97,23939.08,23947.58
1762438800,23947.07,23953.34,23941.61,23951.17
1762439100,23951.89,23963.98,23940.1,23941.66
1762439400,23943.01,23969.05,23940.18,23965.52
1762439700,23965.3,23969.06,23945.26,23945.26
1762440000,23945.32,23945.32,23884.44,23884.77
1762440300,23883.93,23893.71,23865.09,23865.98
1762440600,23865.67,23871.23,23837.23,23837.23
1762440900,23837.13,23843.28,23810.87,23816.5
1762441200,23817.29,23831.07,23810.91,23819.1
1762441500,23818.71,23832.88,23814.67,23820.56
1762441800,23819.49,23848.53,23818.34,23837.82
1762442100,23837.61,23862.8,23825.73,23859.56
1762442400,23860.14,23886.68,23859.78,23875.7
1762442700,23875.19,23875.8,23849.22,23852.79
1762443000,23853.02,23858.06,23821.56,23826.08
1762443300,23825.94,23826.43,23781.92,23784.99
1762443600,23784.96,23784.96,23754.35,23757.51
1762443900,23756.43,23775.85,23756.38,23760.98
1762444200,23760.09,23769.3,23732.63,23755.97
1762444500,23756.24,23763.33,23730.96,23735.08
1762444800,23735.13,23752.29,23726.85,23742.42
1762445100,23742.32,23774.66,23742.26,23766.3
1762445400,23766.21,23770.98,23744.87,23767.01
1762445700,23766.6,23779.74,23738.47,23745.09
1762446000,23745.78,23748.45,23721.99,23726.46
1762446300,23728.2,23743.41,23723.62,23743.41
1762502400,23801.97,23817.03,23792.38,23816.52
1762502700,23817.77,23824.89,23807.23,23818.14
1762503000,23817.91,23837.12,23817.37,23826.56
1762503300,23825.05,23833.72,23814.5,23821.81
1762503600,23821.48,23821.48,23792.93,23795.82
1762503900,23796.35,23796.35,23759.36,23759.88
1762504200,23760.5,23769.52,23737.63,23740.46
1762504500,23740.43,23743.72,23732.1,23743.72
1762504800,23743.62,23751.01,23740.45,23748.68
1762505100,23748.52,23769.11,23739.96,23765.76
1762505400,23765.2,23765.46,23753.51,23757.86
1762505700,23757.62,23757.62,23735.69,23742.32
1762506000,23744.56,23749.26,23721.96,23723.31
1762506300,23724.94,23726.94,23705.45,23705.45
1762506600,23705.41,23728.45,23705.36,23727.99
1762506900,23727.13,23738.16,23726.58,23736.19
1762507200,23736.11,23736.11,23715.16,23716.33
1762507500,23716.46,23720.58,23704.82,23707.23
1762507800,23707.04,23710.67,23690.3,23690.3
1762508100,23690.36,23690.47,23665.02,23666.47
1762508400,23665.66,23665.88,23638.89,23647.83
1762508700,23647.95,23657.27,23636.75,23654.59
1762509000,23654.51,23656.87,23644.52,23646.33
1762509300,23646.25,23665.87,23642.78,23663.43
1762509600,23664.07,23672.71,23648.35,23671.51
1762509900,23671.71,23673.47,23652.47,23652.47
1762510200,23652.29,23653.72,23620.37,23620.64
1762510500,23620.42,23628.96,23585.38,23586.1
1762510800,23587.34,23605.76,23586.94,23590.44
1762511100,23589.76,23606.02,23588.93,23605.14
1762511400,23605.1,23613.65,23599.88,23610.82
1762511700,23610.15,23617.01,23604.31,23611.97
1762512000,23611.77,23611.77,23599.07,23604.38
1762512300,23604.12,23605.2,23592.82,23593.89
1762512600,23593.27,23601.96,23581.08,23597.49
1762512900,23594.85,23605.29,23590.03,23605.29
1762513200,23602.24,23605.71,23572.33,23572.33
1762513500,23571.23,23582.59,23571.09,23577.37
1762513800,23574.93,23575.83,23524.54,23524.54
1762514100,23523.96,23523.96,23501.67,23502.7
1762514400,23504.57,23518.12,23502.62,23509.97
1762514700,23510.21,23510.34,23480.82,23489.36
1762515000,23489.55,23496.12,23478.62,23481.3
1762515300,23481.06,23495.2,23477.07,23492.52
1762515600,23492.39,23496.07,23483.7,23485.44
1762515900,23487.45,23515.41,23487.45,23515.41
1762516200,23516.44,23554.47,23516.35,23554.47
1762516500,23554.66,23578.7,23554.66,23578.06
1762516800,23578.08,23578.08,23548.26,23558.05
1762517100,23557.45,23561.98,23553.35,23553.87
1762517400,23554.13,23556.42,23539.69,23540.42
1762517700,23540.37,23553.72,23524.05,23524.13
1762518000,23522.38,23525.04,23508.86,23523.08
1762518300,23523.25,23537.39,23522.84,23529.16
1762518600,23529.1,23529.23,23519.81,23528.36
1762518900,23528.91,23533.95,23520.2,23529.15
1762519200,23529.23,23537.23,23516.81,23517.57
1762519500,23517.38,23519.82,23497.89,23497.89
1762519800,23498.62,23504.57,23495.3,23495.3
1762520100,23495.36,23507.77,23495.36,23497.98
1762520400,23498.02,23507.75,23487.65,23492.96
1762520700,23494.23,23516.59,23494.23,23510.78
1762521000,23510.81,23512.83,23488.41,23495.03
1762521300,23494.97,23500.2,23488.59,23500.2
1762521600,23499.57,23515.74,23499.57,23500.02
1762521900,23498.71,23508.04,23498.61,23499.62
1762522200,23499.29,23512.03,23499.29,23506.5
1762522500,23506.44,23515.22,23497.22,23504.6
1762522800,23504.47,23504.54,23489.83,23489.83
1762523100,23489.93,23519.89,23489.75,23517.92
1762523400,23517.82,23531.4,23515.13,23531.4
1762523700,23530.67,23532.13,23510.85,23512.28
1762524000,23513.01,23519.38,23492.67,23495.07
1762524300,23493.83,23493.83,23479.81,23484.03
1762524600,23484.34,23499.36,23483.22,23491.57
1762524900,23492.04,23496.2,23485.68,23495.61
1762525200,23492.86,23501.66,23487.54,23500.08
1762525500,23500.05,23523.27,23499.64,23513.85
1762525800,23511.19,23514.38,23486.35,23489.18
1762526100,23490.64,23498.63,23452.89,23459.14
1762526400,23458.89,23504.75,23458.45,23502.81
1762526700,23502.84,23523.67,23498.78,23505.78
1762527000,23505.18,23553.51,23503.23,23547.54
1762527300,23547.87,23558.8,23544.79,23554.64
1762527600,23553.81,23563.88,23531.84,23536.09
1762527900,23536.16,23556.35,23520.93,23556.21
1762528200,23556.39,23577.19,23555.98,23571.24
1762528500,23571.18,23588.91,23571.16,23576.93
1762528800,23577.08,23590.27,23564.79,23564.79
1762529100,23564.61,23598.34,23564.05,23580.38
1762529400,23580.66,23595.4,23575.82,23577.52
1762529700,23577.15,23586.45,23556.11,23556.26
1762530000,23556.85,23569.53,23549.88,23551.82
1762530300,23552.15,23553.42,23544.14,23551.0
1762530600,23550.97,23571.31,23550.97,23570.0
1762530900,23570.39,23570.39,23545.82,23550.05
1762531200,23550.15,23564.22,23548.68,23561.24
1762531500,23561.29,23566.66,23544.64,23544.81
1762531800,23544.77,23556.04,23543.39,23546.18
1762532100,23545.21,23552.89,23533.52,23551.58
1762532400,23551.21,23567.09,23550.42,23554.48
1762532700,23554.81,23559.13,23540.15,23553.01
1762761600,23925.36,23944.31,23925.36,23931.5
1762761900,23931.13,23953.77,23927.7,23937.57
1762762200,23936.91,23936.91,23899.2,23899.87
1762762500,23898.38,23900.34,23885.06,23885.13
1762762800,23885.06,23901.92,23875.33,23901.77
1762763100,23901.84,23915.12,23883.79,23884.16
1762763400,23882.93,23882.93,23854.49,23875.99
1762763700,23874.81,23896.02,23874.79,23878.17
1762764000,23877.93,23923.12,23876.38,23922.65
1762764300,23923.25,23935.96,23918.31,23931.1
1762764600,23931.19,23938.92,23927.11,23927.95
1762764900,23927.98,23933.81,23921.81,23931.42
1762765200,23930.74,23932.18,23918.53,23931.42
1762765500,23932.78,23935.13,23923.14,23925.56
1762765800,23925.89,23932.71,23918.28,23918.59
1762766100,23919.59,23936.16,23915.56,23928.59
1762766400,23929.95,23932.47,23913.43,23915.55
1762766700,23915.6,23922.8,23909.95,23918.24
1762767000,23919.23,23922.57,23910.37,23919.66
1762767300,23920.35,23938.24,23920.19,23929.96
1762767600,23930.33,23932.82,23924.55,23929.37
1762767900,23929.4,23980.61,23929.4,23979.99
1762768200,23980.36,23987.69,23976.92,23984.01
1762768500,23983.7,23995.65,23980.62,23994.45
1762768800,23994.63,23999.36,23986.21,23993.36
1762769100,23994.58,24004.03,23986.87,23992.45
1762769400,23990.7,24000.11,23988.07,23988.19
1762769700,23987.66,23995.18,23987.46,23989.05
1762770000,23987.28,24001.51,23983.25,23986.98
1762770300,23986.51,23987.29,23978.12,23984.89
1762770600,23984.96,23997.16,23984.3,23984.3
1762770900,23984.73,23990.86,23978.56,23983.53
1762771200,23983.4,23994.16,23977.93,23977.93
1762771500,23977.61,23983.9,23973.91,23976.3
1762771800,23976.47,23989.05,23973.64,23986.11
1762772100,23986.17,23988.74,23976.35,23986.52
1762772400,23986.8,23994.78,23984.45,23986.37
1762772700,23986.36,23988.19,23964.21,23964.4
1762773000,23964.91,23965.21,23951.09,23951.34
1762773300,23951.7,23951.75,23929.53,23930.66
1762773600,23930.39,23954.83,23930.07,23947.83
1762773900,23947.5,23963.54,23947.0,23961.39
1762774200,23961.26,23977.26,23961.2,23968.63
1762774500,23968.59,23981.79,23967.84,23980.73
1762774800,23980.8,23993.56,23980.8,23993.18
1762775100,23993.15,24017.26,23992.99,24010.32
1762775400,24010.48,24019.72,24010.33,24019.23
1762775700,24017.72,24022.69,24015.49,24018.58
1762776000,24018.3,24018.3,24007.07,24007.07
1762776300,24007.02,24011.25,23998.07,24002.29
1762776600,24000.52,24014.04,23996.91,24011.29
1762776900,24011.32,24017.21,24001.43,24001.43
1762777200,24001.29,24008.6,24001.29,24004.84
1762777500,24004.78,24007.17,23996.65,24002.63
1762777800,24002.5,24005.33,23993.58,23994.89
1762778100,23994.6,23994.96,23980.79,23984.51
1762778400,23984.42,23999.77,23982.79,23999.55
1762778700,23999.82,24002.16,23985.02,23985.39
1762779000,23985.32,23987.45,23978.06,23980.4
1762779300,23981.25,23981.95,23974.85,23975.24
1762779600,23975.28,23996.82,23974.94,23996.82
1762779900,23996.93,24006.54,23996.93,24001.54
1762780200,24002.08,24002.08,23988.16,23988.36
1762780500,23988.26,23991.07,23984.15,23988.48
1762780800,23988.58,23995.01,23988.2,23992.91
1762781100,23993.01,24001.22,23990.93,23998.75
1762781400,23998.61,24002.83,23994.33,23994.33
1762781700,23994.38,23999.16,23989.01,23990.3
1762782000,23991.32,23994.77,23980.84,23981.54
1762782300,23980.82,23981.27,23971.1,23977.56
1762782600,23978.39,23986.63,23977.88,23983.77
1762782900,23984.68,23994.09,23983.38,23993.38
1762783200,23993.41,23996.56,23989.32,23989.32
1762783500,23989.27,24006.34,23984.95,24006.34
1762783800,24005.83,24008.9,23993.16,23995.51
1762784100,23996.93,24005.03,23996.65,23996.65
1762784400,23996.62,24001.51,23992.39,24000.08
1762784700,24000.41,24011.68,23986.03,23987.92
1762785000,23987.91,23994.36,23981.1,23983.65
1762785300,23983.74,23990.93,23978.86,23979.76
1762785600,23979.87,23982.14,23968.61,23969.49
1762785900,23969.72,23978.49,23963.61,23963.61
1762786200,23963.47,23963.47,23941.91,23959.27
1762786500,23959.99,23969.65,23959.07,23961.44
1762786800,23961.67,23964.8,23945.66,23957.98
1762787100,23958.01,23970.71,23958.01,23966.34
1762787400,23966.48,23978.31,23965.23,23974.34
1762787700,23974.25,23997.05,23974.01,23989.36
1762788000,23989.86,24004.77,23988.08,23996.72
1762788300,23996.31,23999.73,23985.8,23992.38
1762788600,23992.11,23998.89,23989.64,23994.24
1762788900,23993.0,23998.52,23972.63,23973.52
1762789200,23973.68,23973.68,23958.67,23966.05
1762789500,23966.56,23985.57,23966.56,23981.89
1762789800,23981.99,23984.29,23949.44,23956.02
1762790100,23955.88,23968.06,23954.08,23961.77
1762790400,23961.14,23968.36,23954.63,23962.02
1762790700,23962.24,23981.97,23955.68,23979.81
1762791000,23979.94,23986.04,23973.89,23979.12
1762791300,23978.54,23986.75,23974.0,23984.7
1762791600,23984.63,23992.08,23971.46,23975.78
1762791900,23976.51,23988.21,23972.09,23980.51
1762848000,23990.14,23991.35,23970.39,23981.97
1762848300,23981.29,24005.79,23967.59,24002.79
1762848600,24003.12,24025.21,24001.05,24020.26
1762848900,24019.84,24034.01,24015.96,24016.26
1762849200,24015.93,24020.92,23983.24,23983.24
1762849500,23982.23,23984.14,23972.65,23975.18
1762849800,23977.38,23997.85,23977.38,23993.41
1762850100,23994.43,24013.29,23994.43,24008.25
1762850400,24003.67,24004.2,23978.28,23982.91
1762850700,23981.88,23993.43,23977.73,23990.32
1762851000,23989.76,23992.62,23977.53,23983.52
1762851300,23983.46,24000.27,23980.01,23990.09
1762851600,23990.65,24014.71,23986.5,24012.46
1762851900,24013.07,24019.07,24012.08,24014.12
1762852200,24014.38,24018.15,24006.61,24014.02
1762852500,24014.38,24022.7,24006.2,24007.19
1762852800,24007.12,24022.53,24005.55,24021.58
1762853100,24021.75,24048.87,24019.8,24048.45
1762853400,24048.96,24056.0,24036.81,24036.81
1762853700,24037.18,24038.19,24011.96,24012.4
1762854000,24013.13,24016.7,24001.28,24015.52
1762854300,24015.7,24017.07,24004.91,24010.15
1762854600,24010.41,24010.87,23988.47,23997.12
1762854900,23997.06,24004.45,23992.46,23999.46
1762855200,23999.54,23999.98,23980.56,23980.56
1762855500,23979.74,23997.51,23979.26,23994.32
1762855800,23994.18,23996.68,23985.08,23986.97
1762856100,23986.89,23992.36,23970.09,23973.19
1762856400,23973.17,23987.52,23973.17,23981.36
1762856700,23981.23,23984.99,23977.85,23983.86
1762857000,23984.2,23991.2,23964.92,23966.92
1762857300,23966.74,23992.1,23966.65,23990.22
1762857600,23989.89,23989.89,23968.13,23972.86
1762857900,23973.41,23989.84,23972.27,23989.59
1762858200,23990.13,23998.72,23988.22,23991.74
1762858500,23991.62,23995.6,23982.57,23991.69
1762858800,23991.68,23998.32,23985.9,23998.32
1762859100,23999.04,24005.78,23995.67,24003.88
1762859400,24005.57,24016.61,24004.88,24015.83
1762859700,24015.44,24016.43,24009.3,24011.36
1762860000,24011.03,24011.03,23987.04,23987.04
1762860300,23986.86,23992.58,23986.17,23986.41
1762860600,23986.29,23986.29,23975.84,23984.12
1762860900,23984.78,23991.57,23982.17,23991.57
1762861200,23992.08,23992.14,23979.15,23982.81
1762861500,23983.68,23986.96,23967.34,23967.34
1762861800,23962.89,23969.44,23962.58,23966.31
1762862100,23966.82,23968.21,23955.84,23959.67
1762862400,23959.79,23962.22,23955.43,23959.08
1762862700,23959.01,23967.37,23955.63,23964.11
1762863000,23964.35,23973.18,23964.35,23969.19
1762863300,23969.3,23971.15,23952.41,23956.82
1762863600,23957.24,23968.65,23954.56,23960.23
1762863900,23960.33,23970.78,23960.17,23965.37
1762864200,23965.4,23987.13,23965.4,23985.49
1762864500,23985.82,23986.85,23976.22,23978.79
1762864800,23978.98,23989.57,23978.46,23987.87
1762865100,23987.73,23988.88,23974.46,23974.46
1762865400,23974.19,23990.01,23970.73,23989.44
1762865700,23989.77,23999.95,23989.77,23996.6
1762866000,23996.7,23996.7,23981.45,23981.45
1762866300,23980.91,23985.93,23973.73,23982.25
1762866600,23982.54,23998.46,23982.07,23996.21
1762866900,23996.13,23996.13,23991.36,23993.49
1762867200,23993.82,24001.52,23993.82,23994.28
1762867500,23993.95,23994.53,23986.27,23990.74
1762867800,23990.93,23999.61,23989.03,23998.96
1762868100,23998.23,24014.27,23996.79,24011.78
1762868400,24011.84,24015.96,24003.88,24013.25
1762868700,24013.11,24021.02,24010.26,24020.39
1762869000,24020.72,24026.72,24007.51,24010.49
1762869300,24010.07,24013.26,24005.27,24005.27
1762869600,24004.99,24004.99,23999.57,24000.69
1762869900,24000.14,24005.34,23992.2,24002.6
1762870200,24002.42,24011.28,23997.18,24009.52
1762870500,24008.96,24012.39,24005.12,24008.61
1762870800,24008.01,24019.12,24006.89,24017.58
1762871100,24017.31,24039.1,24016.98,24037.79
1762871400,24038.68,24044.74,24030.06,24038.28
1762871700,24038.0,24059.36,24037.77,24057.37
1762872000,24057.78,24060.21,24036.01,24047.85
1762872300,24048.61,24068.86,24047.98,24058.38
1762872600,24058.65,24059.36,24042.58,24053.47
1762872900,24053.23,24064.62,24048.22,24061.83
1762873200,24064.23,24069.93,24052.13,24055.89
1762873500,24055.99,24069.83,24048.63,24068.46
1762873800,24068.36,24072.36,24056.3,24057.73
1762874100,24057.87,24067.54,24046.77,24063.15
1762874400,24064.12,24089.77,24062.6,24079.82
1762874700,24083.57,24090.74,24073.4,24081.46
1762875000,24081.48,24090.65,24065.91,24069.07
1762875300,24068.97,24075.9,24059.0,24075.87
1762875600,24075.68,24085.0,24072.23,24073.56
1762875900,24074.04,24079.47,24064.37,24070.57
1762876200,24070.55,24076.13,24067.36,24072.49
1762876500,24073.51,24073.66,24051.31,24051.48
1762876800,24050.35,24058.67,24045.96,24046.51
1762877100,24050.52,24061.33,24048.08,24056.52
1762877400,24055.86,24073.33,24055.83,24073.33
1762877700,24073.43,24097.56,24073.0,24096.66
1762878000,24096.96,24102.01,24090.49,24101.71
1762878300,24101.7,24108.43,24091.23,24095.27
1762934400,24245.89,24257.89,24234.94,24255.85
1762934700,24256.82,24265.04,24245.96,24265.04
1762935000,24265.01,24283.85,24261.62,24271.2
1762935300,24270.65,24297.91,24267.25,24296.45
1762935600,24296.57,24327.5,24296.27,24324.75
1762935900,24325.72,24334.62,24318.64,24322.04
1762936200,24321.91,24323.47,24305.63,24314.01
1762936500,24313.91,24335.2,24312.31,24324.37
1762936800,24323.74,24353.89,24321.25,24350.85
1762937100,24350.7,24366.59,24348.6,24361.31
1762937400,24361.85,24363.91,24340.89,24340.89
1762937700,24339.73,24339.73,24318.21,24324.72
1762938000,24325.28,24344.63,24320.16,24344.02
1762938300,24343.18,24347.6,24321.27,24322.62
1762938600,24322.74,24323.47,24306.61,24321.36
1762938900,24321.61,24339.59,24320.88,24337.76
1762939200,24338.15,24348.2,24332.3,24344.8
1762939500,24345.27,24346.19,24332.0,24340.33
1762939800,24339.67,24365.01,24338.04,24365.01
1762940100,24364.91,24383.1,24362.79,24379.84
1762940400,24379.27,24395.63,24373.95,24392.12
1762940700,24392.23,24392.23,24364.74,24369.67
1762941000,24368.62,24372.05,24363.2,24367.59
1762941300,24366.87,24375.33,24362.48,24370.73
1762941600,24370.4,24376.68,24361.16,24361.94
1762941900,24362.22,24363.11,24348.94,24358.0
1762942200,24358.02,24371.17,24353.19,24370.34
1762942500,24370.41,24393.81,24368.31,24391.09
1762942800,24390.61,24390.61,24377.13,24379.96
1762943100,24379.4,24381.59,24360.31,24361.66
1762943400,24361.37,24365.17,24349.34,24355.76
1762943700,24355.87,24357.85,24341.26,24347.0
1762944000,24345.14,24361.12,24343.33,24357.82
1762944300,24357.66,24372.22,24356.49,24365.0
1762944600,24364.61,24373.84,24358.09,24369.96
1762944900,24370.12,24371.62,24359.92,24368.29
1762945200,24368.22,24386.81,24367.62,24380.5
1762945500,24380.45,24380.45,24360.97,24365.27
1762945800,24365.16,24366.44,24337.74,24338.21
1762946100,24339.13,24349.44,24337.02,24338.58
1762946400,24338.75,24350.27,24333.75,24345.84
1762946700,24345.77,24350.85,24333.92,24335.43
1762947000,24333.88,24342.66,24319.35,24342.62
1762947300,24342.31,24349.01,24340.28,24341.27
1762947600,24341.18,24343.78,24336.48,24338.65
1762947900,24339.29,24345.16,24329.7,24331.08
1762948200,24331.4,24335.88,24329.98,24335.78
1762948500,24335.97,24342.9,24330.64,24339.15
1762948800,24337.84,24353.76,24335.62,24351.69
1762949100,24352.16,24378.32,24352.06,24357.68
1762949400,24357.56,24365.05,24356.49,24363.69
1762949700,24363.57,24378.58,24363.51,24372.8
1762950000,24372.69,24378.19,24371.29,24377.87
1762950300,24377.34,24389.79,24373.16,24389.58
1762950600,24388.25,24394.48,24384.78,24394.48
1762950900,24394.27,24411.12,24394.27,24405.37
1762951200,24405.52,24414.09,24401.04,24413.99
1762951500,24413.9,24423.97,24410.43,24419.6
1762951800,24419.57,24421.07,24406.81,24416.63
1762952100,24416.53,24417.17,24406.48,24407.83
1762952400,24408.23,24409.24,24397.25,24404.4
1762952700,24404.69,24411.01,24403.05,24407.65
1762953000,24407.46,24412.79,24401.56,24404.0
1762953300,24404.37,24407.14,24391.66,24393.1
1762953600,24393.79,24397.08,24389.08,24390.99
1762953900,24390.44,24397.09,24388.86,24397.09
1762954200,24397.0,24403.36,24393.77,24403.07
1762954500,24403.13,24408.75,24398.43,24404.44
1762954800,24404.15,24406.55,24385.95,24389.51
1762955100,24388.22,24392.67,24385.72,24392.67
1762955400,24392.47,24398.45,24374.13,24378.53
1762955700,24378.43,24379.72,24364.79,24364.88
1762956000,24364.98,24368.77,24341.97,24346.07
1762956300,24346.13,24353.81,24338.57,24352.96
1762956600,24352.9,24358.32,24345.2,24346.57
1762956900,24346.48,24356.96,24346.48,24355.51
1762957200,24354.74,24358.97,24345.99,24350.19
1762957500,24350.6,24361.8,24346.09,24355.36
1762957800,24355.96,24385.11,24354.24,24383.11
1762958100,24383.02,24400.95,24377.72,24396.99
1762958400,24397.28,24406.76,24391.78,24400.69
1762958700,24400.63,24408.29,24390.37,24391.63
1762959000,24390.8,24400.12,24376.47,24398.67
1762959300,24399.5,24425.01,24388.34,24425.01
1762959600,24425.48,24441.28,24415.96,24438.59
1762959900,24438.02,24438.02,24421.14,24427.01
1762960200,24426.19,24426.56,24391.87,24391.87
1762960500,24391.21,24393.03,24377.66,24389.67
1762960800,24392.02,24400.02,24381.17,24382.22
1762961100,24381.94,24400.36,24376.07,24398.95
1762961400,24398.34,24398.34,24382.26,24389.21
1762961700,24387.98,24391.24,24371.53,24387.44
1762962000,24387.54,24397.12,24384.04,24395.18
1762962300,24395.11,24400.5,24383.52,24385.79
1762962600,24385.63,24385.63,24351.79,24355.95
1762962900,24357.88,24362.09,24345.64,24356.95
1762963200,24356.65,24370.27,24354.89,24361.64
1762963500,24360.54,24370.9,24359.3,24369.3
1762963800,24369.11,24370.11,24352.27,24364.83
1762964100,24364.92,24382.42,24362.04,24372.36
1762964400,24372.39,24379.32,24364.16,24371.8
1762964700,24372.6,24382.62,24370.31,24381.56
1763020800,24367.7,24400.98,24362.67,24380.36
1763021100,24380.87,24389.92,24366.57,24380.17
1763021400,24380.53,24407.0,24375.52,24379.99
1763021700,24380.04,24405.01,24378.89,24399.22
1763022000,24398.72,24409.31,24395.63,24406.35
1763022300,24404.89,24416.33,24395.1,24396.88
1763022600,24396.38,24407.02,24386.18,24391.38
1763022900,24391.79,24396.27,24375.42,24396.01
1763023200,24396.2,24404.01,24390.99,24401.44
1763023500,24400.95,24400.95,24378.97,24389.42
1763023800,24391.45,24405.74,24387.99,24399.38
1763024100,24399.1,24405.56,24395.94,24403.2
1763024400,24402.46,24403.31,24370.15,24376.19
1763024700,24376.4,24382.37,24357.43,24370.35
1763025000,24371.16,24371.91,24359.53,24363.04
1763025300,24361.38,24361.97,24344.89,24345.33
1763025600,24345.01,24347.06,24315.39,24325.06
1763025900,24324.49,24328.91,24295.42,24295.89
1763026200,24295.92,24312.42,24294.18,24308.17
1763026500,24307.57,24314.41,24287.01,24297.66
1763026800,24296.99,24314.97,24292.93,24310.72
1763027100,24311.01,24329.59,24311.01,24325.75
1763027400,24325.6,24329.89,24318.38,24322.72
1763027700,24321.14,24326.25,24317.85,24317.98
1763028000,24318.49,24320.28,24296.73,24301.73
1763028300,24301.83,24302.43,24283.26,24297.43
1763028600,24297.76,24316.75,24297.13,24312.16
1763028900,24311.31,24311.31,24289.71,24292.63
1763029200,24292.77,24301.78,24286.73,24288.82
1763029500,24289.21,24293.92,24281.11,24281.11
1763029800,24281.04,24293.38,24271.23,24289.22
1763030100,24289.46,24298.76,24288.42,24295.0
1763030400,24294.71,24299.45,24279.47,24284.62
1763030700,24285.35,24285.35,24274.35,24276.97
1763031000,24276.37,24281.13,24273.85,24277.57
1763031300,24277.75,24277.75,24267.04,24269.53
1763031600,24269.12,24269.57,24256.64,24262.73
1763031900,24262.67,24268.87,24257.3,24263.68
1763032200,24264.01,24273.61,24261.09,24264.67
1763032500,24264.95,24265.67,24245.79,24247.1
1763032800,24245.55,24246.07,24216.92,24225.88
1763033100,24225.8,24241.23,24222.97,24224.44
1763033400,24223.9,24229.75,24211.2,24213.15
1763033700,24212.64,24216.35,24201.21,24210.23
1763034000,24210.16,24214.9,24207.22,24208.36
1763034300,24208.15,24227.48,24208.15,24225.84
1763034600,24225.21,24242.37,24225.21,24236.15
1763034900,24236.08,24240.95,24228.01,24237.47
1763035200,24237.03,24237.14,24221.28,24224.68
1763035500,24224.73,24229.05,24215.91,24219.95
1763035800,24218.21,24235.82,24218.21,24230.32
1763036100,24230.51,24239.3,24229.24,24233.51
1763036400,24232.92,24252.36,24227.47,24243.93
1763036700,24243.9,24244.82,24236.79,24240.08
1763037000,24239.33,24258.74,24234.52,24255.17
1763037300,24256.79,24262.41,24252.9,24260.83
1763037600,24260.78,24263.33,24250.08,24256.33
1763037900,24257.25,24259.44,24252.58,24256.91
1763038200,24257.44,24262.37,24255.27,24256.45
1763038500,24257.5,24259.79,24249.26,24250.34
1763038800,24250.44,24250.53,24235.6,24236.87
1763039100,24236.77,24244.05,24236.77,24240.59
1763039400,24240.12,24249.74,24237.77,24249.6
1763039700,24249.76,24253.25,24247.84,24248.12
1763040000,24248.7,24248.7,24233.03,24243.67
1763040300,24243.13,24247.25,24242.34,24244.99
1763040600,24245.3,24259.06,24241.13,24241.13
1763040900,24240.38,24250.31,24235.8,24245.04
1763041200,24245.0,24250.09,24230.99,24231.26
1763041500,24230.75,24233.59,24218.74,24232.53
1763041800,24232.22,24243.5,24232.22,24239.72
1763042100,24239.82,24244.59,24222.7,24230.13
1763042400,24228.56,24232.61,24222.4,24222.88
1763042700,24220.72,24221.78,24203.25,24204.54
1763043000,24204.04,24210.57,24197.88,24207.44
1763043300,24207.49,24210.16,24198.35,24203.08
1763043600,24202.16,24218.42,24200.32,24214.03
1763043900,24214.1,24221.54,24209.65,24221.54
1763044200,24221.6,24247.57,24218.66,24243.35
1763044500,24243.3,24243.49,24197.64,24197.73
1763044800,24197.18,24197.18,24170.45,24172.54
1763045100,24172.07,24194.47,24168.82,24177.3
1763045400,24178.26,24185.39,24164.08,24164.87
1763045700,24163.61,24171.62,24153.17,24158.9
1763046000,24158.77,24165.68,24131.91,24134.81
1763046300,24137.19,24166.06,24137.0,24165.46
1763046600,24165.97,24178.73,24158.28,24171.7
1763046900,24172.52,24178.17,24150.51,24152.51
1763047200,24153.37,24157.93,24140.99,24147.47
1763047500,24148.16,24149.29,24124.67,24132.08
1763047800,24133.22,24134.9,24092.5,24097.58
1763048100,24097.68,24108.72,24088.59,24105.2
1763048400,24104.25,24109.54,24090.97,24094.79
1763048700,24094.62,24098.79,24069.35,24079.45
1763049000,24078.81,24091.38,24070.28,24074.23
1763049300,24075.69,24084.56,24068.72,24084.56
1763049600,24085.5,24090.56,24066.28,24067.94
1763049900,24069.14,24074.59,24043.37,24071.67
1763050200,24071.45,24074.05,24052.48,24061.59
1763050500,24063.44,24071.62,24043.04,24053.97
1763050800,24053.93,24070.46,24047.75,24055.46
1763051100,24055.16,24055.93,24040.52,24045.3
1763107200,23977.72,23992.12,23959.9,23972.4
1763107500,23972.65,23983.34,23931.21,23931.21
1763107800,23929.76,23938.59,23900.29,23905.7
1763108100,23905.8,23925.9,23885.72,23919.74
1763108400,23920.25,23923.66,23877.34,23897.79
1763108700,23896.69,23914.04,23877.25,23888.54
1763109000,23888.64,23892.5,23854.77,23871.81
1763109300,23871.71,23887.19,23852.51,23862.08
1763109600,23860.93,23861.57,23819.55,23841.07
1763109900,23839.1,23849.73,23827.46,23842.3
1763110200,23840.53,23880.5,23827.05,23878.9
1763110500,23878.62,23883.03,23872.0,23873.63
1763110800,23876.04,23903.13,23865.97,23887.26
1763111100,23886.82,23900.16,23877.68,23885.31
1763111400,23886.66,23888.95,23858.58,23863.02
1763111700,23862.84,23870.26,23851.75,23857.4
1763112000,23858.8,23870.57,23849.62,23870.38
1763112300,23869.73,23869.73,23849.29,23852.66
1763112600,23851.11,23852.64,23813.88,23825.16
1763112900,23824.75,23840.56,23817.43,23832.05
1763113200,23833.48,23854.23,23832.2,23847.14
1763113500,23847.47,23847.47,23796.55,23807.85
1763113800,23807.93,23833.06,23807.25,23827.02
1763114100,23827.44,23838.15,23824.02,23838.15
1763114400,23836.94,23856.04,23828.19,23847.57
1763114700,23847.43,23861.12,23839.81,23858.77
1763115000,23859.44,23867.01,23853.76,23860.13
1763115300,23859.73,23860.17,23828.6,23833.86
1763115600,23835.32,23842.18,23823.01,23828.77
1763115900,23829.11,23832.21,23822.12,23828.38
1763116200,23828.5,23837.26,23823.75,23829.4
1763116500,23830.35,23838.29,23814.64,23824.77
1763116800,23824.26,23826.11,23808.37,23815.76
1763117100,23814.94,23819.97,23806.89,23818.51
1763117400,23825.75,23825.75,23784.27,23787.39
1763117700,23790.61,23795.64,23774.43,23792.88
1763118000,23795.64,23800.07,23784.58,23784.58
1763118300,23785.3,23788.0,23756.47,23760.3
1763118600,23760.25,23762.01,23714.12,23721.03
1763118900,23721.23,23735.03,23713.07,23720.87
1763119200,23721.57,23725.22,23704.01,23707.97
1763119500,23707.43,23720.83,23703.08,23712.32
1763119800,23712.04,23721.94,23698.51,23706.39
1763120100,23706.21,23706.21,23683.31,23684.2
1763120400,23683.22,23695.23,23669.94,23670.81
1763120700,23671.36,23673.06,23655.94,23660.97
1763121000,23661.11,23664.07,23650.79,23664.07
1763121300,23664.16,23672.7,23658.36,23669.83
1763121600,23669.06,23669.8,23630.92,23633.57
1763121900,23634.58,23653.97,23630.62,23642.37
1763122200,23642.33,23653.29,23631.8,23647.14
1763122500,23647.27,23656.33,23634.23,23639.25
1763122800,23639.39,23654.83,23632.18,23649.2
1763123100,23648.33,23686.38,23647.27,23684.54
1763123400,23685.09,23685.36,23668.69,23672.62
1763123700,23672.42,23676.41,23653.38,23654.23
1763124000,23654.09,23659.49,23641.94,23646.24
1763124300,23647.99,23668.65,23645.25,23668.65
1763124600,23668.72,23681.11,23662.12,23670.44
1763124900,23670.11,23670.98,23649.48,23653.01
1763125200,23655.08,23660.31,23645.05,23653.71
1763125500,23653.62,23653.62,23625.34,23628.67
1763125800,23628.34,23640.83,23620.41,23640.0
1763126100,23640.59,23641.9,23622.25,23626.47
1763126400,23625.19,23627.56,23612.69,23621.85
1763126700,23620.83,23634.27,23618.8,23625.65
1763127000,23624.54,23649.85,23618.4,23632.73
1763127300,23633.65,23636.4,23619.64,23622.22
1763127600,23616.9,23628.22,23609.06,23625.82
1763127900,23626.35,23649.86,23621.01,23648.79
1763128200,23649.05,23677.25,23646.91,23672.53
1763128500,23673.07,23680.75,23669.42,23675.92
1763128800,23674.63,23700.43,23666.77,23699.62
1763129100,23703.74,23710.92,23693.13,23697.15
1763129400,23694.98,23695.23,23669.49,23669.49
1763129700,23669.43,23683.35,23658.34,23682.98
1763130000,23683.12,23695.38,23681.43,23689.77
1763130300,23689.91,23689.91,23668.76,23674.42
1763130600,23676.38,23692.04,23660.79,23670.61
1763130900,23671.04,23730.66,23671.04,23720.08
1763131200,23720.17,23758.27,23717.59,23758.27
1763131500,23758.01,23798.18,23754.81,23791.54
1763131800,23792.05,23812.89,23783.03,23801.16
1763132100,23801.34,23824.29,23798.37,23824.29
1763132400,23822.61,23830.07,23803.45,23814.15
1763132700,23815.55,23838.16,23808.13,23832.82
1763133000,23832.7,23843.64,23820.58,23825.26
1763133300,23823.59,23861.66,23821.55,23838.34
1763133600,23838.99,23853.13,23830.47,23835.76
1763133900,23835.35,23857.51,23807.76,23854.99
1763134200,23855.26,23857.6,23827.39,23846.53
1763134500,23846.94,23871.46,23842.93,23870.67
1763134800,23871.75,23875.27,23854.06,23854.06
1763135100,23851.82,23887.54,23849.77,23865.84
1763135400,23866.0,23878.54,23855.94,23874.11
1763135700,23874.53,23875.13,23851.76,23856.51
1763136000,23858.29,23860.26,23831.66,23832.38
1763136300,23831.48,23834.58,23807.14,23820.47
1763136600,23820.07,23835.82,23815.49,23829.97
1763136900,23829.94,23845.87,23828.86,23845.54
1763137200,23846.09,23876.35,23840.7,23874.41
1763137500,23874.6,23892.73,23873.93,23886.59
1763366400,23890.48,23909.26,23884.84,23909.26
1763366700,23908.04,23916.79,23901.97,23905.19
1763367000,23905.52,23924.92,23892.19,23924.6
1763367300,23925.34,23928.48,23890.49,23891.73
1763367600,23890.24,23913.09,23885.99,23908.57
1763367900,23908.17,23918.91,23896.96,23899.16
1763368200,23898.99,23923.44,23888.58,23923.44
1763368500,23923.77,23927.49,23914.84,23920.86
1763368800,23920.0,23926.66,23914.76,23915.59
1763369100,23914.24,23914.24,23897.69,23902.75
1763369400,23902.67,23912.17,23888.09,23888.09
1763369700,23887.79,23895.66,23884.09,23890.23
1763370000,23891.83,23897.46,23842.41,23843.28
1763370300,23842.75,23850.84,23831.12,23843.99
1763370600,23843.89,23859.2,23843.61,23849.9
1763370900,23850.09,23865.47,23847.03,23847.69
1763371200,23847.48,23867.31,23847.32,23854.06
1763371500,23853.73,23858.47,23849.22,23855.5
1763371800,23855.54,23855.84,23833.37,23833.66
1763372100,23834.17,23834.36,23816.52,23827.36
1763372400,23827.42,23848.34,23827.06,23844.0
1763372700,23844.85,23847.23,23836.69,23843.81
1763373000,23843.89,23844.7,23829.2,23829.61
1763373300,23830.22,23831.05,23815.75,23819.78
1763373600,23820.11,23820.11,23799.91,23803.82
1763373900,23803.75,23804.73,23792.02,23795.25
1763374200,23796.7,23796.9,23788.89,23790.2
1763374500,23789.83,23789.83,23760.94,23766.09
1763374800,23766.6,23773.89,23762.5,23771.88
1763375100,23772.9,23786.04,23761.48,23761.6
1763375400,23761.94,23766.19,23756.32,23757.7
1763375700,23757.46,23785.78,23757.46,23780.32
1763376000,23779.7,23780.32,23767.92,23772.65
1763376300,23772.98,23773.03,23749.29,23750.98
1763376600,23750.26,23753.92,23742.32,23749.74
1763376900,23749.56,23750.37,23739.47,23742.93
1763377200,23742.33,23743.59,23730.68,23730.73
1763377500,23731.48,23738.19,23727.69,23738.19
1763377800,23737.89,23751.92,23732.63,23751.92
1763378100,23751.46,23762.07,23750.45,23755.83
1763378400,23755.93,23770.8,23754.92,23770.18
1763378700,23770.0,23780.78,23769.46,23776.68
1763379000,23776.17,23786.0,23772.17,23784.81
1763379300,23784.63,23787.14,23761.12,23761.66
1763379600,23761.15,23767.8,23755.43,23755.97
1763379900,23755.46,23756.53,23742.43,23754.51
1763380200,23754.09,23763.13,23751.83,23752.19
1763380500,23751.68,23753.62,23735.27,23746.36
1763380800,23746.05,23746.05,23716.33,23716.33
1763381100,23718.35,23724.24,23710.26,23712.44
1763381400,23712.82,23712.82,23701.27,23710.85
1763381700,23711.82,23727.11,23711.82,23725.26
1763382000,23725.77,23734.0,23725.17,23730.66
1763382300,23731.21,23738.15,23730.77,23731.22
1763382600,23730.9,23731.87,23721.56,23721.56
1763382900,23720.87,23723.09,23711.62,23718.76
1763383200,23717.44,23717.44,23702.88,23703.43
1763383500,23703.76,23703.76,23689.63,23700.4
1763383800,23700.35,23707.06,23699.87,23704.03
1763384100,23703.75,23733.05,23701.62,23726.63
1763384400,23726.7,23732.2,23720.08,23726.8
1763384700,23727.07,23736.28,23723.05,23723.94
1763385000,23723.81,23723.81,23704.45,23708.85
1763385300,23708.75,23721.37,23708.16,23712.21
1763385600,23711.65,23712.0,23700.41,23700.54
1763385900,23700.51,23715.47,23699.93,23711.15
1763386200,23710.39,23711.7,23687.58,23692.33
1763386500,23692.14,23693.83,23674.91,23675.58
1763386800,23675.78,23676.32,23662.67,23663.86
1763387100,23663.27,23666.06,23649.45,23649.55
1763387400,23649.74,23650.0,23635.0,23649.14
1763387700,23648.81,23669.26,23646.96,23669.26
1763388000,23669.34,23684.56,23667.66,23684.46
1763388300,23683.58,23687.9,23671.37,23672.1
1763388600,23672.48,23674.67,23650.72,23656.34
1763388900,23656.42,23675.19,23656.42,23670.15
1763389200,23670.11,23674.89,23658.91,23658.91
1763389500,23658.85,23658.85,23649.78,23650.89
1763389800,23654.34,23682.5,23644.99,23682.5
1763390100,23682.84,23697.93,23674.91,23697.33
1763390400,23696.85,23700.44,23687.39,23687.39
1763390700,23687.47,23713.5,23684.38,23697.5
1763391000,23697.31,23707.14,23689.75,23699.74
1763391300,23699.2,23705.01,23685.19,23704.35
1763391600,23707.38,23713.88,23683.82,23684.86
1763391900,23684.32,23691.65,23653.65,23657.39
1763392200,23657.66,23680.24,23656.81,23666.64
1763392500,23666.91,23675.87,23647.35,23648.01
1763392800,23648.1,23658.09,23642.26,23650.33
1763393100,23650.73,23664.7,23637.27,23656.98
1763393400,23656.92,23663.69,23624.78,23631.47
1763393700,23631.55,23642.96,23615.09,23615.53
1763394000,23603.96,23629.12,23601.88,23627.67
1763394300,23627.12,23627.88,23598.4,23599.48
1763394600,23597.95,23601.57,23587.97,23595.0
1763394900,23596.04,23597.79,23575.82,23580.2
1763395200,23580.98,23590.73,23566.0,23574.72
1763395500,23574.6,23580.1,23545.53,23552.19
1763395800,23552.16,23565.14,23544.92,23546.08
1763396100,23546.31,23546.75,23530.1,23536.26
1763396400,23536.12,23559.15,23529.73,23556.87
1763396700,23557.5,23581.55,23553.18,23581.55
1763452800,23238.33,23274.87,23227.45,23272.4
1763453100,23272.55,23309.3,23268.34,23292.74
1763453400,23292.73,23297.6,23258.29,23271.43
1763453700,23271.17,23295.59,23252.79,23282.69
1763454000,23281.47,23297.75,23264.17,23282.64
1763454300,23275.89,23277.01,23245.24,23270.31
1763454600,23270.08,23318.44,23262.16,23315.98
1763454900,23316.5,23358.45,23313.47,23352.33
1763455200,23352.91,23353.99,23321.36,23321.36
1763455500,23324.29,23334.67,23304.09,23305.15
1763455800,23304.5,23304.6,23282.36,23296.29
1763456100,23296.15,23317.31,23291.39,23297.81
1763456400,23296.99,23307.45,23283.81,23301.5
1763456700,23301.89,23327.7,23296.32,23323.64
1763457000,23323.3,23326.02,23307.57,23325.38
1763457300,23325.22,23358.75,23325.08,23348.01
1763457600,23346.4,23346.48,23331.16,23331.63
1763457900,23331.68,23331.68,23320.56,23329.75
1763458200,23330.12,23330.86,23309.5,23309.5
1763458500,23309.62,23309.62,23282.76,23290.04
1763458800,23290.24,23305.16,23282.77,23304.4
1763459100,23303.89,23311.08,23301.09,23310.85
1763459400,23311.22,23340.51,23311.06,23339.98
1763459700,23340.16,23349.96,23340.16,23346.8
1763460000,23345.63,23346.0,23331.71,23343.99
1763460300,23344.18,23345.57,23322.96,23324.81
1763460600,23324.46,23325.57,23295.51,23295.55
1763460900,23295.47,23297.2,23285.93,23291.45
1763461200,23288.26,23292.34,23279.6,23280.34
1763461500,23279.47,23293.64,23279.47,23293.64
1763461800,23294.34,23318.72,23294.34,23312.48
1763462100,23312.02,23312.02,23297.09,23297.09
1763462400,23297.28,23297.28,23278.96,23283.15
1763462700,23283.33,23295.3,23281.09,23290.85
1763463000,23288.41,23304.71,23283.92,23303.22
1763463300,23303.35,23331.19,23303.25,23330.23
1763463600,23330.01,23338.19,23324.79,23337.95
1763463900,23338.68,23354.18,23331.18,23332.75
1763464200,23332.38,23332.38,23303.56,23306.04
1763464500,23306.1,23313.74,23304.52,23313.74
1763464800,23311.63,23323.63,23299.7,23323.49
1763465100,23322.9,23324.59,23314.88,23321.14
1763465400,23321.68,23322.58,23296.67,23300.49
1763465700,23300.39,23304.1,23291.81,23293.91
1763466000,23293.37,23305.05,23291.11,23294.31
1763466300,23294.13,23300.83,23288.4,23295.25
1763466600,23295.15,23300.45,23289.82,23300.39
1763466900,23300.66,23304.84,23295.66,23301.09
1763467200,23298.26,23298.26,23258.92,23260.36
1763467500,23260.42,23260.54,23242.67,23253.95
1763467800,23254.08,23254.68,23230.23,23234.15
1763468100,23234.2,23261.87,23233.81,23261.87
1763468400,23261.55,23269.77,23256.94,23256.94
1763468700,23257.11,23262.19,23247.08,23248.12
1763469000,23248.37,23263.25,23246.23,23259.62
1763469300,23262.46,23273.07,23262.42,23269.44
1763469600,23269.58,23270.16,23252.54,23253.12
1763469900,23253.05,23253.05,23233.03,23234.52
1763470200,23235.57,23246.87,23232.96,23242.84
1763470500,23243.86,23245.72,23227.97,23234.29
1763470800,23233.06,23253.97,23224.69,23251.34
1763471100,23251.93,23252.77,23243.1,23250.69
1763471400,23251.94,23251.94,23239.48,23246.44
1763471700,23246.23,23261.63,23238.99,23240.39
1763472000,23239.93,23247.0,23232.59,23242.05
1763472300,23242.26,23251.18,23240.87,23243.44
1763472600,23242.18,23260.4,23238.07,23238.07
1763472900,23237.79,23237.79,23213.31,23217.17
1763473200,23217.03,23232.19,23202.24,23202.24
1763473500,23202.18,23214.23,23197.89,23204.5
1763473800,23204.1,23215.08,23203.69,23213.85
1763474100,23215.51,23217.17,23202.84,23206.89
1763474400,23206.64,23209.24,23194.95,23198.91
1763474700,23198.78,23199.45,23189.3,23189.3
1763475000,23189.04,23190.19,23183.1,23186.07
1763475300,23185.57,23187.45,23175.64,23178.07
1763475600,23176.0,23192.36,23175.31,23191.63
1763475900,23190.86,23191.14,23175.91,23179.82
1763476200,23179.54,23237.27,23174.04,23221.12
1763476500,23221.4,23252.34,23218.68,23247.68
1763476800,23246.55,23247.2,23213.83,23215.04
1763477100,23214.53,23242.13,23198.5,23208.45
1763477400,23210.11,23212.23,23180.22,23186.81
1763477700,23186.68,23187.0,23162.51,23174.79
1763478000,23174.19,23184.4,23105.48,23106.21
1763478300,23108.53,23145.39,23096.81,23140.79
1763478600,23140.78,23147.93,23110.31,23125.57
1763478900,23123.77,23125.92,23085.38,23111.59
1763479200,23111.61,23161.35,23107.51,23151.29
1763479500,23151.13,23183.57,23148.97,23154.39
1763479800,23154.62,23173.12,23139.82,23143.16
1763480100,23142.97,23142.97,23105.59,23122.66
1763480400,23122.33,23137.89,23113.26,23129.45
1763480700,23128.94,23135.59,23116.62,23120.81
1763481000,23120.91,23141.46,23108.04,23133.87
1763481300,23131.54,23149.25,23131.54,23135.22
1763481600,23131.85,23144.19,23106.73,23110.72
1763481900,23113.87,23147.48,23106.95,23147.27
1763482200,23147.37,23158.43,23138.76,23138.76
1763482500,23138.44,23154.31,23134.69,23152.63
1763482800,23151.89,23167.08,23147.3,23153.8
1763483100,23153.53,23175.97,23152.4,23171.86
1763539200,23180.93,23198.88,23179.31,23190.94
1763539500,23192.79,23204.34,23177.24,23177.65
1763539800,23177.51,23179.11,23129.59,23132.39
1763540100,23132.47,23133.87,23115.64,23125.92
1763540400,23128.35,23199.97,23128.18,23199.95
1763540700,23196.77,23216.36,23181.1,23212.72
1763541000,23211.07,23223.83,23209.29,23220.31
1763541300,23220.42,23220.42,23173.3,23173.3
1763541600,23173.41,23185.27,23165.8,23183.37
1763541900,23183.28,23183.28,23147.59,23164.43
1763542200,23164.31,23164.31,23138.45,23139.79
1763542500,23139.45,23152.49,23131.79,23131.79
1763542800,23127.86,23138.87,23105.55,23113.5
1763543100,23113.46,23133.49,23107.74,23121.61
1763543400,23122.14,23141.16,23117.89,23137.64
1763543700,23138.04,23138.3,23118.81,23133.53
1763544000,23133.2,23144.96,23122.81,23132.15
1763544300,23132.09,23142.3,23129.22,23133.19
1763544600,23133.15,23147.75,23123.14,23124.77
1763544900,23124.56,23131.44,23119.62,23125.84
1763545200,23126.38,23149.1,23123.57,23148.82
1763545500,23150.63,23180.13,23150.63,23179.73
1763545800,23181.09,23189.49,23176.62,23189.49
1763546100,23189.4,23205.55,23189.08,23202.86
1763546400,23204.07,23204.8,23195.29,23201.89
1763546700,23202.32,23206.24,23190.41,23190.6
1763547000,23191.65,23195.4,23187.55,23194.69
1763547300,23194.89,23207.99,23193.79,23207.96
1763547600,23208.52,23213.28,23199.71,23210.23
1763547900,23210.27,23220.23,23206.38,23217.64
1763548200,23217.8,23217.98,23205.76,23205.9
1763548500,23205.17,23218.48,23199.1,23199.1
1763548800,23199.04,23199.04,23185.44,23188.24
1763549100,23189.06,23198.87,23173.94,23178.67
1763549400,23178.53,23200.56,23176.95,23200.56
1763549700,23201.36,23215.5,23200.1,23215.22
1763550000,23215.59,23219.61,23205.72,23206.9
1763550300,23205.91,23212.22,23200.25,23207.49
1763550600,23207.31,23230.81,23203.84,23230.02
1763550900,23230.16,23243.39,23220.63,23243.01
1763551200,23241.22,23247.44,23233.8,23245.2
1763551500,23246.66,23260.28,23243.68,23246.09
1763551800,23246.12,23249.16,23229.42,23241.63
1763552100,23243.94,23254.96,23225.64,23253.12
1763552400,23253.1,23262.57,23250.86,23262.57
1763552700,23262.48,23264.45,23245.42,23255.51
1763553000,23257.27,23269.6,23248.99,23248.99
1763553300,23248.39,23248.39,23238.58,23238.85
1763553600,23238.12,23250.4,23238.12,23250.4
1763553900,23250.73,23253.47,23242.63,23248.45
1763554200,23248.69,23257.29,23238.49,23257.16
1763554500,23257.49,23264.52,23252.11,23252.11
1763554800,23252.27,23253.1,23246.39,23251.02
1763555100,23251.64,23252.05,23232.55,23236.86
1763555400,23237.02,23245.19,23236.83,23242.11
1763555700,23241.76,23246.05,23219.7,23221.0
1763556000,23220.34,23230.74,23212.98,23230.27
1763556300,23232.18,23254.27,23232.18,23241.05
1763556600,23241.18,23251.28,23234.71,23236.25
1763556900,23235.92,23236.4,23221.0,23221.0
1763557200,23221.55,23228.67,23208.27,23209.2
1763557500,23212.24,23224.26,23209.05,23218.64
1763557800,23218.14,23221.2,23196.36,23211.84
1763558100,23212.37,23224.21,23192.89,23223.51
1763558400,23223.64,23231.58,23213.79,23230.47
1763558700,23230.57,23257.51,23227.62,23255.49
1763559000,23256.15,23275.23,23247.72,23247.72
1763559300,23246.3,23263.43,23241.64,23262.77
1763559600,23262.65,23270.49,23256.1,23263.13
1763559900,23262.8,23284.13,23262.07,23275.36
1763560200,23275.69,23294.48,23269.96,23285.22
1763560500,23285.04,23291.43,23277.61,23281.18
1763560800,23281.05,23294.46,23280.72,23290.11
1763561100,23289.11,23293.9,23276.41,23280.6
1763561400,23280.56,23284.84,23271.29,23281.87
1763561700,23282.99,23300.05,23282.15,23296.41
1763562000,23295.84,23300.8,23288.94,23292.67
1763562300,23292.49,23292.49,23278.37,23282.95
1763562600,23283.54,23298.82,23279.76,23290.19
1763562900,23290.54,23306.07,23277.02,23280.07
1763563200,23279.67,23305.74,23270.45,23298.57
1763563500,23298.4,23322.0,23292.11,23316.19
1763563800,23315.87,23322.87,23298.84,23320.92
1763564100,23321.58,23353.43,23314.83,23350.2
1763564400,23350.82,23356.81,23341.44,23351.09
1763564700,23352.22,23360.38,23348.72,23359.03
1763565000,23358.77,23371.98,23353.43,23366.14
1763565300,23367.69,23379.36,23352.91,23352.91
1763565600,23353.03,23362.88,23347.23,23359.18
1763565900,23358.71,23373.68,23356.23,23365.58
1763566200,23367.48,23372.35,23342.87,23342.95
1763566500,23342.84,23344.88,23316.3,23316.76
1763566800,23316.0,23316.0,23282.11,23293.46
1763567100,23294.52,23294.59,23271.23,23271.42
1763567400,23269.19,23269.28,23259.14,23267.36
1763567700,23266.73,23267.71,23233.55,23238.99
1763568000,23239.42,23250.86,23235.56,23240.9
1763568300,23240.79,23243.14,23218.27,23222.11
1763568600,23223.52,23227.62,23214.68,23221.09
1763568900,23220.36,23231.16,23220.36,23228.09
1763569200,23228.35,23240.05,23209.68,23210.05
1763569500,23208.47,23210.28,23197.44,23204.14
1763625600,23387.42,23391.87,23381.66,23388.19
1763625900,23387.95,23434.43,23385.84,23417.13
1763626200,23417.56,23428.62,23387.92,23387.92
1763626500,23388.25,23389.58,23371.58,23376.42
1763626800,23376.6,23395.95,23374.82,23395.0
1763627100,23395.33,23405.29,23372.61,23402.38
1763627400,23402.64,23413.02,23373.8,23390.87
1763627700,23391.6,23417.98,23391.6,23411.56
1763628000,23411.53,23431.78,23410.02,23431.04
1763628300,23431.02,23446.8,23423.79,23437.94
1763628600,23437.88,23453.72,23435.35,23443.93
1763628900,23444.13,23444.13,23419.6,23424.53
1763629200,23424.87,23428.38,23379.4,23396.37
1763629500,23396.89,23413.58,23396.25,23411.15
1763629800,23411.19,23423.05,23405.01,23421.8
1763630100,23421.61,23421.61,23384.93,23390.26
1763630400,23389.33,23394.2,23379.94,23386.76
1763630700,23386.85,23389.04,23336.33,23344.73
1763631000,23345.1,23369.02,23345.1,23359.37
1763631300,23359.56,23365.0,23347.64,23351.25
1763631600,23352.25,23365.55,23342.1,23342.1
1763631900,23342.57,23343.62,23314.34,23326.99
1763632200,23327.49,23330.38,23316.09,23321.6
1763632500,23321.21,23331.56,23318.33,23326.85
1763632800,23326.77,23339.9,23321.88,23327.36
1763633100,23327.87,23337.87,23321.3,23330.94
1763633400,23330.99,23347.4,23329.15,23339.1
1763633700,23339.52,23369.3,23338.86,23369.3
1763634000,23369.59,23377.69,23363.41,23365.32
1763634300,23365.3,23373.12,23360.66,23370.88
1763634600,23371.36,23399.27,23370.86,23397.8
1763634900,23397.04,23407.54,23393.26,23407.31
1763635200,23408.33,23410.11,23400.41,23410.05
1763635500,23410.01,23422.43,23406.25,23421.82
1763635800,23422.36,23430.46,23418.84,23420.77
1763636100,23420.59,23449.13,23418.58,23445.61
1763636400,23446.29,23447.15,23412.27,23415.58
1763636700,23412.02,23417.88,23405.5,23412.31
1763637000,23413.3,23417.82,23400.64,23406.34
1763637300,23405.32,23405.32,23389.34,23395.85
1763637600,23395.98,23398.18,23373.74,23375.54
1763637900,23375.51,23380.77,23368.12,23378.4
1763638200,23378.5,23386.01,23377.24,23383.21
1763638500,23383.29,23386.1,23374.86,23384.14
1763638800,23384.92,23391.51,23368.73,23369.21
1763639100,23368.8,23370.95,23351.09,23352.11
1763639400,23352.65,23355.1,23338.27,23338.64
1763639700,23339.0,23353.75,23332.7,23353.39
1763640000,23352.33,23352.33,23326.29,23331.32
1763640300,23331.27,23348.5,23328.74,23344.82
1763640600,23345.84,23356.88,23345.23,23353.68
1763640900,23353.54,23358.64,23343.02,23357.62
1763641200,23357.53,23366.57,23355.57,23357.37
1763641500,23357.74,23363.24,23357.09,23358.69
1763641800,23358.61,23377.69,23358.01,23377.69
1763642100,23375.78,23376.08,23356.92,23365.24
1763642400,23365.52,23370.47,23360.62,23364.99
1763642700,23365.23,23382.61,23365.23,23382.61
1763643000,23382.25,23398.77,23382.25,23398.77
1763643300,23398.91,23413.91,23398.91,23411.99
1763643600,23412.08,23430.22,23410.66,23421.4
1763643900,23420.88,23427.96,23418.27,23425.12
1763644200,23424.93,23425.49,23414.94,23416.0
1763644500,23416.45,23417.59,23397.59,23398.17
1763644800,23399.02,23406.77,23393.11,23397.46
1763645100,23397.56,23403.08,23392.72,23398.89
1763645400,23398.17,23460.43,23398.06,23426.36
1763645700,23426.22,23440.7,23423.39,23423.39
1763646000,23422.8,23435.76,23416.07,23417.56
1763646300,23417.39,23443.73,23414.9,23443.26
1763646600,23443.77,23461.51,23443.77,23460.06
1763646900,23459.33,23478.78,23455.11,23470.81
1763647200,23470.71,23474.54,23460.36,23471.19
1763647500,23472.11,23472.11,23451.61,23451.97
1763647800,23451.19,23451.19,23436.3,23443.71
1763648100,23442.84,23443.49,23427.85,23434.94
1763648400,23435.04,23436.96,23415.63,23416.46
1763648700,23416.76,23421.01,23409.61,23413.39
1763649000,23415.36,23439.28,23406.83,23436.01
1763649300,23435.76,23435.76,23418.3,23423.39
1763649600,23424.98,23436.94,23409.12,23431.9
1763649900,23431.57,23448.18,23410.27,23427.7
1763650200,23428.54,23446.27,23428.13,23429.87
1763650500,23429.98,23479.29,23429.98,23479.29
1763650800,23483.14,23499.85,23481.1,23496.28
1763651100,23495.53,23495.65,23453.56,23454.95
1763651400,23454.96,23476.21,23453.64,23465.57
1763651700,23464.41,23496.0,23462.91,23488.66
1763652000,23489.33,23510.84,23483.85,23509.39
1763652300,23509.48,23512.04,23498.26,23512.04
1763652600,23512.18,23512.49,23491.7,23492.07
1763652900,23491.76,23507.79,23491.76,23499.88
1763653200,23499.0,23504.9,23489.59,23499.95
1763653500,23500.42,23504.68,23478.06,23478.71
1763653800,23478.79,23484.46,23451.17,23451.17
1763654100,23450.92,23450.92,23424.13,23424.66
1763654400,23424.65,23430.97,23402.97,23404.71
1763654700,23404.64,23409.83,23371.67,23371.93
1763655000,23373.0,23373.0,23338.16,23338.25
1763655300,23338.19,23339.84,23310.39,23317.19
1763655600,23317.35,23328.39,23301.17,23308.64
1763655900,23308.74,23332.14,23289.48,23308.89
1763712000,22963.17,22979.81,22943.06,22979.26
1763712300,22979.05,23031.93,22977.56,23026.71
1763712600,23028.65,23031.09,22991.15,23009.46
1763712900,23008.31,23021.32,22997.75,23004.14
1763713200,23004.17,23061.24,22994.76,23060.39
1763713500,23059.14,23106.24,23055.49,23095.94
1763713800,23095.7,23096.93,23077.09,23084.93
1763714100,23084.29,23101.31,23065.53,23096.4
1763714400,23095.78,23120.37,23082.51,23120.37
1763714700,23120.76,23139.62,23116.55,23134.1
1763715000,23133.98,23168.13,23128.31,23161.12
1763715300,23161.1,23186.27,23159.64,23186.27
1763715600,23186.02,23186.56,23157.41,23175.52
1763715900,23175.19,23179.03,23165.13,23169.55
1763716200,23170.28,23170.28,23157.07,23158.44
1763716500,23157.79,23165.25,23140.99,23153.24
1763716800,23153.31,23155.02,23117.73,23129.35
1763717100,23126.9,23132.86,23117.33,23130.74
1763717400,23131.76,23134.67,23098.42,23099.34
1763717700,23103.04,23103.04,23070.9,23074.92
1763718000,23075.45,23079.4,23043.52,23044.17
1763718300,23044.83,23066.1,23029.0,23060.59
1763718600,23060.36,23067.2,23048.42,23066.93
1763718900,23065.48,23067.72,23048.07,23054.15
1763719200,23054.09,23054.29,23008.63,23009.17
1763719500,23009.1,23015.51,22998.17,22998.35
1763719800,22998.28,23021.25,22996.46,23014.72
1763720100,23014.69,23014.84,22997.5,23000.68
1763720400,23000.07,23004.42,22977.16,22983.83
1763720700,22981.14,22989.73,22950.34,22954.38
1763721000,22954.17,23012.57,22952.84,23010.61
1763721300,23010.58,23044.4,23010.44,23034.29
1763721600,23035.31,23050.97,23035.31,23035.5
1763721900,23035.6,23054.69,23031.98,23050.3
1763722200,23045.43,23087.38,23045.43,23071.73
1763722500,23070.64,23085.66,23068.49,23078.79
1763722800,23077.76,23111.81,23077.71,23109.06
1763723100,23109.13,23144.7,23109.13,23141.81
1763723400,23142.32,23159.11,23140.21,23156.03
1763723700,23156.37,23171.48,23156.37,23165.61
1763724000,23168.22,23173.21,23156.78,23156.78
1763724300,23156.23,23156.23,23130.87,23130.87
1763724600,23130.71,23136.35,23122.08,23136.35
1763724900,23137.39,23148.52,23135.33,23148.52
1763725200,23148.19,23149.74,23139.6,23149.18
1763725500,23148.99,23153.35,23120.19,23120.34
1763725800,23120.26,23120.26,23100.71,23105.22
1763726100,23104.71,23108.51,23086.15,23099.07
1763726400,23099.66,23103.24,23099.66,23103.24
1763726700,23101.78,23101.78,23063.53,23064.71
1763727000,23064.87,23084.59,23059.7,23080.84
1763727300,23080.96,23090.41,23073.2,23082.32
1763727600,23080.9,23088.94,23032.09,23037.33
1763727900,23037.2,23057.43,23034.5,23049.81
1763728200,23050.75,23107.78,23050.75,23105.82
1763728500,23104.96,23157.29,23104.96,23157.23
1763728800,23158.32,23166.48,23143.86,23161.92
1763729100,23161.37,23183.26,23159.46,23175.9
1763729400,23175.57,23194.5,23175.57,23189.49
1763729700,23189.45,23189.56,23180.51,23184.85
1763730000,23184.73,23189.6,23155.59,23157.67
1763730300,23157.48,23176.97,23152.73,23173.61
1763730600,23173.47,23195.34,23173.47,23194.46
1763730900,23193.0,23197.79,23188.99,23196.75
1763731200,23196.71,23199.63,23186.16,23187.33
1763731500,23187.47,23187.47,23170.32,23170.32
1763731800,23170.38,23183.75,23169.81,23183.68
1763732100,23183.35,23207.55,23183.16,23207.09
1763732400,23206.76,23232.32,23206.76,23232.32
1763732700,23233.5,23244.9,23229.63,23235.97
1763733000,23236.04,23255.19,23235.51,23253.06
1763733300,23252.99,23256.27,23239.56,23245.92
1763733600,23243.93,23243.93,23217.14,23223.09
1763733900,23222.92,23222.92,23209.13,23217.11
1763734200,23216.6,23220.92,23199.59,23203.62
1763734500,23201.99,23219.93,23197.84,23216.42
1763734800,23216.29,23216.6,23208.47,23210.81
1763735100,23210.26,23216.47,23207.47,23209.98
1763735400,23209.38,23234.41,23199.76,23223.1
1763735700,23224.78,23230.78,23203.52,23203.99
1763736000,23204.01,23218.71,23185.75,23187.41
1763736300,23186.39,23197.17,23158.07,23173.31
1763736600,23173.41,23196.63,23162.54,23193.34
1763736900,23192.97,23192.97,23162.18,23168.97
1763737200,23169.96,23183.96,23124.49,23125.01
1763737500,23124.87,23161.94,23124.87,23146.67
1763737800,23147.85,23147.85,23119.51,23122.59
1763738100,23122.5,23136.95,23104.15,23132.27
1763738400,23131.9,23135.82,23082.99,23132.08
1763738700,23132.41,23153.12,23104.09,23109.11
1763739000,23108.9,23139.61,23105.06,23110.6
1763739300,23111.02,23111.02,23070.73,23077.16
1763739600,23077.66,23129.52,23071.46,23121.11
1763739900,23120.62,23136.5,23114.56,23131.94
1763740200,23131.85,23134.62,23099.05,23129.4
1763740500,23129.23,23129.23,23097.55,23097.55
1763740800,23097.77,23104.93,23061.38,23068.98
1763741100,23069.08,23084.48,23057.56,23078.55
1763741400,23079.95,23095.6,23070.85,23089.6
1763741700,23090.92,23100.55,23058.79,23060.42
1763742000,23060.1,23093.67,23058.19,23085.59
1763742300,23083.97,23096.82,23081.89,23096.82
1763971200,23280.32,23291.17,23233.98,23246.7
1763971500,23247.68,23268.93,23227.99,23246.26
1763971800,23247.25,23310.94,23238.99,23310.22
1763972100,23310.34,23343.39,23309.1,23336.88
1763972400,23336.69,23355.13,23331.06,23350.43
1763972700,23351.16,23364.38,23336.7,23343.22
1763973000,23343.17,23352.11,23334.44,23334.57
1763973300,23334.75,23348.95,23327.69,23339.41
1763973600,23340.67,23375.64,23339.93,23371.31
1763973900,23370.48,23381.78,23362.37,23376.23
1763974200,23375.88,23387.43,23370.5,23386.69
1763974500,23385.75,23392.22,23366.82,23368.16
1763974800,23367.61,23378.03,23366.86,23372.35
1763975100,23372.45,23383.84,23359.09,23360.47
1763975400,23362.12,23364.09,23328.42,23328.57
1763975700,23328.61,23330.4,23292.55,23293.42
1763976000,23293.63,23293.63,23251.41,23252.9
1763976300,23253.29,23253.63,23210.12,23215.11
1763976600,23214.38,23240.2,23214.31,23230.79
1763976900,23230.67,23250.78,23228.96,23248.7
1763977200,23248.04,23250.7,23235.57,23245.73
1763977500,23245.74,23286.04,23245.74,23284.1
1763977800,23283.4,23283.91,23263.26,23277.89
1763978100,23277.7,23288.01,23275.01,23275.03
1763978400,23275.31,23296.39,23261.27,23294.19
1763978700,23293.77,23302.26,23269.64,23270.73
1763979000,23270.79,23272.39,23239.2,23247.06
1763979300,23247.03,23247.69,23235.21,23239.33
1763979600,23238.09,23247.11,23197.16,23197.16
1763979900,23196.94,23208.51,23191.39,23191.46
1763980200,23192.19,23192.19,23168.96,23170.64
1763980500,23170.78,23213.43,23166.55,23206.07
1763980800,23205.86,23216.56,23203.08,23205.31
1763981100,23205.08,23205.08,23184.22,23190.2
1763981400,23190.63,23201.59,23182.39,23191.84
1763981700,23192.3,23211.86,23191.15,23199.82
1763982000,23198.81,23203.75,23183.28,23192.1
1763982300,23191.29,23191.29,23172.92,23178.2
1763982600,23178.04,23185.04,23174.48,23178.84
1763982900,23178.87,23184.51,23176.09,23184.51
1763983200,23184.58,23192.13,23176.73,23185.12
1763983500,23183.81,23183.81,23154.23,23157.34
1763983800,23157.01,23170.71,23157.01,23161.03
1763984100,23160.89,23174.36,23156.53,23156.53
1763984400,23156.63,23172.4,23149.7,23170.06
1763984700,23169.88,23180.14,23160.19,23180.14
1763985000,23180.17,23212.38,23180.17,23207.07
1763985300,23207.1,23231.52,23206.28,23218.96
1763985600,23219.05,23219.05,23203.83,23208.85
1763985900,23208.4,23215.55,23204.14,23214.94
1763986200,23214.86,23216.15,23199.0,23203.38
1763986500,23202.72,23214.39,23197.81,23198.59
1763986800,23197.54,23206.1,23195.76,23205.26
1763987100,23205.18,23228.61,23203.38,23223.4
1763987400,23223.5,23236.17,23222.58,23232.04
1763987700,23231.99,23231.99,23217.98,23222.87
1763988000,23223.38,23224.79,23211.02,23211.02
1763988300,23211.12,23227.2,23211.12,23227.12
1763988600,23227.67,23227.67,23216.13,23227.14
1763988900,23227.19,23240.18,23227.19,23235.41
1763989200,23234.57,23248.69,23234.32,23248.49
1763989500,23248.5,23259.17,23248.5,23258.26
1763989800,23258.33,23271.53,23257.73,23271.53
1763990100,23271.57,23277.08,23260.27,23273.44
1763990400,23274.3,23278.69,23260.24,23264.15
1763990700,23264.88,23266.13,23260.31,23262.6
1763991000,23262.05,23290.09,23262.05,23280.82
1763991300,23280.96,23282.27,23273.07,23274.55
1763991600,23274.88,23276.57,23254.81,23255.7
1763991900,23256.2,23261.61,23238.2,23238.2
1763992200,23236.51,23240.67,23226.62,23229.86
1763992500,23229.9,23232.29,23197.64,23198.18
1763992800,23197.94,23221.47,23197.4,23219.2
1763993100,23219.51,23241.03,23219.28,23241.03
1763993400,23241.11,23247.31,23236.57,23241.12
1763993700,23240.9,23243.84,23232.56,23233.63
1763994000,23234.19,23234.27,23218.02,23218.02
1763994300,23219.66,23231.02,23215.1,23226.11
1763994600,23226.94,23265.38,23211.86,23260.22
1763994900,23261.32,23266.95,23234.35,23234.79
1763995200,23235.18,23247.78,23211.85,23215.01
1763995500,23215.23,23235.31,23200.47,23200.47
1763995800,23200.33,23215.63,23180.51,23208.75
1763996100,23207.99,23251.67,23201.59,23251.67
1763996400,23252.58,23282.24,23252.58,23281.94
1763996700,23282.88,23303.52,23282.61,23288.34
1763997000,23286.91,23294.12,23268.7,23293.86
1763997300,23293.49,23302.23,23287.44,23293.0
1763997600,23293.05,23307.92,23278.66,23280.13
1763997900,23280.63,23300.77,23271.33,23300.77
1763998200,23300.98,23300.98,23283.81,23289.76
1763998500,23289.49,23310.32,23288.29,23310.27
1763998800,23310.05,23315.77,23299.56,23300.79
1763999100,23300.41,23310.37,23300.41,23307.46
1763999400,23306.24,23306.24,23284.09,23284.44
1763999700,23284.56,23286.45,23270.43,23271.8
1764000000,23271.29,23273.45,23262.95,23271.36
1764000300,23271.56,23281.24,23270.29,23273.88
1764000600,23273.97,23276.25,23249.15,23250.64
1764000900,23252.16,23270.42,23252.16,23256.73
1764001200,23256.59,23273.27,23254.68,23257.64
1764001500,23257.76,23261.89,23251.32,23254.04
1764057600,23254.46,23262.5,23248.48,23258.89
1764057900,23258.13,23266.21,23233.86,23238.32
1764058200,23237.33,23237.33,23206.79,23206.79
1764058500,23206.22,23257.84,23206.22,23245.35
1764058800,23245.39,23288.42,23245.39,23288.42
1764059100,23288.82,23293.22,23267.35,23278.43
1764059400,23280.42,23280.6,23252.1,23261.77
1764059700,23262.1,23275.57,23262.1,23266.68
1764060000,23266.6,23267.93,23221.97,23222.01
1764060300,23221.92,23231.44,23206.85,23216.16
1764060600,23215.95,23216.18,23170.4,23171.33
1764060900,23171.43,23199.29,23166.4,23197.88
1764061200,23198.89,23225.49,23198.89,23225.42
1764061500,23225.36,23250.41,23225.2,23242.09
1764061800,23241.76,23246.65,23235.61,23242.34
1764062100,23243.36,23244.17,23204.61,23205.3
1764062400,23204.52,23219.28,23202.54,23209.46
1764062700,23209.79,23210.2,23178.42,23178.81
1764063000,23176.85,23180.61,23141.52,23157.74
1764063300,23157.81,23161.83,23144.11,23144.75
1764063600,23144.94,23182.82,23139.27,23180.76
1764063900,23182.27,23192.22,23176.74,23192.22
1764064200,23192.95,23203.54,23185.14,23201.37
1764064500,23201.66,23221.93,23201.66,23221.17
1764064800,23222.17,23225.06,23203.12,23206.59
1764065100,23206.79,23210.01,23185.52,23190.61
1764065400,23191.12,23211.15,23191.12,23208.53
1764065700,23208.41,23209.56,23176.45,23176.45
1764066000,23176.78,23186.23,23176.78,23184.65
1764066300,23184.69,23186.73,23178.61,23184.17
1764066600,23183.52,23183.52,23164.25,23174.4
1764066900,23173.87,23198.55,23168.95,23197.76
1764067200,23199.84,23219.09,23199.84,23205.44
1764067500,23205.38,23218.29,23203.13,23218.29
1764067800,23219.16,23234.27,23218.62,23234.27
1764068100,23234.38,23242.72,23232.09,23232.09
1764068400,23232.07,23237.73,23227.72,23230.38
1764068700,23230.22,23246.86,23224.02,23246.86
1764069000,23246.72,23258.65,23241.47,23254.78
1764069300,23256.85,23259.3,23253.45,23256.31
1764069600,23256.35,23266.58,23256.35,23262.74
1764069900,23263.11,23263.88,23250.42,23254.17
1764070200,23254.22,23256.07,23236.28,23236.78
1764070500,23236.27,23248.78,23232.61,23248.43
1764070800,23248.36,23256.22,23248.18,23254.31
1764071100,23254.67,23263.13,23254.67,23257.89
1764071400,23258.54,23261.26,23238.03,23243.48
1764071700,23243.22,23253.27,23234.93,23252.01
1764072000,23252.71,23276.51,23252.71,23273.13
1764072300,23273.6,23278.14,23264.05,23270.8
1764072600,23270.92,23282.73,23268.62,23281.63
1764072900,23280.86,23280.86,23267.0,23268.87
1764073200,23266.04,23273.27,23261.83,23273.27
1764073500,23274.0,23287.62,23273.02,23287.62
1764073800,23287.7,23291.99,23284.18,23287.59
1764074100,23287.92,23291.64,23286.45,23291.24
1764074400,23291.75,23458.19,23286.63,23406.21
1764074700,23409.1,23423.89,23370.49,23379.79
1764075000,23380.22,23395.31,23366.32,23369.68
1764075300,23369.82,23370.25,23348.55,23348.55
1764075600,23348.22,23372.18,23343.84,23361.01
1764075900,23360.98,23379.51,23351.0,23379.28
1764076200,23379.46,23395.31,23379.17,23387.75
1764076500,23387.69,23412.8,23387.69,23406.35
1764076800,23406.18,23418.67,23400.49,23410.1
1764077100,23408.89,23412.95,23396.82,23410.52
1764077400,23411.06,23425.7,23403.92,23403.92
1764077700,23403.61,23408.85,23384.67,23399.33
1764078000,23399.4,23406.65,23387.15,23392.37
1764078300,23392.27,23439.24,23385.58,23431.02
1764078600,23426.68,23438.15,23420.24,23429.07
1764078900,23429.6,23434.95,23407.19,23433.39
1764079200,23433.32,23447.48,23433.32,23439.07
1764079500,23438.67,23441.8,23407.87,23408.83
1764079800,23409.49,23413.46,23398.48,23413.21
1764080100,23413.37,23418.45,23398.0,23415.22
1764080400,23414.71,23415.22,23405.74,23408.95
1764080700,23408.49,23417.96,23393.57,23416.54
1764081000,23418.25,23456.1,23400.93,23452.24
1764081300,23451.33,23451.71,23427.99,23429.04
1764081600,23428.93,23428.93,23364.97,23365.27
1764081900,23365.9,23365.9,23284.58,23286.42
1764082200,23286.39,23362.98,23275.27,23359.18
1764082500,23358.85,23406.32,23358.85,23403.68
1764082800,23404.94,23408.92,23347.79,23357.54
1764083100,23357.04,23395.08,23352.19,23392.63
1764083400,23391.9,23401.69,23377.74,23383.36
1764083700,23384.09,23422.2,23383.11,23417.51
1764084000,23417.38,23417.46,23383.34,23388.49
1764084300,23386.49,23410.75,23385.8,23407.17
1764084600,23407.1,23433.42,23405.65,23430.76
1764084900,23429.94,23439.15,23408.06,23437.64
1764085200,23437.59,23473.5,23432.3,23472.1
1764085500,23472.17,23487.23,23463.44,23466.6
1764085800,23467.33,23467.33,23446.48,23454.86
1764086100,23454.93,23472.5,23445.14,23466.53
1764086400,23467.48,23471.0,23444.82,23453.65
1764086700,23453.73,23459.06,23441.66,23458.02
1764087000,23457.92,23467.33,23454.3,23455.35
1764087300,23455.45,23461.16,23448.22,23456.4
1764087600,23456.39,23468.99,23455.09,23456.51
1764087900,23456.74,23465.18,23454.77,23459.65
1764144000,23585.26,23590.95,23578.06,23588.59
1764144300,23588.4,23591.58,23550.12,23557.19
1764144600,23559.2,23559.96,23536.79,23551.48
1764144900,23551.53,23573.43,23549.58,23566.55
1764145200,23566.22,23593.68,23563.18,23565.3
1764145500,23565.2,23565.2,23534.82,23538.78
1764145800,23539.11,23548.89,23509.42,23521.69
1764146100,23521.59,23524.62,23502.2,23515.37
1764146400,23514.41,23523.31,23507.59,23511.96
1764146700,23511.87,23522.55,23511.87,23518.83
1764147000,23518.45,23520.13,23506.45,23519.52
1764147300,23518.31,23526.44,23513.04,23515.81
1764147600,23516.09,23516.58,23478.52,23486.31
1764147900,23487.86,23489.93,23460.13,23460.36
1764148200,23460.03,23468.05,23445.28,23454.02
1764148500,23454.56,23462.75,23448.86,23461.03
1764148800,23461.54,23472.76,23460.67,23461.35
1764149100,23459.59,23487.42,23452.02,23487.42
1764149400,23489.9,23514.3,23489.9,23511.75
1764149700,23512.3,23514.03,23503.59,23508.91
1764150000,23508.82,23523.11,23508.76,23520.36
1764150300,23520.45,23537.93,23515.93,23515.93
1764150600,23515.74,23517.51,23475.62,23495.8
1764150900,23496.02,23505.08,23496.02,23500.19
1764151200,23499.92,23507.3,23499.92,23507.14
1764151500,23508.18,23510.69,23501.93,23504.89
1764151800,23504.7,23522.35,23500.87,23521.7
1764152100,23521.37,23531.28,23520.19,23526.81
1764152400,23526.08,23530.67,23517.96,23522.24
1764152700,23523.3,23527.11,23511.01,23511.37
1764153000,23510.65,23523.98,23503.63,23523.98
1764153300,23524.17,23544.08,23523.4,23543.82
1764153600,23544.55,23545.44,23527.11,23528.4
1764153900,23528.25,23532.46,23519.81,23522.59
1764154200,23522.69,23542.01,23522.64,23536.71
1764154500,23536.99,23555.05,23534.81,23554.43
1764154800,23556.01,23559.99,23551.04,23556.41
1764155100,23556.4,23559.42,23550.32,23559.03
1764155400,23559.13,23569.59,23559.07,23569.4
1764155700,23570.49,23577.42,23570.49,23574.27
1764156000,23574.15,23577.63,23568.62,23577.63
1764156300,23578.14,23578.14,23567.54,23568.78
1764156600,23569.29,23569.29,23520.08,23535.74
1764156900,23536.0,23539.94,23529.64,23534.54
1764157200,23532.61,23559.29,23532.48,23558.55
1764157500,23559.52,23570.72,23551.6,23551.99
1764157800,23551.5,23551.53,23536.68,23536.68
1764158100,23536.54,23551.53,23533.66,23546.0
1764158400,23545.45,23546.54,23513.14,23514.22
1764158700,23513.93,23514.33,23479.53,23482.03
1764159000,23481.53,23487.6,23471.64,23471.78
1764159300,23470.62,23471.7,23454.77,23455.97
1764159600,23457.54,23470.12,23457.45,23470.12
1764159900,23470.62,23488.85,23467.73,23485.69
1764160200,23485.92,23486.16,23469.6,23472.6
1764160500,23471.91,23488.42,23471.84,23487.69
1764160800,23488.38,23509.44,23488.38,23508.35
1764161100,23508.73,23525.8,23508.73,23523.58
1764161400,23523.84,23542.96,23523.84,23542.96
1764161700,23544.18,23555.37,23543.95,23552.77
1764162000,23552.66,23562.78,23552.66,23553.91
1764162300,23554.09,23561.91,23545.63,23556.17
1764162600,23556.03,23561.8,23554.04,23557.37
1764162900,23557.06,23567.98,23550.77,23567.68
1764163200,23567.5,23575.5,23564.64,23574.3
1764163500,23573.83,23575.0,23557.34,23560.53
1764163800,23560.47,23565.04,23555.84,23562.1
1764164100,23562.48,23586.38,23562.48,23582.35
1764164400,23583.31,23593.09,23581.51,23591.37
1764164700,23592.34,23608.04,23592.24,23599.05
1764165000,23599.24,23608.24,23598.4,23608.14
1764165300,23606.68,23609.59,23597.04,23609.55
1764165600,23611.0,23617.72,23592.43,23592.43
1764165900,23592.47,23592.47,23578.46,23580.0
1764166200,23579.91,23588.0,23574.26,23587.69
1764166500,23588.19,23594.62,23582.98,23593.85
1764166800,23593.12,23605.73,23592.27,23596.85
1764167100,23596.43,23611.78,23595.58,23611.78
1764167400,23608.89,23632.89,23602.07,23628.73
1764167700,23629.39,23646.5,23628.44,23643.43
1764168000,23643.54,23659.25,23642.11,23654.29
1764168300,23654.39,23673.03,23651.62,23660.78
1764168600,23660.4,23661.45,23633.2,23634.05
1764168900,23632.84,23635.48,23621.53,23623.55
1764169200,23624.56,23624.56,23606.18,23614.72
1764169500,23615.74,23637.88,23605.62,23632.99
1764169800,23632.88,23635.97,23617.04,23617.11
1764170100,23618.26,23638.84,23615.64,23638.12
1764170400,23639.16,23641.69,23617.14,23617.14
1764170700,23617.32,23634.87,23615.87,23624.95
1764171000,23624.86,23645.77,23624.86,23643.64
1764171300,23642.12,23664.52,23642.12,23664.45
1764171600,23664.31,23669.89,23658.7,23668.37
1764171900,23667.98,23678.57,23661.54,23667.93
1764172200,23668.24,23684.47,23664.21,23683.85
1764172500,23684.35,23695.36,23683.05,23691.85
1764172800,23692.07,23707.04,23689.92,23705.26
1764173100,23705.11,23715.22,23696.12,23696.12
1764173400,23695.52,23701.31,23687.89,23700.74
1764173700,23700.26,23702.85,23690.24,23702.85
1764174000,23702.5,23710.67,23696.27,23705.58
1764174300,23705.49,23713.96,23694.65,23694.65
1764230400,23732.81,23741.64,23725.88,23729.92
1764230700,23729.24,23736.39,23708.42,23728.13
1764231000,23727.62,23765.44,23715.59,23757.91
1764231300,23757.92,23798.78,23756.68,23798.78
1764231600,23798.49,23814.34,23796.15,23814.34
1764231900,23814.53,23818.95,23806.33,23809.66
1764232200,23809.41,23810.18,23789.16,23797.66
1764232500,23798.26,23810.6,23794.39,23810.48
1764232800,23811.14,23830.97,23811.14,23828.46
1764233100,23828.55,23829.85,23797.1,23797.19
1764233400,23797.62,23810.15,23797.28,23805.45
1764233700,23805.09,23811.07,23759.96,23759.96
1764234000,23760.47,23783.33,23754.5,23779.09
1764234300,23778.67,23780.69,23772.6,23777.14
1764234600,23777.42,23805.5,23777.04,23802.47
1764234900,23801.81,23803.65,23790.75,23792.15
1764235200,23792.03,23792.51,23777.37,23788.05
1764235500,23787.83,23803.08,23782.09,23803.08
1764235800,23803.34,23807.54,23793.06,23793.42
1764236100,23793.35,23808.85,23793.16,23795.2
1764236400,23795.62,23810.47,23795.44,23810.47
1764236700,23810.74,23810.74,23783.72,23783.82
1764237000,23783.5,23783.5,23764.65,23769.8
1764237300,23770.16,23777.15,23755.67,23757.69
1764237600,23757.55,23767.37,23751.9,23751.9
1764237900,23751.39,23765.06,23744.53,23763.75
1764238200,23763.81,23778.93,23763.68,23777.52
1764238500,23777.39,23784.27,23773.88,23773.91
1764238800,23773.63,23774.9,23756.74,23756.74
1764239100,23757.47,23763.98,23755.92,23758.9
1764239400,23759.57,23766.38,23755.68,23758.06
1764239700,23758.12,23772.77,23757.62,23772.66
1764240000,23773.22,23785.54,23771.03,23784.0
1764240300,23784.73,23786.55,23781.0,23785.46
1764240600,23785.5,23789.17,23780.62,23780.62
1764240900,23780.82,23792.56,23780.82,23786.88
1764241200,23786.62,23794.65,23782.22,23783.32
1764241500,23783.38,23785.59,23778.37,23780.52
1764241800,23780.55,23783.99,23773.86,23783.99
1764242100,23784.5,23790.52,23784.49,23790.13
1764242400,23789.59,23789.59,23774.15,23778.45
1764242700,23778.52,23778.92,23766.58,23769.15
1764243000,23770.16,23779.21,23769.65,23774.63
1764243300,23774.95,23777.45,23767.19,23775.2
1764243600,23774.68,23779.04,23769.38,23776.85
1764243900,23777.02,23782.18,23776.46,23780.62
1764244200,23781.35,23781.76,23774.12,23774.12
1764244500,23774.04,23778.64,23771.23,23776.08
1764244800,23775.9,23788.12,23775.9,23787.34
1764245100,23786.94,23791.93,23786.77,23789.73
1764245400,23790.17,23795.97,23789.95,23792.49
1764245700,23793.6,23794.53,23779.87,23781.56
1764246000,23783.18,23785.52,23782.02,23784.37
1764246300,23783.32,23784.26,23780.58,23783.02
1764246600,23782.74,23791.48,23782.65,23790.02
1764246900,23789.83,23792.76,23786.06,23788.56
1764247200,23788.42,23790.84,23779.76,23788.21
1764247500,23788.13,23789.93,23786.42,23788.69
1764247800,23788.72,23794.79,23785.45,23792.79
1764248100,23793.52,23798.23,23793.13,23794.42
1764248400,23794.09,23796.93,23790.48,23791.54
1764248700,23791.16,23792.54,23785.38,23785.5
1764249000,23785.29,23788.05,23775.37,23775.37
1764249300,23774.7,23777.91,23772.29,23777.18
1764249600,23777.16,23786.12,23776.2,23782.78
1764249900,23782.73,23792.32,23781.15,23792.0
1764250200,23792.26,23830.21,23788.71,23811.89
1764250500,23812.22,23812.91,23801.12,23802.44
1764250800,23802.04,23803.81,23794.77,23797.72
1764251100,23797.4,23799.01,23783.75,23783.75
1764251400,23782.95,23784.81,23778.86,23782.56
1764251700,23782.43,23787.77,23778.53,23778.78
1764252000,23779.34,23785.48,23776.17,23781.17
1764252300,23781.35,23783.15,23764.61,23775.15
1764252600,23775.71,23788.58,23775.71,23783.09
1764252900,23782.55,23783.38,23773.92,23777.2
1764253200,23776.94,23787.73,23776.94,23784.52
1764253500,23784.65,23786.92,23781.06,23786.58
1764253800,23786.63,23792.38,23783.17,23790.3
1764254100,23790.56,23798.28,23790.56,23794.74
1764254400,23794.49,23804.64,23790.58,23802.93
1764254700,23802.92,23803.52,23790.16,23799.14
1764255000,23799.07,23799.07,23792.3,23795.9
1764255300,23795.98,23805.33,23793.79,23803.55
1764255600,23803.63,23803.63,23793.25,23796.46
1764255900,23796.59,23801.24,23792.89,23798.72
1764256200,23799.32,23801.28,23794.08,23798.88
1764256500,23799.16,23799.16,23783.8,23789.87
1764256800,23789.42,23811.98,23789.42,23811.25
1764257100,23811.15,23814.2,23805.13,23805.68
1764257400,23804.94,23805.1,23794.16,23796.98
1764257700,23797.17,23800.83,23792.2,23793.33
1764258000,23793.43,23796.02,23788.08,23789.25
1764258300,23788.2,23794.32,23782.1,23793.72
1764258600,23793.94,23799.56,23782.19,23782.51
1764258900,23784.17,23788.07,23783.05,23787.43
1764259200,23786.56,23788.0,23776.65,23776.71
1764259500,23777.03,23777.03,23762.86,23765.93
1764259800,23765.69,23765.69,23755.89,23759.53
1764260100,23757.93,23775.98,23757.93,23772.65
1764260400,23771.92,23772.5,23767.05,23771.18
1764260700,23770.09,23778.02,23769.81,23773.89
1764316800,23780.75,23781.57,23745.41,23745.5
1764317100,23747.02,23756.99,23725.42,23756.99
1764317400,23759.29,23763.79,23738.74,23738.74
1764317700,23737.82,23762.99,23726.98,23758.76
1764318000,23758.82,23762.0,23741.96,23742.65
1764318300,23743.19,23753.24,23736.75,23738.6
1764318600,23744.58,23755.06,23741.46,23744.29
1764318900,23741.73,23753.99,23734.16,23734.3
1764319200,23734.17,23737.68,23726.8,23729.61
1764319500,23729.94,23738.37,23720.56,23738.14
1764319800,23738.41,23746.22,23737.1,23745.69
1764320100,23745.18,23749.97,23732.12,23733.78
1764320400,23733.63,23762.99,23724.98,23762.67
1764320700,23761.34,23771.62,23758.05,23764.15
1764321000,23766.84,23771.38,23751.06,23751.72
1764321300,23751.64,23751.64,23726.12,23735.79
1764321600,23734.15,23735.14,23727.93,23733.21
1764321900,23733.18,23749.12,23733.18,23749.12
1764322200,23749.45,23753.46,23739.01,23739.94
1764322500,23740.67,23740.84,23726.7,23731.55
1764322800,23731.96,23737.83,23730.85,23734.02
1764323100,23734.52,23738.73,23729.91,23733.19
1764323400,23733.73,23739.66,23729.13,23738.84
1764323700,23737.91,23751.99,23735.34,23751.99
1764324000,23752.01,23758.78,23750.6,23752.47
1764324300,23752.39,23759.69,23751.92,23759.4
1764324600,23759.58,23768.82,23759.58,23767.23
1764324900,23767.5,23769.04,23758.85,23759.33
1764325200,23757.76,23764.06,23755.71,23755.76
1764325500,23756.88,23758.5,23751.44,23758.41
1764325800,23758.46,23767.25,23758.21,23764.1
1764326100,23764.29,23766.59,23757.86,23758.07
1764326400,23758.08,23768.61,23758.08,23760.4
1764326700,23759.97,23768.5,23754.61,23768.1
1764327000,23773.2,23773.2,23755.26,23760.76
1764327300,23763.35,23764.92,23755.68,23758.73
1764327600,23761.74,23762.38,23756.86,23756.86
1764327900,23756.59,23764.88,23756.16,23761.67
1764328200,23761.83,23768.91,23754.81,23756.89
1764328500,23757.07,23765.55,23754.25,23765.55
1764328800,23765.01,23766.84,23760.11,23765.04
1764329100,23765.1,23766.47,23760.75,23762.24
1764329400,23763.49,23763.55,23755.55,23755.55
1764329700,23755.58,23762.51,23755.11,23762.18
1764330000,23762.51,23768.98,23761.7,23768.98
1764330300,23769.03,23784.39,23769.03,23782.26
1764330600,23782.08,23783.44,23777.78,23780.6
1764330900,23781.68,23789.06,23777.75,23779.55
1764331200,23779.67,23801.04,23779.67,23801.04
1764331500,23801.07,23808.06,23801.07,23806.29
1764331800,23807.08,23816.58,23804.4,23808.97
1764332100,23808.88,23815.92,23808.88,23813.11
1764332400,23812.1,23817.34,23810.81,23811.92
1764332700,23811.65,23818.23,23809.66,23818.21
1764333000,23818.24,23818.54,23813.47,23815.53
1764333300,23815.62,23819.26,23814.46,23817.33
1764333600,23817.59,23819.12,23813.4,23813.41
1764333900,23812.68,23821.22,23808.75,23820.24
1764334200,23820.15,23825.94,23818.3,23823.41
1764334500,23822.87,23824.08,23814.49,23814.52
1764334800,23814.61,23815.4,23809.56,23811.65
1764335100,23811.53,23812.64,23807.55,23810.31
1764335400,23810.73,23815.77,23804.26,23808.85
1764335700,23808.94,23821.07,23808.94,23819.03
1764336000,23818.77,23823.79,23817.85,23822.43
1764336300,23821.92,23829.64,23821.83,23824.65
1764336600,23824.95,23829.17,23818.35,23818.35
1764336900,23818.86,23821.68,23805.62,23806.85
1764337200,23806.75,23806.78,23796.6,23804.76
1764337500,23803.37,23814.29,23802.62,23814.29
1764337800,23814.41,23818.7,23809.37,23817.93
1764338100,23817.77,23830.9,23817.36,23830.06
1764338400,23830.16,23852.08,23830.16,23847.01
1764338700,23846.66,23848.04,23842.51,23844.71
1764339000,23844.98,23847.2,23834.47,23834.78
1764339300,23834.68,23843.98,23833.87,23842.18
1764339600,23843.2,23843.73,23837.64,23840.03
1764339900,23839.91,23840.86,23831.38,23835.19
1764340200,23835.93,23841.78,23829.45,23829.45
1764340500,23830.04,23830.26,23822.02,23828.71
1764340800,23829.27,23844.48,23828.26,23842.65
1764341100,23842.74,23853.8,23840.56,23850.97
1764341400,23851.23,23854.54,23840.27,23853.37
1764341700,23853.47,23866.07,23851.11,23861.97
1764342000,23862.51,23866.27,23855.05,23855.05
1764342300,23853.8,23873.78,23853.1,23873.05
1764342600,23874.12,23878.93,23868.43,23877.14
1764342900,23878.06,23882.54,23870.28,23872.1
1764343200,23872.43,23883.03,23871.47,23881.03
1764343500,23882.04,23883.98,23873.89,23877.68
1764343800,23877.75,23879.42,23863.48,23871.24
1764344100,23871.34,23871.43,23853.81,23864.56
1764344400,23864.15,23867.03,23853.48,23853.53
1764344700,23853.2,23853.83,23836.84,23836.96
1764345000,23837.21,23838.08,23830.85,23833.34
1764345300,23833.37,23844.03,23821.87,23823.34
1764345600,23822.71,23842.03,23820.05,23841.18
1764345900,23841.57,23853.02,23839.87,23851.88
1764346200,23851.98,23859.34,23845.34,23859.21
1764346500,23859.71,23860.61,23852.84,23858.52
1764346800,23858.79,23860.02,23836.44,23842.5
1764347100,23842.56,23842.56,23823.37,23828.25
1764576000,23731.29,23734.2,23695.08,23696.34
1764576300,23696.01,23703.36,23676.66,23677.87
1764576600,23677.54,23689.2,23674.88,23683.42
1764576900,23684.11,23732.59,23684.11,23727.08
1764577200,23728.01,23729.32,23712.29,23714.57
1764577500,23715.4,23715.4,23658.39,23673.29
1764577800,23674.04,23674.55,23660.33,23663.4
1764578100,23663.07,23681.1,23663.07,23670.29
1764578400,23670.41,23689.97,23670.41,23687.97
1764578700,23690.81,23693.68,23673.43,23686.48
1764579000,23686.56,23699.14,23678.73,23695.9
1764579300,23696.36,23698.51,23666.08,23669.42
1764579600,23669.3,23675.38,23655.06,23671.41
1764579900,23670.6,23708.46,23670.6,23708.25
1764580200,23708.52,23722.05,23707.22,23718.58
1764580500,23718.07,23722.62,23685.7,23688.67
1764580800,23688.56,23688.61,23670.78,23681.5
1764581100,23681.47,23688.15,23675.09,23675.61
1764581400,23676.24,23677.59,23667.14,23667.64
1764581700,23667.4,23667.87,23638.82,23640.4
1764582000,23640.6,23640.6,23629.38,23633.91
1764582300,23634.01,23635.88,23595.93,23597.31
1764582600,23597.51,23601.83,23582.07,23582.15
1764582900,23582.19,23587.76,23573.23,23586.72
1764583200,23587.22,23599.0,23584.87,23592.59
1764583500,23593.1,23616.0,23592.06,23613.49
1764583800,23613.43,23640.54,23613.43,23639.47
1764584100,23639.57,23641.66,23615.02,23618.21
1764584400,23618.71,23623.93,23609.45,23612.9
1764584700,23614.04,23617.7,23608.08,23608.59
1764585000,23606.97,23606.97,23591.47,23598.57
1764585300,23598.63,23598.63,23566.29,23567.64
1764585600,23568.03,23573.13,23557.15,23564.39
1764585900,23564.51,23570.27,23554.98,23559.17
1764586200,23560.17,23562.06,23532.98,23539.98
1764586500,23539.71,23547.1,23525.76,23531.69
1764586800,23530.51,23534.34,23510.66,23520.82
1764587100,23513.73,23521.41,23507.92,23514.73
1764587400,23515.41,23532.85,23512.01,23529.0
1764587700,23528.41,23539.96,23503.84,23510.3
1764588000,23510.82,23532.68,23507.73,23526.35
1764588300,23527.02,23534.16,23522.95,23531.93
1764588600,23532.43,23536.89,23518.92,23519.9
1764588900,23520.02,23520.91,23502.72,23518.82
1764589200,23518.64,23523.14,23502.26,23502.83
1764589500,23503.18,23515.58,23497.48,23502.14
1764589800,23502.42,23507.98,23487.18,23501.18
1764590100,23500.5,23500.61,23479.82,23484.79
1764590400,23484.96,23493.06,23478.05,23485.91
1764590700,23483.97,23487.84,23433.48,23441.28
1764591000,23441.01,23451.78,23437.72,23451.65
1764591300,23449.54,23449.54,23434.7,23440.87
1764591600,23440.78,23460.2,23436.08,23457.46
1764591900,23456.54,23468.36,23454.57,23468.36
1764592200,23468.84,23470.28,23448.56,23453.02
1764592500,23453.16,23486.71,23452.01,23481.87
1764592800,23480.43,23482.23,23468.96,23472.25
1764593100,23472.0,23485.56,23469.74,23475.27
1764593400,23475.11,23504.08,23473.46,23493.0
1764593700,23492.75,23500.72,23483.62,23484.22
1764594000,23484.34,23516.52,23484.34,23509.05
1764594300,23508.24,23535.84,23497.27,23534.01
1764594600,23534.18,23541.33,23527.01,23533.63
1764594900,23534.45,23543.81,23532.13,23538.19
1764595200,23538.3,23554.89,23535.06,23554.53
1764595500,23554.35,23554.36,23545.78,23550.01
1764595800,23550.18,23558.94,23545.13,23558.18
1764596100,23556.5,23564.2,23550.51,23564.18
1764596400,23564.01,23583.54,23562.31,23581.87
1764596700,23581.82,23584.28,23568.19,23568.19
1764597000,23567.76,23567.76,23552.24,23558.82
1764597300,23558.54,23573.13,23556.25,23570.17
1764597600,23569.23,23570.04,23563.36,23563.36
1764597900,23563.08,23568.69,23554.45,23568.04
1764598200,23567.48,23582.37,23566.33,23582.06
1764598500,23581.84,23583.43,23568.47,23573.66
1764598800,23573.54,23579.35,23563.33,23564.17
1764599100,23564.4,23571.96,23561.76,23567.67
1764599400,23567.93,23571.8,23547.02,23552.64
1764599700,23550.35,23570.28,23550.35,23557.04
1764600000,23554.74,23574.29,23551.72,23573.62
1764600300,23573.48,23592.64,23573.01,23584.23
1764600600,23584.78,23605.45,23584.51,23605.45
1764600900,23605.89,23615.0,23600.0,23611.26
1764601200,23613.98,23618.26,23602.41,23607.83
1764601500,23607.79,23620.1,23602.27,23616.67
1764601800,23616.45,23616.45,23594.84,23594.99
1764602100,23595.05,23604.8,23593.41,23602.46
1764602400,23602.73,23603.73,23589.68,23592.5
1764602700,23593.37,23601.98,23588.7,23597.7
1764603000,23598.01,23601.8,23582.18,23585.75
1764603300,23585.7,23603.85,23583.18,23600.75
1764603600,23600.68,23602.22,23589.01,23592.37
1764603900,23592.23,23594.91,23575.56,23580.55
1764604200,23581.41,23603.59,23581.32,23602.01
1764604500,23602.12,23606.54,23597.48,23605.24
1764604800,23607.28,23610.12,23599.75,23605.49
1764605100,23605.41,23605.41,23579.02,23587.01
1764605400,23586.98,23589.06,23578.78,23585.34
1764605700,23585.44,23590.34,23580.98,23589.93
1764606000,23589.65,23602.19,23589.65,23596.52
1764606300,23596.45,23605.94,23595.92,23596.9
1764662400,23637.49,23638.22,23617.16,23623.7
1764662700,23624.47,23625.97,23607.7,23625.13
1764663000,23624.18,23662.94,23624.18,23659.22
1764663300,23659.36,23682.35,23654.95,23682.06
1764663600,23681.47,23683.05,23659.89,23669.63
1764663900,23669.26,23679.01,23660.58,23677.36
1764664200,23678.02,23684.23,23665.72,23681.26
1764664500,23682.25,23710.66,23681.86,23710.59
1764664800,23710.73,23719.09,23710.47,23715.46
1764665100,23714.95,23717.34,23706.57,23716.43
1764665400,23717.59,23717.68,23694.96,23697.82
1764665700,23697.54,23712.66,23697.22,23711.43
1764666000,23711.03,23729.71,23708.5,23709.56
1764666300,23708.14,23710.5,23701.52,23710.32
1764666600,23711.99,23727.39,23711.98,23714.05
1764666900,23713.44,23728.5,23712.2,23722.49
1764667200,23722.68,23723.7,23715.42,23723.07
1764667500,23723.44,23737.49,23723.02,23735.29
1764667800,23734.97,23735.61,23720.35,23720.87
1764668100,23721.36,23721.36,23701.73,23703.71
1764668400,23703.52,23705.02,23696.05,23699.19
1764668700,23700.04,23722.84,23696.42,23722.33
1764669000,23721.91,23722.34,23713.09,23713.3
1764669300,23712.97,23717.02,23700.98,23703.79
1764669600,23703.9,23713.03,23693.21,23694.41
1764669900,23694.87,23695.12,23679.97,23686.71
1764670200,23687.75,23704.42,23687.03,23704.24
1764670500,23704.4,23713.09,23697.12,23698.82
1764670800,23698.32,23698.4,23675.95,23685.19
1764671100,23685.27,23705.76,23685.27,23705.54
1764671400,23705.09,23720.86,23702.54,23720.86
1764671700,23722.66,23729.48,23719.89,23723.61
1764672000,23723.2,23728.22,23722.17,23726.64
1764672300,23726.68,23747.22,23726.68,23747.22
1764672600,23747.31,23752.57,23746.22,23750.41
1764672900,23752.6,23770.7,23752.3,23767.77
1764673200,23768.28,23770.51,23756.79,23765.64
1764673500,23765.09,23769.73,23762.01,23767.01
1764673800,23766.79,23771.64,23761.19,23770.63
1764674100,23770.78,23781.21,23768.19,23781.21
1764674400,23780.72,23785.61,23773.8,23773.82
1764674700,23774.03,23774.03,23757.42,23759.19
1764675000,23759.08,23766.6,23756.18,23764.44
1764675300,23764.17,23764.17,23747.02,23752.56
1764675600,23752.86,23754.16,23740.11,23753.93
1764675900,23754.28,23772.53,23752.54,23771.42
1764676200,23771.68,23777.65,23771.45,23776.68
1764676500,23776.43,23776.81,23768.41,23770.4
1764676800,23770.25,23771.34,23758.45,23766.75
1764677100,23766.24,23767.1,23755.98,23756.88
1764677400,23756.04,23756.43,23733.37,23734.65
1764677700,23732.72,23735.92,23716.68,23731.98
1764678000,23731.44,23733.34,23721.03,23727.26
1764678300,23727.13,23731.9,23720.41,23730.89
1764678600,23730.75,23730.75,23694.13,23694.13
1764678900,23694.24,23694.89,23687.37,23690.14
1764679200,23689.28,23699.5,23686.82,23698.14
1764679500,23698.23,23707.53,23698.23,23699.75
1764679800,23700.13,23709.12,23700.01,23706.02
1764680100,23705.62,23712.9,23704.14,23710.7
1764680400,23710.77,23710.77,23691.31,23696.86
1764680700,23696.98,23698.68,23687.94,23693.88
1764681000,23693.5,23693.95,23686.72,23693.26
1764681300,23693.34,23697.07,23681.7,23685.4
1764681600,23685.48,23688.01,23673.94,23682.32
1764681900,23682.24,23683.17,23669.17,23672.99
1764682200,23673.41,23677.71,23663.79,23666.21
1764682500,23666.36,23671.41,23661.55,23671.39
1764682800,23671.49,23679.35,23669.54,23676.01
1764683100,23675.91,23676.51,23670.27,23676.29
1764683400,23679.4,23696.34,23675.71,23695.58
1764683700,23695.51,23702.32,23691.68,23701.22
1764684000,23701.2,23708.63,23699.06,23699.06
1764684300,23699.72,23706.72,23687.12,23689.56
1764684600,23689.9,23715.1,23687.2,23715.1
1764684900,23715.65,23720.95,23713.57,23714.75
1764685200,23714.87,23716.11,23702.21,23713.39
1764685500,23712.98,23720.1,23712.48,23719.67
1764685800,23718.6,23723.81,23707.46,23718.63
1764686100,23718.4,23718.77,23706.31,23706.31
1764686400,23704.54,23706.31,23692.22,23704.95
1764686700,23704.94,23706.19,23694.54,23704.13
1764687000,23704.23,23724.44,23701.25,23710.72
1764687300,23710.52,23729.91,23710.52,23724.94
1764687600,23725.51,23726.37,23714.79,23722.9
1764687900,23723.33,23748.13,23721.08,23724.27
1764688200,23724.41,23730.81,23704.67,23716.34
1764688500,23715.92,23739.82,23715.88,23733.92
1764688800,23733.76,23733.76,23719.36,23725.61
1764689100,23725.1,23727.3,23704.62,23705.18
1764689400,23705.08,23710.26,23689.39,23689.39
1764689700,23689.85,23704.52,23688.62,23694.31
1764690000,23693.94,23734.79,23693.94,23728.17
1764690300,23728.13,23743.16,23725.99,23738.94
1764690600,23740.55,23757.84,23740.55,23757.46
1764690900,23759.09,23770.61,23757.86,23768.27
1764691200,23767.58,23784.41,23759.58,23784.33
1764691500,23784.26,23792.05,23780.04,23784.7
1764691800,23784.74,23784.74,23748.85,23750.4
1764692100,23749.51,23757.68,23733.3,23734.08
1764692400,23734.63,23737.36,23714.83,23714.97
1764692700,23713.45,23717.25,23706.59,23710.15
1764748800,23788.82,23799.23,23781.5,23794.35
1764749100,23797.49,23820.19,23782.79,23811.18
1764749400,23812.55,23814.35,23794.82,23814.14
1764749700,23814.26,23823.72,23804.84,23806.71
1764750000,23806.1,23809.81,23779.17,23783.71
1764750300,23783.78,23786.65,23768.54,23773.56
1764750600,23773.68,23784.38,23768.29,23769.25
1764750900,23769.7,23787.56,23765.37,23785.47
1764751200,23785.78,23811.59,23784.76,23810.93
1764751500,23811.08,23811.65,23788.89,23807.56
1764751800,23805.21,23805.21,23789.13,23801.36
1764752100,23799.87,23815.24,23785.95,23814.29
1764752400,23813.52,23813.52,23779.57,23789.44
1764752700,23789.58,23801.45,23785.23,23799.25
1764753000,23799.42,23814.06,23797.3,23813.56
1764753300,23813.7,23814.24,23797.41,23797.53
1764753600,23797.67,23812.68,23797.29,23812.4
1764753900,23810.04,23814.24,23806.91,23807.51
1764754200,23806.95,23810.82,23796.33,23807.5
1764754500,23807.4,23838.05,23807.4,23818.29
1764754800,23819.91,23820.05,23780.68,23780.68
1764755100,23780.62,23806.44,23777.02,23806.3
1764755400,23805.72,23805.81,23783.44,23790.97
1764755700,23789.75,23793.22,23785.33,23787.85
1764756000,23787.72,23799.78,23787.57,23790.0
1764756300,23789.45,23800.24,23789.33,23792.85
1764756600,23788.0,23788.03,23775.13,23778.3
1764756900,23778.17,23801.0,23776.19,23801.0
1764757200,23801.77,23802.59,23781.36,23786.73
1764757500,23786.63,23789.17,23782.39,23784.79
1764757800,23784.1,23785.07,23769.5,23773.68
1764758100,23773.75,23781.01,23769.63,23771.97
1764758400,23772.12,23781.48,23769.48,23780.45
1764758700,23780.79,23782.23,23762.87,23762.87
1764759000,23763.56,23763.56,23745.09,23750.41
1764759300,23750.08,23756.98,23748.76,23752.59
1764759600,23752.37,23752.37,23737.27,23750.69
1764759900,23750.03,23753.32,23731.51,23732.41
1764760200,23732.91,23757.61,23732.91,23755.5
1764760500,23754.99,23764.05,23752.92,23759.32
1764760800,23759.66,23763.02,23755.93,23760.16
1764761100,23760.43,23770.52,23759.31,23759.31
1764761400,23759.04,23761.74,23755.99,23759.02
1764761700,23758.79,23758.94,23744.37,23744.55
1764762000,23744.38,23751.51,23744.23,23748.92
1764762300,23747.91,23757.41,23746.89,23757.41
1764762600,23757.27,23760.34,23749.99,23755.93
1764762900,23756.35,23763.23,23756.35,23758.38
1764763200,23758.48,23758.48,23744.06,23747.89
1764763500,23747.72,23764.66,23747.72,23764.56
1764763800,23765.22,23779.0,23765.05,23778.6
1764764100,23779.23,23782.0,23770.44,23771.35
1764764400,23770.86,23772.96,23763.39,23764.74
1764764700,23765.36,23773.81,23764.21,23773.81
1764765000,23772.96,23783.3,23772.39,23783.3
1764765300,23783.25,23790.13,23775.32,23775.38
1764765600,23775.52,23781.81,23771.96,23781.81
1764765900,23781.88,23787.68,23781.78,23786.02
1764766200,23785.82,23785.84,23769.23,23771.53
1764766500,23771.05,23773.66,23763.86,23768.42
1764766800,23767.44,23785.26,23766.22,23784.52
1764767100,23784.91,23786.74,23772.76,23773.14
1764767400,23773.07,23776.85,23768.18,23771.46
1764767700,23771.4,23774.07,23745.82,23749.75
1764768000,23749.79,23749.79,23732.68,23740.32
1764768300,23740.89,23747.9,23740.16,23745.72
1764768600,23745.84,23752.02,23734.52,23744.43
1764768900,23744.49,23753.08,23741.18,23743.81
1764769200,23744.35,23745.08,23734.96,23739.49
1764769500,23739.7,23747.16,23736.6,23741.17
1764769800,23741.22,23743.47,23735.4,23737.36
1764770100,23737.49,23739.7,23723.94,23724.98
1764770400,23725.06,23728.15,23651.53,23655.31
1764770700,23658.19,23667.83,23646.43,23659.76
1764771000,23657.73,23681.03,23657.35,23671.81
1764771300,23672.14,23680.43,23649.66,23678.3
1764771600,23678.38,23687.52,23677.07,23685.15
1764771900,23685.23,23704.47,23683.8,23701.14
1764772200,23701.55,23716.02,23695.67,23707.25
1764772500,23706.82,23728.59,23704.55,23717.66
1764772800,23717.52,23737.01,23715.92,23718.21
1764773100,23717.67,23720.55,23705.92,23705.92
1764773400,23706.46,23721.11,23699.9,23721.11
1764773700,23721.18,23727.29,23715.95,23720.27
1764774000,23720.41,23745.07,23720.41,23741.87
1764774300,23741.94,23742.12,23724.31,23724.31
1764774600,23724.13,23728.67,23709.73,23717.15
1764774900,23717.09,23728.79,23716.42,23719.49
1764775200,23719.59,23720.68,23703.32,23714.04
1764775500,23713.54,23719.76,23707.58,23711.53
1764775800,23711.39,23715.73,23700.59,23714.6
1764776100,23714.67,23729.8,23711.07,23711.64
1764776400,23712.58,23725.76,23708.56,23722.59
1764776700,23722.32,23726.57,23716.92,23721.63
1764777000,23721.67,23725.44,23717.36,23724.37
1764777300,23723.83,23730.94,23714.23,23716.37
1764777600,23712.43,23722.28,23712.02,23720.25
1764777900,23720.34,23721.13,23709.09,23709.97
1764778200,23710.18,23710.72,23683.65,23690.14
1764778500,23690.48,23693.29,23680.65,23692.22
1764778800,23691.41,23697.26,23684.01,23687.13
1764779100,23687.03,23687.03,23678.04,23681.43
1764835200,23836.23,23853.3,23836.23,23846.2
1764835500,23845.9,23871.11,23841.21,23842.35
1764835800,23842.93,23884.17,23832.3,23884.17
1764836100,23883.73,23885.3,23854.36,23857.36
1764836400,23857.48,23865.72,23842.01,23850.8
1764836700,23850.71,23851.85,23829.9,23844.79
1764837000,23843.99,23857.99,23830.27,23857.68
1764837300,23856.5,23910.81,23856.24,23910.7
1764837600,23910.6,23914.67,23895.56,23895.56
1764837900,23894.03,23895.7,23864.71,23878.41
1764838200,23877.7,23886.74,23870.07,23876.56
1764838500,23876.55,23877.25,23842.0,23842.0
1764838800,23841.73,23858.99,23836.7,23858.88
1764839100,23859.09,23859.09,23825.31,23835.64
1764839400,23835.45,23838.87,23824.71,23827.43
1764839700,23824.49,23825.06,23797.71,23805.49
1764840000,23805.75,23827.03,23802.52,23823.04
1764840300,23824.1,23845.05,23824.1,23841.19
1764840600,23841.03,23854.15,23827.26,23829.56
1764840900,23829.44,23842.3,23825.83,23838.87
1764841200,23838.97,23867.48,23838.97,23861.84
1764841500,23862.77,23864.25,23843.66,23853.83
1764841800,23853.76,23871.25,23853.76,23871.25
1764842100,23871.75,23874.34,23867.73,23869.36
1764842400,23869.25,23875.41,23858.81,23867.94
1764842700,23867.91,23868.4,23858.22,23867.37
1764843000,23867.74,23881.17,23866.94,23880.99
1764843300,23878.14,23878.69,23858.19,23867.49
1764843600,23867.52,23871.76,23863.31,23870.32
1764843900,23870.59,23876.71,23868.85,23874.53
1764844200,23874.39,23878.18,23853.97,23867.04
1764844500,23866.95,23874.22,23861.5,23865.53
1764844800,23865.07,23865.16,23855.14,23861.43
1764845100,23861.3,23863.31,23845.22,23857.06
1764845400,23857.01,23859.46,23841.12,23842.94
1764845700,23843.61,23850.51,23841.26,23849.38
1764846000,23848.56,23862.66,23848.56,23861.23
1764846300,23861.0,23868.35,23857.89,23867.56
1764846600,23867.42,23888.83,23867.42,23879.62
1764846900,23879.41,23882.29,23875.04,23881.3
1764847200,23881.16,23884.02,23877.56,23883.18
1764847500,23883.62,23890.02,23873.41,23877.75
1764847800,23877.47,23879.62,23871.4,23871.4
1764848100,23872.13,23885.47,23872.13,23876.01
1764848400,23875.9,23876.5,23864.49,23870.06
1764848700,23870.25,23875.37,23867.95,23870.51
1764849000,23870.64,23878.91,23868.98,23877.61
1764849300,23877.4,23878.27,23867.96,23877.09
1764849600,23876.76,23880.23,23872.84,23876.59
1764849900,23876.64,23881.03,23871.23,23871.23
1764850200,23871.33,23879.98,23871.07,23879.18
1764850500,23879.28,23881.46,23871.29,23871.7
1764850800,23871.47,23874.41,23868.88,23873.78
1764851100,23875.97,23881.04,23867.15,23869.9
1764851400,23869.75,23869.75,23858.98,23864.66
1764851700,23864.83,23891.97,23864.49,23891.95
1764852000,23891.83,23921.27,23891.47,23920.8
1764852300,23920.66,23924.56,23903.2,23903.2
1764852600,23903.93,23919.06,23899.29,23917.42
1764852900,23917.16,23919.25,23908.85,23909.91
1764853200,23907.85,23909.65,23895.71,23898.3
1764853500,23898.52,23899.48,23882.84,23895.45
1764853800,23895.34,23909.72,23894.12,23894.31
1764854100,23894.45,23912.11,23894.45,23911.9
1764854400,23912.45,23927.72,23912.45,23927.43
1764854700,23927.61,23930.52,23915.13,23915.13
1764855000,23917.53,23920.56,23897.77,23908.09
1764855300,23908.18,23919.35,23907.79,23917.74
1764855600,23917.72,23919.79,23898.15,23900.18
1764855900,23900.31,23902.36,23895.65,23899.73
1764856200,23899.62,23906.2,23886.72,23896.34
1764856500,23896.41,23911.97,23896.06,23899.71
1764856800,23899.02,23899.02,23884.6,23890.3
1764857100,23890.11,23895.97,23889.04,23894.74
1764857400,23886.48,23887.76,23873.23,23887.76
1764857700,23887.73,23897.56,23887.07,23892.19
1764858000,23892.26,23899.82,23883.42,23897.55
1764858300,23897.88,23898.39,23880.69,23892.22
1764858600,23892.41,23902.55,23885.18,23889.0
1764858900,23888.01,23918.42,23886.47,23914.82
1764859200,23915.23,23921.52,23905.0,23909.29
1764859500,23909.2,23916.78,23895.16,23901.25
1764859800,23901.07,23901.07,23865.76,23876.59
1764860100,23878.65,23894.88,23872.98,23882.86
1764860400,23882.45,23888.51,23866.43,23877.72
1764860700,23878.11,23895.79,23878.11,23891.7
1764861000,23891.87,23893.47,23871.51,23883.28
1764861300,23882.12,23898.12,23877.89,23895.36
1764861600,23894.7,23913.66,23894.68,23896.34
1764861900,23896.16,23903.88,23882.71,23896.31
1764862200,23895.8,23911.57,23895.8,23899.06
1764862500,23899.84,23904.48,23892.98,23903.64
1764862800,23903.36,23906.63,23898.24,23905.91
1764863100,23905.43,23907.28,23889.02,23895.42
1764863400,23895.06,23899.16,23888.22,23895.67
1764863700,23896.79,23901.19,23893.96,23897.18
1764864000,23896.89,23906.84,23893.17,23895.83
1764864300,23895.87,23912.18,23890.16,23908.4
1764864600,23909.32,23910.95,23898.96,23904.28
1764864900,23904.52,23916.59,23901.56,23916.59
1764865200,23916.08,23925.96,23913.19,23913.71
1764865500,23914.22,23916.79,23896.73,23896.73
1764921600,23942.73,23963.33,23942.73,23961.68
1764921900,23963.02,23972.81,23929.26,23939.19
1764922200,23939.15,23981.36,23939.15,23964.67
1764922500,23963.84,23970.13,23948.57,23970.13
1764922800,23970.26,23992.13,23970.26,23981.75
1764923100,23981.85,23991.98,23967.27,23981.06
1764923400,23983.29,23992.55,23974.7,23986.74
1764923700,23986.87,24005.21,23984.93,24005.21
1764924000,24004.69,24019.19,24001.17,24017.89
1764924300,24017.75,24022.72,23997.56,23997.69
1764924600,23998.04,24006.16,23990.83,23990.83
1764924900,23990.78,24003.86,23987.19,24000.76
1764925200,23998.25,24022.74,23995.73,24017.69
1764925500,24017.23,24029.87,24017.23,24019.05
1764925800,24019.95,24020.71,23988.11,23988.92
1764926100,23988.38,24000.08,23985.78,23997.49
1764926400,23998.03,24005.57,23995.25,24005.57
1764926700,24005.54,24024.16,24005.54,24021.69
1764927000,24021.62,24021.89,24000.16,24008.27
1764927300,24007.76,24008.82,23981.79,23981.79
1764927600,23980.45,23980.45,23968.2,23972.19
1764927900,23972.5,23999.62,23972.33,23998.98
1764928200,23999.45,24007.24,23998.73,24003.35
1764928500,24004.42,24014.13,24000.41,24010.29
1764928800,24010.19,24013.56,23982.96,23984.17
1764929100,23984.19,24000.21,23983.56,23999.94
1764929400,23999.86,24011.09,23999.49,24003.83
1764929700,24005.36,24005.81,23996.94,23998.49
1764930000,23998.45,23999.87,23990.93,23993.37
1764930300,23992.98,24011.33,23991.54,24006.98
1764930600,24007.07,24015.89,24006.7,24013.8
1764930900,24013.88,24024.76,24013.88,24024.47
1764931200,24024.67,24033.31,24019.22,24025.06
1764931500,24025.31,24027.97,24019.84,24024.5
1764931800,24030.59,24049.11,24026.96,24039.89
1764932100,24043.2,24044.51,24030.17,24034.92
1764932400,24037.55,24048.37,24030.77,24046.24
1764932700,24046.12,24053.29,24042.21,24045.07
1764933000,24044.98,24056.04,24043.01,24047.5
1764933300,24048.0,24049.61,24031.04,24032.75
1764933600,24032.65,24035.83,24030.22,24031.52
1764933900,24031.77,24041.18,24030.11,24034.12
1764934200,24034.15,24035.15,24019.64,24029.2
1764934500,24028.54,24032.03,24019.85,24028.3
1764934800,24027.79,24038.61,24026.84,24035.6
1764935100,24035.4,24037.35,24024.96,24025.68
1764935400,24024.82,24024.89,24015.37,24023.96
1764935700,24024.37,24035.18,24024.37,24033.58
1764936000,24033.59,24041.79,24031.14,24039.9
1764936300,24038.83,24041.49,24032.88,24036.08
1764936600,24036.02,24039.4,24033.65,24039.18
1764936900,24039.62,24044.34,24033.55,24036.8
1764937200,24037.65,24050.26,24034.91,24040.46
1764937500,24040.56,24059.3,24038.8,24046.7
1764937800,24046.51,24052.48,24045.27,24049.69
1764938100,24050.24,24061.74,24050.24,24058.5
1764938400,24058.53,24062.9,24052.53,24056.65
1764938700,24056.14,24056.43,24044.76,24045.59
1764939000,24045.72,24054.05,24044.43,24052.94
1764939300,24053.31,24060.02,24050.04,24059.62
1764939600,24058.89,24075.24,24058.77,24075.24
1764939900,24074.91,24089.57,24074.91,24089.57
1764940200,24089.65,24089.81,24077.74,24077.81
1764940500,24078.29,24087.53,24078.0,24085.6
1764940800,24085.32,24093.48,24079.95,24093.05
1764941100,24093.09,24099.63,24091.01,24098.79
1764941400,24097.72,24099.32,24079.89,24082.1
1764941700,24083.28,24095.17,24083.28,24085.26
1764942000,24084.31,24089.24,24068.26,24073.33
1764942300,24073.06,24074.63,24061.99,24061.99
1764942600,24061.6,24068.68,24052.85,24068.13
1764942900,24067.97,24077.73,24062.01,24066.05
1764943200,24066.3,24077.39,24062.8,24072.32
1764943500,24072.09,24083.13,24069.64,24082.79
1764943800,24082.85,24085.94,24080.52,24083.78
1764944100,24085.78,24087.37,24078.21,24082.96
1764944400,24083.37,24096.96,24081.76,24096.43
1764944700,24098.81,24104.35,24092.35,24093.08
1764945000,24094.09,24101.47,24074.51,24091.98
1764945300,24091.6,24092.32,24067.85,24070.22
1764945600,24070.25,24104.45,24069.59,24102.41
1764945900,24104.05,24107.51,24093.3,24099.14
1764946200,24100.14,24100.78,24082.81,24099.7
1764946500,24100.25,24106.23,24088.55,24099.75
1764946800,24102.41,24116.63,24102.41,24113.08
1764947100,24113.36,24121.93,24107.27,24120.97
1764947400,24120.42,24123.43,24116.74,24119.97
1764947700,24120.44,24122.45,24109.16,24122.21
1764948000,24122.14,24130.92,24121.19,24128.33
1764948300,24128.5,24128.83,24115.42,24124.24
1764948600,24123.76,24127.79,24105.34,24110.07
1764948900,24111.28,24111.47,24083.68,24084.53
1764949200,24084.66,24087.07,24071.16,24075.49
1764949500,24075.7,24076.65,24055.42,24059.81
1764949800,24059.82,24077.82,24049.49,24076.71
1764950100,24076.84,24076.84,24061.32,24066.58
1764950400,24067.07,24083.28,24062.64,24076.52
1764950700,24075.89,24084.34,24070.4,24070.8
1764951000,24070.75,24081.34,24063.31,24063.31
1764951300,24063.18,24065.01,24052.09,24054.07
1764951600,24053.95,24061.05,24044.48,24045.64
1764951900,24043.76,24046.76,24036.0,24039.63
1765181100,24015.97,24025.72,24001.72,24004.58
1765181400,24005.81,24009.7,23985.28,24005.45
1765181700,24005.49,24041.82,24004.65,24038.14
1765182000,24038.81,24073.07,24038.81,24053.35
1765182300,24052.98,24053.91,24023.57,24042.94
1765182600,24044.32,24054.56,24024.25,24026.59
1765182900,24026.28,24057.18,24026.19,24057.18
1765183200,24058.17,24059.35,24040.23,24045.78
1765183500,24046.32,24050.4,24024.03,24024.95
1765183800,24024.52,24037.41,24016.75,24036.43
1765184100,24036.59,24042.6,24033.32,24033.89
1765184400,24034.03,24038.1,24021.32,24036.02
1765184700,24037.3,24047.18,24033.71,24044.49
1765185000,24045.14,24046.62,24028.59,24041.69
1765185300,24041.65,24041.65,24033.58,24037.72
1765185600,24037.63,24053.73,24037.63,24052.75
1765185900,24052.82,24068.3,24049.76,24068.3
1765186200,24068.02,24077.42,24066.75,24077.26
1765186500,24077.34,24091.1,24075.77,24087.75
1765186800,24088.29,24090.74,24070.87,24075.76
1765187100,24075.1,24082.01,24072.33,24076.25
1765187400,24076.38,24082.56,24068.65,24081.46
1765187700,24080.91,24093.49,24080.17,24093.49
1765188000,24093.44,24093.44,24083.76,24087.1
1765188300,24086.44,24086.44,24074.45,24074.68
1765188600,24074.82,24087.08,24072.87,24084.7
1765188900,24084.66,24085.62,24072.63,24078.98
1765189200,24078.79,24078.79,24068.96,24073.49
1765189500,24073.41,24073.96,24065.97,24073.96
1765189800,24074.46,24087.75,24073.86,24087.67
1765190100,24087.88,24089.88,24079.89,24083.75
1765190400,24083.85,24083.85,24067.8,24067.99
1765190700,24067.62,24073.81,24065.62,24073.26
1765191000,24073.16,24075.54,24067.94,24073.6
1765191300,24073.63,24078.15,24071.59,24075.53
1765191600,24075.48,24078.13,24071.57,24078.13
1765191900,24077.25,24080.37,24069.7,24080.34
1765192200,24081.07,24093.65,24079.96,24091.05
1765192500,24091.12,24092.6,24081.72,24084.93
1765192800,24085.06,24091.94,24083.6,24084.26
1765193100,24084.18,24084.88,24064.64,24065.18
1765193400,24066.65,24076.49,24066.08,24068.98
1765193700,24069.47,24079.59,24053.17,24079.59
1765194000,24079.7,24095.5,24079.7,24095.5
1765194300,24095.57,24097.43,24069.79,24069.9
1765194600,24069.16,24074.51,24068.65,24068.92
1765194900,24068.86,24071.59,24066.86,24068.12
1765195200,24068.16,24078.29,24067.88,24077.37
1765195500,24077.33,24082.25,24073.67,24082.18
1765195800,24082.1,24082.56,24074.05,24075.6
1765196100,24075.25,24081.28,24072.67,24075.97
1765196400,24076.15,24081.21,24073.88,24081.21
1765196700,24081.35,24082.41,24075.32,24077.77
1765197000,24077.35,24077.93,24072.43,24077.85
1765197300,24077.79,24082.48,24077.57,24082.38
1765197600,24082.42,24082.42,24066.3,24072.53
1765197900,24074.56,24084.41,24074.56,24083.8
1765198200,24083.68,24088.3,24083.35,24084.02
1765198500,24084.22,24084.69,24078.97,24079.57
1765198800,24079.55,24085.94,24074.43,24083.35
1765199100,24083.55,24096.61,24083.55,24095.85
1765199400,24095.97,24112.77,24095.79,24111.89
1765199700,24112.39,24113.71,24103.64,24107.14
1765200000,24106.63,24116.99,24101.98,24103.92
1765200300,24103.76,24109.67,24101.04,24105.09
1765200600,24105.5,24105.5,24086.02,24097.36
1765200900,24097.43,24097.45,24088.21,24089.46
1765201200,24089.83,24093.13,24085.37,24090.1
1765201500,24090.83,24100.81,24084.78,24084.78
1765201800,24084.28,24086.57,24077.59,24086.45
1765202100,24087.28,24088.89,24083.42,24088.7
1765202400,24089.43,24099.91,24089.43,24097.39
1765202700,24096.88,24105.9,24096.83,24104.47
1765203000,24104.63,24109.41,24101.22,24108.9
1765203300,24108.77,24108.87,24101.87,24107.74
1765203600,24107.98,24108.01,24098.45,24104.95
1765203900,24103.37,24105.81,24093.79,24105.31
1765204200,24105.01,24105.01,24088.11,24091.7
1765204500,24090.99,24115.36,24090.99,24107.02
1765204800,24110.09,24112.56,24085.42,24085.42
1765205100,24084.31,24101.78,24079.0,24094.46
1765205400,24094.25,24107.75,24094.25,24101.91
1765205700,24101.57,24103.8,24093.65,24100.65
1765206000,24100.55,24100.55,24082.26,24087.38
1765206300,24087.28,24087.65,24077.15,24079.02
1765206600,24078.92,24082.13,24070.09,24070.29
1765206900,24070.8,24088.89,24070.26,24088.19
1765207200,24088.25,24090.83,24078.76,24079.15
1765207500,24079.2,24079.2,24057.0,24062.76
1765207800,24061.74,24062.51,24049.63,24049.63
1765208100,24049.4,24053.6,24035.68,24046.34
1765208400,24046.67,24047.71,24029.55,24033.97
1765208700,24033.85,24041.08,24025.87,24041.08
1765209000,24041.63,24041.63,24027.78,24028.41
1765209300,24027.8,24029.57,24016.16,24021.86
1765209600,24022.11,24022.11,23999.43,24006.47
1765209900,24006.16,24033.01,24006.16,24032.24
1765210200,24034.85,24049.38,24034.85,24042.26
1765210500,24042.16,24045.96,24030.9,24041.06
1765210800,24041.32,24062.52,24040.8,24062.3
1765211100,24062.33,24062.6,24045.66,24057.4
1765267200,24094.99,24125.41,24094.96,24121.34
1765267500,24121.44,24135.4,24113.71,24128.31
1765267800,24128.64,24138.06,24123.17,24138.0
1765268100,24138.13,24166.22,24138.13,24166.08
1765268400,24166.84,24186.92,24166.78,24180.87
1765268700,24180.62,24180.62,24150.84,24153.11
1765269000,24152.56,24153.91,24125.51,24144.26
1765269300,24144.39,24159.03,24142.66,24145.52
1765269600,24145.99,24146.07,24129.95,24136.89
1765269900,24136.95,24165.31,24136.95,24159.19
1765270200,24158.83,24177.05,24157.71,24176.53
1765270500,24176.44,24178.91,24151.47,24156.3
1765270800,24156.54,24159.84,24136.49,24148.83
1765271100,24149.28,24150.11,24136.29,24139.92
1765271400,24142.56,24167.19,24142.5,24160.95
1765271700,24161.25,24172.59,24159.39,24159.39
1765272000,24158.82,24167.21,24156.48,24162.83
1765272300,24162.73,24162.73,24145.69,24153.24
1765272600,24153.49,24157.83,24145.96,24152.13
1765272900,24151.8,24153.74,24129.31,24129.99
1765273200,24129.91,24131.88,24125.48,24129.13
1765273500,24129.22,24153.59,24126.15,24153.03
1765273800,24153.2,24161.07,24151.2,24155.77
1765274100,24155.9,24156.49,24145.03,24148.03
1765274400,24147.7,24151.35,24138.7,24143.78
1765274700,24143.88,24145.74,24131.25,24140.81
1765275000,24143.95,24153.28,24135.2,24135.84
1765275300,24135.94,24143.39,24134.63,24139.65
1765275600,24139.19,24144.81,24131.53,24139.64
1765275900,24139.54,24163.32,24138.39,24163.32
1765276200,24163.85,24163.85,24153.95,24154.18
1765276500,24154.51,24156.97,24120.81,24128.63
1765276800,24128.14,24151.96,24128.14,24145.17
1765277100,24144.84,24150.29,24128.87,24130.91
1765277400,24130.6,24134.5,24128.08,24134.29
1765277700,24134.44,24147.2,24133.89,24145.91
1765278000,24145.82,24147.72,24133.84,24138.0
1765278300,24138.73,24138.91,24121.13,24123.34
1765278600,24123.01,24125.27,24111.07,24117.0
1765278900,24118.15,24119.95,24099.03,24100.85
1765279200,24101.83,24114.59,24096.59,24097.23
1765279500,24098.11,24123.1,24092.5,24122.46
1765279800,24122.71,24128.5,24116.0,24116.3
1765280100,24116.1,24125.87,24115.37,24119.43
1765280400,24119.25,24121.33,24114.38,24115.27
1765280700,24115.6,24118.16,24106.11,24107.18
1765281000,24106.64,24116.78,24105.64,24107.74
1765281300,24107.78,24116.08,24105.57,24113.89
1765281600,24114.17,24114.17,24095.88,24103.35
1765281900,24103.07,24111.74,24101.92,24108.28
1765282200,24107.29,24118.91,24105.68,24116.44
1765282500,24118.12,24119.57,24111.51,24113.44
1765282800,24113.39,24118.48,24105.21,24118.4
1765283100,24118.46,24122.33,24116.31,24122.06
1765283400,24121.33,24125.04,24115.5,24119.96
1765283700,24120.51,24125.55,24108.96,24122.38
1765284000,24122.23,24122.23,24111.29,24112.7
1765284300,24112.02,24119.42,24102.41,24118.2
1765284600,24117.18,24121.35,24113.02,24118.82
1765284900,24119.07,24129.03,24117.0,24126.79
1765285200,24127.3,24129.1,24121.11,24122.16
1765285500,24122.3,24137.07,24122.3,24137.07
1765285800,24138.09,24144.66,24134.22,24134.91
1765286100,24134.81,24137.59,24124.27,24128.07
1765286400,24127.91,24127.91,24115.4,24117.55
1765286700,24119.07,24125.24,24115.17,24125.23
1765287000,24125.05,24128.16,24112.73,24113.34
1765287300,24113.52,24113.62,24105.33,24110.87
1765287600,24111.2,24114.41,24107.71,24111.26
1765287900,24111.33,24119.37,24111.29,24111.43
1765288200,24111.39,24123.7,24110.08,24121.33
1765288500,24120.47,24122.25,24116.02,24116.85
1765288800,24116.1,24118.75,24111.8,24115.54
1765289100,24114.02,24115.1,24106.44,24109.66
1765289400,24110.17,24118.01,24109.52,24115.95
1765289700,24115.71,24117.64,24107.83,24107.86
1765290000,24108.19,24119.45,24108.19,24109.06
1765290300,24107.76,24111.52,24099.84,24099.84
1765290600,24100.21,24119.57,24093.15,24115.47
1765290900,24116.12,24123.89,24112.21,24120.29
1765291200,24120.57,24130.04,24111.82,24126.92
1765291500,24126.71,24134.4,24120.02,24130.65
1765291800,24131.36,24149.27,24130.34,24138.78
1765292100,24138.63,24148.71,24134.78,24144.72
1765292400,24144.67,24160.81,24142.39,24142.7
1765292700,24143.1,24149.11,24133.4,24149.11
1765293000,24149.33,24154.88,24142.53,24154.28
1765293300,24153.75,24154.4,24144.79,24146.86
1765293600,24146.66,24155.72,24142.76,24150.3
1765293900,24149.93,24151.42,24136.71,24150.37
1765294200,24150.02,24156.79,24147.68,24151.17
1765294500,24151.71,24164.63,24151.71,24159.55
1765294800,24159.57,24160.7,24151.65,24153.03
1765295100,24153.0,24156.04,24133.62,24137.31
1765295400,24137.12,24146.14,24135.59,24138.1
1765295700,24138.18,24150.92,24137.8,24149.86
1765296000,24150.98,24160.78,24150.98,24159.98
1765296300,24160.18,24171.6,24160.18,24164.52
1765296600,24164.45,24170.07,24158.16,24159.97
1765296900,24160.07,24164.12,24154.6,24160.71
1765297200,24160.75,24170.31,24158.42,24167.98
1765297500,24167.87,24176.47,24167.0,24172.69
1765353600,24131.39,24134.8,24107.02,24107.73
1765353900,24107.82,24162.51,24101.32,24149.33
1765354200,24149.87,24168.72,24134.86,24145.61
1765354500,24145.34,24167.32,24138.05,24158.16
1765354800,24157.65,24160.2,24146.41,24154.08
1765355100,24155.26,24158.39,24126.74,24131.87
1765355400,24130.03,24135.08,24101.67,24101.67
1765355700,24100.19,24101.65,24086.24,24095.62
1765356000,24096.05,24104.41,24071.68,24071.69
1765356300,24072.44,24091.25,24057.53,24086.4
1765356600,24084.6,24084.84,24058.24,24062.74
1765356900,24062.81,24082.7,24061.89,24081.68
1765357200,24081.02,24089.66,24066.57,24069.73
1765357500,24069.65,24083.05,24065.09,24079.48
1765357800,24079.98,24080.94,24035.51,24036.84
1765358100,24036.86,24043.88,24001.43,24042.82
1765358400,24043.18,24049.72,24033.91,24034.17
1765358700,24033.77,24054.04,24030.0,24053.22
1765359000,24054.05,24063.11,24052.78,24058.89
1765359300,24058.17,24064.76,24052.99,24064.76
1765359600,24064.91,24096.66,24064.91,24090.13
1765359900,24089.4,24107.39,24087.25,24101.57
1765360200,24100.84,24102.95,24086.45,24087.65
1765360500,24087.25,24090.76,24071.23,24071.33
1765360800,24071.06,24075.51,24059.29,24059.29
1765361100,24059.85,24069.86,24051.05,24053.18
1765361400,24052.85,24058.58,24043.02,24058.58
1765361700,24059.0,24073.89,24055.77,24073.89
1765362000,24073.96,24075.35,24055.11,24059.79
1765362300,24058.5,24058.5,24037.33,24037.44
1765362600,24037.34,24045.2,24031.45,24045.2
1765362900,24045.71,24054.52,24045.71,24047.47
1765363200,24047.05,24049.92,24043.88,24046.95
1765363500,24045.69,24045.8,24034.69,24038.97
1765363800,24038.73,24042.78,24029.94,24037.24
1765364100,24037.74,24048.44,24021.72,24022.32
1765364400,24021.27,24041.6,24009.53,24015.92
1765364700,24016.15,24042.76,24015.9,24034.48
1765365000,24034.54,24042.58,24029.1,24040.51
1765365300,24040.41,24045.53,24034.29,24042.6
1765365600,24042.93,24047.0,24038.74,24045.9
1765365900,24046.41,24057.88,24045.09,24054.79
1765366200,24054.25,24055.77,24044.81,24054.73
1765366500,24054.89,24055.77,24048.69,24053.62
1765366800,24052.09,24053.91,24039.61,24041.78
1765367100,24041.51,24049.25,24041.51,24049.25
1765367400,24049.8,24064.28,24049.24,24063.96
1765367700,24063.76,24066.44,24057.89,24058.25
1765368000,24058.33,24061.41,24050.36,24050.36
1765368300,24049.68,24067.22,24046.35,24066.79
1765368600,24067.12,24068.78,24047.29,24051.6
1765368900,24051.88,24067.82,24051.6,24065.99
1765369200,24065.81,24069.94,24064.21,24069.94
1765369500,24070.2,24084.19,24070.2,24079.84
1765369800,24079.94,24081.94,24074.27,24076.87
1765370100,24076.97,24081.96,24055.9,24055.9
1765370400,24055.83,24067.92,24052.71,24063.19
1765370700,24062.68,24063.33,24048.74,24049.17
1765371000,24048.84,24054.9,24047.35,24050.44
1765371300,24050.54,24054.33,24046.65,24053.04
1765371600,24052.58,24055.2,24039.71,24039.71
1765371900,24039.02,24045.69,24028.38,24034.47
1765372200,24034.57,24034.57,24023.7,24033.78
1765372500,24033.95,24040.17,24029.92,24038.73
1765372800,24038.9,24058.68,24038.9,24055.78
1765373100,24055.59,24059.03,24050.01,24050.05
1765373400,24049.65,24050.41,24033.37,24036.02
1765373700,24036.06,24040.5,24034.08,24039.64
1765374000,24039.29,24044.0,24034.33,24038.51
1765374300,24038.01,24038.01,24028.32,24031.47
1765374600,24031.9,24038.1,24031.68,24037.44
1765374900,24037.14,24049.02,24035.06,24039.27
1765375200,24038.99,24050.28,24035.85,24048.16
1765375500,24048.05,24057.34,24044.19,24048.22
1765375800,24048.73,24049.91,24037.9,24040.06
1765376100,24040.93,24049.12,24038.95,24042.01
1765376400,24041.97,24043.56,24031.77,24037.36
1765376700,24036.94,24049.42,24031.14,24048.75
1765377000,24050.29,24071.46,24050.29,24060.47
1765377300,24060.93,24066.55,24046.79,24056.45
1765377600,24056.52,24071.65,24051.21,24060.32
1765377900,24060.29,24073.16,24053.12,24068.54
1765378200,24068.78,24075.29,24054.06,24073.77
1765378500,24071.53,24079.43,24064.61,24076.74
1765378800,24075.9,24082.01,24070.95,24079.84
1765379100,24080.18,24094.89,24080.14,24082.53
1765379400,24080.97,24095.09,24073.56,24093.18
1765379700,24092.85,24103.25,24079.94,24094.73
1765380000,24094.25,24103.59,24086.73,24100.82
1765380300,24098.32,24099.76,24082.33,24091.69
1765380600,24090.08,24098.65,24068.25,24068.25
1765380900,24068.17,24072.37,24054.95,24062.37
1765381200,24060.4,24076.67,24057.38,24073.35
1765381500,24073.23,24083.19,24069.53,24082.44
1765381800,24082.49,24091.37,24079.76,24086.97
1765382100,24087.3,24088.35,24075.63,24078.4
1765382400,24080.99,24080.99,24066.58,24076.94
1765382700,24076.43,24088.76,24076.43,24086.87
1765383000,24084.84,24116.42,24084.84,24115.91
1765383300,24115.85,24123.54,24109.51,24120.67
1765383600,24120.33,24126.3,24117.82,24122.85
1765383900,24122.45,24124.38,24107.43,24110.96
1765440000,24055.17,24055.17,24026.18,24035.32
1765440300,24035.6,24055.08,24027.72,24035.51
1765440600,24035.58,24041.01,24007.98,24034.41
1765440900,24033.69,24052.03,24031.78,24043.78
1765441200,24045.37,24078.44,24044.58,24076.46
1765441500,24076.81,24078.79,24054.94,24072.87
1765441800,24073.2,24082.73,24067.33,24071.02
1765442100,24072.47,24093.71,24071.54,24090.39
1765442400,24090.77,24100.17,24077.12,24082.19
1765442700,24083.8,24083.8,24070.82,24082.76
1765443000,24082.9,24123.63,24082.29,24108.34
1765443300,24108.2,24108.2,24086.51,24102.17
1765443600,24101.57,24105.42,24096.26,24104.8
1765443900,24105.31,24116.73,24097.19,24108.78
1765444200,24108.4,24111.14,24087.07,24093.24
1765444500,24094.36,24109.85,24086.18,24109.09
1765444800,24109.34,24131.36,24108.26,24126.43
1765445100,24126.03,24126.03,24098.7,24105.82
1765445400,24106.38,24122.96,24106.38,24110.52
1765445700,24110.84,24120.05,24100.39,24116.49
1765446000,24116.28,24122.65,24106.92,24109.96
1765446300,24109.45,24138.12,24107.65,24135.04
1765446600,24132.92,24133.05,24121.87,24123.11
1765446900,24123.84,24129.47,24119.45,24127.55
1765447200,24127.65,24141.19,24125.28,24140.1
1765447500,24140.13,24140.27,24121.58,24127.79
1765447800,24127.12,24146.57,24122.23,24138.11
1765448100,24137.68,24137.68,24119.93,24121.81
1765448400,24121.93,24121.93,24108.17,24119.18
1765448700,24119.08,24129.99,24119.08,24128.89
1765449000,24129.35,24136.64,24127.22,24135.08
1765449300,24135.58,24141.23,24131.26,24140.47
1765449600,24140.98,24149.3,24139.18,24148.36
1765449900,24148.45,24172.15,24148.21,24161.7
1765450200,24161.59,24169.42,24156.77,24160.47
1765450500,24159.74,24168.0,24159.58,24164.09
1765450800,24164.15,24168.83,24155.46,24168.83
1765451100,24168.69,24174.89,24161.91,24168.77
1765451400,24169.0,24169.52,24154.46,24164.77
1765451700,24164.7,24176.24,24163.12,24170.41
1765452000,24170.0,24172.44,24153.5,24155.23
1765452300,24154.72,24157.07,24152.28,24154.33
1765452600,24154.8,24160.44,24135.38,24135.38
1765452900,24135.33,24147.6,24132.22,24147.6
1765453200,24146.27,24146.48,24141.72,24146.13
1765453500,24146.12,24152.11,24142.19,24149.42
1765453800,24149.96,24157.54,24143.44,24143.44
1765454100,24144.34,24146.76,24140.55,24141.3
1765454400,24141.49,24151.95,24136.72,24143.58
1765454700,24143.61,24148.78,24130.03,24134.61
1765455000,24134.25,24147.73,24134.03,24142.75
1765455300,24142.64,24146.62,24138.8,24146.62
1765455600,24146.53,24158.99,24145.34,24157.34
1765455900,24157.31,24173.53,24157.31,24169.32
1765456200,24169.2,24172.07,24161.59,24167.59
1765456500,24167.52,24168.79,24157.09,24159.45
1765456800,24159.13,24164.07,24151.93,24162.98
1765457100,24163.39,24168.1,24161.56,24166.04
1765457400,24165.68,24171.19,24163.8,24169.4
1765457700,24169.29,24184.64,24169.29,24180.4
1765458000,24179.39,24189.08,24171.35,24176.56
1765458300,24176.2,24181.15,24173.67,24177.13
1765458600,24177.27,24193.43,24177.27,24188.39
1765458900,24188.42,24194.45,24185.3,24191.62
1765459200,24191.55,24196.77,24188.77,24195.95
1765459500,24194.23,24199.04,24191.1,24192.78
1765459800,24192.67,24197.22,24180.98,24182.14
1765460100,24182.07,24195.49,24182.07,24193.12
1765460400,24192.93,24204.48,24190.52,24200.51
1765460700,24200.41,24210.3,24199.2,24208.77
1765461000,24208.46,24213.56,24206.1,24209.0
1765461300,24209.19,24217.83,24209.08,24214.63
1765461600,24215.12,24235.0,24213.81,24235.0
1765461900,24235.1,24248.66,24231.87,24244.57
1765462200,24245.15,24255.89,24243.68,24245.87
1765462500,24246.2,24253.93,24232.12,24250.4
1765462800,24249.39,24263.86,24249.32,24253.99
1765463100,24255.44,24265.12,24251.61,24252.98
1765463400,24253.09,24276.2,24248.72,24262.61
1765463700,24262.96,24285.44,24261.22,24279.97
1765464000,24277.71,24282.64,24267.53,24275.65
1765464300,24275.02,24281.67,24265.39,24265.39
1765464600,24265.71,24273.75,24258.26,24259.4
1765464900,24258.85,24273.94,24247.32,24256.4
1765465200,24256.04,24281.01,24252.39,24273.12
1765465500,24272.56,24285.6,24267.24,24282.21
1765465800,24280.45,24305.07,24276.3,24295.88
1765466100,24296.01,24339.72,24294.48,24336.59
1765466400,24336.82,24358.91,24336.0,24349.39
1765466700,24349.93,24349.93,24337.28,24339.22
1765467000,24340.42,24342.25,24312.74,24313.86
1765467300,24313.96,24324.1,24305.03,24323.55
1765467600,24323.66,24330.52,24319.39,24330.29
1765467900,24329.56,24338.52,24317.75,24321.52
1765468200,24321.01,24336.91,24317.32,24332.76
1765468500,24334.17,24349.16,24334.17,24343.36
1765468800,24342.99,24364.01,24331.77,24338.94
1765469100,24338.39,24342.12,24311.65,24311.65
1765469400,24311.55,24314.19,24291.82,24302.11
1765469700,24301.38,24302.81,24279.87,24281.98
1765470000,24282.1,24294.62,24279.72,24294.62
1765470300,24294.93,24295.38,24269.62,24279.01
1765526400,24368.94,24383.94,24364.01,24378.82
1765526700,24379.81,24416.15,24379.64,24415.82
1765527000,24417.28,24428.33,24407.52,24421.74
1765527300,24421.85,24429.36,24411.58,24429.36
1765527600,24430.27,24438.57,24426.86,24434.47
1765527900,24435.02,24459.91,24425.95,24448.76
1765528200,24449.11,24456.27,24441.88,24455.49
1765528500,24455.63,24456.88,24440.15,24449.83
1765528800,24450.89,24461.67,24446.64,24451.75
1765529100,24451.58,24474.62,24435.09,24459.56
1765529400,24456.65,24470.03,24455.91,24460.7
1765529700,24460.99,24460.99,24417.22,24426.93
1765530000,24427.2,24446.33,24419.97,24446.23
1765530300,24446.33,24450.14,24411.86,24412.08
1765530600,24411.98,24433.26,24400.06,24433.26
1765530900,24434.15,24453.76,24434.15,24449.88
1765531200,24451.45,24452.52,24425.97,24428.98
1765531500,24429.03,24432.58,24419.53,24419.86
1765531800,24419.67,24425.07,24413.11,24425.07
1765532100,24425.16,24430.19,24423.45,24425.21
1765532400,24425.11,24425.88,24416.4,24419.03
1765532700,24419.13,24422.22,24408.36,24422.22
1765533000,24421.53,24433.74,24419.13,24424.56
1765533300,24424.61,24429.76,24418.29,24419.26
1765533600,24419.92,24434.06,24416.08,24431.5
1765533900,24431.78,24434.39,24425.12,24431.58
1765534200,24431.47,24431.47,24423.43,24424.61
1765534500,24424.67,24426.86,24407.44,24408.6
1765534800,24408.18,24410.43,24403.66,24405.69
1765535100,24405.02,24408.09,24391.17,24392.12
1765535400,24392.3,24398.03,24385.67,24387.17
1765535700,24387.07,24387.07,24363.97,24366.42
1765536000,24365.91,24367.08,24352.39,24359.16
1765536300,24358.83,24373.46,24358.52,24370.95
1765536600,24378.69,24392.55,24376.86,24384.14
1765536900,24384.46,24390.26,24379.23,24379.94
1765537200,24382.94,24382.94,24354.51,24357.69
1765537500,24357.86,24363.63,24354.58,24361.88
1765537800,24361.47,24366.82,24355.94,24366.76
1765538100,24366.82,24376.59,24366.82,24376.25
1765538400,24376.22,24377.43,24368.79,24369.34
1765538700,24369.15,24369.5,24358.09,24358.09
1765539000,24357.26,24362.32,24355.32,24357.94
1765539300,24358.27,24361.95,24343.12,24343.12
1765539600,24342.39,24349.64,24341.12,24342.14
1765539900,24341.41,24346.56,24331.45,24331.7
1765540200,24331.61,24342.72,24331.5,24334.21
1765540500,24334.11,24343.56,24334.11,24343.32
1765540800,24344.04,24344.04,24320.77,24326.9
1765541100,24326.36,24331.17,24325.56,24328.52
1765541400,24328.55,24332.87,24321.45,24321.45
1765541700,24321.63,24325.96,24316.02,24321.27
1765542000,24321.24,24323.58,24316.55,24323.25
1765542300,24323.2,24329.63,24322.58,24323.78
1765542600,24323.73,24339.83,24323.17,24333.8
1765542900,24332.05,24332.23,24323.8,24331.83
1765543200,24332.08,24342.94,24332.04,24341.46
1765543500,24340.99,24341.11,24331.13,24337.95
1765543800,24338.29,24339.92,24333.8,24336.53
1765544100,24335.37,24337.16,24331.46,24333.9
1765544400,24334.18,24335.23,24323.94,24324.14
1765544700,24323.81,24323.86,24313.16,24317.82
1765545000,24318.15,24324.72,24315.55,24323.68
1765545300,24324.66,24333.12,24324.66,24328.34
1765545600,24327.59,24327.96,24316.62,24319.07
1765545900,24319.4,24322.64,24313.3,24315.57
1765546200,24316.27,24322.89,24307.33,24321.01
1765546500,24320.56,24321.62,24307.17,24314.17
1765546800,24314.24,24323.51,24312.89,24314.36
1765547100,24314.22,24324.76,24313.48,24324.6
1765547400,24325.58,24336.73,24325.58,24331.71
1765547700,24331.5,24345.36,24331.5,24344.09
1765548000,24344.06,24360.51,24341.8,24345.34
1765548300,24345.47,24355.2,24343.74,24354.45
1765548600,24355.74,24362.43,24353.66,24362.43
1765548900,24362.06,24373.47,24361.79,24371.46
1765549200,24371.27,24377.5,24364.62,24374.68
1765549500,24374.75,24384.1,24374.45,24377.99
1765549800,24381.74,24391.22,24373.69,24374.2
1765550100,24374.71,24398.27,24374.19,24393.28
1765550400,24393.23,24401.46,24390.08,24390.26
1765550700,24384.69,24397.78,24383.19,24387.2
1765551000,24386.31,24386.77,24368.85,24380.69
1765551300,24380.55,24383.16,24363.86,24366.48
1765551600,24366.99,24366.99,24348.33,24349.32
1765551900,24349.42,24356.6,24329.53,24336.66
1765552200,24336.96,24348.04,24325.18,24325.31
1765552500,24326.19,24326.21,24310.06,24325.03
1765552800,24325.36,24326.63,24296.35,24297.93
1765553100,24298.4,24301.82,24279.57,24282.35
1765553400,24282.22,24287.78,24272.37,24277.84
1765553700,24278.92,24296.98,24269.14,24285.88
1765554000,24285.51,24287.82,24273.56,24286.42
1765554300,24286.23,24291.0,24281.42,24284.82
1765554600,24286.52,24288.08,24274.69,24275.19
1765554900,24275.56,24275.56,24197.37,24217.23
1765555200,24217.16,24226.96,24191.14,24192.04
1765555500,24190.2,24202.69,24182.71,24196.19
1765555800,24196.69,24205.51,24185.47,24197.04
1765556100,24196.84,24207.23,24193.44,24195.38
1765556400,24195.16,24205.45,24173.28,24183.6
1765556700,24184.9,24209.89,24181.37,24209.89
1765785600,24297.64,24302.12,24284.61,24287.6
1765785900,24287.95,24301.21,24270.99,24270.99
1765786200,24269.16,24285.32,24249.5,24254.67
1765786500,24256.32,24270.26,24247.86,24267.87
1765786800,24267.25,24272.47,24264.27,24269.36
1765787100,24269.59,24282.9,24258.91,24259.29
1765787400,24259.99,24279.1,24259.99,24271.51
1765787700,24270.4,24288.21,24269.71,24283.68
1765788000,24284.23,24286.35,24269.01,24281.49
1765788300,24282.04,24286.08,24277.8,24284.28
1765788600,24284.31,24286.91,24263.26,24265.05
1765788900,24264.98,24267.92,24248.5,24248.93
1765789200,24248.87,24269.92,24241.01,24269.92
1765789500,24270.02,24279.57,24252.81,24253.44
1765789800,24253.46,24274.19,24248.49,24269.16
1765790100,24269.06,24272.82,24242.69,24244.54
1765790400,24244.41,24247.38,24233.21,24246.85
1765790700,24246.94,24258.62,24246.94,24254.91
1765791000,24255.0,24258.03,24247.75,24251.21
1765791300,24250.88,24256.35,24246.0,24253.73
1765791600,24253.6,24258.1,24249.32,24255.9
1765791900,24257.36,24266.99,24256.66,24257.82
1765792200,24258.46,24264.82,24257.52,24263.48
1765792500,24263.56,24264.19,24256.04,24257.62
1765792800,24257.67,24271.18,24255.38,24265.71
1765793100,24265.61,24265.61,24254.0,24265.41
1765793400,24265.49,24281.9,24264.81,24281.9
1765793700,24282.3,24292.69,24282.26,24289.61
1765794000,24289.53,24297.64,24284.82,24296.86
1765794300,24295.49,24296.85,24290.54,24291.51
1765794600,24291.57,24295.48,24289.54,24290.97
1765794900,24289.97,24292.75,24280.0,24280.55
1765795200,24280.94,24294.49,24280.94,24294.23
1765795500,24294.27,24294.37,24288.25,24292.72
1765795800,24294.38,24306.07,24293.03,24304.19
1765796100,24304.59,24308.26,24303.18,24304.72
1765796400,24305.27,24313.61,24303.59,24313.49
1765796700,24313.39,24317.54,24309.65,24313.9
1765797000,24314.44,24314.7,24302.01,24302.01
1765797300,24301.19,24306.24,24301.19,24305.09
1765797600,24305.15,24309.9,24303.2,24304.87
1765797900,24305.2,24311.6,24301.15,24306.77
1765798200,24306.4,24307.54,24299.65,24307.54
1765798500,24308.59,24312.72,24306.8,24309.91
1765798800,24309.98,24318.3,24309.22,24312.15
1765799100,24311.98,24312.3,24303.15,24306.63
1765799400,24306.55,24311.63,24305.27,24310.47
1765799700,24310.5,24312.88,24302.02,24303.0
1765800000,24301.63,24306.12,24298.16,24298.66
1765800300,24298.56,24299.5,24289.72,24292.48
1765800600,24291.94,24297.33,24287.9,24287.9
1765800900,24288.18,24298.04,24288.18,24294.42
1765801200,24294.35,24294.44,24272.39,24272.67
1765801500,24272.18,24272.18,24251.52,24259.67
1765801800,24259.16,24270.92,24259.16,24269.72
1765802100,24269.84,24273.67,24265.79,24270.92
1765802400,24270.97,24286.36,24270.19,24286.36
1765802700,24285.67,24288.53,24281.56,24281.57
1765803000,24281.6,24281.6,24273.54,24277.91
1765803300,24277.53,24287.62,24277.03,24280.13
1765803600,24280.29,24283.62,24270.34,24271.29
1765803900,24271.19,24272.4,24264.97,24269.06
1765804200,24269.17,24283.36,24263.88,24283.36
1765804500,24283.2,24285.79,24275.46,24275.62
1765804800,24275.47,24277.04,24262.04,24262.46
1765805100,24262.86,24270.4,24262.62,24270.1
1765805400,24269.91,24275.04,24267.02,24272.25
1765805700,24272.33,24276.6,24265.03,24274.92
1765806000,24275.1,24283.32,24275.1,24281.67
1765806300,24281.53,24287.75,24279.05,24283.84
1765806600,24283.74,24284.57,24278.96,24280.54
1765806900,24280.47,24284.94,24273.65,24276.68
1765807200,24276.17,24282.55,24271.37,24281.81
1765807500,24280.96,24281.27,24266.89,24274.96
1765807800,24275.72,24280.8,24269.93,24273.7
1765808100,24273.6,24273.88,24266.58,24269.89
1765808400,24269.68,24275.88,24264.18,24264.18
1765808700,24264.78,24271.57,24264.69,24267.06
1765809000,24269.54,24269.54,24251.66,24256.09
1765809300,24255.36,24275.75,24254.49,24268.23
1765809600,24268.49,24285.89,24268.49,24281.88
1765809900,24281.06,24284.05,24270.46,24276.72
1765810200,24277.54,24278.78,24247.64,24253.5
1765810500,24253.73,24256.28,24230.39,24230.59
1765810800,24230.73,24232.3,24203.4,24214.2
1765811100,24214.54,24232.77,24213.73,24226.34
1765811400,24226.62,24226.62,24203.57,24210.58
1765811700,24210.33,24210.33,24197.61,24203.36
1765812000,24200.86,24210.35,24176.35,24176.35
1765812300,24176.26,24185.02,24170.45,24184.95
1765812600,24184.81,24210.07,24183.72,24202.67
1765812900,24204.23,24209.1,24188.99,24194.11
1765813200,24193.8,24208.85,24186.18,24208.75
1765813500,24208.88,24213.88,24202.71,24213.88
1765813800,24213.78,24221.41,24190.71,24199.78
1765814100,24200.83,24205.5,24195.98,24200.24
1765814400,24200.14,24207.45,24193.14,24196.15
1765814700,24195.9,24207.54,24195.16,24204.69
1765815000,24205.69,24211.36,24194.24,24197.01
1765815300,24197.56,24243.05,24196.33,24242.05
1765815600,24242.23,24246.88,24237.77,24243.94
1765815900,24243.63,24265.16,24242.71,24260.14
1765872000,24124.11,24125.93,24103.85,24113.66
1765872300,24113.56,24114.66,24079.07,24096.15
1765872600,24096.41,24100.48,24080.94,24092.51
1765872900,24092.09,24118.52,24085.76,24113.23
1765873200,24113.42,24142.03,24113.42,24138.41
1765873500,24138.88,24146.56,24129.91,24131.69
1765873800,24132.24,24149.03,24123.57,24139.62
1765874100,24139.24,24142.4,24125.17,24125.67
1765874400,24125.16,24133.0,24123.26,24129.96
1765874700,24129.57,24137.55,24119.68,24127.09
1765875000,24126.81,24152.93,24126.0,24152.58
1765875300,24153.55,24166.46,24149.12,24164.15
1765875600,24163.78,24163.78,24148.84,24154.81
1765875900,24154.3,24174.76,24154.3,24171.61
1765876200,24171.58,24191.6,24170.87,24187.23
1765876500,24187.03,24187.03,24177.25,24185.76
1765876800,24185.99,24185.99,24167.59,24171.38
1765877100,24171.19,24173.33,24156.34,24158.2
1765877400,24159.73,24160.74,24147.62,24149.54
1765877700,24149.21,24149.21,24139.84,24141.44
1765878000,24141.11,24141.11,24131.9,24137.44
1765878300,24137.64,24144.66,24132.03,24140.03
1765878600,24139.48,24144.16,24131.64,24133.61
1765878900,24133.24,24133.3,24117.55,24130.69
1765879200,24130.59,24134.55,24117.94,24134.55
1765879500,24134.67,24140.92,24130.19,24136.5
1765879800,24136.42,24145.45,24128.64,24145.45
1765880100,24145.52,24157.48,24144.39,24148.94
1765880400,24148.39,24153.63,24146.27,24152.18
1765880700,24152.1,24162.56,24151.65,24161.43
1765881000,24161.71,24165.83,24152.68,24152.68
1765881300,24152.52,24173.33,24151.71,24171.53
1765881600,24173.65,24175.35,24168.06,24173.98
1765881900,24173.85,24178.68,24165.35,24165.85
1765882200,24165.71,24175.47,24160.9,24161.43
1765882500,24161.3,24161.3,24149.72,24152.41
1765882800,24152.09,24153.72,24137.67,24141.48
1765883100,24141.63,24148.88,24139.39,24145.86
1765883400,24145.1,24154.84,24142.81,24153.56
1765883700,24153.67,24162.53,24153.67,24161.03
1765884000,24161.24,24161.92,24148.92,24149.87
1765884300,24151.5,24155.21,24149.94,24155.07
1765884600,24154.99,24156.83,24130.04,24151.76
1765884900,24151.86,24157.41,24142.56,24148.88
1765885200,24148.94,24157.66,24147.71,24148.73
1765885500,24148.11,24151.73,24140.74,24140.92
1765885800,24140.75,24140.75,24124.35,24124.71
1765886100,24124.65,24129.05,24121.86,24123.84
1765886400,24124.45,24131.3,24118.59,24118.59
1765886700,24118.53,24126.5,24112.25,24114.9
1765887000,24114.39,24124.14,24112.6,24122.65
1765887300,24122.72,24133.08,24121.97,24127.61
1765887600,24127.15,24134.71,24126.13,24134.49
1765887900,24134.29,24142.88,24133.53,24142.49
1765888200,24142.35,24143.57,24131.99,24138.56
1765888500,24138.69,24140.35,24134.74,24139.47
1765888800,24139.63,24149.18,24135.33,24136.3
1765889100,24136.29,24141.88,24136.29,24141.39
1765889400,24141.36,24151.88,24139.63,24148.51
1765889700,24148.48,24150.04,24144.67,24145.35
1765890000,24145.4,24155.26,24141.75,24143.65
1765890300,24143.9,24147.09,24142.89,24145.07
1765890600,24145.18,24149.11,24144.08,24145.85
1765890900,24145.02,24145.58,24139.26,24140.05
1765891200,24139.98,24145.08,24136.57,24136.57
1765891500,24136.29,24136.82,24130.15,24133.32
1765891800,24133.92,24159.86,24133.87,24153.24
1765892100,24152.57,24152.57,24127.32,24132.58
1765892400,24132.74,24140.85,24122.35,24124.38
1765892700,24124.28,24139.45,24124.28,24131.79
1765893000,24132.32,24135.71,24123.2,24124.1
1765893300,24124.23,24130.87,24115.5,24121.1
1765893600,24121.76,24122.84,24106.96,24113.28
1765893900,24113.68,24116.57,24105.62,24108.6
1765894200,24108.71,24110.4,24101.93,24107.52
1765894500,24107.5,24109.74,24098.59,24100.14
1765894800,24100.47,24101.05,24090.2,24098.29
1765895100,24098.64,24101.34,24084.33,24084.56
1765895400,24084.46,24102.47,24082.32,24098.42
1765895700,24098.18,24109.08,24091.93,24096.04
1765896000,24095.61,24096.54,24075.41,24078.7
1765896300,24078.71,24104.41,24068.89,24091.05
1765896600,24091.94,24110.01,24090.4,24099.3
1765896900,24100.62,24109.95,24098.01,24104.92
1765897200,24110.08,24110.98,24086.23,24086.23
1765897500,24085.48,24105.33,24082.09,24091.96
1765897800,24090.86,24091.19,24071.75,24076.22
1765898100,24075.73,24075.73,24057.82,24064.08
1765898400,24062.26,24062.26,24040.63,24041.13
1765898700,24041.18,24041.22,24021.53,24028.93
1765899000,24029.07,24048.55,24028.1,24041.01
1765899300,24040.94,24044.73,24011.8,24024.21
1765899600,24023.63,24036.09,24017.89,24035.8
1765899900,24035.51,24049.19,24034.7,24041.57
1765900200,24041.68,24064.24,24029.73,24064.05
1765900500,24063.68,24086.82,24063.64,24086.7
1765900800,24086.73,24091.28,24081.64,24084.07
1765901100,24083.98,24091.22,24082.08,24090.53
1765901400,24091.27,24093.42,24071.03,24080.23
1765901700,24079.62,24079.62,24060.69,24075.57
1765902000,24075.52,24086.25,24069.16,24083.16
1765902300,24082.43,24089.01,24076.51,24088.91
1765958400,24159.62,24163.64,24130.99,24142.65
1765958700,24142.14,24163.46,24123.68,24131.73
1765959000,24131.05,24144.69,24126.21,24134.24
1765959300,24134.14,24154.87,24133.35,24143.48
1765959600,24143.53,24147.98,24128.88,24147.71
1765959900,24147.55,24163.29,24133.18,24157.55
1765960200,24156.85,24166.85,24154.49,24154.93
1765960500,24155.1,24168.75,24151.25,24166.53
1765960800,24166.09,24181.67,24165.55,24181.67
1765961100,24181.77,24185.47,24173.1,24175.29
1765961400,24175.43,24180.64,24136.14,24137.58
1765961700,24137.03,24154.31,24125.72,24154.31
1765962000,24154.87,24156.9,24138.89,24138.89
1765962300,24138.86,24143.12,24129.91,24130.25
1765962600,24130.08,24130.59,24119.85,24127.94
1765962900,24128.67,24139.1,24128.33,24135.68
1765963200,24135.62,24144.56,24133.64,24141.77
1765963500,24141.99,24143.27,24117.83,24121.76
1765963800,24121.43,24132.17,24116.38,24122.18
1765964100,24122.11,24123.13,24102.0,24102.11
1765964400,24102.08,24117.16,24099.35,24116.08
1765964700,24116.01,24122.91,24114.82,24122.43
1765965000,24122.52,24129.97,24117.17,24123.6
1765965300,24123.06,24129.28,24120.35,24123.07
1765965600,24122.65,24122.65,24106.57,24112.83
1765965900,24112.77,24119.31,24111.14,24113.65
1765966200,24113.58,24129.9,24111.42,24128.3
1765966500,24128.8,24130.9,24120.58,24120.58
1765966800,24119.97,24120.45,24108.73,24112.97
1765967100,24115.16,24121.51,24109.99,24118.58
1765967400,24119.31,24120.53,24111.54,24112.07
1765967700,24111.91,24112.69,24105.99,24107.52
1765968000,24107.61,24108.43,24098.65,24103.04
1765968300,24104.21,24104.58,24093.98,24097.03
1765968600,24097.11,24097.11,24084.18,24086.4
1765968900,24086.3,24092.49,24084.1,24087.32
1765969200,24087.21,24089.24,24067.1,24077.56
1765969500,24076.89,24088.59,24072.56,24088.25
1765969800,24088.27,24090.79,24063.2,24063.84
1765970100,24063.89,24066.29,24056.09,24062.17
1765970400,24061.84,24061.94,24048.48,24048.72
1765970700,24048.99,24065.96,24048.99,24065.44
1765971000,24065.57,24070.42,24063.91,24068.83
1765971300,24068.5,24072.93,24067.28,24070.37
1765971600,24070.75,24073.43,24062.34,24066.2
1765971900,24066.25,24068.3,24055.47,24065.26
1765972200,24065.07,24073.98,24064.84,24072.18
1765972500,24071.45,24072.01,24062.62,24071.21
1765972800,24071.94,24077.36,24058.94,24059.25
1765973100,24059.58,24059.58,24051.26,24053.48
1765973400,24053.45,24053.5,24040.21,24052.19
1765973700,24052.09,24058.42,24050.94,24052.83
1765974000,24052.89,24057.7,24049.06,24057.7
1765974300,24058.25,24065.84,24058.25,24065.46
1765974600,24065.42,24073.1,24062.22,24072.86
1765974900,24073.26,24081.33,24072.85,24074.14
1765975200,24074.39,24078.02,24070.5,24074.4
1765975500,24074.67,24084.14,24074.47,24081.78
1765975800,24081.96,24088.54,24077.32,24077.32
1765976100,24077.51,24078.73,24065.27,24065.75
1765976400,24065.62,24068.13,24053.59,24053.94
1765976700,24053.85,24071.41,24053.85,24071.11
1765977000,24071.3,24079.47,24052.35,24060.83
1765977300,24061.36,24076.71,24052.66,24052.66
1765977600,24051.57,24051.57,24024.91,24041.55
1765977900,24041.48,24051.61,24031.57,24051.54
1765978200,24051.67,24066.25,24050.81,24066.25
1765978500,24066.28,24066.73,24041.8,24043.8
1765978800,24044.47,24053.85,24039.58,24052.81
1765979100,24052.78,24058.66,24037.95,24039.11
1765979400,24037.24,24046.3,24031.53,24038.19
1765979700,24038.38,24057.1,24034.39,24044.09
1765980000,24043.91,24051.91,24037.83,24045.06
1765980300,24045.03,24052.45,24043.71,24051.13
1765980600,24050.95,24057.47,24036.28,24051.4
1765980900,24051.43,24055.63,24045.03,24053.12
1765981200,24053.2,24054.58,24045.77,24046.49
1765981500,24048.5,24055.82,24040.1,24040.91
1765981800,24042.23,24076.7,24042.23,24073.0
1765982100,24073.14,24084.3,24070.11,24075.64
1765982400,24072.9,24074.75,24050.97,24057.92
1765982700,24057.63,24075.06,24045.73,24073.59
1765983000,24074.05,24092.83,24074.05,24087.42
1765983300,24087.43,24101.86,24083.22,24097.77
1765983600,24098.06,24101.46,24078.19,24081.02
1765983900,24080.08,24083.73,24070.1,24074.58
1765984200,24074.59,24079.82,24068.58,24079.03
1765984500,24078.21,24078.21,24062.64,24063.76
1765984800,24064.21,24076.69,24060.29,24070.35
1765985100,24070.02,24070.02,24050.94,24057.18
1765985400,24057.61,24066.86,24048.62,24048.62
1765985700,24048.07,24048.55,24029.16,24038.77
1765986000,24038.99,24043.15,24013.8,24016.23
1765986300,24016.22,24022.81,24011.97,24017.13
1765986600,24016.99,24019.51,23974.91,23990.75
1765986900,23991.34,23992.32,23970.79,23973.19
1765987200,23975.81,23977.51,23953.57,23968.02
1765987500,23969.17,23990.3,23968.17,23983.2
1765987800,23981.97,23982.96,23953.62,23953.68
1765988100,23949.61,23962.52,23949.17,23961.53
1765988400,23961.67,23978.08,23955.38,23970.07
1765988700,23969.9,23973.72,23949.77,23956.75
1766044800,23947.03,23960.79,23923.97,23942.32
1766045100,23941.81,23960.04,23928.66,23948.2
1766045400,23949.11,23976.59,23944.89,23963.66
1766045700,23963.76,23988.86,23963.76,23980.21
1766046000,23979.79,23984.87,23972.72,23980.98
1766046300,23980.99,23980.99,23954.35,23958.44
1766046600,23958.58,23975.49,23958.58,23959.94
1766046900,23959.7,23964.06,23953.8,23963.57
1766047200,23963.43,23967.7,23953.87,23963.78
1766047500,23963.8,23980.24,23963.8,23972.24
1766047800,23972.33,23972.62,23962.27,23965.73
1766048100,23966.98,23970.57,23955.55,23969.15
1766048400,23969.96,23972.79,23953.25,23955.11
1766048700,23955.55,23973.91,23955.55,23963.8
1766049000,23961.52,23972.43,23960.06,23967.25
1766049300,23966.26,23972.03,23954.96,23970.6
1766049600,23969.98,23980.92,23963.46,23980.5
1766049900,23980.14,23982.14,23972.67,23982.14
1766050200,23981.67,23991.0,23981.37,23988.09
1766050500,23987.89,23991.03,23969.21,23978.02
1766050800,23977.82,24003.43,23975.73,24003.43
1766051100,24002.7,24009.94,24000.31,24008.63
1766051400,24008.09,24008.45,23990.29,23990.29
1766051700,23991.02,23993.4,23980.12,23986.88
1766052000,23987.5,23996.47,23986.48,23994.49
1766052300,23994.82,24000.51,23992.92,23999.05
1766052600,23998.91,24001.9,23991.4,23996.05
1766052900,23996.33,23999.82,23987.5,23992.52
1766053200,23992.35,23999.35,23990.88,23999.14
1766053500,24000.23,24003.94,23996.31,23999.07
1766053800,23998.87,24002.89,23995.22,24000.65
1766054100,24000.52,24010.9,23998.65,24001.47
1766054400,24001.85,24011.42,24000.37,24010.57
1766054700,24011.11,24016.74,23998.8,24002.36
1766055000,24000.71,24004.17,23998.07,23998.07
1766055300,23998.22,23999.68,23991.95,23999.56
1766055600,23999.99,24008.84,23995.49,24000.33
1766055900,24000.41,24018.92,24000.27,24018.41
1766056200,24019.05,24041.02,24018.67,24040.15
1766056500,24040.18,24041.34,24028.17,24033.12
1766056800,24032.85,24035.57,24021.37,24021.53
1766057100,24021.49,24022.6,24010.6,24016.73
1766057400,24016.59,24026.58,24014.4,24016.52
1766057700,24016.61,24023.07,24015.43,24015.71
1766058000,24015.58,24022.46,24012.24,24012.24
1766058300,24012.43,24024.18,24009.33,24020.32
1766058600,24020.19,24023.84,24013.66,24015.18
1766058900,24014.94,24017.88,24010.55,24016.44
1766059200,24014.74,24015.95,24006.33,24009.62
1766059500,24009.22,24027.7,24008.8,24027.64
1766059800,24027.4,24031.29,24020.81,24024.35
1766060100,24024.45,24027.09,24012.56,24014.4
1766060400,24013.94,24029.11,24013.94,24026.22
1766060700,24026.03,24033.95,24017.86,24033.95
1766061000,24034.05,24037.66,24030.43,24032.42
1766061300,24031.32,24032.03,24023.06,24028.57
1766061600,24028.58,24028.58,24021.51,24022.98
1766061900,24023.14,24029.55,24015.75,24023.62
1766062200,24023.43,24024.98,24015.39,24016.36
1766062500,24016.46,24019.26,24009.05,24019.26
1766062800,24019.38,24024.86,24018.37,24022.25
1766063100,24021.95,24028.58,24019.38,24025.62
1766063400,24025.55,24026.44,24018.38,24022.42
1766063700,24023.51,24040.04,24023.01,24027.93
1766064000,24027.84,24038.02,24021.04,24026.85
1766064300,24027.44,24037.39,24024.1,24032.8
1766064600,24032.53,24080.97,24032.18,24068.98
1766064900,24067.96,24069.87,24053.68,24065.72
1766065200,24065.65,24084.6,24064.78,24082.51
1766065500,24083.02,24087.56,24061.79,24061.79
1766065800,24061.52,24061.52,24040.67,24046.72
1766066100,24046.46,24046.46,24029.29,24031.61
1766066400,24031.81,24052.0,24031.63,24042.69
1766066700,24042.9,24060.94,24042.9,24056.05
1766067000,24056.18,24067.95,24054.78,24064.04
1766067300,24063.99,24081.56,24063.99,24081.43
1766067600,24081.34,24082.18,24068.42,24076.43
1766067900,24076.01,24093.52,24074.93,24092.5
1766068200,24092.64,24108.08,24092.46,24096.79
1766068500,24096.72,24102.81,24083.65,24088.84
1766068800,24089.11,24090.57,24062.15,24067.63
1766069100,24068.65,24084.11,24059.45,24066.56
1766069400,24067.03,24077.2,24056.03,24072.85
1766069700,24073.21,24074.6,24064.18,24074.21
1766070000,24078.24,24078.49,24067.68,24074.16
1766070300,24074.26,24099.65,24072.2,24087.04
1766070600,24087.01,24089.12,24066.99,24073.31
1766070900,24073.11,24076.89,24062.75,24074.52
1766071200,24074.7,24111.66,24064.88,24109.82
1766071500,24109.39,24125.46,24107.34,24116.64
1766071800,24117.88,24120.68,24107.13,24117.31
1766072100,24117.08,24135.41,24094.94,24130.83
1766072400,24131.11,24150.74,24129.27,24150.74
1766072700,24150.88,24161.25,24144.89,24161.25
1766073000,24162.3,24167.26,24150.78,24163.02
1766073300,24163.93,24194.53,24163.93,24194.24
1766073600,24195.35,24195.35,24162.83,24167.24
1766073900,24167.5,24190.58,24165.56,24187.99
1766074200,24187.95,24196.32,24186.79,24189.61
1766074500,24189.65,24193.55,24185.18,24192.52
1766074800,24192.72,24215.98,24192.55,24209.67
1766075100,24210.0,24214.31,24196.58,24198.25
1766131200,24196.19,24199.28,24176.74,24184.99
1766131500,24185.36,24195.68,24173.82,24181.92
1766131800,24182.18,24199.87,24180.19,24199.87
1766132100,24200.19,24226.24,24198.57,24221.82
1766132400,24221.31,24231.24,24212.54,24224.9
1766132700,24223.97,24223.97,24198.18,24198.27
1766133000,24198.15,24225.99,24198.15,24225.99
1766133300,24226.41,24232.94,24216.58,24219.12
1766133600,24219.22,24219.47,24199.92,24204.89
1766133900,24204.72,24204.72,24179.11,24182.17
1766134200,24181.16,24199.65,24177.5,24199.65
1766134500,24200.74,24213.99,24198.81,24200.04
1766134800,24199.93,24209.8,24153.23,24208.01
1766135100,24209.11,24217.34,24209.03,24213.89
1766135400,24213.85,24214.06,24189.97,24192.56
1766135700,24193.3,24214.56,24192.28,24214.56
1766136000,24215.29,24231.03,24210.96,24229.11
1766136300,24231.8,24237.65,24231.39,24236.34
1766136600,24236.18,24249.89,24234.86,24237.33
1766136900,24240.97,24248.19,24240.89,24242.58
1766137200,24242.72,24249.88,24238.78,24249.17
1766137500,24249.27,24258.88,24245.21,24245.21
1766137800,24245.66,24252.94,24241.66,24249.94
1766138100,24249.69,24250.61,24234.49,24242.0
1766138400,24240.82,24241.14,24224.38,24225.36
1766138700,24228.2,24229.47,24220.3,24220.3
1766139000,24219.97,24239.51,24219.97,24238.01
1766139300,24239.47,24247.87,24239.47,24244.8
1766139600,24244.87,24255.74,24244.84,24254.29
1766139900,24253.83,24255.04,24244.21,24246.87
1766140200,24246.4,24253.66,24242.28,24244.76
1766140500,24245.09,24245.13,24224.09,24227.19
1766140800,24227.48,24236.22,24224.03,24234.39
1766141100,24234.31,24237.01,24230.48,24236.94
1766141400,24237.29,24247.55,24206.54,24213.69
1766141700,24208.66,24215.09,24192.93,24196.52
1766142000,24190.63,24198.36,24173.86,24182.1
1766142300,24182.2,24182.87,24157.94,24158.39
1766142600,24158.23,24177.69,24155.45,24176.74
1766142900,24176.56,24179.53,24169.45,24178.56
1766143200,24178.88,24183.85,24169.21,24173.16
1766143500,24173.08,24194.74,24173.08,24192.26
1766143800,24192.68,24205.03,24192.57,24204.1
1766144100,24203.56,24208.15,24184.29,24186.58
1766144400,24186.71,24196.87,24186.54,24192.04
1766144700,24192.58,24200.03,24184.69,24187.61
1766145000,24187.1,24197.32,24183.7,24195.86
1766145300,24196.26,24201.52,24195.65,24199.45
1766145600,24201.18,24211.19,24201.18,24211.19
1766145900,24205.57,24205.57,24162.79,24167.03
1766146200,24166.91,24182.92,24164.01,24181.63
1766146500,24181.82,24190.57,24173.66,24181.52
1766146800,24181.62,24181.72,24171.45,24177.45
1766147100,24176.79,24182.18,24173.54,24181.48
1766147400,24180.97,24185.47,24174.16,24178.25
1766147700,24178.38,24179.63,24172.1,24174.91
1766148000,24174.41,24183.94,24171.48,24182.59
1766148300,24182.51,24206.95,24182.38,24206.95
1766148600,24206.91,24215.27,24206.49,24206.49
1766148900,24206.46,24213.6,24203.07,24204.34
1766149200,24203.84,24220.97,24203.33,24220.97
1766149500,24220.43,24227.32,24218.82,24225.8
1766149800,24226.17,24232.34,24221.99,24226.09
1766150100,24226.82,24226.82,24218.96,24219.53
1766150400,24219.48,24223.26,24215.04,24217.16
1766150700,24217.56,24225.87,24216.8,24225.24
1766151000,24225.04,24232.5,24216.26,24217.03
1766151300,24216.93,24231.47,24216.54,24229.13
1766151600,24229.83,24235.83,24222.73,24223.65
1766151900,24224.38,24225.54,24205.84,24211.84
1766152200,24212.35,24218.56,24211.19,24215.66
1766152500,24215.63,24216.02,24207.29,24210.94
1766152800,24210.92,24216.83,24207.86,24214.54
1766153100,24214.01,24216.88,24209.08,24209.18
1766153400,24208.68,24211.66,24204.89,24211.66
1766153700,24211.1,24222.1,24208.45,24221.9
1766154000,24221.36,24230.65,24218.6,24230.44
1766154300,24230.29,24233.92,24222.14,24233.72
1766154600,24236.63,24247.07,24233.61,24246.21
1766154900,24245.4,24247.14,24235.68,24240.47
1766155200,24240.87,24261.3,24240.87,24254.44
1766155500,24254.2,24255.77,24240.74,24241.02
1766155800,24241.11,24266.91,24241.11,24261.21
1766156100,24260.66,24269.46,24260.36,24268.02
1766156400,24267.47,24289.99,24266.4,24289.43
1766156700,24289.5,24299.53,24287.01,24296.17
1766157000,24296.63,24296.63,24282.9,24290.3
1766157300,24290.46,24298.72,24290.29,24292.62
1766157600,24292.47,24300.09,24292.03,24292.33
1766157900,24291.9,24291.9,24275.09,24276.92
1766158200,24276.94,24293.47,24270.04,24288.83
1766158500,24288.9,24295.71,24285.11,24287.46
1766158800,24287.37,24287.44,24262.74,24262.74
1766159100,24262.63,24264.35,24253.98,24253.98
1766159400,24254.01,24270.93,24253.78,24269.52
1766159700,24269.46,24270.76,24257.95,24266.97
1766160000,24267.0,24279.37,24261.17,24279.2
1766160300,24278.48,24292.78,24278.48,24286.27
1766160600,24287.3,24305.82,24287.3,24295.05
1766160900,24294.77,24303.34,24290.79,24298.58
1766161200,24297.85,24301.02,24289.02,24292.59
1766161500,24292.26,24297.39,24288.84,24295.64
1766390400,24291.85,24320.87,24284.23,24320.87
1766390700,24320.98,24329.08,24314.46,24318.53
1766391000,24318.89,24324.86,24312.78,24323.02
1766391300,24323.18,24344.5,24320.4,24331.55
1766391600,24331.46,24344.22,24331.46,24337.39
1766391900,24337.58,24346.32,24337.58,24343.43
1766392200,24343.29,24356.11,24327.03,24327.3
1766392500,24327.48,24340.31,24320.34,24331.85
1766392800,24331.99,24339.39,24320.34,24327.85
1766393100,24327.53,24332.7,24316.86,24325.09
1766393400,24325.58,24326.67,24309.08,24311.58
1766393700,24311.7,24313.31,24298.74,24309.01
1766394000,24308.71,24316.31,24307.83,24310.71
1766394300,24310.3,24311.69,24298.91,24301.84
1766394600,24301.93,24307.68,24291.76,24296.46
1766394900,24296.05,24305.46,24292.59,24304.42
1766395200,24305.37,24308.73,24302.86,24304.04
1766395500,24305.4,24317.26,24304.61,24312.86
1766395800,24312.95,24321.99,24312.95,24317.56
1766396100,24317.66,24320.17,24307.83,24311.03
1766396400,24310.96,24314.14,24293.96,24297.8
1766396700,24297.64,24301.97,24294.65,24295.68
1766397000,24295.59,24299.86,24291.44,24297.79
1766397300,24297.32,24301.83,24290.73,24298.54
1766397600,24298.44,24298.48,24284.3,24289.09
1766397900,24288.93,24292.41,24288.08,24291.82
1766398200,24292.36,24300.69,24292.33,24300.58
1766398500,24301.64,24303.39,24296.04,24296.22
1766398800,24296.36,24296.79,24284.45,24284.54
1766399100,24284.82,24294.61,24284.82,24290.02
1766399400,24290.0,24290.93,24280.91,24282.55
1766399700,24282.0,24287.56,24272.85,24273.63
1766400000,24273.7,24274.4,24264.5,24265.57
1766400300,24265.04,24276.24,24264.68,24274.74
1766400600,24274.66,24276.7,24266.31,24267.79
1766400900,24267.59,24274.44,24265.02,24272.6
1766401200,24273.99,24276.56,24270.33,24276.07
1766401500,24276.6,24280.59,24274.16,24280.21
1766401800,24280.03,24281.12,24274.19,24274.19
1766402100,24273.96,24281.22,24272.47,24281.06
1766402400,24285.1,24293.37,24282.08,24293.25
1766402700,24293.38,24301.03,24293.32,24298.11
1766403000,24298.01,24299.08,24284.46,24284.46
1766403300,24284.37,24284.81,24275.47,24284.47
1766403600,24283.98,24295.25,24282.81,24295.25
1766403900,24295.33,24300.24,24289.0,24289.72
1766404200,24290.26,24290.26,24282.8,24285.82
1766404500,24285.71,24289.04,24281.26,24283.31
1766404800,24283.83,24293.04,24282.65,24293.04
1766405100,24293.59,24294.34,24283.96,24287.08
1766405400,24286.55,24298.06,24286.15,24293.88
1766405700,24291.97,24298.35,24289.85,24297.3
1766406000,24297.58,24307.35,24297.58,24305.2
1766406300,24305.97,24308.27,24302.91,24305.9
1766406600,24305.77,24305.77,24292.25,24294.97
1766406900,24295.04,24301.43,24291.23,24301.43
1766407200,24301.47,24301.86,24297.86,24298.21
1766407500,24298.11,24300.97,24291.23,24293.24
1766407800,24293.38,24297.79,24288.67,24289.37
1766408100,24289.2,24291.18,24285.81,24289.98
1766408400,24289.86,24290.31,24284.15,24287.07
1766408700,24287.11,24287.19,24272.91,24274.15
1766409000,24274.02,24274.67,24263.84,24266.25
1766409300,24265.48,24268.96,24263.45,24263.45
1766409600,24262.63,24262.63,24258.73,24260.23
1766409900,24260.33,24267.45,24260.33,24264.37
1766410200,24264.46,24264.66,24252.22,24253.77
1766410500,24254.31,24254.31,24232.84,24235.52
1766410800,24235.5,24240.88,24227.93,24239.35
1766411100,24239.05,24254.91,24238.16,24249.16
1766411400,24249.07,24250.97,24244.06,24250.66
1766411700,24251.43,24264.3,24250.72,24262.63
1766412000,24262.73,24265.44,24246.46,24256.69
1766412300,24257.38,24261.52,24253.3,24260.67
1766412600,24261.44,24261.62,24251.81,24251.81
1766412900,24251.69,24271.31,24248.22,24263.78
1766413200,24263.37,24270.09,24263.05,24268.16
1766413500,24266.53,24270.04,24262.19,24266.28
1766413800,24267.51,24268.03,24241.71,24250.41
1766414100,24250.31,24254.6,24233.91,24234.06
1766414400,24234.33,24235.41,24223.7,24225.8
1766414700,24226.89,24229.06,24206.34,24206.34
1766415000,24206.22,24215.0,24205.88,24213.7
1766415300,24213.8,24221.77,24206.15,24207.21
1766415600,24208.19,24214.52,24205.39,24206.99
1766415900,24208.04,24228.61,24206.06,24225.52
1766416200,24226.07,24226.34,24203.37,24204.22
1766416500,24204.44,24224.23,24203.92,24224.06
1766416800,24224.21,24236.18,24222.54,24235.34
1766417100,24235.56,24238.52,24228.2,24229.69
1766417400,24229.44,24250.47,24229.28,24247.52
1766417700,24247.34,24248.1,24234.55,24248.1
1766418000,24248.19,24254.96,24245.78,24254.81
1766418300,24254.76,24265.92,24253.54,24265.28
1766418600,24265.36,24271.32,24258.78,24270.5
1766418900,24270.36,24279.77,24269.85,24275.44
1766419200,24276.24,24284.14,24272.22,24284.14
1766419500,24284.16,24287.89,24279.61,24280.2
1766419800,24280.14,24285.18,24279.33,24284.99
1766420100,24285.18,24295.28,24284.5,24292.32
1766420400,24293.33,24302.95,24293.33,24298.05
1766420700,24298.55,24298.55,24289.81,24295.53
1766476800,24297.62,24311.9,24284.13,24308.12
1766477100,24308.38,24316.39,24306.85,24310.62
1766477400,24312.15,24322.0,24312.14,24318.3
1766477700,24319.15,24335.6,24319.15,24327.02
1766478000,24327.5,24333.04,24320.42,24330.52
1766478300,24330.66,24333.56,24323.63,24333.56
1766478600,24333.27,24344.05,24333.27,24334.42
1766478900,24334.02,24334.31,24316.07,24316.36
1766479200,24316.75,24316.75,24303.29,24305.9
1766479500,24305.84,24313.61,24301.92,24307.6
1766479800,24307.65,24308.75,24292.46,24297.61
1766480100,24297.74,24298.62,24285.01,24297.05
1766480400,24297.13,24301.31,24295.61,24301.31
1766480700,24301.21,24301.21,24291.14,24297.38
1766481000,24297.64,24304.6,24293.7,24300.62
1766481300,24300.76,24307.78,24300.76,24306.3
1766481600,24307.14,24309.44,24290.62,24291.89
1766481900,24292.0,24299.78,24288.85,24294.93
1766482200,24294.78,24306.95,24293.19,24302.91
1766482500,24302.75,24308.76,24301.45,24306.79
1766482800,24307.34,24317.93,24304.84,24316.79
1766483100,24316.89,24317.76,24304.67,24306.7
1766483400,24306.17,24318.19,24306.17,24317.93
1766483700,24318.12,24321.93,24315.36,24318.52
1766484000,24318.62,24326.69,24317.47,24317.82
1766484300,24317.73,24322.54,24316.24,24321.83
1766484600,24321.5,24330.81,24321.37,24328.1
1766484900,24328.58,24328.58,24315.73,24318.81
1766485200,24321.09,24323.42,24315.08,24316.46
1766485500,24316.74,24326.45,24316.74,24326.28
1766485800,24326.41,24330.36,24322.37,24324.95
1766486100,24324.75,24331.63,24321.07,24329.57
1766486400,24329.7,24334.13,24328.17,24333.15
1766486700,24332.71,24332.71,24327.81,24329.89
1766487000,24324.77,24326.84,24315.96,24316.87
1766487300,24316.47,24327.84,24313.31,24318.08
1766487600,24316.5,24323.13,24316.5,24318.71
1766487900,24318.79,24325.35,24317.18,24320.16
1766488200,24320.26,24322.65,24313.68,24317.7
1766488500,24317.15,24317.15,24305.34,24305.34
1766488800,24305.99,24308.16,24303.98,24308.16
1766489100,24309.14,24313.93,24306.85,24306.85
1766489400,24306.48,24308.1,24303.55,24306.08
1766489700,24306.15,24309.27,24304.81,24306.51
1766490000,24306.54,24311.9,24305.62,24305.62
1766490300,24305.5,24310.2,24303.53,24305.82
1766490600,24305.99,24314.6,24305.96,24314.6
1766490900,24314.83,24314.83,24311.7,24314.48
1766491200,24314.57,24315.54,24302.22,24302.75
1766491500,24302.85,24304.09,24297.93,24304.09
1766491800,24304.11,24304.28,24294.6,24295.85
1766492100,24295.81,24300.06,24290.05,24293.15
1766492400,24292.96,24296.12,24288.71,24292.39
1766492700,24292.52,24304.93,24292.52,24304.46
1766493000,24307.18,24310.03,24305.37,24305.37
1766493300,24304.6,24306.82,24300.55,24304.92
1766493600,24305.08,24306.29,24302.15,24303.11
1766493900,24302.72,24303.92,24299.16,24302.62
1766494200,24302.82,24302.88,24295.97,24297.56
1766494500,24297.42,24306.21,24296.87,24306.05
1766494800,24306.7,24311.88,24305.69,24311.88
1766495100,24312.95,24314.26,24302.74,24309.0
1766495400,24308.97,24314.47,24305.75,24305.75
1766495700,24304.67,24311.83,24300.17,24301.73
1766496000,24301.19,24301.19,24289.53,24289.83
1766496300,24289.34,24290.93,24286.72,24288.72
1766496600,24288.67,24292.85,24282.56,24286.45
1766496900,24285.59,24285.85,24262.94,24266.77
1766497200,24266.35,24269.67,24257.47,24260.8
1766497500,24260.62,24268.18,24260.62,24266.53
1766497800,24267.18,24278.16,24265.22,24275.93
1766498100,24276.48,24283.32,24267.32,24271.02
1766498400,24271.1,24281.75,24267.16,24281.75
1766498700,24282.49,24290.72,24282.49,24290.72
1766499000,24290.78,24301.78,24290.78,24300.5
1766499300,24300.39,24314.67,24300.1,24314.67
1766499600,24315.0,24330.64,24314.23,24328.64
1766499900,24328.32,24328.43,24320.35,24323.42
1766500200,24324.96,24334.0,24314.65,24319.85
1766500500,24319.9,24330.73,24318.34,24330.73
1766500800,24331.0,24344.18,24331.0,24337.48
1766501100,24338.23,24340.32,24323.83,24328.87
1766501400,24328.68,24339.11,24328.32,24333.36
1766501700,24328.99,24333.43,24318.74,24318.74
1766502000,24319.0,24322.42,24311.44,24317.28
1766502300,24317.22,24318.53,24307.84,24317.2
1766502600,24317.38,24330.26,24311.91,24328.54
1766502900,24329.24,24343.26,24329.24,24339.54
1766503200,24339.21,24350.87,24339.09,24349.0
1766503500,24348.45,24351.41,24333.49,24334.59
1766503800,24334.65,24352.98,24334.12,24352.98
1766504100,24353.54,24359.15,24349.5,24350.07
1766504400,24349.94,24353.84,24346.31,24346.31
1766504700,24346.18,24347.62,24342.08,24344.83
1766505000,24344.96,24361.16,24344.54,24360.32
1766505300,24360.41,24362.01,24353.94,24358.39
1766505600,24358.25,24359.14,24348.5,24351.54
1766505900,24351.35,24352.92,24343.73,24346.9
1766506200,24347.02,24347.86,24330.24,24331.24
1766506500,24331.33,24337.72,24331.1,24337.56
1766506800,24336.96,24344.72,24333.55,24343.09
1766507100,24341.86,24342.73,24333.31,24334.67
1766995200,24370.94,24373.53,24335.05,24344.04
1766995500,24344.02,24348.95,24300.48,24301.44
1766995800,24301.16,24303.58,24283.21,24283.21
1766996100,24283.13,24302.03,24283.13,24291.85
1766996400,24291.7,24298.01,24284.47,24297.46
1766996700,24300.99,24309.72,24290.64,24293.91
1766997000,24292.2,24303.84,24288.5,24297.49
1766997300,24297.65,24298.32,24279.97,24280.93
1766997600,24281.45,24298.04,24279.27,24289.97
1766997900,24289.88,24289.88,24271.73,24272.07
1766998200,24271.67,24277.79,24263.04,24270.08
1766998500,24269.7,24269.72,24256.78,24264.31
1766998800,24264.72,24283.65,24264.72,24271.9
1766999100,24271.61,24280.53,24264.73,24280.53
1766999400,24280.69,24297.2,24280.69,24295.28
1766999700,24294.73,24296.0,24281.8,24282.32
1767000000,24282.04,24284.27,24279.18,24284.18
1767000300,24284.6,24293.67,24284.6,24289.09
1767000600,24289.24,24291.31,24275.5,24276.0
1767000900,24275.88,24276.44,24265.44,24267.44
1767001200,24267.34,24270.8,24262.91,24270.8
1767001500,24269.16,24269.77,24253.73,24259.32
1767001800,24258.92,24267.32,24258.28,24267.03
1767002100,24267.1,24276.98,24266.26,24276.1
1767002400,24276.21,24276.28,24267.32,24269.86
1767002700,24268.35,24271.71,24265.6,24271.02
1767003000,24270.88,24286.6,24270.88,24285.77
1767003300,24286.71,24298.53,24286.71,24298.04
1767003600,24297.9,24297.9,24292.33,24295.38
1767003900,24295.52,24304.45,24294.87,24303.75
1767004200,24304.59,24314.4,24303.26,24303.26
1767004500,24303.96,24304.28,24295.38,24295.38
1767004800,24295.56,24301.17,24290.69,24290.79
1767005100,24290.54,24304.51,24288.21,24301.75
1767005400,24301.78,24323.17,24301.78,24323.17
1767005700,24324.08,24324.53,24318.08,24319.77
1767006000,24319.86,24329.1,24319.86,24327.62
1767006300,24327.7,24332.64,24322.07,24322.13
1767006600,24322.9,24326.11,24317.83,24326.11
1767006900,24326.03,24329.46,24324.25,24328.85
1767007200,24328.94,24334.76,24327.9,24328.27
1767007500,24328.43,24333.81,24325.23,24330.1
1767007800,24330.57,24341.92,24330.57,24341.92
1767008100,24341.81,24351.81,24341.36,24351.25
1767008400,24351.41,24361.64,24349.05,24361.62
1767008700,24361.87,24364.51,24358.0,24358.05
1767009000,24357.85,24357.85,24345.91,24345.91
1767009300,24346.68,24347.37,24335.11,24337.81
1767009600,24338.14,24338.36,24325.34,24332.96
1767009900,24332.33,24332.33,24324.34,24329.75
1767010200,24330.22,24341.9,24329.69,24341.9
1767010500,24341.76,24345.47,24339.23,24344.7
1767010800,24344.42,24348.18,24341.4,24347.72
1767011100,24348.25,24351.67,24342.83,24342.94
1767011400,24342.15,24342.77,24331.63,24334.52
1767011700,24334.35,24337.46,24333.82,24335.83
1767012000,24335.71,24336.46,24316.42,24316.42
1767012300,24315.71,24315.71,24305.07,24307.87
1767012600,24307.37,24310.24,24306.78,24308.18
1767012900,24308.05,24318.8,24308.05,24317.03
1767013200,24316.84,24321.82,24314.6,24317.06
1767013500,24317.14,24321.06,24315.93,24317.81
1767013800,24317.79,24318.78,24311.07,24317.3
1767014100,24316.74,24322.78,24311.89,24322.75
1767014400,24321.6,24327.68,24321.6,24323.22
1767014700,24323.09,24330.28,24322.01,24326.71
1767015000,24326.9,24330.56,24324.4,24330.56
1767015300,24331.83,24339.78,24331.83,24336.58
1767015600,24337.09,24341.88,24337.09,24337.94
1767015900,24337.17,24345.22,24331.76,24331.87
1767016200,24331.85,24334.9,24326.29,24334.9
1767016500,24334.59,24345.47,24333.45,24341.25
1767016800,24341.16,24343.03,24334.81,24334.81
1767017100,24334.76,24339.26,24327.28,24332.37
1767017400,24332.55,24339.21,24331.13,24339.21
1767017700,24338.44,24342.19,24328.74,24341.78
1767018000,24341.6,24348.22,24337.91,24343.61
1767018300,24344.32,24354.51,24344.32,24353.13
1767018600,24353.43,24374.95,24353.43,24371.34
1767018900,24370.88,24384.09,24363.48,24363.8
1767019200,24363.54,24364.35,24341.37,24344.72
1767019500,24344.17,24344.17,24320.72,24330.05
1767019800,24330.13,24340.3,24327.18,24334.32
1767020100,24334.82,24334.82,24319.18,24319.55
1767020400,24320.65,24324.43,24309.62,24319.82
1767020700,24320.01,24329.84,24317.81,24327.44
1767021000,24327.51,24333.62,24319.4,24325.54
1767021300,24325.49,24334.39,24325.49,24329.77
1767021600,24329.81,24339.72,24324.17,24339.32
1767021900,24339.15,24347.84,24335.54,24347.84
1767022200,24348.02,24351.52,24333.03,24337.68
1767022500,24336.77,24340.8,24334.32,24340.45
1767022800,24340.35,24346.03,24335.66,24346.03
1767023100,24345.18,24345.98,24331.03,24340.96
1767023400,24340.27,24346.11,24331.76,24346.11
1767023700,24346.28,24383.02,24346.09,24381.39
1767024000,24381.27,24386.09,24379.09,24382.11
1767024300,24382.07,24388.33,24380.63,24382.13
1767024600,24382.63,24389.15,24382.11,24382.11
1767024900,24381.43,24381.8,24364.28,24365.95
1767025200,24366.15,24373.68,24360.24,24371.75
1767025500,24371.65,24373.4,24361.38,24366.19
1767081600,24343.19,24361.55,24341.02,24359.9
1767081900,24360.07,24365.4,24350.74,24364.05
1767082200,24363.72,24368.33,24354.47,24360.69
1767082500,24359.45,24360.7,24332.96,24333.77
1767082800,24334.09,24349.25,24328.42,24346.24
1767083100,24345.8,24347.44,24341.5,24346.58
1767083400,24346.84,24363.49,24346.84,24363.06
1767083700,24363.03,24366.19,24350.23,24350.23
1767084000,24349.19,24349.19,24339.84,24340.77
1767084300,24340.84,24352.38,24340.84,24352.38
1767084600,24352.22,24357.67,24343.95,24357.67
1767084900,24356.7,24366.75,24354.83,24365.0
1767085200,24364.63,24379.2,24360.28,24378.55
1767085500,24378.68,24390.48,24377.0,24389.84
1767085800,24389.4,24390.4,24384.37,24385.06
1767086100,24384.96,24388.78,24383.62,24385.97
1767086400,24387.06,24388.1,24370.58,24371.11
1767086700,24371.87,24375.24,24366.6,24373.55
1767087000,24373.8,24388.86,24373.8,24386.61
1767087300,24385.92,24394.04,24385.89,24393.73
1767087600,24393.89,24397.84,24390.72,24394.38
1767087900,24394.44,24399.76,24389.03,24396.29
1767088200,24396.16,24398.77,24390.66,24393.03
1767088500,24393.0,24415.56,24392.3,24412.85
1767088800,24413.59,24421.6,24413.59,24421.04
1767089100,24420.4,24430.6,24420.3,24428.88
1767089400,24428.63,24434.12,24428.46,24431.92
1767089700,24431.78,24434.36,24428.3,24429.37
1767090000,24428.84,24429.45,24420.65,24427.62
1767090300,24428.03,24435.08,24428.0,24434.98
1767090600,24434.91,24435.41,24427.73,24430.2
1767090900,24430.3,24438.07,24429.12,24436.45
1767091200,24436.37,24446.67,24434.68,24446.1
1767091500,24446.5,24446.86,24430.57,24430.57
1767091800,24430.52,24440.58,24428.87,24439.67
1767092100,24439.79,24442.98,24435.81,24442.41
1767092400,24444.58,24446.08,24432.63,24432.7
1767092700,24432.33,24432.33,24413.63,24413.63
1767093000,24413.27,24419.4,24409.19,24416.11
1767093300,24416.18,24426.61,24416.09,24426.61
1767093600,24426.56,24429.96,24425.3,24425.3
1767093900,24424.57,24424.57,24412.85,24419.35
1767094200,24419.89,24433.29,24419.89,24432.92
1767094500,24432.95,24440.04,24432.91,24437.88
1767094800,24438.21,24454.12,24438.21,24454.12
1767095100,24454.42,24471.71,24452.26,24471.71
1767095400,24471.81,24478.85,24471.61,24476.49
1767095700,24476.63,24483.96,24475.67,24476.88
1767096000,24476.55,24487.91,24473.91,24487.91
1767096300,24486.69,24492.37,24480.58,24489.02
1767096600,24488.62,24497.72,24486.88,24494.71
1767096900,24494.93,24497.67,24491.4,24491.64
1767097200,24492.69,24493.16,24475.49,24475.89
1767097500,24475.24,24478.87,24471.22,24478.16
1767097800,24477.83,24485.53,24475.95,24480.04
1767098100,24479.92,24484.52,24474.3,24483.36
1767098400,24484.03,24495.09,24484.03,24495.09
1767098700,24495.04,24497.16,24481.49,24481.56
1767099000,24481.51,24503.58,24481.06,24503.53
1767099300,24503.64,24527.74,24503.64,24527.6
1767341100,24499.51,24524.97,24498.5,24519.8
1767341400,24517.33,24537.86,24512.66,24534.01
1767341700,24533.48,24563.64,24532.94,24559.61
1767342000,24559.88,24589.21,24555.71,24579.56
1767342300,24577.63,24605.6,24573.46,24594.13
1767342600,24595.47,24604.07,24588.05,24598.5
1767342900,24597.75,24601.83,24585.72,24599.69
1767343200,24599.8,24605.43,24591.77,24597.94
1767343500,24598.27,24613.25,24589.06,24593.96
1767343800,24591.53,24604.88,24588.89,24602.68
1767344100,24603.28,24642.72,24602.03,24636.99
1767344400,24637.49,24665.04,24637.49,24651.41
1767344700,24651.24,24667.96,24649.37,24664.39
1767345000,24663.96,24676.79,24662.4,24665.27
1767345300,24665.26,24665.35,24630.57,24639.97
1767345600,24640.13,24647.62,24627.86,24628.82
1767345900,24628.9,24631.54,24620.01,24627.39
1767346200,24626.86,24626.86,24610.35,24614.52
1767346500,24614.41,24617.79,24607.89,24613.11
1767346800,24614.25,24622.17,24610.81,24619.19
1767347100,24619.12,24619.89,24598.19,24600.35
1767347400,24600.56,24605.4,24598.32,24601.68
1767347700,24601.54,24605.35,24589.96,24594.39
1767348000,24594.23,24596.28,24557.79,24557.79
1767348300,24557.61,24562.92,24546.92,24549.6
1767348600,24549.16,24549.16,24532.74,24533.33
1767348900,24533.18,24541.47,24522.98,24524.03
1767349200,24522.85,24522.85,24503.48,24507.38
1767349500,24507.32,24511.49,24500.74,24500.94
1767349800,24500.76,24500.76,24481.84,24484.2
1767350100,24483.75,24503.2,24483.67,24502.99
1767350400,24503.04,24525.44,24502.95,24517.46
1767350700,24517.41,24531.72,24515.2,24531.72
1767351000,24531.91,24541.12,24526.65,24534.87
1767351300,24536.08,24536.08,24522.38,24535.16
1767351600,24536.42,24536.73,24529.24,24533.82
1767351900,24533.73,24543.86,24529.91,24533.83
1767352200,24534.02,24535.08,24522.66,24531.63
1767352500,24531.66,24534.56,24521.24,24525.33
1767352800,24525.72,24537.69,24525.72,24533.05
1767353100,24532.98,24541.12,24532.36,24540.99
1767353400,24540.95,24555.86,24540.75,24555.71
1767353700,24555.61,24563.14,24555.1,24560.26
1767354000,24560.18,24563.12,24558.27,24559.24
1767354300,24558.7,24560.45,24550.46,24558.63
1767354600,24558.22,24567.55,24557.59,24566.91
1767354900,24566.95,24573.69,24565.57,24569.69
1767355200,24572.12,24572.44,24535.73,24536.22
1767355500,24536.13,24551.08,24531.25,24550.16
1767355800,24550.49,24552.23,24539.75,24552.14
1767356100,24552.25,24553.08,24541.34,24542.12
1767356400,24542.45,24544.51,24535.73,24539.43
1767356700,24540.19,24551.94,24540.19,24546.55
1767357000,24546.13,24549.03,24532.75,24532.75
1767357300,24532.68,24548.46,24529.77,24548.46
1767357600,24548.04,24549.05,24543.3,24548.72
1767357900,24548.54,24553.79,24547.83,24553.37
1767358200,24552.57,24573.5,24552.57,24572.49
1767358500,24573.88,24579.73,24570.26,24579.28
1767358800,24579.78,24579.78,24567.03,24571.07
1767359100,24570.36,24574.27,24568.79,24570.34
1767359400,24571.01,24574.09,24561.24,24564.29
1767359700,24564.38,24569.88,24558.71,24566.85
1767360000,24565.77,24569.7,24561.01,24561.39
1767360300,24561.94,24571.31,24557.24,24571.31
1767360600,24571.57,24579.68,24566.15,24573.32
1767360900,24571.1,24575.02,24562.61,24566.6
1767361200,24566.69,24576.43,24560.99,24571.7
1767361500,24571.5,24586.04,24571.29,24584.03
1767361800,24583.63,24587.61,24575.11,24586.88
1767362100,24587.38,24599.78,24586.66,24595.06
1767362400,24595.13,24606.96,24593.87,24606.96
1767362700,24607.04,24607.21,24593.81,24600.95
1767363000,24600.98,24606.02,24598.25,24604.63
1767363300,24604.4,24604.4,24590.23,24593.79
1767363600,24593.93,24603.1,24593.49,24602.97
1767363900,24601.86,24614.13,24597.81,24605.33
1767364200,24604.11,24611.04,24571.53,24571.71
1767364500,24571.81,24597.62,24562.87,24592.99
1767364800,24590.34,24593.96,24575.59,24593.96
1767365100,24593.24,24598.81,24576.87,24590.67
1767365400,24588.17,24609.42,24588.17,24608.3
1767365700,24608.44,24614.13,24591.15,24591.15
1767366000,24590.02,24590.02,24556.73,24559.13
1767366300,24559.07,24559.29,24524.9,24529.25
1767366600,24530.37,24532.0,24485.93,24492.24
1767366900,24491.07,24498.07,24479.11,24491.6
1767367200,24491.7,24491.7,24472.36,24473.18
1767367500,24474.06,24484.58,24467.06,24472.13
1767367800,24472.03,24501.91,24469.39,24500.07
1767368100,24499.45,24520.32,24499.45,24516.14
1767368400,24517.03,24542.45,24516.46,24538.47
1767368700,24537.83,24551.84,24534.1,24536.03
1767369000,24535.48,24537.69,24514.87,24531.69
1767369300,24533.26,24547.64,24512.34,24512.34
1767369600,24512.46,24513.19,24478.93,24479.52
1767369900,24473.62,24473.62,24451.98,24457.65
1767370200,24457.81,24470.24,24448.98,24462.4
1767370500,24462.81,24491.47,24462.15,24488.02
1767370800,24488.05,24519.91,24486.83,24519.38
1767371100,24519.33,24530.77,24514.51,24525.48
1767600000,24681.35,24687.39,24665.02,24669.75
1767600300,24665.94,24671.81,24639.68,24650.52
1767600600,24651.71,24711.7,24649.87,24709.71
1767600900,24710.65,24744.88,24710.65,24742.6
1767601200,24742.83,24764.46,24742.83,24755.2
1767601500,24756.71,24758.01,24725.5,24755.07
1767601800,24755.12,24770.52,24749.78,24759.98
1767602100,24760.63,24777.78,24746.97,24754.35
1767602400,24754.3,24769.25,24737.29,24768.55
1767602700,24768.17,24786.92,24755.76,24786.92
1767603000,24786.78,24814.74,24786.78,24814.53
1767603300,24814.67,24825.41,24792.21,24793.34
1767603600,24793.76,24797.19,24775.32,24791.6
1767603900,24791.14,24807.01,24789.32,24791.17
1767604200,24791.43,24796.45,24785.25,24788.79
1767604500,24789.24,24790.25,24766.93,24771.56
1767604800,24771.78,24783.86,24755.97,24756.02
1767605100,24755.75,24755.75,24732.36,24733.36
1767605400,24732.71,24732.71,24718.89,24729.95
1767605700,24730.1,24746.59,24723.59,24746.35
1767606000,24745.4,24759.88,24744.85,24759.34
1767606300,24759.38,24766.18,24755.56,24764.23
1767606600,24764.3,24775.3,24762.05,24764.32
1767606900,24764.69,24766.2,24740.69,24742.18
1767607200,24742.73,24745.44,24721.0,24726.77
1767607500,24727.21,24728.77,24719.27,24726.01
1767607800,24726.07,24737.12,24722.05,24731.29
1767608100,24731.32,24738.74,24728.43,24732.06
1767608400,24732.05,24739.91,24731.94,24735.97
1767608700,24735.43,24737.74,24711.2,24711.2
1767609000,24711.36,24711.36,24698.49,24703.7
1767609300,24702.17,24703.07,24690.32,24691.04
1767609600,24690.39,24700.04,24683.71,24685.67
1767609900,24685.88,24696.33,24683.86,24694.92
1767610200,24695.87,24695.87,24680.92,24683.97
1767610500,24683.63,24707.29,24683.43,24704.82
1767610800,24704.67,24706.78,24697.41,24697.41
1767611100,24697.28,24703.69,24694.74,24703.69
1767611400,24703.49,24712.81,24700.45,24710.42
1767611700,24710.32,24718.38,24709.38,24717.91
1767612000,24718.45,24730.31,24718.45,24720.61
1767612300,24720.42,24725.87,24710.62,24711.68
1767612600,24711.52,24726.11,24711.42,24719.8
1767612900,24719.43,24720.46,24706.88,24708.19
1767613200,24708.36,24713.46,24702.81,24702.81
1767613500,24703.11,24704.31,24695.87,24695.87
1767613800,24696.03,24698.29,24678.75,24680.11
1767614100,24680.07,24686.99,24676.92,24682.54
1767614400,24682.44,24684.67,24676.3,24678.29
1767614700,24679.03,24679.54,24670.24,24672.79
1767615000,24672.42,24676.27,24667.45,24667.95
1767615300,24667.75,24674.17,24660.12,24665.83
1767615600,24665.74,24679.98,24665.48,24673.27
1767615900,24673.6,24673.62,24664.08,24671.13
1767616200,24671.45,24675.95,24666.02,24675.95
1767616500,24675.85,24701.3,24675.23,24700.41
1767616800,24700.55,24700.58,24681.25,24682.81
1767617100,24682.89,24684.41,24677.05,24684.41
1767617400,24684.78,24688.84,24678.59,24686.26
1767617700,24686.41,24691.72,24686.09,24691.55
1767618000,24691.93,24701.76,24684.37,24691.16
1767618300,24691.02,24699.09,24687.95,24697.69
1767618600,24697.61,24708.1,24696.17,24701.31
1767618900,24701.86,24703.88,24691.4,24691.61
1767619200,24692.52,24696.26,24687.83,24695.7
1767619500,24695.78,24699.77,24688.98,24697.36
1767619800,24697.05,24702.49,24687.24,24700.53
1767620100,24699.92,24701.53,24691.82,24692.92
1767620400,24692.59,24692.64,24679.5,24689.31
1767620700,24689.59,24713.4,24689.59,24708.92
1767621000,24709.19,24713.22,24703.92,24706.68
1767621300,24707.45,24719.83,24703.05,24713.26
1767621600,24713.02,24721.11,24710.02,24721.11
1767621900,24721.48,24738.3,24719.97,24737.18
1767622200,24738.27,24754.0,24737.96,24753.35
1767622500,24753.25,24757.37,24744.49,24745.28
1767622800,24744.42,24744.62,24734.99,24743.74
1767623100,24740.81,24755.7,24738.03,24755.13
1767623400,24750.88,24769.81,24739.32,24761.81
1767623700,24761.37,24783.33,24761.37,24783.33
1767624000,24783.63,24787.09,24762.67,24776.28
1767624300,24775.96,24790.17,24766.82,24771.11
1767624600,24771.23,24773.44,24751.93,24765.24
1767624900,24765.35,24772.59,24760.47,24771.9
1767625200,24772.06,24778.1,24758.79,24775.64
1767625500,24775.36,24796.73,24775.36,24792.13
1767625800,24792.33,24804.79,24790.91,24804.57
1767626100,24804.26,24804.98,24796.14,24804.33
1767626400,24804.58,24808.62,24794.86,24808.06
1767626700,24808.2,24816.14,24803.87,24804.75
1767627000,24804.67,24822.18,24802.59,24813.47
1767627300,24815.28,24821.36,24801.16,24802.89
1767627600,24803.02,24821.71,24802.11,24812.43
1767627900,24810.93,24840.78,24810.71,24836.08
1767628200,24835.55,24846.44,24832.19,24842.15
1767628500,24842.13,24850.51,24837.6,24849.42
1767628800,24848.64,24849.37,24830.4,24835.56
1767629100,24836.08,24843.25,24831.45,24841.4
1767629400,24841.51,24848.0,24840.69,24845.35
1767629700,24845.16,24845.16,24830.09,24830.27
1767630000,24830.37,24844.35,24829.8,24841.28
1767630300,24842.05,24860.78,24841.52,24856.97
1767686400,24904.68,24904.68,24888.75,24890.68
1767686700,24890.59,24916.42,24890.59,24903.17
1767687000,24902.24,24903.19,24863.75,24865.4
1767687300,24865.11,24872.44,24849.07,24851.0
1767687600,24850.77,24871.67,24841.38,24843.57
1767687900,24843.43,24857.16,24836.33,24838.48
1767688200,24838.19,24855.21,24836.71,24851.39
1767688500,24851.21,24881.01,24847.41,24873.61
1767688800,24873.98,24884.52,24862.66,24877.82
1767689100,24878.38,24881.65,24867.4,24870.77
1767689400,24871.04,24889.0,24870.46,24881.67
1767689700,24881.51,24886.03,24864.17,24864.89
1767690000,24865.53,24889.54,24865.53,24875.77
1767690300,24875.92,24891.07,24875.83,24886.41
1767690600,24887.57,24892.65,24877.47,24882.6
1767690900,24882.48,24892.06,24880.24,24889.27
1767691200,24889.96,24891.6,24884.99,24891.06
1767691500,24891.13,24899.78,24888.45,24898.99
1767691800,24897.19,24897.19,24879.4,24880.44
1767692100,24880.61,24885.87,24879.77,24881.48
1767692400,24882.2,24906.08,24882.11,24902.26
1767692700,24902.2,24904.25,24883.28,24883.28
1767693000,24883.92,24883.99,24853.49,24865.05
1767693300,24865.6,24873.92,24863.0,24864.14
1767693600,24863.66,24870.09,24859.36,24867.91
1767693900,24868.04,24884.94,24868.04,24879.66
1767694200,24879.91,24886.36,24877.74,24882.63
1767694500,24882.75,24885.51,24874.03,24877.59
1767694800,24876.61,24878.8,24863.48,24869.64
1767695100,24869.37,24882.85,24868.95,24878.62
1767695400,24878.43,24889.5,24876.53,24882.94
1767695700,24882.61,24898.07,24874.84,24897.28
1767696000,24897.71,24900.07,24885.21,24887.48
1767696300,24887.3,24894.38,24879.45,24879.76
1767696600,24880.01,24884.77,24875.77,24882.53
1767696900,24882.77,24884.57,24871.9,24871.9
1767697200,24872.01,24884.85,24870.29,24883.38
1767697500,24883.44,24892.18,24883.44,24891.06
1767697800,24891.25,24903.45,24891.22,24902.34
1767698100,24902.84,24917.09,24900.41,24917.09
1767698400,24917.31,24917.31,24908.13,24913.76
1767698700,24913.85,24923.9,24912.56,24914.74
1767699000,24914.41,24917.24,24903.48,24908.13
1767699300,24908.16,24909.19,24899.14,24905.87
1767699600,24906.24,24906.43,24900.03,24904.92
1767699900,24905.27,24909.69,24898.35,24898.99
1767700200,24898.23,24910.16,24897.31,24909.46
1767700500,24908.97,24917.38,24907.81,24914.93
1767700800,24915.56,24928.15,24912.15,24913.68
1767701100,24913.94,24922.59,24913.94,24921.05
1767701400,24920.93,24925.55,24917.89,24924.44
1767701700,24924.09,24933.41,24924.09,24929.55
1767702000,24928.79,24937.06,24926.38,24935.17
1767702300,24935.19,24937.31,24926.21,24926.87
1767702600,24926.71,24930.53,24924.06,24925.17
1767702900,24926.21,24941.21,24926.21,24936.84
1767703200,24936.93,24940.27,24932.86,24938.0
1767703500,24938.18,24962.95,24937.67,24959.79
1767703800,24959.94,24965.31,24958.93,24965.02
1767704100,24965.13,24965.18,24954.1,24954.1
1767704400,24962.21,24969.17,24957.91,24967.25
1767704700,24967.32,24967.32,24949.51,24949.62
1767705000,24949.76,24949.76,24935.54,24942.08
1767705300,24941.8,24948.03,24939.04,24939.37
1767705600,24939.1,24950.29,24937.87,24950.29
1767705900,24950.19,24957.72,24948.94,24954.33
1767706200,24954.06,24959.32,24952.26,24958.77
1767706500,24958.84,24961.55,24950.96,24952.38
1767706800,24952.19,24954.67,24943.9,24944.12
1767707100,24944.77,24948.95,24938.69,24941.78
1767707400,24941.68,24947.29,24934.11,24945.47
1767707700,24945.76,24954.46,24945.01,24948.38
1767708000,24948.95,24955.0,24943.66,24949.23
1767708300,24948.78,24948.89,24929.95,24930.22
1767708600,24930.19,24954.93,24927.83,24952.71
1767708900,24952.68,24957.18,24951.47,24955.37
1767709200,24955.23,24964.0,24953.21,24956.97
1767709500,24958.08,24960.43,24954.46,24960.27
1767709800,24959.83,24960.19,24925.34,24927.56
1767710100,24930.16,24934.24,24918.84,24928.86
1767710400,24928.8,24935.12,24925.84,24930.9
1767710700,24931.9,24944.6,24926.43,24943.72
1767711000,24942.98,24943.27,24918.14,24918.36
1767711300,24917.93,24933.14,24915.3,24932.98
1767711600,24933.04,24942.76,24929.2,24936.91
1767711900,24936.95,24948.67,24927.99,24927.99
1767712200,24927.62,24933.82,24904.02,24909.8
1767712500,24908.83,24912.71,24892.68,24893.18
1767712800,24892.64,24895.64,24879.43,24882.02
1767713100,24882.79,24888.47,24866.35,24874.29
1767713400,24875.7,24891.73,24871.0,24886.09
1767713700,24886.64,24889.85,24877.16,24880.54
1767714000,24880.73,24904.08,24879.75,24898.14
1767714300,24898.79,24903.5,24885.2,24903.5
1767714600,24904.36,24911.06,24889.91,24892.2
1767714900,24892.17,24892.93,24878.06,24878.18
1767715200,24878.06,24882.89,24866.91,24878.72
1767715500,24878.33,24885.11,24873.17,24885.08
1767715800,24885.18,24901.46,24885.18,24899.47
1767716100,24900.11,24917.07,24899.22,24917.01
1767716400,24916.93,24923.84,24910.16,24918.53
1767716700,24918.15,24918.15,24893.27,24896.23
1767772800,24995.0,25015.12,24982.62,25005.55
1767773100,25005.69,25029.64,24999.77,25025.91
1767773400,25025.88,25027.18,25006.71,25008.89
1767773700,25010.16,25026.1,25009.87,25013.38
1767774000,25013.88,25028.9,25009.89,25016.05
1767774300,25014.52,25015.25,24991.74,24991.74
1767774600,24991.48,25022.34,24987.17,25020.58
1767774900,25020.91,25030.76,25018.94,25027.86
1767775200,25026.4,25028.99,25010.79,25026.24
1767775500,25026.16,25035.13,25002.98,25004.29
1767775800,25004.2,25004.5,24992.85,25000.75
1767776100,25003.3,25015.44,24995.39,24998.67
1767776400,24997.08,25013.67,24991.37,25007.12
1767776700,25005.89,25005.89,24985.82,24993.77
1767777000,24993.53,25010.66,24992.83,25002.44
1767777300,25003.5,25003.51,24987.45,24996.37
1767777600,24995.63,25004.23,24992.09,24994.98
1767777900,24994.65,25007.9,24993.16,25007.57
1767778200,25007.85,25024.68,25005.39,25024.1
1767778500,25024.75,25031.92,25000.99,25001.58
1767778800,24999.28,25012.06,24989.75,25007.25
1767779100,25007.47,25028.56,25006.44,25026.12
1767779400,25026.33,25030.26,25013.64,25020.47
1767779700,25019.83,25024.24,25017.48,25023.22
1767780000,25023.87,25037.99,25017.6,25036.97
1767780300,25037.51,25049.32,25037.51,25045.17
1767780600,25043.48,25076.55,25043.48,25075.83
1767780900,25076.2,25086.44,25069.68,25071.16
1767781200,25071.69,25072.46,25054.34,25059.09
1767781500,25059.51,25062.39,25047.95,25049.09
1767781800,25048.55,25048.55,25037.62,25037.62
1767782100,25037.48,25050.61,25037.2,25045.27
1767782400,25045.77,25057.87,25045.77,25056.57
1767782700,25056.03,25065.28,25054.88,25063.55
1767783000,25063.64,25070.23,25057.94,25059.18
1767783300,25059.72,25063.95,25054.98,25061.81
1767783600,25061.69,25070.54,25060.81,25070.54
1767783900,25071.09,25075.83,25068.6,25073.14
1767784200,25073.28,25073.3,25062.01,25064.18
1767784500,25065.24,25072.44,25064.47,25067.03
1767784800,25067.87,25068.41,25052.18,25056.11
1767785100,25056.43,25060.12,25050.65,25056.51
1767785400,25056.75,25059.62,25042.28,25042.85
1767785700,25042.66,25044.17,25035.04,25039.93
1767786000,25040.58,25051.53,25040.58,25048.79
1767786300,25050.06,25051.9,25043.29,25045.74
1767786600,25045.6,25052.79,25040.32,25051.99
1767786900,25052.02,25056.14,25049.88,25053.81
1767787200,25053.22,25053.22,25035.17,25042.23
1767787500,25042.13,25042.13,25019.76,25021.75
1767787800,25021.85,25039.94,25021.5,25038.11
1767788100,25037.85,25044.29,25033.69,25038.59
1767788400,25039.72,25054.43,25039.01,25049.92
1767788700,25050.57,25053.57,25035.68,25037.09
1767789000,25037.24,25040.77,25026.06,25029.78
1767789300,25029.7,25030.02,25021.92,25021.92
1767789600,25022.45,25038.0,25016.49,25038.0
1767789900,25038.45,25050.03,25036.54,25050.03
1767790200,25050.52,25056.1,25047.85,25048.54
1767790500,25047.65,25059.14,25041.6,25056.85
1767790800,25056.77,25060.18,25052.51,25059.74
1767791100,25060.05,25065.06,25055.75,25057.58
1767791400,25058.09,25064.49,25056.15,25058.34
1767791700,25058.58,25066.92,25058.14,25066.42
1767792000,25067.17,25072.19,25065.08,25069.85
1767792300,25070.42,25075.32,25063.13,25066.57
1767792600,25066.44,25071.26,25059.95,25059.95
1767792900,25057.77,25058.4,25050.24,25055.65
1767793200,25055.51,25057.86,25041.93,25057.86
1767793500,25058.9,25074.98,25057.01,25070.04
1767793800,25070.28,25074.72,25065.03,25074.72
1767794100,25074.49,25085.06,25068.85,25082.18
1767794400,25081.21,25081.21,25065.56,25068.65
1767794700,25068.66,25071.07,25060.06,25070.89
1767795000,25070.82,25075.71,25062.48,25074.69
1767795300,25074.54,25102.19,25072.79,25098.53
1767795600,25098.71,25106.87,25097.93,25100.1
1767795900,25101.03,25108.96,25096.44,25108.96
1767796200,25109.34,25109.96,25096.89,25107.06
1767796500,25107.63,25108.36,25088.63,25089.09
1767796800,25087.4,25087.42,25060.25,25065.12
1767797100,25065.4,25086.25,25059.75,25078.38
1767797400,25079.3,25082.82,25069.47,25076.24
1767797700,25077.26,25083.73,25072.3,25072.68
1767798000,25074.14,25079.21,25050.75,25063.28
1767798300,25063.12,25063.2,25049.83,25059.38
1767798600,25058.88,25075.76,25058.88,25075.73
1767798900,25074.96,25084.01,25061.58,25061.72
1767799200,25060.66,25068.33,25054.42,25061.16
1767799500,25061.31,25068.2,25055.71,25062.98
1767799800,25063.0,25082.83,25057.44,25073.2
1767800100,25073.26,25080.47,25039.16,25064.5
1767800400,25064.9,25083.83,25064.9,25083.82
1767800700,25083.94,25095.76,25083.44,25087.54
1767801000,25087.56,25090.4,25076.75,25084.99
1767801300,25085.1,25097.66,25082.33,25089.62
1767801600,25090.31,25102.19,25090.31,25099.9
1767801900,25101.95,25115.62,25101.95,25114.52
1767802200,25114.14,25114.14,25096.69,25106.34
1767802500,25105.69,25112.18,25104.14,25108.33
1767802800,25108.28,25121.95,25107.78,25116.14
1767803100,25116.3,25116.3,25094.87,25098.81
1767859200,25128.46,25141.57,25121.66,25125.59
1767859500,25127.18,25162.32,25127.18,25159.9
1767859800,25160.14,25187.12,25159.71,25185.89
1767860100,25186.97,25199.56,25182.11,25195.26
1767860400,25192.03,25192.03,25164.46,25174.81
1767860700,25175.39,25188.79,25158.31,25180.25
1767861000,25180.17,25213.02,25174.88,25212.21
1767861300,25216.84,25217.52,25200.23,25202.51
1767861600,25202.99,25212.96,25195.09,25197.25
1767861900,25196.46,25198.17,25180.01,25193.65
1767862200,25194.15,25206.09,25192.81,25193.72
1767862500,25193.69,25194.15,25173.67,25175.98
1767862800,25176.17,25190.16,25173.89,25174.2
1767863100,25174.3,25184.82,25168.39,25170.62
1767863400,25170.72,25181.18,25157.44,25165.85
1767863700,25164.65,25167.44,25154.59,25158.61
1767864000,25158.11,25158.77,25137.01,25140.91
1767864300,25142.33,25148.29,25137.01,25140.12
1767864600,25139.79,25159.98,25139.79,25152.57
1767864900,25151.63,25153.66,25136.63,25146.85
1767865200,25146.82,25148.95,25140.54,25140.63
1767865500,25140.45,25142.5,25124.29,25124.29
1767865800,25124.16,25127.07,25114.71,25125.09
1767866100,25125.16,25129.05,25120.83,25127.06
1767866400,25127.59,25127.59,25110.75,25110.77
1767866700,25110.89,25111.72,25059.88,25060.1
1767867000,25059.56,25099.23,25058.48,25081.78
1767867300,25081.55,25102.7,25078.91,25094.12
1767867600,25093.39,25106.53,25093.21,25100.72
1767867900,25101.25,25104.0,25086.91,25088.24
1767868200,25087.92,25090.84,25074.14,25089.68
1767868500,25089.92,25099.14,25084.09,25093.14
1767868800,25093.61,25101.7,25088.14,25098.74
1767869100,25098.77,25100.71,25091.3,25095.16
1767869400,25095.09,25103.35,25088.55,25090.69
1767869700,25090.5,25091.75,25079.33,25083.15
1767870000,25083.21,25087.17,25074.47,25082.81
1767870300,25083.51,25099.49,25082.86,25092.69
1767870600,25092.96,25105.3,25086.65,25094.81
1767870900,25094.44,25096.85,25082.44,25082.44
1767871200,25082.39,25092.44,25082.0,25088.07
1767871500,25088.14,25094.24,25086.89,25089.08
1767871800,25089.15,25093.63,25073.28,25091.91
1767872100,25092.24,25092.97,25082.67,25090.69
1767872400,25091.02,25108.76,25091.02,25099.95
1767872700,25100.25,25107.25,25099.67,25106.47
1767873000,25106.6,25113.64,25100.25,25108.29
1767873300,25108.38,25112.5,25102.58,25105.13
1767873600,25105.55,25105.58,25083.66,25088.81
1767873900,25089.38,25097.08,25084.26,25094.41
1767874200,25094.29,25105.56,25092.95,25098.4
1767874500,25098.72,25102.84,25093.22,25097.92
1767874800,25097.89,25097.89,25084.62,25088.39
1767875100,25088.46,25090.78,25071.61,25073.74
1767875400,25073.21,25074.87,25061.01,25062.45
1767875700,25062.36,25071.19,25059.17,25059.43
1767876000,25059.36,25061.74,25041.63,25045.88
1767876300,25046.43,25049.82,25038.14,25048.93
1767876600,25049.05,25066.12,25049.05,25052.17
1767876900,25051.63,25055.02,25041.41,25044.85
1767877200,25045.29,25045.29,25030.68,25032.76
1767877500,25031.7,25043.83,25029.85,25034.16
1767877800,25034.92,25040.86,25024.65,25028.91
1767878100,25027.74,25061.31,25027.74,25060.62
1767878400,25059.95,25071.78,25059.95,25063.26
1767878700,25062.61,25073.24,25058.33,25062.33
1767879000,25062.15,25070.29,25056.02,25064.87
1767879300,25065.45,25069.97,25059.69,25067.14
1767879600,25065.61,25077.54,25062.31,25077.07
1767879900,25077.25,25088.64,25073.7,25087.59
1767880200,25086.92,25088.26,25075.16,25079.21
1767880500,25078.95,25084.79,25072.32,25074.8
1767880800,25074.54,25081.7,25064.04,25081.16
1767881100,25079.98,25082.03,25076.01,25081.42
1767881400,25081.84,25084.13,25072.25,25075.12
1767881700,25074.05,25082.63,25068.68,25069.24
1767882000,25069.48,25077.35,25048.77,25050.85
1767882300,25049.86,25067.97,25048.78,25062.7
1767882600,25060.13,25069.09,25040.87,25049.73
1767882900,25049.89,25072.12,25045.9,25065.23
1767883200,25065.49,25080.55,25058.1,25060.34
1767883500,25060.02,25086.72,25048.33,25082.75
1767883800,25083.12,25096.79,25072.29,25092.1
1767884100,25092.13,25094.44,25075.76,25080.61
1767884400,25079.38,25104.37,25077.66,25103.52
1767884700,25104.0,25132.32,25101.95,25130.01
1767885000,25130.22,25148.64,25128.49,25148.12
1767885300,25148.21,25163.89,25141.14,25156.92
1767885600,25156.78,25157.07,25131.03,25136.45
1767885900,25136.36,25141.62,25118.53,25119.74
1767886200,25119.56,25132.53,25117.56,25125.28
1767886500,25125.5,25140.31,25120.99,25137.63
1767886800,25137.7,25149.17,25133.12,25135.17
1767887100,25135.5,25142.24,25125.07,25133.57
1767887400,25133.32,25141.76,25118.16,25118.87
1767887700,25119.35,25139.66,25116.03,25139.33
1767888000,25139.77,25149.87,25136.57,25146.85
1767888300,25147.39,25148.39,25131.72,25132.66
1767888600,25133.96,25136.24,25119.87,25120.81
1767888900,25120.49,25134.53,25119.07,25127.98
1767889200,25127.91,25132.88,25112.1,25118.69
1767889500,25116.29,25124.07,25114.5,25123.45
1767945600,25124.02,25147.87,25124.02,25139.56
1767945900,25139.04,25140.23,25122.97,25125.28
1767946200,25123.96,25138.94,25122.7,25130.89
1767946500,25130.7,25155.78,25130.05,25139.36
1767946800,25140.28,25140.28,25118.09,25122.86
1767947100,25121.24,25136.41,25118.37,25129.79
1767947400,25128.7,25133.43,25107.92,25116.78
1767947700,25116.91,25138.7,25114.8,25135.47
1767948000,25135.38,25141.26,25132.31,25135.2
1767948300,25135.1,25142.71,25118.87,25124.41
1767948600,25124.09,25135.72,25121.2,25134.33
1767948900,25134.41,25145.57,25131.52,25135.31
1767949200,25134.63,25146.87,25131.88,25144.56
1767949500,25144.63,25164.88,25142.98,25163.37
1767949800,25163.63,25164.29,25145.13,25146.12
1767950100,25146.65,25152.4,25141.85,25145.73
1767950400,25146.17,25149.95,25133.48,25136.82
1767950700,25136.72,25152.17,25127.55,25148.36
1767951000,25148.91,25162.36,25148.19,25150.75
1767951300,25150.27,25154.58,25141.71,25141.71
1767951600,25142.08,25148.47,25132.51,25137.54
1767951900,25136.71,25146.82,25134.38,25142.31
1767952200,25142.85,25149.0,25136.73,25137.25
1767952500,25135.85,25140.81,25129.41,25139.03
1767952800,25139.06,25146.0,25134.28,25135.14
1767953100,25135.51,25143.01,25133.59,25142.0
1767953400,25142.6,25150.87,25129.45,25129.45
1767953700,25129.57,25138.71,25127.4,25127.4
1767954000,25129.01,25142.58,25124.92,25142.58
1767954300,25142.5,25146.86,25139.82,25144.99
1767954600,25145.94,25148.45,25136.54,25145.39
1767954900,25145.45,25155.72,25143.76,25149.23
1767955200,25147.59,25156.04,25142.64,25150.85
1767955500,25151.35,25170.26,25148.12,25167.13
1767955800,25172.21,25175.94,25160.87,25164.8
1767956100,25166.46,25172.43,25163.96,25167.9
1767956400,25172.31,25184.7,25167.45,25183.46
1767956700,25182.21,25206.76,25182.21,25200.15
1767957000,25200.29,25200.88,25192.86,25195.82
1767957300,25196.05,25196.05,25187.24,25193.97
1767957600,25193.93,25196.45,25184.47,25184.47
1767957900,25183.87,25188.47,25175.23,25186.47
1767958200,25185.82,25196.73,25185.68,25196.73
1767958500,25196.8,25202.78,25194.46,25202.23
1767958800,25202.42,25205.05,25196.92,25204.23
1767959100,25204.31,25212.03,25202.06,25211.62
1767959400,25212.45,25226.43,25210.8,25226.43
1767959700,25226.66,25229.6,25225.05,25228.72
1767960000,25229.34,25241.2,25229.34,25241.17
1767960300,25241.38,25243.29,25231.8,25239.01
1767960600,25238.04,25238.81,25225.12,25230.28
1767960900,25230.1,25236.66,25222.93,25225.58
1767961200,25223.93,25233.68,25223.63,25232.74
1767961500,25232.88,25242.41,25231.89,25239.78
1767961800,25240.3,25261.95,25240.3,25259.24
1767962100,25259.14,25260.9,25229.45,25229.9
1767962400,25229.64,25237.07,25221.65,25228.17
1767962700,25228.1,25233.18,25226.52,25230.32
1767963000,25230.65,25236.65,25226.95,25229.92
1767963300,25231.51,25236.48,25230.54,25233.31
1767963600,25233.44,25233.44,25216.64,25217.45
1767963900,25216.96,25225.63,25216.8,25219.5
1767964200,25219.14,25221.07,25207.07,25207.14
1767964500,25206.86,25220.23,25202.57,25219.82
1767964800,25220.19,25224.67,25214.51,25214.86
1767965100,25214.96,25231.4,25211.06,25231.01
1767965400,25232.09,25264.75,25232.09,25263.25
1767965700,25262.27,25263.49,25253.85,25256.63
1767966000,25256.7,25263.08,25250.13,25258.8
1767966300,25258.89,25265.04,25253.09,25264.42
1767966600,25264.08,25275.42,25262.3,25274.28
1767966900,25274.12,25277.78,25265.95,25275.44
1767967200,25275.2,25281.18,25265.03,25267.34
1767967500,25267.02,25268.69,25255.68,25261.05
1767967800,25260.95,25271.27,25260.95,25269.89
1767968100,25270.72,25273.79,25263.06,25265.79
1767968400,25265.81,25276.93,25262.68,25262.98
1767968700,25262.68,25271.01,25259.61,25264.82
1767969000,25264.35,25264.35,25237.45,25242.7
1767969300,25243.47,25264.26,25243.47,25256.23
1767969600,25257.07,25262.77,25230.62,25230.62
1767969900,25230.7,25238.24,25222.75,25230.42
1767970200,25229.94,25234.81,25216.5,25229.48
1767970500,25229.58,25230.16,25216.68,25222.83
1767970800,25224.45,25230.18,25176.22,25176.22
1767971100,25176.11,25179.3,25138.89,25154.99
1767971400,25154.31,25169.71,25147.77,25169.4
1767971700,25171.08,25183.77,25170.11,25178.67
1767972000,25180.5,25224.33,25179.49,25221.06
1767972300,25220.53,25248.0,25217.16,25238.66
1767972600,25238.67,25247.98,25222.71,25245.37
1767972900,25245.33,25253.21,25234.92,25234.92
1767973200,25234.89,25237.09,25226.24,25231.53
1767973500,25230.93,25238.53,25226.1,25229.72
1767973800,25229.64,25241.27,25227.63,25235.73
1767974100,25236.23,25244.58,25232.85,25242.46
1767974400,25242.45,25250.47,25230.03,25233.89
1767974700,25233.66,25237.8,25226.76,25230.86
1767975000,25230.78,25244.38,25225.56,25244.38
1767975300,25244.4,25256.6,25240.81,25254.06
1767975600,25253.97,25270.63,25253.97,25260.11
1767975900,25259.51,25259.51,25251.87,25256.67
1768204800,25248.37,25260.59,25241.34,25260.59
1768205100,25261.16,25262.67,25246.17,25260.14
1768205400,25260.07,25275.48,25256.65,25266.52
1768205700,25266.34,25283.73,25256.33,25257.01
1768206000,25256.48,25272.67,25251.63,25256.69
1768206300,25256.37,25261.59,25249.96,25251.22
1768206600,25250.27,25256.77,25236.88,25253.36
1768206900,25252.72,25263.99,25245.77,25247.56
1768207200,25247.79,25259.0,25242.88,25258.33
1768207500,25258.24,25262.38,25244.9,25247.71
1768207800,25247.61,25259.28,25246.22,25258.85
1768208100,25258.31,25284.91,25257.73,25270.9
1768208400,25270.88,25292.04,25267.57,25291.13
1768208700,25291.36,25295.31,25278.94,25281.61
1768209000,25282.86,25288.92,25272.93,25283.3
1768209300,25283.27,25286.8,25278.47,25283.57
1768209600,25283.62,25288.16,25277.84,25277.84
1768209900,25277.46,25278.05,25267.89,25278.05
1768210200,25277.9,25284.54,25273.03,25275.97
1768210500,25275.87,25284.33,25271.91,25283.48
1768210800,25283.04,25293.57,25282.96,25289.32
1768211100,25289.51,25293.59,25283.63,25288.25
1768211400,25288.16,25289.11,25274.27,25284.32
1768211700,25284.53,25289.75,25277.83,25282.11
1768212000,25282.66,25285.07,25276.34,25281.66
1768212300,25281.47,25282.62,25272.35,25281.95
1768212600,25281.84,25290.79,25275.22,25289.98
1768212900,25289.8,25294.09,25284.9,25287.15
1768213200,25285.44,25287.48,25282.17,25283.6
1768213500,25283.78,25291.02,25281.12,25288.99
1768213800,25289.4,25308.65,25285.62,25307.49
1768214100,25306.95,25322.13,25306.0,25320.91
1768214400,25321.05,25324.76,25317.56,25317.56
1768214700,25317.34,25326.96,25316.33,25322.32
1768215000,25321.56,25329.4,25320.56,25327.55
1768215300,25327.39,25328.1,25308.79,25308.79
1768215600,25309.61,25319.66,25309.51,25319.21
1768215900,25319.11,25326.28,25318.71,25322.65
1768216200,25322.03,25338.94,25322.03,25337.63
1768216500,25337.76,25351.93,25337.76,25345.69
1768216800,25345.32,25350.04,25338.29,25344.16
1768217100,25345.69,25353.85,25343.32,25353.24
1768217400,25352.78,25355.14,25349.76,25354.06
1768217700,25354.09,25354.09,25341.59,25342.96
1768218000,25343.1,25345.64,25337.31,25337.31
1768218300,25337.4,25344.99,25336.71,25343.37
1768218600,25343.27,25348.86,25339.44,25348.84
1768218900,25348.92,25354.93,25347.52,25354.48
1768219200,25354.85,25371.66,25352.99,25371.66
1768219500,25371.53,25385.32,25371.39,25382.61
1768219800,25382.76,25389.74,25374.62,25375.93
1768220100,25374.97,25381.76,25372.65,25378.83
1768220400,25378.82,25382.02,25376.86,25380.96
1768220700,25381.08,25381.55,25370.08,25370.25
1768221000,25369.72,25380.59,25367.9,25379.0
1768221300,25378.91,25383.42,25377.72,25383.07
1768221600,25383.23,25383.24,25375.22,25377.56
1768221900,25378.04,25397.87,25378.04,25395.79
1768222200,25394.34,25400.2,25394.23,25400.2
1768222500,25400.39,25410.22,25400.13,25409.48
1768222800,25409.09,25411.07,25391.03,25391.03
1768223100,25390.85,25394.93,25381.48,25381.48
1768223400,25381.3,25389.49,25381.3,25386.98
1768223700,25387.25,25389.1,25373.9,25373.9
1768224000,25374.14,25381.67,25348.57,25348.57
1768224300,25347.43,25364.89,25347.05,25360.61
1768224600,25362.15,25365.55,25351.57,25351.57
1768224900,25351.74,25356.58,25348.95,25355.49
1768225200,25355.59,25357.5,25346.38,25357.28
1768225500,25356.78,25359.86,25353.05,25357.74
1768225800,25358.39,25361.09,25354.63,25360.21
1768226100,25360.31,25364.21,25355.71,25355.71
1768226400,25355.47,25361.14,25351.18,25351.56
1768226700,25352.23,25356.38,25348.3,25351.16
1768227000,25349.27,25367.59,25343.77,25367.39
1768227300,25367.66,25369.22,25361.1,25368.08
1768227600,25368.09,25382.38,25368.09,25378.54
1768227900,25378.44,25388.35,25376.94,25386.67
1768228200,25385.65,25386.35,25364.63,25367.7
1768228500,25368.11,25384.93,25367.82,25384.93
1768228800,25386.49,25407.74,25383.38,25405.17
1768229100,25404.64,25410.68,25400.39,25402.38
1768229400,25401.95,25408.35,25398.72,25407.29
1768229700,25407.55,25412.43,25400.74,25411.33
1768230000,25411.0,25414.83,25392.74,25394.64
1768230300,25394.56,25396.99,25377.13,25377.13
1768230600,25376.93,25380.52,25369.79,25376.19
1768230900,25376.15,25383.44,25368.62,25381.12
1768231200,25381.42,25385.55,25369.67,25384.74
1768231500,25384.91,25400.67,25383.12,25395.71
1768231800,25395.62,25403.93,25392.56,25403.93
1768232100,25403.52,25403.52,25383.34,25386.23
1768232400,25385.04,25385.84,25376.48,25378.39
1768232700,25378.55,25384.42,25375.09,25377.81
1768233000,25377.92,25396.76,25373.2,25396.67
1768233300,25396.93,25417.34,25396.83,25417.18
1768233600,25416.9,25421.42,25406.87,25414.43
1768233900,25413.34,25419.09,25392.14,25400.64
1768234200,25399.55,25408.48,25395.19,25408.48
1768234500,25408.85,25420.17,25407.19,25411.35
1768234800,25411.44,25413.26,25399.84,25403.81
1768235100,25403.91,25404.55,25392.6,25397.54
1768291200,25408.37,25410.97,25393.56,25401.1
1768291500,25401.87,25416.64,25400.59,25409.8
1768291800,25410.65,25414.55,25395.66,25400.24
1768292100,25400.13,25417.19,25396.3,25407.92
1768292400,25407.99,25412.91,25400.84,25407.62
1768292700,25407.06,25423.48,25401.87,25423.48
1768293000,25425.47,25428.43,25416.23,25423.01
1768293300,25423.27,25424.65,25401.06,25401.06
1768293600,25401.16,25405.52,25392.9,25403.67
1768293900,25403.19,25409.88,25393.84,25403.85
1768294200,25404.13,25417.05,25404.1,25413.6
1768294500,25413.73,25414.7,25400.56,25403.32
1768294800,25402.98,25414.55,25402.36,25406.76
1768295100,25404.53,25405.54,25388.79,25394.27
1768295400,25394.24,25394.24,25375.69,25376.04
1768295700,25375.67,25381.26,25369.57,25381.26
1768296000,25381.24,25389.34,25377.54,25386.35
1768296300,25386.37,25389.04,25380.69,25384.12
1768296600,25386.78,25388.78,25377.85,25386.4
1768296900,25386.44,25387.82,25379.34,25379.76
1768297200,25379.97,25382.14,25371.67,25372.91
1768297500,25373.45,25374.86,25363.47,25369.85
1768297800,25369.9,25371.6,25364.82,25368.14
1768298100,25367.8,25377.01,25366.8,25373.37
1768298400,25372.82,25373.43,25361.53,25361.65
1768298700,25361.53,25362.78,25349.77,25349.77
1768299000,25348.18,25355.89,25347.33,25350.71
1768299300,25350.89,25351.66,25338.3,25351.66
1768299600,25352.2,25358.59,25344.72,25345.15
1768299900,25345.09,25351.01,25341.16,25341.7
1768300200,25341.92,25364.32,25341.82,25354.3
1768300500,25354.48,25364.51,25350.96,25350.96
1768300800,25351.05,25355.7,25349.34,25352.34
1768301100,25352.13,25353.0,25346.08,25349.81
1768301400,25350.5,25362.55,25348.44,25359.83
1768301700,25359.92,25364.26,25358.67,25363.17
1768302000,25363.7,25372.01,25354.53,25360.12
1768302300,25360.01,25368.69,25355.73,25368.42
1768302600,25367.6,25370.97,25361.49,25361.77
1768302900,25362.27,25370.47,25360.79,25366.9
1768303200,25367.0,25367.77,25361.38,25367.63
1768303500,25367.51,25374.11,25366.42,25371.81
1768303800,25371.6,25373.82,25368.06,25368.06
1768304100,25369.15,25370.85,25365.49,25370.13
1768304400,25369.87,25377.14,25369.87,25374.61
1768304700,25374.54,25381.49,25371.98,25379.83
1768305000,25379.93,25379.93,25368.81,25376.55
1768305300,25376.64,25384.36,25375.7,25383.53
1768305600,25383.63,25396.75,25383.63,25384.76
1768305900,25385.64,25386.34,25375.02,25379.31
1768306200,25379.22,25393.64,25379.22,25393.64
1768306500,25393.74,25408.89,25392.76,25408.89
1768306800,25409.21,25410.67,25400.92,25401.84
1768307100,25401.68,25403.92,25396.81,25401.37
1768307400,25401.82,25404.2,25400.07,25403.33
1768307700,25403.37,25406.81,25401.7,25404.0
1768308000,25403.56,25415.72,25402.69,25415.45
1768308300,25415.43,25419.77,25412.32,25414.19
1768308600,25414.07,25427.17,25414.07,25426.18
1768308900,25426.5,25430.89,25419.35,25430.65
1768309200,25430.62,25440.19,25430.62,25440.16
1768309500,25440.01,25441.65,25434.07,25438.0
1768309800,25438.96,25445.29,25436.63,25437.71
1768310100,25438.48,25442.4,25433.56,25438.12
1768310400,25436.85,25444.01,25436.85,25439.54
1768310700,25440.35,25440.69,25435.72,25438.99
1768311000,25438.96,25484.17,25438.96,25461.0
1768311300,25461.13,25466.92,25441.26,25451.99
1768311600,25451.97,25459.71,25447.51,25452.38
1768311900,25452.43,25461.27,25451.81,25457.93
1768312200,25458.12,25460.66,25443.51,25449.66
1768312500,25449.77,25461.94,25449.77,25456.19
1768312800,25456.1,25476.88,25456.01,25475.19
1768313100,25475.07,25489.05,25473.02,25485.23
1768313400,25485.76,25505.23,25485.76,25503.8
1768313700,25503.83,25507.79,25499.6,25501.87
1768314000,25501.57,25501.9,25495.44,25495.44
1768314300,25495.48,25501.98,25486.92,25488.4
1768314600,25489.33,25499.66,25474.05,25480.77
1768314900,25481.05,25501.49,25474.51,25484.6
1768315200,25485.77,25485.77,25451.57,25462.12
1768315500,25461.76,25462.02,25438.56,25440.32
1768315800,25439.72,25445.3,25422.41,25424.79
1768316100,25425.29,25441.17,25425.08,25440.05
1768316400,25439.36,25439.36,25397.47,25402.08
1768316700,25402.41,25429.96,25400.5,25415.02
1768317000,25415.16,25420.63,25410.79,25411.78
1768317300,25411.91,25415.0,25404.77,25413.27
1768317600,25414.48,25415.36,25405.42,25409.75
1768317900,25409.72,25413.03,25391.11,25403.02
1768318200,25403.06,25422.62,25401.0,25421.05
1768318500,25420.83,25438.97,25419.27,25423.26
1768318800,25423.29,25429.51,25418.25,25420.01
1768319100,25419.78,25419.78,25400.87,25400.87
1768319400,25401.39,25423.61,25395.29,25423.15
1768319700,25422.83,25432.15,25421.22,25430.28
1768320000,25430.64,25431.75,25417.77,25430.05
1768320300,25430.0,25435.94,25422.72,25425.06
1768320600,25425.09,25425.37,25413.19,25421.45
1768320900,25420.98,25436.1,25420.65,25434.54
1768321200,25434.17,25434.32,25411.69,25412.91
1768321500,25414.96,25414.96,25392.06,25411.11
1768377600,25429.75,25434.72,25420.92,25421.27
1768377900,25421.98,25438.28,25416.15,25433.95
1768378200,25434.05,25449.09,25432.94,25445.9
1768378500,25446.68,25461.36,25438.68,25448.13
1768378800,25450.26,25451.84,25433.45,25443.08
1768379100,25441.88,25446.78,25433.11,25445.36
1768379400,25445.29,25449.42,25437.3,25442.15
1768379700,25442.47,25446.68,25424.73,25424.73
1768380000,25424.56,25426.36,25410.97,25418.37
1768380300,25418.27,25423.84,25412.44,25418.2
1768380600,25417.33,25420.45,25406.54,25420.25
1768380900,25420.69,25438.97,25417.47,25433.3
1768381200,25433.76,25439.5,25422.64,25423.67
1768381500,25423.64,25423.67,25399.11,25399.11
1768381800,25398.72,25404.53,25390.19,25397.17
1768382100,25397.6,25397.6,25387.99,25389.11
1768382400,25389.19,25402.09,25386.27,25402.09
1768382700,25402.86,25412.76,25402.05,25405.49
1768383000,25405.9,25413.68,25403.22,25413.58
1768383300,25413.11,25416.55,25398.15,25406.82
1768383600,25405.95,25408.25,25398.37,25398.43
1768383900,25398.06,25402.23,25393.21,25395.57
1768384200,25394.82,25396.96,25385.67,25396.96
1768384500,25396.82,25400.4,25391.37,25399.14
1768384800,25399.51,25409.03,25399.08,25405.4
1768385100,25405.04,25410.04,25399.21,25401.96
1768385400,25401.9,25402.67,25389.66,25389.66
1768385700,25389.13,25389.28,25375.63,25375.63
1768386000,25376.12,25376.12,25354.79,25359.02
1768386300,25359.55,25362.84,25352.21,25356.09
1768386600,25356.52,25357.23,25321.13,25325.59
1768386900,25324.99,25338.33,25318.57,25337.93
1768387200,25336.75,25340.34,25319.89,25323.45
1768387500,25323.92,25330.15,25318.87,25326.03
1768387800,25325.48,25336.03,25324.3,25328.05
1768388100,25328.13,25345.34,25326.79,25337.32
1768388400,25336.44,25336.55,25322.59,25323.19
1768388700,25323.16,25337.83,25314.78,25337.77
1768389000,25338.88,25346.22,25333.88,25333.88
1768389300,25334.09,25335.04,25319.69,25320.98
1768389600,25321.17,25332.73,25321.17,25328.31
1768389900,25328.86,25334.74,25325.33,25325.33
1768390200,25325.79,25333.24,25325.79,25326.66
1768390500,25326.8,25332.28,25316.07,25317.81
1768390800,25318.16,25320.16,25300.73,25305.97
1768391100,25306.07,25316.82,25303.6,25316.82
1768391400,25317.08,25324.97,25317.08,25318.89
1768391700,25319.42,25321.99,25314.56,25315.59
1768392000,25315.05,25315.32,25298.86,25303.92
1768392300,25303.89,25308.75,25300.7,25307.43
1768392600,25307.48,25322.9,25307.4,25320.2
1768392900,25320.02,25320.88,25314.93,25319.36
1768393200,25320.1,25338.02,25320.1,25337.89
1768393500,25337.7,25341.48,25320.13,25321.61
1768393800,25321.65,25338.12,25318.71,25336.05
1768394100,25335.72,25343.94,25335.72,25343.94
1768394400,25344.07,25345.52,25336.32,25345.13
1768394700,25345.23,25349.02,25333.17,25333.3
1768395000,25333.38,25339.91,25330.23,25335.25
1768395300,25332.95,25337.3,25328.71,25335.76
1768395600,25335.6,25346.51,25323.28,25323.28
1768395900,25323.15,25323.8,25296.64,25306.78
1768396200,25307.33,25311.49,25300.66,25301.61
1768396500,25301.97,25319.16,25299.95,25310.68
1768396800,25310.58,25315.73,25302.96,25310.11
1768397100,25309.61,25309.61,25302.27,25303.49
1768397400,25303.41,25311.63,25296.37,25298.2
1768397700,25297.91,25302.98,25291.32,25300.18
1768398000,25299.39,25303.12,25288.48,25293.04
1768398300,25293.57,25294.29,25285.02,25287.69
1768398600,25288.13,25304.65,25288.13,25303.14
1768398900,25303.08,25303.08,25289.66,25292.56
1768399200,25293.09,25309.43,25292.3,25306.99
1768399500,25306.91,25312.77,25301.1,25311.39
1768399800,25312.24,25321.69,25306.44,25321.69
1768400100,25321.57,25328.77,25319.69,25320.22
1768400400,25320.27,25320.27,25307.68,25312.1
1768400700,25311.88,25316.35,25299.0,25302.66
1768401000,25305.66,25310.65,25292.05,25307.57
1768401300,25306.6,25323.62,25306.19,25315.98
1768401600,25315.66,25322.6,25292.8,25294.53
1768401900,25295.14,25316.65,25289.54,25307.59
1768402200,25307.4,25311.35,25290.08,25307.32
1768402500,25307.19,25308.19,25286.53,25286.68
1768402800,25290.17,25305.34,25281.17,25305.34
1768403100,25305.44,25322.02,25301.79,25313.38
1768403400,25312.93,25359.46,25306.62,25339.57
1768403700,25339.11,25342.73,25327.65,25334.5
1768404000,25334.59,25335.6,25325.83,25329.52
1768404300,25329.61,25329.75,25310.56,25312.24
1768404600,25312.09,25312.13,25288.14,25298.65
1768404900,25297.01,25299.9,25283.67,25293.0
1768405200,25293.03,25314.08,25291.23,25298.87
1768405500,25298.32,25302.4,25271.72,25272.0
1768405800,25271.92,25288.3,25268.27,25286.99
1768406100,25287.13,25296.2,25279.83,25280.61
1768406400,25282.06,25283.2,25271.42,25281.84
1768406700,25281.56,25285.8,25271.25,25277.67
1768407000,25278.56,25291.62,25278.56,25288.73
1768407300,25288.76,25296.52,25285.06,25291.47
1768407600,25291.5,25314.04,25291.5,25313.56
1768407900,25313.13,25314.84,25303.48,25314.73
1768464000,25275.83,25288.66,25267.22,25286.89
1768464300,25287.23,25294.77,25269.75,25286.25
1768464600,25286.68,25290.3,25267.65,25269.01
1768464900,25270.16,25279.01,25258.66,25259.47
1768465200,25259.39,25269.52,25254.94,25256.06
1768465500,25255.78,25255.78,25233.32,25247.91
1768465800,25247.98,25251.7,25239.46,25251.67
1768466100,25250.7,25262.03,25242.98,25261.77
1768466400,25261.83,25269.64,25260.49,25269.64
1768466700,25269.72,25278.52,25266.03,25266.31
1768467000,25266.25,25275.17,25265.36,25273.49
1768467300,25273.9,25282.05,25266.44,25268.97
1768467600,25269.57,25272.97,25246.61,25247.72
1768467900,25247.0,25251.92,25243.45,25246.06
1768468200,25246.16,25251.94,25240.4,25241.7
1768468500,25242.02,25248.27,25237.58,25242.41
1768468800,25242.25,25256.47,25240.43,25256.36
1768469100,25256.14,25275.24,25256.14,25274.56
1768469400,25274.87,25285.66,25272.69,25277.91
1768469700,25277.08,25279.95,25276.16,25277.55
1768470000,25277.19,25277.19,25261.38,25264.91
1768470300,25264.98,25267.19,25253.03,25254.11
1768470600,25254.39,25256.1,25248.43,25253.47
1768470900,25253.57,25258.16,25251.35,25251.64
1768471200,25251.84,25262.68,25250.0,25254.48
1768471500,25254.55,25271.91,25253.26,25271.91
1768471800,25269.86,25287.24,25268.58,25282.27
1768472100,25282.42,25282.42,25269.13,25282.0
1768472400,25281.7,25292.61,25280.9,25288.43
1768472700,25288.16,25290.71,25281.35,25286.5
1768473000,25287.66,25292.78,25280.32,25290.75
1768473300,25290.94,25293.0,25278.89,25278.89
1768473600,25279.91,25288.96,25279.44,25288.96
1768473900,25288.78,25297.95,25286.87,25295.62
1768474200,25294.56,25298.26,25290.15,25296.93
1768474500,25296.86,25302.66,25294.52,25301.18
1768474800,25301.15,25301.47,25293.73,25294.72
1768475100,25295.26,25295.51,25282.44,25283.0
1768475400,25282.77,25285.32,25277.09,25282.46
1768475700,25282.55,25291.24,25281.93,25291.09
1768476000,25289.87,25291.17,25284.59,25284.59
1768476300,25284.74,25292.5,25282.41,25292.33
1768476600,25292.42,25301.17,25289.03,25296.31
1768476900,25295.58,25295.58,25273.72,25273.91
1768477200,25274.19,25274.77,25256.81,25259.35
1768477500,25259.18,25263.2,25256.37,25262.62
1768477800,25262.76,25264.34,25251.42,25251.79
1768478100,25251.15,25260.02,25250.18,25259.99
1768478400,25259.55,25265.74,25256.52,25257.89
1768478700,25258.04,25258.04,25247.15,25254.55
1768479000,25254.62,25261.81,25254.25,25256.91
1768479300,25257.45,25274.98,25257.45,25274.98
1768479600,25274.66,25277.17,25269.38,25277.17
1768479900,25277.91,25284.23,25277.09,25282.69
1768480200,25282.16,25286.22,25277.71,25283.21
1768480500,25283.55,25284.88,25274.61,25275.87
1768480800,25276.1,25289.61,25274.53,25289.48
1768481100,25289.58,25291.8,25283.57,25286.27
1768481400,25286.29,25286.6,25279.53,25282.66
1768481700,25282.39,25284.06,25273.85,25279.36
1768482000,25279.16,25294.94,25275.72,25294.94
1768482300,25295.01,25298.89,25292.61,25293.47
1768482600,25291.94,25293.59,25282.93,25287.0
1768482900,25287.13,25298.04,25286.02,25297.65
1768483200,25297.58,25303.91,25295.2,25298.99
1768483500,25298.81,25300.02,25283.84,25298.56
1768483800,25298.38,25306.72,25298.38,25301.69
1768484100,25301.54,25312.25,25286.77,25287.06
1768484400,25286.96,25289.11,25281.8,25284.93
1768484700,25284.72,25287.14,25276.06,25284.96
1768485000,25285.16,25298.22,25285.16,25295.39
1768485300,25295.2,25302.23,25293.97,25294.74
1768485600,25294.91,25298.31,25290.03,25295.85
1768485900,25297.4,25304.55,25295.33,25304.35
1768486200,25304.23,25315.21,25303.74,25311.03
1768486500,25311.2,25321.2,25311.02,25320.1
1768486800,25321.58,25333.98,25318.41,25328.12
1768487100,25328.1,25328.15,25307.48,25307.48
1768487400,25313.76,25327.04,25310.75,25327.04
1768487700,25328.73,25337.61,25327.38,25327.93
1768488000,25328.71,25335.78,25315.73,25317.32
1768488300,25317.17,25321.94,25297.9,25301.58
1768488600,25301.53,25305.35,25290.76,25294.25
1768488900,25295.12,25303.3,25289.45,25302.71
1768489200,25302.53,25317.52,25301.06,25311.55
1768489500,25311.45,25312.14,25294.8,25298.44
1768489800,25298.8,25301.9,25286.42,25292.54
1768490100,25292.55,25301.82,25290.87,25294.87
1768490400,25294.61,25299.04,25285.82,25297.9
1768490700,25298.66,25298.8,25284.13,25288.05
1768491000,25290.22,25304.83,25289.0,25304.73
1768491300,25304.66,25315.44,25304.66,25311.46
1768491600,25311.99,25322.4,25311.8,25315.44
1768491900,25315.11,25318.97,25308.84,25315.38
1768492200,25315.27,25328.91,25315.13,25328.91
1768492500,25328.9,25355.35,25323.31,25353.68
1768492800,25356.97,25367.41,25355.58,25362.55
1768493100,25363.32,25375.99,25357.81,25372.54
1768493400,25372.74,25376.18,25368.09,25368.64
1768493700,25368.56,25368.56,25355.37,25364.07
1768494000,25364.2,25373.5,25361.23,25369.8
1768494300,25369.84,25378.55,25367.12,25374.47
1768550400,25336.01,25336.41,25326.08,25334.96
1768550700,25335.53,25354.11,25333.97,25344.36
1768551000,25345.01,25351.25,25334.26,25336.31
1768551300,25335.72,25349.34,25334.58,25341.38
1768551600,25341.31,25341.31,25314.15,25320.63
1768551900,25321.18,25335.76,25315.7,25332.63
1768552200,25332.64,25334.43,25318.3,25318.3
1768552500,25318.97,25322.25,25311.13,25315.75
1768552800,25316.14,25316.14,25300.77,25304.49
1768553100,25304.24,25319.42,25303.6,25316.44
1768553400,25313.08,25316.42,25307.42,25312.96
1768553700,25312.02,25315.26,25303.03,25306.5
1768554000,25307.66,25316.74,25300.39,25310.04
1768554300,25310.27,25316.77,25304.35,25306.02
1768554600,25305.92,25309.67,25299.55,25302.05
1768554900,25301.35,25303.54,25293.7,25295.84
1768555200,25295.47,25306.11,25293.23,25304.0
1768555500,25304.07,25305.03,25290.55,25300.55
1768555800,25300.5,25304.56,25291.14,25292.36
1768556100,25291.75,25295.21,25284.44,25287.79
1768556400,25288.44,25289.81,25280.06,25281.68
1768556700,25281.78,25295.48,25281.58,25295.48
1768557000,25295.57,25298.26,25289.6,25296.46
1768557300,25297.76,25302.83,25293.93,25295.56
1768557600,25296.47,25309.3,25293.89,25309.23
1768557900,25308.05,25323.28,25307.36,25323.0
1768558200,25323.21,25332.42,25322.82,25325.17
1768558500,25326.46,25326.46,25316.43,25322.13
1768558800,25322.02,25326.19,25318.78,25322.55
1768559100,25322.58,25326.14,25319.99,25320.64
1768559400,25320.42,25328.54,25319.53,25327.27
1768559700,25327.37,25337.35,25317.42,25336.88
1768560000,25336.78,25342.66,25327.89,25327.94
1768560300,25327.0,25331.45,25322.79,25328.28
1768560600,25333.86,25334.41,25306.78,25310.8
1768560900,25317.13,25321.19,25294.42,25296.3
1768561200,25301.54,25301.57,25283.64,25288.46
1768561500,25288.56,25295.29,25286.88,25292.93
1768561800,25291.84,25299.94,25289.51,25299.65
1768562100,25299.92,25322.45,25299.32,25322.45
1768562400,25322.63,25330.19,25321.32,25322.75
1768562700,25322.63,25323.17,25311.37,25320.18
1768563000,25320.33,25320.81,25309.2,25309.2
1768563300,25309.26,25309.53,25298.91,25300.88
1768563600,25300.76,25309.51,25300.42,25302.34
1768563900,25302.43,25302.89,25295.76,25298.26
1768564200,25298.22,25298.33,25282.6,25289.8
1768564500,25289.94,25294.21,25282.44,25293.51
1768564800,25293.37,25299.52,25293.37,25299.52
1768565100,25299.14,25300.77,25279.06,25284.9
1768565400,25285.21,25288.69,25281.49,25286.63
1768565700,25286.66,25295.17,25283.76,25283.82
1768566000,25284.01,25288.09,25264.83,25264.83
1768566300,25264.82,25280.02,25264.82,25277.15
1768566600,25276.99,25277.17,25262.74,25267.55
1768566900,25268.29,25276.73,25267.79,25270.61
1768567200,25270.94,25282.73,25270.51,25282.13
1768567500,25281.8,25290.91,25276.47,25277.1
1768567800,25277.03,25284.6,25273.33,25284.49
1768568100,25284.31,25285.92,25277.84,25284.78
1768568400,25284.96,25295.49,25284.63,25294.33
1768568700,25294.23,25297.34,25291.23,25296.33
1768569000,25293.52,25295.48,25290.58,25295.48
1768569300,25295.23,25298.52,25293.99,25296.12
1768569600,25295.95,25296.14,25286.37,25286.37
1768569900,25286.0,25288.29,25283.55,25288.29
1768570200,25288.36,25297.74,25288.36,25291.42
1768570500,25292.1,25295.7,25288.9,25290.26
1768570800,25290.05,25290.33,25283.48,25284.71
1768571100,25284.61,25290.86,25283.97,25288.99
1768571400,25288.45,25289.1,25279.28,25287.39
1768571700,25287.42,25290.14,25279.62,25280.97
1768572000,25280.92,25291.56,25280.36,25288.21
1768572300,25287.68,25288.15,25278.78,25281.1
1768572600,25280.6,25280.6,25268.76,25268.76
1768572900,25268.54,25278.14,25263.09,25278.14
1768573200,25278.61,25280.9,25277.17,25279.58
1768573500,25274.84,25281.08,25270.89,25271.66
1768573800,25271.8,25279.73,25242.97,25242.97
1768574100,25242.2,25272.76,25242.2,25263.56
1768574400,25263.45,25269.01,25252.44,25254.16
1768574700,25250.89,25264.19,25247.32,25251.76
1768575000,25252.08,25254.45,25228.96,25235.02
1768575300,25234.66,25237.48,25212.94,25212.94
1768575600,25213.07,25215.86,25198.53,25208.31
1768575900,25208.62,25243.02,25208.62,25242.65
1768576200,25242.8,25263.96,25242.02,25263.27
1768576500,25264.87,25264.87,25227.82,25229.48
1768576800,25230.94,25253.67,25228.85,25251.85
1768577100,25251.73,25256.96,25240.2,25254.01
1768577400,25254.78,25265.22,25252.69,25263.86
1768577700,25264.19,25272.75,25254.39,25255.15
1768578000,25255.08,25255.08,25230.27,25245.41
1768578300,25243.51,25262.57,25237.67,25262.57
1768578600,25262.66,25265.42,25245.23,25248.02
1768578900,25248.99,25257.23,25245.29,25254.53
1768579200,25255.52,25264.68,25252.91,25256.59
1768579500,25255.09,25272.77,25252.62,25272.36
1768579800,25273.53,25284.08,25261.88,25262.35
1768580100,25262.5,25265.0,25251.03,25253.1
1768580400,25253.16,25269.52,25253.16,25268.9
1768580700,25267.25,25276.96,25263.8,25276.96
1768809600,24940.47,24940.47,24918.61,24931.26
1768809900,24928.75,24959.3,24921.63,24954.63
1768810200,24954.29,24994.93,24950.3,24992.88
1768810500,24993.15,25040.95,24993.15,25040.23
1768810800,25039.18,25044.39,25028.35,25037.71
1768811100,25037.47,25040.64,25014.05,25021.03
1768811400,25021.58,25057.43,25012.95,25056.75
1768811700,25056.5,25070.61,25046.76,25062.51
1768812000,25062.63,25065.38,25033.34,25033.34
1768812300,25033.63,25053.8,25032.75,25037.42
1768812600,25037.1,25044.04,25031.86,25037.15
1768812900,25037.23,25043.74,25020.72,25036.24
1768813200,25036.14,25042.16,25012.8,25023.57
1768813500,25023.51,25024.49,25004.26,25004.4
1768813800,25003.36,25005.84,24994.16,24997.62
1768814100,24997.02,25008.53,24981.94,24986.54
1768814400,24986.91,24989.86,24962.42,24965.29
1768814700,24961.28,24990.27,24957.43,24987.1
1768815000,24987.84,24993.84,24973.57,24978.53
1768815300,24977.45,24980.74,24960.23,24960.91
1768815600,24960.8,24967.34,24953.21,24961.7
1768815900,24960.97,24977.57,24958.94,24974.88
1768816200,24975.49,24979.71,24966.82,24970.13
1768816500,24970.55,24972.8,24955.74,24956.68
1768816800,24957.33,24973.49,24949.72,24973.49
1768817100,24973.54,24975.84,24957.84,24962.59
1768817400,24962.29,24979.08,24961.85,24979.08
1768817700,24979.22,24982.3,24967.39,24971.46
1768818000,24971.21,24978.62,24962.37,24978.62
1768818300,24979.26,24988.71,24979.26,24979.87
1768818600,24979.72,24980.15,24954.89,24955.59
1768818900,24955.2,24963.04,24950.36,24959.7
1768819200,24959.75,24960.54,24925.44,24926.45
1768819500,24926.63,24929.41,24911.59,24928.09
1768819800,24927.78,24944.95,24925.45,24933.87
1768820100,24933.98,24938.12,24922.13,24923.14
1768820400,24922.94,24947.61,24922.94,24947.61
1768820700,24947.82,24949.8,24933.82,24935.52
1768821000,24935.31,24944.01,24930.01,24932.11
1768821300,24933.03,24942.38,24928.22,24932.63
1768821600,24932.69,24949.25,24932.05,24942.37
1768821900,24942.51,24955.08,24941.62,24951.59
1768822200,24952.05,24958.31,24947.79,24947.79
1768822500,24946.28,24946.28,24927.06,24928.26
1768822800,24928.42,24929.95,24923.27,24923.65
1768823100,24924.62,24941.93,24923.54,24941.4
1768823400,24941.63,24949.27,24939.57,24939.97
1768823700,24939.84,24947.04,24939.84,24944.72
1768824000,24944.38,24953.02,24944.08,24950.19
1768824300,24949.64,24956.01,24946.4,24949.19
1768824600,24949.51,24969.19,24949.51,24965.37
1768824900,24964.71,24975.78,24961.12,24972.51
1768825200,24972.32,24978.81,24968.55,24973.4
1768825500,24973.49,24979.61,24969.76,24975.52
1768825800,24974.83,24985.29,24974.83,24980.88
1768826100,24981.19,24999.32,24980.34,24997.7
1768826400,24997.73,25016.39,24997.73,25015.29
1768826700,25014.54,25021.17,25010.6,25015.41
1768827000,25015.09,25015.09,24998.23,25004.02
1768827300,25003.75,25003.89,24992.81,24999.32
1768827600,24999.28,25028.13,24997.37,25025.25
1768827900,25025.35,25041.13,25023.69,25036.37
1768828200,25036.46,25038.47,25018.48,25018.53
1768828500,25017.72,25018.57,25005.52,25005.52
1768828800,25006.24,25010.26,25004.31,25007.8
1768829100,25006.72,25010.65,25005.06,25010.65
1768829400,25010.72,25024.92,25009.45,25023.94
1768829700,25023.99,25045.88,25022.92,25033.83
1768830000,25033.36,25045.09,25031.8,25040.07
1768830300,25039.93,25045.17,25038.56,25041.38
1768830600,25041.41,25044.76,25039.42,25041.4
1768830900,25041.07,25045.61,25038.33,25039.46
1768831200,25039.38,25042.47,25013.43,25021.4
1768831500,25021.5,25022.75,25009.21,25013.97
1768831800,25014.07,25015.87,25005.84,25008.22
1768832100,25008.06,25008.1,24978.24,24979.92
1768832400,24979.76,24991.73,24978.09,24989.29
1768832700,24988.87,24996.23,24984.55,24992.35
1768833000,24992.76,25002.18,24990.39,24991.14
1768833300,24990.89,24992.55,24968.27,24968.27
1768833600,24968.57,24978.74,24967.94,24969.83
1768833900,24969.74,24988.07,24969.74,24985.52
1768834200,24986.73,25004.62,24986.73,25001.73
1768834500,25001.17,25006.53,25000.56,25000.98
1768834800,25001.35,25004.75,24984.36,24995.43
1768835100,24995.29,24997.6,24978.76,24978.76
1768835400,24978.71,24980.41,24971.27,24979.78
1768835700,24979.88,24984.1,24969.82,24971.98
1768836000,24972.31,24981.33,24968.9,24977.19
1768836300,24976.64,24986.97,24973.63,24977.76
1768836600,24977.4,24980.78,24968.87,24970.04
1768836900,24970.37,24971.8,24949.5,24959.18
1768837200,24959.09,24972.21,24959.09,24968.15
1768837500,24967.73,24968.78,24952.85,24957.7
1768837800,24957.88,24959.1,24947.91,24948.66
1768838100,24948.28,24949.15,24931.63,24934.23
1768838400,24934.36,24967.71,24931.14,24963.69
1768838700,24963.56,24972.06,24957.44,24972.01
1768839000,24972.08,24993.4,24971.0,24988.9
1768839300,24988.76,24991.4,24980.68,24989.15
1768839600,24988.84,24989.02,24956.88,24957.79
1768839900,24957.37,24960.82,24950.18,24958.1
1768896000,24747.35,24751.47,24728.75,24746.29
1768896300,24744.51,24754.74,24719.41,24744.46
1768896600,24746.31,24758.32,24734.29,24744.51
1768896900,24745.29,24747.6,24705.91,24708.9
1768897200,24708.71,24729.28,24697.97,24729.28
1768897500,24729.16,24752.64,24729.16,24739.75
1768897800,24739.21,24739.21,24707.86,24710.44
1768898100,24710.09,24710.09,24679.09,24681.34
1768898400,24681.45,24686.55,24663.02,24681.33
1768898700,24680.43,24686.85,24671.52,24685.27
1768899000,24686.29,24709.49,24680.12,24680.12
1768899300,24679.61,24687.21,24657.02,24657.83
1768899600,24657.37,24667.57,24640.77,24640.77
1768899900,24639.19,24639.23,24621.71,24635.61
1768900200,24634.99,24639.43,24610.36,24610.36
1768900500,24610.28,24628.75,24596.91,24603.05
1768900800,24602.93,24612.96,24592.73,24604.7
1768901100,24604.52,24606.26,24576.09,24585.35
1768901400,24584.21,24587.87,24566.0,24567.4
1768901700,24568.22,24583.31,24558.4,24580.84
1768902000,24581.15,24581.27,24551.07,24574.63
1768902300,24574.59,24582.58,24565.83,24569.45
1768902600,24569.34,24583.55,24565.27,24573.82
1768902900,24573.69,24583.83,24571.92,24572.68
1768903200,24572.99,24573.6,24554.65,24555.35
1768903500,24554.38,24559.73,24545.76,24550.9
1768903800,24550.95,24583.1,24548.3,24579.6
1768904100,24578.94,24597.27,24573.74,24596.97
1768904400,24597.51,24614.03,24597.21,24610.47
1768904700,24610.44,24632.25,24610.44,24626.54
1768905000,24627.03,24633.91,24611.44,24613.59
1768905300,24612.79,24612.82,24584.86,24586.32
1768905600,24586.63,24602.4,24582.91,24600.25
1768905900,24599.82,24609.73,24579.47,24579.86
1768906200,24580.82,24580.82,24568.69,24568.69
1768906500,24568.41,24573.94,24565.14,24566.32
1768906800,24566.05,24580.65,24564.2,24577.28
1768907100,24577.25,24582.46,24571.5,24579.11
1768907400,24579.24,24583.91,24574.16,24575.64
1768907700,24575.37,24575.92,24553.7,24559.16
1768908000,24558.96,24570.49,24554.51,24569.85
1768908300,24569.91,24587.65,24558.29,24558.94
1768908600,24558.74,24560.79,24531.19,24534.57
1768908900,24533.95,24539.36,24533.35,24534.49
1768909200,24534.42,24535.99,24513.28,24517.14
1768909500,24517.0,24520.35,24507.11,24510.08
1768909800,24510.14,24532.93,24509.86,24529.66
1768910100,24530.55,24543.47,24529.55,24540.72
1768910400,24539.83,24547.34,24538.08,24547.34
1768910700,24547.27,24576.68,24545.91,24576.68
1768911000,24576.4,24576.71,24564.38,24575.5
1768911300,24575.57,24577.12,24557.24,24557.31
1768911600,24557.92,24561.39,24550.02,24550.98
1768911900,24550.52,24574.88,24550.31,24574.88
1768912200,24575.36,24592.57,24575.36,24592.57
1768912500,24592.43,24603.64,24592.07,24603.64
1768912800,24603.75,24628.07,24603.54,24627.82
1768913100,24626.88,24648.11,24626.88,24643.81
1768913400,24643.28,24651.51,24640.58,24644.12
1768913700,24644.24,24646.1,24624.26,24630.08
1768914000,24630.58,24654.76,24630.58,24654.65
1768914300,24654.73,24659.03,24648.62,24649.27
1768914600,24650.03,24650.17,24637.41,24638.92
1768914900,24637.69,24658.82,24636.1,24658.82
1768915200,24658.35,24662.23,24647.79,24649.63
1768915500,24649.27,24661.3,24647.5,24658.98
1768915800,24657.5,24662.48,24598.57,24610.32
1768916100,24610.51,24634.93,24607.82,24634.93
1768916400,24635.0,24637.07,24619.96,24622.13
1768916700,24621.48,24625.92,24616.1,24624.17
1768917000,24623.62,24623.62,24607.45,24621.92
1768917300,24622.1,24634.98,24611.72,24614.94
1768917600,24614.76,24619.59,24606.88,24608.12
1768917900,24607.55,24615.03,24597.43,24598.62
1768918200,24598.67,24615.46,24598.67,24611.95
1768918500,24611.82,24619.06,24603.62,24603.62
1768918800,24603.39,24609.23,24598.8,24606.41
1768919100,24606.69,24627.15,24605.88,24627.15
1768919400,24628.9,24690.7,24628.9,24670.35
1768919700,24670.47,24679.49,24642.41,24663.26
1768920000,24663.39,24678.74,24648.07,24676.26
1768920300,24676.15,24678.86,24655.19,24667.05
1768920600,24666.83,24696.7,24666.43,24671.77
1768920900,24670.7,24676.2,24654.95,24660.67
1768921200,24664.0,24664.0,24640.55,24659.57
1768921500,24659.69,24680.42,24645.32,24645.32
1768921800,24645.5,24655.77,24643.54,24655.06
1768922100,24654.85,24658.62,24636.25,24636.25
1768922400,24636.47,24671.34,24631.06,24663.67
1768922700,24664.84,24708.18,24664.81,24705.7
1768923000,24705.69,24716.84,24698.86,24716.11
1768923300,24716.16,24718.67,24703.51,24703.51
1768923600,24703.87,24709.64,24696.77,24703.24
1768923900,24703.22,24716.44,24703.22,24714.68
1768924200,24713.43,24713.43,24690.71,24695.24
1768924500,24694.43,24694.43,24671.01,24686.07
1768924800,24687.68,24698.43,24684.86,24689.72
1768925100,24689.35,24696.03,24677.36,24695.31
1768925400,24695.62,24713.5,24693.81,24707.99
1768925700,24708.53,24708.53,24690.28,24693.6
1768926000,24693.54,24697.84,24680.24,24681.34
1768926300,24681.07,24690.71,24671.93,24689.25
1768982400,24636.55,24636.55,24611.69,24615.0
1768982700,24615.46,24620.07,24609.73,24614.34
1768983000,24615.4,24616.75,24594.51,24612.58
1768983300,24613.07,24648.32,24612.77,24634.25
1768983600,24634.36,24636.55,24609.27,24627.77
1768983900,24627.49,24656.73,24627.49,24643.42
1768984200,24643.82,24652.85,24633.89,24639.9
1768984500,24639.76,24645.87,24632.29,24643.28
1768984800,24643.44,24649.59,24640.07,24642.52
1768985100,24642.9,24650.89,24639.59,24642.83
1768985400,24643.07,24643.56,24622.49,24628.95
1768985700,24629.32,24641.33,24628.28,24640.05
1768986000,24640.43,24647.64,24632.92,24641.77
1768986300,24642.3,24644.84,24620.68,24621.07
1768986600,24620.41,24635.49,24615.05,24632.97
1768986900,24632.64,24646.94,24632.18,24644.8
1768987200,24644.64,24652.05,24612.48,24613.3
1768987500,24613.43,24619.55,24605.31,24607.82
1768987800,24607.68,24609.25,24585.77,24585.77
1768988100,24586.1,24613.4,24582.76,24607.33
1768988400,24602.85,24603.85,24584.2,24586.77
1768988700,24586.46,24586.46,24553.27,24556.32
1768989000,24553.6,24565.17,24552.54,24561.91
1768989300,24562.03,24564.24,24542.78,24543.16
1768989600,24543.31,24553.83,24529.96,24551.32
1768989900,24551.4,24552.16,24534.09,24535.9
1768990200,24534.88,24548.83,24531.36,24541.07
1768990500,24540.88,24551.93,24534.88,24536.37
1768990800,24536.47,24543.04,24524.3,24525.45
1768991100,24525.02,24553.27,24522.37,24551.53
1768991400,24551.84,24563.67,24548.15,24561.07
1768991700,24561.04,24572.63,24559.64,24571.58
1768992000,24573.07,24579.53,24570.08,24571.25
1768992300,24571.68,24573.57,24562.18,24563.57
1768992600,24563.3,24563.35,24546.17,24546.24
1768992900,24546.41,24546.82,24534.11,24535.61
1768993200,24535.58,24535.58,24515.79,24526.26
1768993500,24526.29,24533.1,24523.04,24532.95
1768993800,24532.85,24535.57,24518.45,24518.52
1768994100,24517.23,24521.38,24511.5,24514.94
1768994400,24514.85,24525.68,24512.31,24525.57
1768994700,24525.71,24528.79,24512.95,24515.38
1768995000,24514.16,24527.98,24496.74,24500.87
1768995300,24501.14,24501.14,24474.16,24474.16
1768995600,24473.94,24481.77,24464.58,24479.64
1768995900,24480.81,24484.96,24448.35,24451.96
1768996200,24451.9,24460.54,24448.94,24449.13
1768996500,24449.46,24450.97,24437.1,24438.74
1768996800,24439.45,24439.45,24427.5,24433.22
1768997100,24433.26,24457.63,24432.96,24455.51
1768997400,24455.21,24456.94,24435.38,24448.42
1768997700,24448.91,24458.27,24448.78,24455.67
1768998000,24455.86,24464.62,24444.08,24464.3
1768998300,24464.37,24464.46,24450.42,24451.38
1768998600,24451.35,24456.45,24437.62,24456.45
1768998900,24456.92,24456.92,24431.13,24434.09
1768999200,24433.77,24433.77,24409.09,24417.7
1768999500,24417.77,24420.95,24401.66,24404.53
1768999800,24404.78,24416.16,24403.17,24409.53
1769000100,24409.49,24427.95,24403.67,24427.46
1769000400,24427.15,24428.68,24406.89,24407.46
1769000700,24407.5,24417.47,24401.83,24416.6
1769001000,24416.54,24423.05,24416.14,24416.17
1769001300,24415.02,24415.42,24371.82,24374.31
1769001600,24374.16,24377.92,24361.04,24362.82
1769001900,24363.35,24366.74,24351.65,24361.13
1769002200,24361.07,24365.66,24349.54,24354.88
1769002500,24355.26,24369.36,24351.33,24368.76
1769002800,24367.82,24383.25,24367.26,24373.05
1769003100,24373.16,24373.16,24357.2,24367.71
1769003400,24365.36,24392.45,24361.33,24392.45
1769003700,24392.4,24440.2,24389.97,24426.38
1769004000,24426.04,24493.48,24390.16,24452.78
1769004300,24453.35,24475.08,24430.91,24462.59
1769004600,24462.6,24576.15,24455.31,24534.49
1769004900,24534.79,24543.13,24516.28,24520.47
1769005200,24519.46,24545.67,24472.95,24533.53
1769005500,24533.79,24544.27,24492.66,24496.94
1769005800,24497.13,24517.01,24486.04,24508.99
1769006100,24510.09,24521.98,24484.27,24518.9
1769006400,24518.93,24530.99,24499.24,24528.97
1769006700,24529.01,24554.77,24528.05,24551.09
1769007000,24551.18,24563.88,24538.11,24561.07
1769007300,24560.52,24603.57,24558.71,24599.66
1769007600,24599.38,24606.23,24575.87,24575.9
1769007900,24572.24,24587.03,24566.68,24583.71
1769008200,24583.76,24588.71,24565.39,24576.87
1769008500,24578.07,24615.24,24578.07,24614.38
1769008800,24613.03,24615.53,24581.06,24598.54
1769009100,24598.33,24608.18,24587.1,24604.07
1769009400,24603.93,24625.4,24601.59,24621.97
1769009700,24621.95,24638.26,24621.51,24632.79
1769010000,24632.22,24641.34,24629.42,24639.78
1769010300,24639.29,24651.53,24631.08,24631.32
1769010600,24631.19,24643.68,24621.23,24635.88
1769010900,24635.62,24636.47,24618.64,24620.14
1769011200,24618.99,24618.99,24584.47,24584.7
1769011500,24584.09,24584.09,24573.85,24579.98
1769011800,24580.0,24608.42,24576.64,24594.18
1769012100,24593.08,24598.81,24584.47,24585.11
1769012400,24584.99,24585.47,24572.0,24580.44
1769012700,24580.85,24585.28,24570.3,24577.87
1769068800,24877.63,24877.63,24858.81,24875.65
1769069100,24875.21,24878.44,24849.82,24851.39
1769069400,24852.77,24878.04,24852.77,24857.75
1769069700,24857.52,24882.96,24844.24,24861.65
1769070000,24861.32,24886.01,24856.36,24880.52
1769070300,24882.36,24896.0,24875.81,24892.01
1769070600,24891.81,24891.81,24859.37,24861.9
1769070900,24861.6,24870.91,24836.62,24866.62
1769071200,24866.55,24873.16,24840.55,24847.49
1769071500,24847.85,24847.85,24825.21,24839.05
1769071800,24839.03,24868.74,24839.03,24842.38
1769072100,24841.83,24861.15,24840.33,24846.72
1769072400,24847.27,24874.19,24843.19,24873.75
1769072700,24873.46,24886.2,24873.46,24882.43
1769073000,24882.46,24897.56,24880.99,24890.99
1769073300,24891.1,24898.34,24886.26,24894.58
1769073600,24895.63,24897.75,24867.68,24883.8
1769073900,24885.94,24899.4,24871.81,24896.81
1769074200,24896.99,24901.92,24891.32,24899.06
1769074500,24898.97,24911.9,24897.8,24907.85
1769074800,24908.05,24922.64,24906.67,24921.52
1769075100,24921.82,24933.55,24917.99,24933.33
1769075400,24933.27,24937.08,24926.82,24927.18
1769075700,24926.84,24927.38,24916.47,24922.52
1769076000,24922.34,24926.48,24905.99,24911.34
1769076300,24911.45,24924.31,24910.3,24920.81
1769076600,24921.08,24926.37,24913.92,24916.57
1769076900,24916.63,24918.78,24889.27,24896.84
1769077200,24896.81,24910.04,24891.29,24903.0
1769077500,24902.96,24907.95,24889.84,24890.12
1769077800,24890.3,24893.31,24867.71,24868.77
1769078100,24868.91,24878.17,24861.7,24861.79
1769078400,24860.87,24867.84,24854.17,24866.04
1769078700,24866.37,24875.47,24865.82,24872.33
1769079000,24872.29,24873.62,24866.87,24869.09
1769079300,24869.08,24875.52,24863.15,24871.77
1769079600,24872.21,24892.15,24871.52,24892.15
1769079900,24892.52,24906.52,24892.52,24904.68
1769080200,24904.41,24906.9,24884.81,24886.13
1769080500,24884.96,24885.62,24844.77,24859.6
1769080800,24861.41,24869.07,24855.9,24866.35
1769081100,24867.0,24869.6,24856.45,24859.42
1769081400,24859.14,24887.56,24844.66,24856.41
1769081700,24856.43,24856.73,24830.84,24833.6
1769082000,24833.76,24834.04,24812.91,24820.61
1769082300,24820.76,24828.35,24819.17,24824.36
1769082600,24824.67,24834.54,24823.77,24830.48
1769082900,24832.01,24841.31,24829.91,24840.82
1769083200,24841.37,24841.55,24828.12,24830.4
1769083500,24830.41,24838.95,24820.93,24837.72
1769083800,24837.78,24845.6,24831.16,24845.54
1769084100,24846.09,24854.91,24845.53,24846.27
1769084400,24844.99,24846.4,24837.83,24843.8
1769084700,24843.69,24852.27,24843.18,24847.02
1769085000,24846.94,24865.58,24846.1,24857.6
1769085300,24856.51,24860.32,24849.74,24858.88
1769085600,24857.98,24879.9,24857.62,24879.15
1769085900,24879.05,24880.73,24851.19,24851.19
1769086200,24850.88,24853.11,24836.29,24837.47
1769086500,24838.08,24849.11,24837.93,24845.93
1769086800,24846.25,24854.28,24841.99,24841.99
1769087100,24842.02,24845.04,24822.17,24822.17
1769087400,24822.27,24822.47,24807.87,24811.35
1769087700,24811.0,24811.21,24797.03,24799.95
1769088000,24801.02,24811.14,24798.44,24809.78
1769088300,24809.68,24823.38,24808.41,24818.87
1769088600,24817.76,24833.82,24815.92,24832.68
1769088900,24832.24,24841.05,24827.5,24834.79
1769089200,24834.48,24835.15,24818.6,24824.59
1769089500,24824.93,24847.51,24824.27,24846.99
1769089800,24847.18,24860.04,24844.68,24855.97
1769090100,24855.56,24855.94,24837.16,24838.08
1769090400,24837.54,24846.97,24835.49,24835.49
1769090700,24835.45,24835.65,24824.37,24826.34
1769091000,24826.8,24835.66,24816.42,24833.82
1769091300,24833.76,24839.93,24832.43,24835.35
1769091600,24836.58,24847.7,24836.58,24846.83
1769091900,24847.77,24867.33,24847.77,24866.11
1769092200,24865.31,24901.83,24861.89,24892.22
1769092500,24892.42,24927.85,24892.42,24926.84
1769092800,24927.78,24930.47,24910.29,24911.3
1769093100,24911.16,24912.7,24884.7,24890.1
1769093400,24889.91,24895.45,24875.0,24881.3
1769093700,24881.64,24884.92,24843.7,24844.74
1769094000,24845.77,24845.81,24802.47,24810.21
1769094300,24809.81,24818.05,24789.63,24793.23
1769094600,24792.98,24793.29,24772.54,24781.34
1769094900,24781.66,24813.5,24779.44,24810.66
1769095200,24812.23,24845.74,24811.89,24826.32
1769095500,24825.39,24860.29,24817.13,24858.61
1769095800,24859.6,24870.71,24854.73,24863.62
1769096100,24864.23,24865.15,24844.56,24853.48
1769096400,24853.61,24855.96,24834.75,24852.41
1769096700,24852.4,24869.98,24852.13,24860.68
1769097000,24858.42,24859.11,24844.68,24847.18
1769097300,24848.01,24860.58,24845.34,24848.4
1769097600,24848.58,24885.98,24848.58,24885.98
1769097900,24884.89,24898.98,24884.89,24893.61
1769098200,24895.54,24898.12,24881.87,24887.54
1769098500,24887.46,24898.35,24876.05,24878.64
1769098800,24878.68,24884.24,24869.7,24882.16
1769099100,24881.61,24892.27,24875.37,24875.83
1769155200,24819.94,24835.38,24814.98,24825.14
1769155500,24824.93,24855.05,24823.67,24851.78
1769155800,24851.6,24860.44,24832.37,24832.37
1769156100,24832.22,24856.02,24826.07,24854.47
1769156400,24855.08,24860.18,24841.22,24855.41
1769156700,24856.64,24860.65,24842.83,24852.98
1769157000,24852.65,24871.56,24833.06,24836.01
1769157300,24836.18,24871.51,24835.96,24871.51
1769157600,24872.14,24879.81,24860.97,24869.27
1769157900,24869.16,24873.14,24861.84,24866.33
1769158200,24865.34,24870.14,24839.24,24862.46
1769158500,24862.66,24863.48,24846.14,24849.34
1769158800,24850.44,24868.68,24843.81,24859.93
1769159100,24860.67,24864.17,24853.97,24860.27
1769159400,24860.39,24864.14,24853.04,24861.98
1769159700,24862.11,24875.79,24861.09,24875.21
1769160000,24876.79,24899.4,24876.26,24889.96
1769160300,24890.1,24906.32,24890.1,24902.73
1769160600,24902.92,24903.07,24883.05,24883.94
1769160900,24883.02,24884.53,24864.48,24864.65
1769161200,24864.46,24864.95,24838.29,24852.87
1769161500,24853.6,24856.44,24837.8,24841.8
1769161800,24843.47,24852.15,24841.23,24842.9
1769162100,24844.21,24848.24,24840.73,24843.76
1769162400,24844.08,24848.98,24830.06,24832.85
1769162700,24833.9,24834.59,24818.54,24822.68
1769163000,24822.5,24822.52,24804.1,24807.49
1769163300,24806.57,24833.99,24805.99,24828.89
1769163600,24829.65,24836.4,24823.61,24836.4
1769163900,24836.28,24836.28,24804.96,24807.0
1769164200,24806.11,24807.41,24797.52,24801.46
1769164500,24801.34,24814.39,24797.54,24804.4
1769164800,24805.09,24814.23,24805.09,24806.22
1769165100,24805.33,24815.58,24800.32,24810.1
1769165400,24803.03,24831.05,24796.93,24831.05
1769165700,24829.05,24840.7,24824.73,24838.74
1769166000,24835.97,24868.19,24835.97,24850.72
1769166300,24850.17,24863.72,24848.99,24862.82
1769166600,24863.05,24863.93,24846.43,24851.68
1769166900,24851.65,24860.99,24851.53,24860.23
1769167200,24860.77,24879.97,24859.59,24878.43
1769167500,24877.85,24897.24,24877.85,24896.58
1769167800,24896.91,24904.27,24894.13,24897.72
1769168100,24897.48,24897.48,24886.18,24889.99
1769168400,24889.56,24889.56,24872.41,24876.52
1769168700,24877.44,24884.58,24869.77,24883.46
1769169000,24884.76,24895.97,24883.91,24890.47
1769169300,24890.38,24890.82,24876.7,24880.75
1769169600,24882.05,24899.4,24882.05,24889.5
1769169900,24889.37,24896.55,24889.06,24891.49
1769170200,24891.58,24893.94,24881.26,24881.26
1769170500,24881.07,24881.12,24874.62,24875.19
1769170800,24875.16,24878.3,24869.96,24877.53
1769171100,24877.71,24879.39,24873.75,24874.59
1769171400,24874.66,24876.09,24855.71,24862.41
1769171700,24862.85,24868.78,24856.28,24865.72
1769172000,24865.65,24870.67,24859.23,24870.58
1769172300,24870.95,24893.21,24868.83,24884.06
1769172600,24884.52,24894.63,24882.1,24884.89
1769172900,24884.05,24895.45,24875.66,24894.96
1769173200,24894.42,24896.55,24875.01,24875.01
1769173500,24874.82,24886.67,24874.82,24883.47
1769173800,24882.4,24887.65,24879.94,24884.8
1769174100,24884.58,24886.27,24878.97,24881.85
1769174400,24882.18,24882.18,24861.88,24863.08
1769174700,24863.62,24869.11,24851.95,24854.32
1769175000,24853.35,24858.84,24844.56,24844.74
1769175300,24844.57,24852.01,24842.49,24852.01
1769175600,24852.67,24862.85,24852.67,24859.84
1769175900,24859.8,24866.15,24855.49,24860.21
1769176200,24859.35,24860.5,24843.28,24844.55
1769176500,24844.5,24846.25,24839.92,24846.25
1769176800,24846.39,24852.41,24840.32,24849.05
1769177100,24848.78,24856.46,24846.43,24851.58
1769177400,24850.8,24865.48,24850.8,24863.58
1769177700,24863.44,24863.44,24854.35,24856.06
1769178000,24856.19,24858.99,24832.36,24846.72
1769178300,24846.11,24853.59,24837.69,24843.68
1769178600,24844.72,24851.94,24815.16,24825.95
1769178900,24825.83,24831.45,24806.2,24807.47
1769179200,24806.39,24817.65,24804.15,24813.45
1769179500,24813.98,24834.67,24813.98,24823.94
1769179800,24825.82,24843.87,24825.71,24837.4
1769180100,24836.87,24852.62,24836.37,24845.97
1769180400,24846.25,24863.49,24843.76,24861.21
1769180700,24861.32,24866.76,24847.89,24863.65
1769181000,24864.32,24867.83,24851.19,24854.84
1769181300,24855.07,24856.5,24843.17,24849.48
1769181600,24849.78,24878.58,24848.65,24873.81
1769181900,24875.04,24883.97,24874.15,24875.19
1769182200,24875.07,24896.21,24874.71,24895.99
1769182500,24896.61,24916.95,24893.11,24916.03
1769182800,24914.92,24930.15,24914.92,24923.72
1769183100,24923.02,24928.66,24920.61,24924.19
1769183400,24923.63,24924.9,24909.98,24919.19
1769183700,24919.73,24927.74,24911.29,24914.39
1769184000,24914.63,24924.33,24903.05,24917.22
1769184300,24917.62,24918.85,24898.71,24901.91
1769184600,24901.77,24904.13,24883.39,24884.28
1769184900,24883.99,24893.33,24881.53,24886.95
1769185200,24886.53,24886.93,24866.57,24871.28
1769185500,24870.69,24871.02,24853.34,24857.84
1769414400,24890.3,24901.59,24877.93,24900.26
1769414700,24900.69,24904.19,24883.36,24890.68
1769415000,24890.64,24896.17,24875.49,24888.22
1769415300,24887.5,24901.04,24885.58,24898.96
1769415600,24899.43,24914.47,24894.4,24914.22
1769415900,24913.75,24913.75,24894.11,24895.33
1769416200,24895.41,24899.68,24878.66,24879.55
1769416500,24880.0,24892.26,24876.35,24879.99
1769416800,24879.44,24890.59,24870.57,24890.59
1769417100,24891.85,24898.28,24877.97,24878.85
1769417400,24878.78,24884.3,24874.95,24879.54
1769417700,24878.88,24881.09,24872.79,24880.85
1769418000,24881.17,24888.31,24872.87,24885.57
1769418300,24886.22,24893.85,24886.22,24888.76
1769418600,24888.68,24889.25,24858.16,24858.47
1769418900,24858.86,24864.9,24845.43,24846.04
1769419200,24845.94,24847.02,24830.68,24836.76
1769419500,24836.78,24843.1,24834.37,24842.48
1769419800,24842.62,24844.21,24833.86,24843.26
1769420100,24842.65,24843.72,24813.63,24813.98
1769420400,24814.28,24818.62,24808.64,24809.48
1769420700,24808.25,24814.1,24802.85,24805.03
1769421000,24804.94,24806.13,24790.74,24796.51
1769421300,24796.39,24807.69,24796.19,24807.69
1769421600,24807.57,24813.94,24799.07,24800.96
1769421900,24800.82,24812.22,24799.78,24799.92
1769422200,24800.23,24819.66,24799.88,24819.66
1769422500,24819.84,24831.04,24816.71,24819.36
1769422800,24818.83,24829.31,24815.72,24829.31
1769423100,24828.48,24841.64,24828.38,24836.02
1769423400,24836.32,24838.56,24827.43,24833.82
1769423700,24833.89,24850.69,24833.82,24844.83
1769424000,24845.2,24845.37,24837.49,24838.15
1769424300,24838.27,24841.91,24836.44,24838.03
1769424600,24837.51,24839.0,24824.11,24824.53
1769424900,24824.26,24825.33,24813.27,24815.47
1769425200,24815.74,24824.67,24814.47,24819.66
1769425500,24819.56,24832.68,24819.56,24831.81
1769425800,24831.88,24835.27,24829.18,24833.51
1769426100,24834.06,24842.51,24832.13,24841.53
1769426400,24841.62,24852.57,24839.28,24848.58
1769426700,24848.86,24857.54,24848.12,24855.64
1769427000,24855.57,24859.01,24851.39,24854.54
1769427300,24854.51,24854.51,24848.09,24852.02
1769427600,24852.21,24853.2,24847.36,24848.78
1769427900,24848.62,24849.54,24840.14,24844.34
1769428200,24845.28,24845.98,24842.63,24845.22
1769428500,24844.96,24852.83,24844.82,24848.98
1769428800,24848.75,24875.22,24848.75,24874.64
1769429100,24875.26,24885.17,24874.44,24879.69
1769429400,24879.79,24890.82,24879.79,24884.27
1769429700,24884.47,24891.62,24874.8,24874.94
1769430000,24874.8,24885.16,24874.08,24884.4
1769430300,24884.75,24895.77,24883.3,24884.32
1769430600,24883.63,24890.06,24883.43,24889.16
1769430900,24890.08,24897.22,24889.14,24896.19
1769431200,24896.13,24896.13,24886.73,24886.73
1769431500,24886.21,24890.11,24878.39,24881.43
1769431800,24881.52,24887.77,24875.25,24884.65
1769432100,24884.68,24891.83,24884.68,24886.57
1769432400,24887.11,24890.99,24886.25,24887.39
1769432700,24887.29,24890.53,24885.8,24886.29
1769433000,24886.1,24888.21,24880.69,24886.14
1769433300,24886.27,24897.56,24885.76,24896.57
1769433600,24896.7,24906.51,24896.54,24899.28
1769433900,24899.59,24900.73,24891.6,24891.6
1769434200,24891.08,24896.76,24890.0,24895.97
1769434500,24895.28,24896.12,24885.1,24885.1
1769434800,24884.49,24885.65,24878.0,24883.51
1769435100,24883.81,24894.0,24883.54,24890.87
1769435400,24890.67,24899.55,24888.57,24898.01
1769435700,24898.15,24921.35,24898.15,24920.58
1769436000,24921.52,24942.43,24921.52,24941.61
1769436300,24942.14,24965.74,24940.64,24965.74
1769436600,24965.19,24966.22,24953.53,24958.11
1769436900,24959.25,24974.24,24954.37,24962.58
1769437200,24962.46,24962.46,24938.14,24940.04
1769437500,24939.65,24940.43,24931.37,24936.32
1769437800,24936.04,24967.25,24936.04,24966.02
1769438100,24966.26,24985.15,24961.65,24966.62
1769438400,24966.6,24967.09,24949.92,24951.15
1769438700,24951.33,24955.88,24939.78,24952.33
1769439000,24953.89,24957.85,24946.14,24953.26
1769439300,24953.4,24955.0,24938.65,24940.99
1769439600,24942.95,24957.13,24940.36,24953.71
1769439900,24953.52,24957.77,24948.02,24953.79
1769440200,24953.25,24969.6,24949.29,24968.4
1769440500,24969.73,24970.69,24957.43,24961.45
1769440800,24961.52,24962.37,24951.5,24955.21
1769441100,24955.28,24955.58,24926.1,24927.57
1769441400,24927.49,24931.35,24920.29,24920.71
1769441700,24921.2,24921.2,24901.74,24910.89
1769442000,24910.61,24910.65,24895.53,24906.39
1769442300,24906.42,24929.63,24906.42,24924.85
1769442600,24925.63,24949.61,24925.6,24947.16
1769442900,24946.83,24958.49,24946.83,24952.76
1769443200,24952.91,24956.2,24942.46,24947.3
1769443500,24946.76,24947.83,24932.37,24940.3
1769443800,24940.46,24967.36,24940.0,24965.54
1769444100,24965.67,24968.61,24944.8,24947.28
1769444400,24947.38,24950.33,24939.9,24943.95
1769444700,24943.7,24958.13,24939.83,24948.43
1769500800,25008.03,25013.38,24999.65,25008.6
1769501100,25009.1,25020.22,24978.71,24987.93
1769501400,24987.55,24998.28,24981.02,24989.26
1769501700,24989.16,24998.88,24976.36,24978.83
1769502000,24979.49,24985.74,24953.52,24954.73
1769502300,24955.95,24967.45,24953.66,24958.64
1769502600,24960.72,24968.07,24924.71,24924.71
1769502900,24925.66,24926.52,24907.41,24918.06
1769503200,24918.05,24929.35,24913.53,24926.94
1769503500,24926.62,24931.99,24917.37,24931.99
1769503800,24931.93,24933.07,24918.21,24919.87
1769504100,24920.18,24920.18,24908.81,24915.47
1769504400,24914.34,24914.77,24902.74,24910.58
1769504700,24910.54,24910.95,24878.92,24885.35
1769505000,24885.47,24885.92,24861.27,24869.3
1769505300,24869.56,24892.91,24869.56,24887.93
1769505600,24888.09,24898.0,24887.89,24894.92
1769505900,24894.62,24897.02,24878.75,24890.91
1769506200,24889.99,24896.29,24883.58,24887.81
1769506500,24887.16,24910.11,24887.01,24910.11
1769506800,24910.3,24913.57,24906.68,24913.06
1769507100,24913.16,24917.16,24896.93,24898.35
1769507400,24898.14,24905.66,24890.62,24896.22
1769507700,24896.25,24901.71,24891.29,24895.86
1769508000,24895.74,24917.01,24893.68,24916.91
1769508300,24916.75,24918.67,24908.08,24908.39
1769508600,24909.07,24910.52,24903.27,24910.0
1769508900,24910.42,24920.54,24910.42,24917.88
1769509200,24917.43,24919.66,24911.82,24911.95
1769509500,24911.87,24920.54,24911.87,24920.26
1769509800,24920.53,24924.04,24916.67,24920.03
1769510100,24920.42,24922.59,24915.41,24916.75
1769510400,24917.42,24928.19,24917.42,24926.68
1769510700,24925.93,24926.76,24920.85,24926.11
1769511000,24925.65,24934.23,24922.95,24923.7
1769511300,24923.86,24926.18,24912.06,24912.47
1769511600,24911.74,24917.27,24907.34,24909.98
1769511900,24909.37,24911.09,24906.03,24908.35
1769512200,24908.52,24910.36,24901.14,24909.85
1769512500,24909.44,24918.1,24906.95,24913.9
1769512800,24914.0,24921.52,24913.62,24919.72
1769513100,24919.86,24930.14,24915.95,24930.14
1769513400,24930.19,24947.38,24930.19,24947.24
1769513700,24947.86,24954.29,24946.8,24951.07
1769514000,24951.02,24963.44,24951.02,24959.69
1769514300,24959.14,24962.07,24951.81,24952.9
1769514600,24952.37,24954.88,24935.19,24937.83
1769514900,24937.96,24942.72,24933.38,24935.89
1769515200,24936.1,24937.2,24925.28,24928.88
1769515500,24928.12,24934.87,24928.12,24930.44
1769515800,24930.7,24937.51,24930.09,24934.83
1769516100,24933.79,24934.89,24924.12,24926.9
1769516400,24927.4,24927.4,24919.65,24921.34
1769516700,24921.94,24921.94,24903.58,24915.69
1769517000,24915.59,24922.51,24913.02,24921.03
1769517300,24920.98,24934.64,24920.19,24932.97
1769517600,24930.06,24936.66,24929.64,24936.66
1769517900,24935.93,24935.93,24924.02,24925.89
1769518200,24925.78,24928.11,24918.36,24928.11
1769518500,24927.19,24931.06,24919.03,24929.58
1769518800,24929.72,24951.22,24929.72,24951.18
1769519100,24951.53,24956.84,24950.45,24954.8
1769519400,24954.68,24954.68,24935.36,24938.35
1769519700,24938.19,24938.19,24919.4,24927.69
1769520000,24927.58,24933.97,24927.48,24932.46
1769520300,24932.15,24932.15,24918.69,24918.69
1769520600,24918.26,24923.93,24916.63,24923.61
1769520900,24925.16,24926.15,24916.89,24918.3
1769521200,24918.22,24920.51,24905.04,24905.66
1769521500,24905.79,24916.33,24901.79,24902.83
1769521800,24902.76,24916.78,24901.04,24914.41
1769522100,24914.51,24915.79,24907.75,24914.95
1769522400,24914.11,24922.5,24909.57,24918.57
1769522700,24919.12,24927.22,24915.52,24923.21
1769523000,24923.71,24928.48,24916.54,24922.47
1769523300,24922.96,24924.04,24913.43,24921.86
1769523600,24922.2,24928.38,24918.44,24928.38
1769523900,24927.65,24932.3,24924.15,24930.6
1769524200,24931.11,24942.54,24931.11,24941.75
1769524500,24942.18,24954.17,24928.05,24928.65
1769524800,24927.79,24952.13,24927.77,24940.51
1769525100,24940.23,24944.87,24928.75,24936.05
1769525400,24935.8,24947.42,24927.59,24943.66
1769525700,24943.63,24947.59,24914.0,24916.54
1769526000,24915.73,24916.6,24894.92,24903.52
1769526300,24904.07,24913.04,24893.89,24913.04
1769526600,24913.35,24922.26,24908.53,24909.53
1769526900,24909.72,24910.65,24899.78,24903.85
1769527200,24903.37,24908.13,24878.2,24881.77
1769527500,24882.65,24883.74,24848.53,24854.07
1769527800,24853.76,24878.03,24851.97,24876.08
1769528100,24878.91,24888.14,24875.1,24888.14
1769528400,24888.2,24903.84,24884.52,24902.16
1769528700,24902.09,24902.09,24889.26,24892.08
1769529000,24892.45,24901.79,24885.57,24901.44
1769529300,24901.81,24913.68,24900.71,24907.7
1769529600,24907.88,24915.93,24899.33,24906.63
1769529900,24906.3,24916.3,24903.5,24910.95
1769530200,24911.98,24931.15,24911.02,24930.42
1769530500,24930.23,24932.71,24918.95,24923.78
1769530800,24924.13,24925.09,24915.72,24918.28
1769531100,24918.27,24918.27,24905.41,24906.68
1769587200,24878.23,24909.41,24877.5,24900.89
1769587500,24899.96,24901.99,24880.91,24901.99
1769587800,24901.85,24918.21,24896.82,24897.73
1769588100,24898.21,24913.17,24895.51,24912.5
1769588400,24912.9,24926.03,24912.42,24917.24
1769588700,24917.69,24921.77,24906.19,24917.66
1769589000,24918.82,24920.23,24890.25,24896.02
1769589300,24894.3,24894.51,24879.14,24887.54
1769589600,24888.1,24888.13,24860.34,24863.25
1769589900,24863.84,24863.84,24824.88,24827.29
1769590200,24827.2,24827.82,24801.09,24813.71
1769590500,24814.03,24814.03,24795.5,24798.56
1769590800,24798.42,24824.83,24798.42,24822.13
1769591100,24821.6,24823.52,24808.13,24823.52
1769591400,24823.94,24823.94,24804.83,24806.92
1769591700,24806.25,24838.53,24805.4,24833.69
1769592000,24833.12,24833.78,24817.95,24822.61
1769592300,24822.51,24830.82,24816.9,24823.5
1769592600,24823.81,24838.53,24822.24,24836.59
1769592900,24836.51,24849.63,24832.27,24835.63
1769593200,24837.99,24842.8,24824.56,24827.58
1769593500,24828.25,24833.39,24823.73,24833.39
1769593800,24833.28,24850.71,24830.56,24841.46
1769594100,24840.94,24845.86,24839.28,24842.35
1769594400,24842.45,24842.45,24820.66,24829.01
1769594700,24829.0,24847.68,24817.68,24847.68
1769595000,24847.57,24860.31,24843.32,24844.06
1769595300,24844.4,24844.93,24834.17,24834.65
1769595600,24833.93,24845.42,24828.9,24840.34
1769595900,24839.8,24852.49,24839.8,24847.65
1769596200,24847.0,24856.07,24840.15,24842.43
1769596500,24842.07,24850.67,24839.4,24840.28
1769596800,24840.15,24846.1,24831.13,24845.64
1769597100,24845.75,24855.04,24837.01,24837.56
1769597400,24837.88,24842.65,24832.95,24842.24
1769597700,24842.88,24846.7,24835.56,24840.44
1769598000,24839.91,24847.82,24834.85,24835.22
1769598300,24835.31,24842.5,24829.05,24842.5
1769598600,24842.63,24853.18,24842.63,24851.73
1769598900,24852.32,24861.47,24852.14,24857.94
1769599200,24858.48,24866.48,24845.67,24865.29
1769599500,24866.59,24886.08,24865.07,24878.68
1769599800,24879.23,24880.65,24870.9,24875.16
1769600100,24875.44,24890.77,24875.44,24886.37
1769600400,24886.2,24894.08,24879.23,24884.81
1769600700,24883.94,24883.94,24864.41,24872.02
1769601000,24871.53,24875.45,24863.24,24863.81
1769601300,24862.59,24863.51,24839.95,24840.56
1769601600,24842.97,24846.35,24829.88,24845.95
1769601900,24846.13,24850.27,24834.46,24844.08
1769602200,24843.94,24846.97,24763.29,24803.6
1769602500,24805.37,24807.7,24772.08,24776.13
1769602800,24775.51,24795.57,24764.03,24771.16
1769603100,24769.74,24799.65,24768.54,24780.8
1769603400,24784.56,24795.98,24765.17,24774.11
1769603700,24773.36,24778.24,24769.62,24769.62
1769604000,24769.44,24769.44,24747.61,24757.61
1769604300,24757.47,24761.09,24742.16,24742.16
1769604600,24741.7,24744.88,24724.2,24731.56
1769604900,24731.15,24735.08,24707.19,24710.61
1769605200,24710.8,24737.6,24709.6,24726.94
1769605500,24727.69,24761.89,24721.84,24761.54
1769605800,24762.21,24768.55,24741.3,24741.3
1769606100,24741.83,24755.76,24741.36,24749.85
1769606400,24749.54,24753.11,24731.25,24740.09
1769606700,24740.31,24746.42,24731.85,24734.07
1769607000,24733.8,24767.53,24729.25,24767.48
1769607300,24765.67,24775.66,24765.67,24775.38
1769607600,24775.47,24780.24,24762.82,24762.82
1769607900,24764.84,24765.77,24749.09,24765.41
1769608200,24765.79,24780.02,24763.61,24765.78
1769608500,24765.87,24765.87,24749.66,24764.54
1769608800,24764.77,24781.03,24764.25,24773.01
1769609100,24771.33,24772.96,24754.61,24759.89
1769609400,24758.82,24769.12,24751.02,24767.18
1769609700,24767.23,24776.49,24758.19,24769.14
1769610000,24769.65,24790.05,24769.65,24788.06
1769610300,24787.52,24790.7,24775.95,24776.8
1769610600,24775.96,24786.66,24767.14,24780.57
1769610900,24779.96,24785.66,24756.9,24774.81
1769611200,24774.64,24806.46,24772.7,24802.84
1769611500,24802.94,24816.21,24801.8,24810.68
1769611800,24810.71,24816.22,24791.89,24815.42
1769612100,24817.6,24818.45,24797.62,24801.27
1769612400,24800.61,24814.6,24795.86,24800.91
1769612700,24800.72,24836.41,24791.23,24833.75
1769613000,24833.47,24837.25,24809.62,24809.62
1769613300,24810.23,24825.58,24809.34,24820.9
1769613600,24821.22,24839.52,24808.53,24831.03
1769613900,24830.43,24830.43,24807.62,24808.85
1769614200,24808.33,24824.18,24798.65,24798.65
1769614500,24798.9,24819.15,24794.33,24817.41
1769614800,24817.11,24818.35,24798.95,24799.07
1769615100,24798.38,24825.84,24797.23,24823.27
1769615400,24822.74,24846.26,24822.38,24837.87
1769615700,24837.22,24839.12,24827.21,24827.21
1769616000,24826.55,24835.52,24820.77,24832.49
1769616300,24831.76,24834.54,24819.69,24829.08
1769616600,24830.17,24842.73,24830.17,24841.92
1769616900,24842.16,24842.84,24829.72,24835.15
1769617200,24836.12,24849.09,24832.73,24839.39
1769617500,24839.81,24846.34,24832.44,24845.78
1769673600,24697.38,24697.38,24600.15,24603.25
1769673900,24606.04,24637.02,24588.62,24632.97
1769674200,24633.18,24682.98,24631.53,24673.31
1769674500,24673.69,24754.53,24673.69,24752.26
1769674800,24753.6,24758.73,24732.24,24745.94
1769675100,24747.57,24753.77,24704.31,24729.62
1769675400,24731.17,24736.76,24709.68,24721.67
1769675700,24721.12,24727.77,24685.71,24700.69
1769676000,24700.78,24705.12,24651.36,24668.43
1769676300,24669.35,24676.1,24638.89,24638.89
1769676600,24638.98,24638.98,24615.86,24624.41
1769676900,24624.52,24640.38,24608.96,24632.06
1769677200,24630.35,24657.06,24618.92,24647.56
1769677500,24647.15,24651.18,24627.86,24636.24
1769677800,24636.55,24657.13,24627.6,24656.22
1769678100,24656.42,24664.17,24632.45,24641.39
1769678400,24639.99,24655.78,24635.72,24655.04
1769678700,24654.5,24660.58,24588.34,24591.0
1769679000,24591.25,24603.79,24582.84,24597.7
1769679300,24599.23,24605.46,24590.27,24601.4
1769679600,24601.71,24612.95,24589.3,24595.19
1769679900,24593.48,24598.07,24546.14,24546.14
1769680200,24547.36,24553.2,24522.06,24542.36
1769680500,24542.67,24548.5,24529.03,24532.52
1769680800,24532.88,24554.28,24532.2,24535.18
1769681100,24535.39,24548.28,24530.27,24541.01
1769681400,24542.58,24556.14,24541.41,24551.52
1769681700,24551.22,24568.57,24546.68,24566.87
1769682000,24566.12,24577.05,24549.33,24574.27
1769682300,24574.58,24591.97,24556.0,24560.66
1769682600,24561.58,24578.71,24546.99,24577.11
1769682900,24577.24,24584.77,24559.67,24563.91
1769683200,24563.6,24570.63,24538.77,24539.79
1769683500,24540.72,24545.84,24526.96,24541.63
1769683800,24541.01,24563.15,24539.68,24539.68
1769684100,24540.29,24541.52,24506.11,24510.85
1769684400,24511.22,24530.81,24503.15,24526.36
1769684700,24526.05,24559.09,24523.87,24550.83
1769685000,24552.98,24579.84,24551.8,24571.92
1769685300,24572.3,24593.85,24565.15,24585.39
1769685600,24584.47,24613.55,24583.3,24604.35
1769685900,24604.04,24615.46,24602.79,24609.6
1769686200,24608.68,24614.42,24591.11,24591.11
1769686500,24593.56,24600.66,24588.06,24598.72
1769686800,24600.56,24617.15,24596.69,24598.19
1769687100,24598.22,24613.14,24595.25,24611.02
1769687400,24612.29,24613.49,24603.24,24609.44
1769687700,24608.21,24622.29,24608.21,24617.9
1769688000,24618.24,24627.57,24614.11,24614.37
1769688300,24614.49,24624.35,24614.21,24622.04
1769688600,24622.34,24637.67,24622.34,24635.63
1769688900,24633.88,24635.69,24609.01,24615.62
1769689200,24614.46,24618.17,24595.49,24607.85
1769689500,24608.5,24620.77,24600.69,24614.71
1769689800,24615.33,24615.66,24598.15,24598.15
1769690100,24597.48,24601.26,24571.5,24571.77
1769690400,24572.07,24584.45,24569.66,24580.0
1769690700,24579.79,24586.14,24574.04,24579.17
1769691000,24577.64,24582.22,24574.13,24578.08
1769691300,24578.0,24589.97,24560.15,24561.15
1769691600,24560.53,24583.55,24558.93,24578.81
1769691900,24578.58,24580.74,24566.51,24566.51
1769692200,24566.2,24575.36,24565.0,24566.26
1769692500,24566.62,24569.22,24540.01,24543.81
1769692800,24544.12,24558.81,24534.78,24550.41
1769693100,24549.89,24569.78,24547.36,24565.29
1769693400,24565.59,24573.1,24552.13,24569.27
1769693700,24568.59,24579.47,24561.33,24568.34
1769694000,24568.65,24576.86,24549.37,24549.78
1769694300,24549.93,24578.43,24546.45,24568.68
1769694600,24568.79,24580.31,24559.47,24580.08
1769694900,24580.28,24614.17,24579.78,24605.46
1769695200,24605.47,24613.26,24596.15,24609.51
1769695500,24608.43,24625.55,24602.31,24612.32
1769695800,24611.16,24616.25,24602.68,24603.83
1769696100,24604.75,24609.16,24571.84,24583.01
1769696400,24584.07,24602.28,24581.8,24601.0
1769696700,24601.31,24601.31,24562.38,24569.91
1769697000,24570.93,24587.1,24547.43,24552.37
1769697300,24550.69,24577.53,24534.6,24568.65
1769697600,24569.88,24589.08,24565.87,24580.78
1769697900,24581.6,24581.6,24513.81,24521.82
1769698200,24521.18,24523.21,24474.85,24495.79
1769698500,24496.93,24497.88,24434.03,24434.03
1769698800,24432.62,24451.78,24422.87,24450.91
1769699100,24450.94,24458.71,24422.37,24427.0
1769699400,24427.02,24458.81,24424.0,24436.18
1769699700,24435.46,24454.36,24427.25,24439.32
1769700000,24437.8,24465.57,24429.52,24452.01
1769700300,24452.05,24470.59,24420.88,24421.0
1769700600,24420.62,24420.62,24344.5,24355.47
1769700900,24354.71,24370.14,24329.72,24369.29
1769701200,24369.58,24370.93,24341.02,24347.6
1769701500,24346.47,24377.46,24343.07,24345.31
1769701800,24345.59,24345.59,24290.36,24291.53
1769702100,24291.55,24335.92,24281.72,24299.77
1769702400,24299.54,24311.42,24274.7,24283.52
1769702700,24284.0,24295.9,24266.33,24281.3
1769703000,24281.41,24333.33,24270.53,24333.33
1769703300,24333.64,24365.65,24331.72,24338.02
1769703600,24338.09,24356.53,24314.89,24315.71
1769703900,24316.02,24323.91,24293.85,24297.07
1769760000,24376.15,24398.13,24366.39,24398.13
1769760300,24397.17,24413.31,24385.59,24394.09
1769760600,24394.28,24441.03,24392.95,24434.92
1769760900,24435.47,24453.1,24425.19,24450.64
1769761200,24449.75,24484.93,24447.6,24476.15
1769761500,24475.61,24487.38,24472.12,24480.31
1769761800,24480.26,24491.31,24455.17,24461.74
1769762100,24462.66,24471.29,24443.5,24469.47
1769762400,24469.02,24494.7,24464.08,24493.79
1769762700,24494.0,24521.5,24493.99,24520.49
1769763000,24519.21,24520.78,24498.2,24512.21
1769763300,24512.48,24526.25,24505.36,24526.25
1769763600,24527.17,24529.06,24513.1,24514.85
1769763900,24514.83,24523.35,24501.15,24504.77
1769764200,24504.16,24510.32,24499.68,24499.79
1769764500,24498.46,24500.9,24470.38,24500.7
1769764800,24500.92,24519.81,24500.92,24516.57
1769765100,24516.48,24522.06,24507.18,24519.46
1769765400,24520.17,24520.79,24496.43,24497.19
1769765700,24497.05,24503.73,24491.21,24494.02
1769766000,24493.41,24493.41,24486.11,24488.23
1769766300,24487.88,24492.44,24471.43,24475.99
1769766600,24475.79,24479.74,24456.88,24462.95
1769766900,24463.25,24478.94,24462.64,24464.44
1769767200,24465.36,24481.42,24465.11,24466.58
1769767500,24465.64,24470.19,24456.48,24456.82
1769767800,24456.95,24467.81,24455.94,24465.51
1769768100,24465.54,24466.9,24434.12,24443.06
1769768400,24442.64,24443.25,24422.76,24424.24
1769768700,24424.38,24427.59,24412.86,24425.04
1769769000,24425.79,24467.24,24425.31,24467.24
1769769300,24466.63,24468.58,24452.79,24453.0
1769769600,24452.93,24455.12,24434.72,24440.33
1769769900,24440.0,24448.99,24438.25,24441.4
1769770200,24441.08,24468.68,24441.05,24445.28
1769770500,24448.26,24453.15,24442.23,24445.46
1769770800,24448.54,24469.66,24438.67,24468.07
1769771100,24468.34,24471.36,24451.26,24451.26
1769771400,24451.2,24469.69,24450.56,24461.64
1769771700,24461.61,24471.09,24461.61,24465.61
1769772000,24464.07,24481.37,24461.65,24478.42
1769772300,24478.7,24484.55,24478.7,24483.95
1769772600,24484.25,24504.23,24478.81,24500.51
1769772900,24500.81,24504.61,24491.59,24501.62
1769773200,24502.54,24516.8,24501.84,24514.25
1769773500,24514.13,24527.8,24513.26,24514.82
1769773800,24515.08,24536.43,24513.85,24535.08
1769774100,24534.8,24558.13,24533.09,24545.29
1769774400,24546.07,24568.74,24545.77,24566.89
1769774700,24566.99,24568.19,24549.94,24550.41
1769775000,24550.55,24551.9,24535.63,24538.7
1769775300,24538.39,24554.27,24538.09,24552.55
1769775600,24552.18,24552.18,24538.44,24542.85
1769775900,24543.16,24543.93,24514.97,24516.37
1769776200,24512.19,24521.96,24506.85,24514.43
1769776500,24514.35,24531.43,24514.35,24522.78
1769776800,24522.38,24530.16,24513.13,24513.13
1769777100,24513.33,24526.75,24512.46,24524.07
1769777400,24524.14,24528.97,24517.44,24519.18
1769777700,24518.75,24520.16,24508.87,24512.39
1769778000,24511.85,24514.29,24499.1,24499.1
1769778300,24499.28,24518.78,24498.63,24514.19
1769778600,24514.1,24530.53,24513.72,24529.44
1769778900,24529.13,24529.13,24508.56,24508.56
1769779200,24507.94,24512.54,24501.47,24502.23
1769779500,24502.4,24510.33,24500.85,24508.79
1769779800,24508.46,24508.64,24484.27,24493.96
1769780100,24493.68,24501.81,24491.4,24500.64
1769780400,24500.89,24502.69,24489.23,24502.14
1769780700,24502.41,24506.53,24493.1,24493.1
1769781000,24493.29,24503.61,24488.59,24490.53
1769781300,24490.56,24491.91,24472.85,24475.44
1769781600,24475.25,24490.71,24471.58,24490.68
1769781900,24491.26,24501.5,24489.27,24491.99
1769782200,24492.03,24515.13,24492.03,24513.75
1769782500,24512.79,24524.12,24512.29,24522.42
1769782800,24523.31,24527.87,24513.42,24514.94
1769783100,24518.37,24540.05,24515.21,24539.63
1769783400,24540.16,24569.03,24532.8,24565.36
1769783700,24565.33,24575.46,24558.47,24574.52
1769784000,24575.02,24585.45,24567.82,24568.11
1769784300,24568.49,24568.49,24542.23,24560.7
1769784600,24558.96,24570.93,24533.5,24537.91
1769784900,24537.63,24545.41,24512.56,24518.66
1769785200,24518.9,24537.53,24516.93,24525.51
1769785500,24525.16,24558.66,24523.8,24557.3
1769785800,24556.97,24566.34,24543.23,24558.41
1769786100,24558.17,24562.64,24550.95,24558.2
1769786400,24557.72,24560.55,24546.63,24556.52
1769786700,24556.09,24556.18,24522.4,24527.41
1769787000,24527.22,24546.7,24515.25,24546.06
1769787300,24546.79,24576.56,24546.79,24569.64
1769787600,24570.53,24584.38,24569.73,24580.56
1769787900,24580.77,24584.5,24568.53,24571.43
1769788200,24571.93,24571.93,24543.17,24550.56
1769788500,24550.66,24554.0,24524.8,24524.8
1769788800,24523.94,24545.98,24521.69,24541.35
1769789100,24539.99,24553.68,24528.41,24528.75
1769789400,24528.84,24539.69,24520.6,24537.8
1769789700,24538.24,24538.24,24515.5,24517.37
1769790000,24517.47,24519.0,24496.68,24512.64
1769790300,24513.03,24533.4,24511.68,24516.8
1770019200,24392.09,24398.37,24384.21,24394.98
1770019500,24394.85,24432.76,24386.05,24432.55
1770019800,24433.08,24459.63,24433.08,24453.51
1770020100,24454.14,24478.96,24452.06,24478.36
1770020400,24478.6,24478.79,24464.67,24465.0
1770020700,24465.29,24465.29,24432.74,24441.2
1770021000,24441.19,24498.81,24440.58,24497.27
1770021300,24497.63,24512.46,24491.17,24512.46
1770021600,24513.08,24528.44,24506.49,24525.98
1770021900,24525.95,24534.94,24519.88,24532.03
1770022200,24532.46,24548.24,24528.65,24540.67
1770022500,24541.35,24558.87,24538.23,24543.87
1770022800,24544.36,24559.55,24529.27,24530.0
1770023100,24529.12,24529.73,24507.76,24514.81
1770023400,24515.51,24541.98,24515.51,24541.98
1770023700,24542.88,24554.58,24536.26,24552.76
1770024000,24552.58,24569.52,24550.38,24564.9
1770024300,24563.61,24569.06,24557.66,24558.69
1770024600,24557.27,24566.44,24547.34,24566.14
1770024900,24566.41,24579.6,24562.1,24574.75
1770025200,24574.34,24575.36,24566.54,24566.54
1770025500,24569.3,24596.46,24568.55,24591.54
1770025800,24591.84,24601.14,24577.58,24577.58
1770026100,24577.46,24581.08,24567.13,24581.08
1770026400,24581.05,24610.65,24581.02,24599.21
1770026700,24598.66,24615.01,24598.3,24605.85
1770027000,24605.93,24616.21,24590.43,24591.68
1770027300,24592.08,24597.41,24587.28,24587.47
1770027600,24587.55,24602.13,24582.51,24587.84
1770027900,24587.57,24613.14,24587.57,24612.81
1770028200,24613.46,24626.77,24606.36,24623.89
1770028500,24623.35,24623.35,24611.01,24620.12
1770028800,24620.39,24622.08,24611.95,24619.14
1770029100,24619.76,24621.01,24605.83,24610.9
1770029400,24610.85,24617.06,24608.26,24613.95
1770029700,24613.88,24617.81,24607.96,24611.72
1770030000,24611.17,24623.17,24611.17,24620.66
1770030300,24621.16,24638.41,24616.67,24637.89
1770030600,24638.26,24664.95,24638.26,24663.31
1770030900,24663.89,24667.58,24653.33,24656.86
1770031200,24656.92,24665.4,24655.98,24663.65
1770031500,24662.82,24670.23,24659.23,24670.23
1770031800,24670.3,24680.62,24670.13,24675.2
1770032100,24676.88,24676.88,24665.24,24667.08
1770032400,24667.61,24667.61,24661.66,24663.62
1770032700,24663.31,24677.29,24661.52,24675.79
1770033000,24676.29,24699.45,24673.97,24696.17
1770033300,24696.66,24698.51,24684.13,24690.72
1770033600,24690.97,24712.82,24690.84,24710.36
1770033900,24709.27,24715.69,24706.24,24713.54
1770034200,24713.81,24718.26,24708.41,24712.42
1770034500,24712.96,24727.15,24705.56,24725.18
1770034800,24725.0,24738.42,24722.86,24734.37
1770035100,24735.09,24739.06,24725.9,24733.09
1770035400,24733.89,24742.2,24733.05,24740.3
1770035700,24739.69,24739.69,24724.1,24732.22
1770036000,24732.31,24752.74,24732.31,24752.74
1770036300,24753.29,24760.77,24746.19,24746.91
1770036600,24745.33,24745.33,24729.84,24736.7
1770036900,24736.4,24737.4,24725.74,24730.38
1770037200,24730.43,24731.24,24708.06,24713.06
1770037500,24712.4,24728.67,24708.33,24725.43
1770037800,24724.89,24738.03,24723.73,24735.23
1770038100,24735.39,24736.85,24717.63,24717.63
1770038400,24716.48,24720.83,24710.44,24715.62
1770038700,24715.16,24722.07,24713.86,24718.53
1770039000,24718.81,24728.72,24709.07,24709.07
1770039300,24709.0,24719.43,24704.11,24715.74
1770039600,24715.88,24728.96,24715.65,24728.59
1770039900,24728.77,24740.06,24728.77,24740.06
1770040200,24739.79,24745.78,24739.72,24744.11
1770040500,24744.49,24754.89,24744.22,24749.81
1770040800,24750.35,24759.17,24739.41,24747.17
1770041100,24748.89,24753.89,24740.9,24742.47
1770041400,24743.39,24759.65,24742.82,24757.71
1770041700,24757.1,24776.74,24756.77,24775.11
1770042000,24776.36,24776.36,24744.01,24745.96
1770042300,24743.45,24754.39,24743.45,24751.54
1770042600,24751.69,24763.23,24737.89,24759.02
1770042900,24759.19,24770.47,24754.87,24764.73
1770043200,24764.94,24766.57,24750.64,24750.64
1770043500,24751.09,24763.8,24744.67,24756.3
1770043800,24755.7,24771.25,24755.7,24764.05
1770044100,24763.83,24765.21,24733.35,24742.84
1770044400,24749.24,24775.28,24733.83,24775.28
1770044700,24775.88,24800.44,24775.06,24790.75
1770045000,24791.16,24805.85,24786.54,24802.47
1770045300,24801.93,24842.04,24799.85,24840.89
1770045600,24841.44,24849.05,24833.73,24847.06
1770045900,24847.49,24851.7,24825.61,24830.46
1770046200,24829.64,24831.95,24811.66,24819.17
1770046500,24819.4,24822.87,24808.62,24813.56
1770046800,24813.48,24816.04,24797.03,24801.28
1770047100,24801.49,24801.8,24776.7,24776.84
1770047400,24777.06,24797.54,24773.67,24797.19
1770047700,24799.36,24800.53,24786.01,24793.92
1770048000,24793.61,24808.38,24789.02,24793.04
1770048300,24792.39,24800.72,24779.78,24800.72
1770048600,24800.81,24815.64,24797.93,24812.32
1770048900,24812.43,24822.0,24805.0,24809.94
1770049200,24806.9,24808.97,24795.71,24805.74
1770049500,24804.74,24807.14,24783.59,24783.59
1770105600,24956.76,24980.44,24956.2,24976.42
1770105900,24976.96,25020.24,24972.12,25012.83
1770106200,25013.88,25052.51,25013.88,25052.51
1770106500,25051.74,25074.24,25048.74,25073.93
1770106800,25073.01,25088.21,25053.12,25084.77
1770107100,25085.96,25098.71,25074.3,25076.48
1770107400,25077.61,25082.41,25057.74,25059.12
1770107700,25060.1,25066.84,25053.18,25064.71
1770108000,25064.39,25084.15,25061.77,25079.82
1770108300,25080.91,25091.16,25074.74,25083.49
1770108600,25083.99,25084.46,25055.05,25055.11
1770108900,25055.19,25069.94,25044.52,25067.48
1770109200,25067.57,25085.26,25066.61,25082.12
1770109500,25082.25,25088.36,25055.86,25055.86
1770109800,25056.02,25067.1,25051.3,25051.39
1770110100,25050.86,25052.68,25020.81,25029.7
1770110400,25029.67,25029.67,24991.29,24995.33
1770110700,24995.3,24995.3,24980.44,24980.72
1770111000,24981.11,24984.7,24969.73,24976.21
1770111300,24976.14,24976.14,24947.98,24957.65
1770111600,24959.5,24966.88,24947.36,24947.64
1770111900,24947.32,24949.99,24931.95,24949.68
1770112200,24949.37,24965.39,24949.37,24954.11
1770112500,24954.02,24954.02,24930.17,24942.78
1770112800,24942.82,24964.05,24942.64,24961.75
1770113100,24961.62,24963.81,24949.29,24949.29
1770113400,24949.08,24951.24,24927.55,24927.55
1770113700,24927.45,24932.53,24922.26,24928.88
1770114000,24928.56,24929.27,24907.28,24912.69
1770114300,24911.02,24918.99,24893.92,24897.8
1770114600,24896.76,24902.17,24891.25,24897.99
1770114900,24898.91,24904.14,24881.79,24882.56
1770115200,24882.84,24885.56,24864.88,24877.28
1770115500,24876.65,24877.49,24857.63,24861.74
1770115800,24861.12,24865.23,24854.55,24864.33
1770116100,24864.66,24871.96,24850.76,24850.76
1770116400,24850.67,24851.49,24825.94,24827.89
1770116700,24826.75,24832.26,24819.66,24824.64
1770117000,24824.6,24852.14,24821.84,24845.0
1770117300,24845.01,24845.87,24837.08,24844.61
1770117600,24844.58,24854.32,24842.63,24851.56
1770117900,24851.83,24856.46,24849.8,24852.63
1770118200,24852.82,24853.87,24839.13,24846.04
1770118500,24845.42,24846.84,24832.59,24836.81
1770118800,24837.25,24860.65,24833.84,24860.5
1770119100,24861.15,24871.05,24861.06,24865.84
1770119400,24865.83,24866.2,24851.3,24861.43
1770119700,24863.33,24885.44,24863.26,24883.35
1770120000,24878.47,24878.47,24851.86,24851.86
1770120300,24852.27,24861.56,24849.33,24859.1
1770120600,24858.87,24863.15,24855.05,24861.06
1770120900,24861.77,24862.46,24843.92,24855.53
1770121200,24855.38,24869.52,24854.65,24854.84
1770121500,24854.06,24871.67,24853.16,24871.43
1770121800,24872.33,24908.03,24872.33,24905.96
1770122100,24906.03,24906.32,24893.79,24900.78
1770122400,24901.33,24912.0,24901.13,24911.78
1770122700,24911.69,24913.95,24884.06,24889.27
1770123000,24888.63,24888.63,24870.07,24870.49
1770123300,24870.91,24872.28,24857.88,24858.98
1770123600,24858.55,24863.07,24841.28,24846.26
1770123900,24846.57,24858.5,24840.29,24858.5
1770124200,24858.54,24876.25,24858.23,24864.79
1770124500,24864.61,24865.37,24853.58,24855.13
1770124800,24854.43,24856.41,24844.41,24853.56
1770125100,24853.2,24869.06,24852.44,24862.42
1770125400,24862.5,24863.11,24845.47,24845.47
1770125700,24845.58,24851.69,24829.4,24830.49
1770126000,24830.42,24830.42,24812.64,24812.72
1770126300,24812.9,24813.63,24800.46,24807.53
1770126600,24806.57,24806.57,24790.68,24803.25
1770126900,24804.16,24808.52,24797.73,24804.86
1770127200,24804.36,24808.17,24791.43,24791.53
1770127500,24791.25,24791.91,24770.61,24773.86
1770127800,24773.32,24778.56,24762.33,24762.4
1770128100,24761.86,24761.86,24749.3,24759.61
1770128400,24760.15,24767.33,24754.12,24754.12
1770128700,24753.39,24760.17,24747.12,24759.72
1770129000,24759.42,24772.56,24747.0,24769.72
1770129300,24769.82,24792.05,24752.71,24759.12
1770129600,24759.64,24784.85,24758.43,24767.55
1770129900,24766.2,24812.07,24764.48,24797.42
1770130200,24796.54,24801.76,24741.48,24741.97
1770130500,24740.99,24740.99,24703.62,24711.99
1770130800,24713.5,24732.79,24709.14,24732.21
1770131100,24732.48,24747.2,24725.76,24746.44
1770131400,24748.06,24765.58,24747.17,24758.15
1770131700,24757.6,24773.43,24746.25,24746.63
1770132000,24747.17,24766.88,24725.55,24726.66
1770132300,24725.74,24784.56,24723.2,24773.18
1770132600,24773.28,24777.34,24738.66,24738.66
1770132900,24737.8,24764.59,24729.52,24762.89
1770133200,24761.93,24772.7,24743.04,24743.51
1770133500,24742.9,24786.06,24735.73,24786.06
1770133800,24787.75,24810.07,24779.72,24793.15
1770134100,24793.34,24805.72,24790.75,24797.83
1770134400,24797.2,24814.76,24795.51,24803.85
1770134700,24805.54,24814.0,24783.9,24784.79
1770135000,24785.53,24800.61,24779.69,24790.72
1770135300,24790.73,24799.56,24779.17,24787.57
1770135600,24787.88,24798.53,24768.27,24774.67
1770135900,24774.36,24791.14,24772.82,24775.74
1770192000,24845.59,24846.74,24802.64,24805.37
1770192300,24806.34,24836.78,24803.75,24836.78
1770192600,24836.13,24865.84,24831.66,24863.91
1770192900,24864.07,24877.91,24841.45,24841.94
1770193200,24838.89,24839.99,24795.03,24797.44
1770193500,24798.05,24801.89,24773.65,24782.72
1770193800,24781.99,24787.73,24750.89,24750.89
1770194100,24753.22,24764.23,24734.31,24739.01
1770194400,24739.37,24758.8,24735.68,24757.26
1770194700,24757.06,24757.93,24723.99,24725.83
1770195000,24725.4,24726.45,24694.75,24700.79
1770195300,24701.62,24717.65,24692.47,24696.42
1770195600,24696.3,24701.07,24671.21,24681.6
1770195900,24682.5,24694.08,24666.43,24666.43
1770196200,24667.17,24672.25,24633.84,24652.25
1770196500,24652.8,24655.3,24627.51,24629.66
1770196800,24629.77,24657.64,24616.91,24647.56
1770197100,24647.87,24680.27,24640.7,24678.26
1770197400,24678.82,24689.59,24663.0,24663.0
1770197700,24662.7,24663.46,24641.92,24659.65
1770198000,24659.35,24675.51,24649.08,24652.71
1770198300,24652.57,24685.15,24652.57,24679.38
1770198600,24678.94,24700.9,24678.09,24691.72
1770198900,24691.59,24709.41,24689.33,24697.71
1770199200,24698.02,24714.01,24696.19,24714.01
1770199500,24713.42,24723.34,24707.22,24713.34
1770199800,24713.51,24742.23,24705.37,24739.61
1770200100,24739.82,24750.56,24732.95,24740.78
1770200400,24740.97,24745.28,24730.3,24737.39
1770200700,24736.97,24737.63,24718.37,24728.71
1770201000,24728.06,24758.53,24728.06,24758.53
1770201300,24757.38,24757.86,24743.43,24747.63
1770201600,24746.4,24758.0,24745.36,24754.81
1770201900,24754.77,24755.73,24743.87,24748.84
1770202200,24749.62,24769.33,24749.04,24767.05
1770202500,24769.66,24773.98,24756.0,24756.0
1770202800,24755.92,24764.53,24748.02,24751.39
1770203100,24751.35,24751.35,24718.18,24719.65
1770203400,24719.54,24723.93,24710.1,24723.1
1770203700,24723.0,24732.93,24720.86,24732.43
1770204000,24732.71,24741.55,24730.4,24734.51
1770204300,24734.25,24734.25,24714.19,24717.64
1770204600,24717.14,24726.68,24710.19,24721.42
1770204900,24721.97,24740.97,24721.78,24740.47
1770205200,24740.97,24741.13,24726.21,24734.06
1770205500,24735.46,24772.1,24735.46,24768.6
1770205800,24767.34,24782.08,24767.34,24777.99
1770206100,24777.71,24780.95,24764.43,24772.5
1770206400,24772.52,24787.46,24771.78,24787.42
1770206700,24787.18,24793.97,24773.74,24778.6
1770207000,24779.09,24781.85,24768.6,24773.85
1770207300,24773.95,24782.76,24762.12,24776.36
1770207600,24776.33,24778.6,24747.52,24754.61
1770207900,24754.69,24754.69,24734.21,24734.26
1770208200,24734.07,24737.17,24723.01,24732.62
1770208500,24732.49,24732.49,24691.94,24692.43
1770208800,24692.77,24698.27,24680.16,24683.32
1770209100,24683.86,24712.21,24683.86,24694.34
1770209400,24693.79,24702.15,24687.53,24695.73
1770209700,24695.64,24706.28,24692.95,24705.0
1770210000,24705.91,24721.74,24704.82,24706.36
1770210300,24704.71,24705.43,24698.68,24702.74
1770210600,24702.79,24712.41,24693.24,24708.19
1770210900,24707.53,24708.12,24695.12,24695.81
1770211200,24695.26,24702.05,24671.95,24681.67
1770211500,24681.38,24696.15,24679.94,24693.15
1770211800,24692.4,24705.38,24684.57,24703.97
1770212100,24703.73,24703.73,24685.35,24695.01
1770212400,24696.39,24709.72,24694.58,24694.58
1770212700,24695.12,24704.45,24692.72,24699.53
1770213000,24699.42,24703.77,24688.06,24690.67
1770213300,24689.45,24697.78,24672.17,24672.17
1770213600,24672.64,24673.21,24642.72,24645.7
1770213900,24645.67,24654.02,24642.54,24647.35
1770214200,24647.26,24647.53,24635.04,24641.97
1770214500,24642.06,24672.79,24641.47,24662.42
1770214800,24661.53,24662.08,24645.06,24647.55
1770215100,24645.84,24681.55,24644.39,24669.1
1770215400,24671.28,24674.06,24630.78,24636.33
1770215700,24635.2,24669.93,24628.67,24646.39
1770216000,24645.83,24671.85,24640.91,24661.19
1770216300,24661.03,24706.51,24649.63,24698.83
1770216600,24698.81,24698.81,24639.88,24659.59
1770216900,24659.82,24665.5,24626.22,24628.85
1770217200,24635.45,24653.43,24623.44,24650.18
1770217500,24649.11,24710.91,24645.43,24707.35
1770217800,24706.87,24717.02,24694.43,24709.34
1770218100,24709.84,24726.08,24699.68,24720.07
1770218400,24720.16,24756.36,24719.66,24730.31
1770218700,24730.66,24742.03,24718.22,24724.86
1770219000,24726.91,24727.56,24677.19,24685.97
1770219300,24685.5,24716.05,24657.68,24698.97
1770219600,24696.83,24736.39,24693.6,24703.56
1770219900,24703.96,24709.38,24664.89,24672.16
1770220200,24672.92,24680.95,24658.66,24668.73
1770220500,24668.29,24691.93,24658.44,24671.24
1770220800,24673.22,24678.76,24627.45,24642.07
1770221100,24643.12,24666.77,24642.56,24646.61
1770221400,24647.21,24666.25,24641.74,24659.54
1770221700,24659.35,24667.49,24612.05,24613.91
1770222000,24614.06,24656.41,24612.41,24654.54
1770222300,24655.35,24675.09,24648.41,24654.54
1770278400,24607.47,24619.05,24587.14,24606.78
1770278700,24606.36,24625.56,24587.37,24624.12
1770279000,24624.72,24646.03,24611.19,24630.62
1770279300,24629.47,24663.81,24628.21,24651.8
1770279600,24653.65,24653.65,24609.78,24614.56
1770279900,24614.97,24627.64,24599.7,24608.37
1770280200,24610.65,24610.65,24578.23,24578.23
1770280500,24578.37,24583.12,24554.4,24565.49
1770280800,24565.25,24573.79,24556.73,24558.66
1770281100,24559.4,24560.36,24523.28,24541.47
1770281400,24539.77,24545.16,24519.81,24531.59
1770281700,24530.48,24530.48,24503.22,24503.22
1770282000,24502.57,24506.36,24479.89,24483.7
1770282300,24483.69,24496.2,24466.03,24493.07
1770282600,24492.7,24515.5,24491.33,24508.76
1770282900,24508.27,24508.27,24479.96,24485.9
1770283200,24485.86,24494.77,24479.15,24483.84
1770283500,24484.45,24508.59,24483.37,24505.06
1770283800,24504.73,24532.08,24502.8,24522.43
1770284100,24521.97,24521.97,24483.06,24484.8
1770284400,24484.03,24486.97,24447.62,24447.62
1770284700,24447.49,24460.7,24437.78,24440.07
1770285000,24439.43,24477.07,24439.43,24474.49
1770285300,24473.88,24491.55,24471.57,24490.5
1770285600,24490.95,24493.83,24463.09,24473.3
1770285900,24473.57,24492.84,24457.37,24492.64
1770286200,24492.61,24525.87,24492.61,24523.57
1770286500,24522.93,24531.57,24514.93,24530.94
1770286800,24531.71,24552.01,24529.6,24551.09
1770287100,24551.34,24561.96,24542.45,24561.87
1770287400,24560.7,24562.31,24539.79,24541.64
1770287700,24541.46,24545.05,24520.72,24529.87
1770288000,24529.33,24549.32,24521.5,24528.39
1770288300,24528.57,24557.54,24528.57,24554.88
1770288600,24556.17,24566.35,24537.23,24537.23
1770288900,24537.1,24556.3,24533.91,24553.23
1770289200,24552.54,24552.99,24528.4,24532.98
1770289500,24534.14,24552.67,24530.87,24552.67
1770289800,24552.73,24564.03,24548.59,24552.19
1770290100,24552.5,24572.48,24548.73,24565.3
1770290400,24565.0,24573.96,24553.11,24565.73
1770290700,24562.39,24579.56,24559.07,24578.09
1770291000,24578.02,24583.16,24535.44,24543.23
1770291300,24543.69,24554.78,24538.68,24552.72
1770291600,24553.06,24577.74,24547.82,24577.68
1770291900,24578.0,24600.47,24578.0,24598.32
1770292200,24596.9,24598.91,24577.63,24578.78
1770292500,24578.82,24583.78,24575.31,24579.18
1770292800,24579.12,24600.45,24576.69,24599.99
1770293100,24599.63,24601.52,24564.74,24565.51
1770293400,24564.98,24584.23,24560.0,24583.41
1770293700,24583.5,24588.01,24549.32,24550.6
1770294000,24550.32,24550.32,24501.44,24501.77
1770294300,24502.44,24509.34,24496.46,24496.48
1770294600,24495.83,24498.44,24475.86,24480.34
1770294900,24478.79,24481.16,24445.76,24446.27
1770295200,24446.26,24449.87,24413.36,24428.29
1770295500,24428.06,24432.71,24373.85,24374.76
1770295800,24377.62,24411.28,24377.62,24401.08
1770296100,24399.87,24414.34,24372.41,24414.34
1770296400,24409.95,24421.35,24402.57,24403.81
1770296700,24403.71,24442.14,24402.21,24441.21
1770297000,24441.51,24443.51,24428.9,24431.87
1770297300,24431.6,24452.62,24416.42,24417.79
1770297600,24417.65,24425.9,24400.43,24413.49
1770297900,24413.55,24414.57,24398.19,24401.76
1770298200,24404.98,24433.31,24384.44,24430.44
1770298500,24430.63,24443.29,24417.86,24419.46
1770298800,24419.0,24421.72,24409.47,24411.56
1770299100,24411.68,24412.86,24379.58,24384.14
1770299400,24384.59,24385.33,24343.29,24348.87
1770299700,24347.85,24348.05,24315.92,24320.26
1770300000,24320.81,24344.17,24308.21,24327.35
1770300300,24327.9,24333.29,24314.42,24330.08
1770300600,24330.02,24341.69,24310.62,24313.34
1770300900,24311.33,24318.84,24272.62,24293.61
1770301200,24292.34,24335.07,24288.2,24332.1
1770301500,24332.63,24359.38,24309.55,24355.7
1770301800,24357.94,24386.91,24342.89,24385.9
1770302100,24385.7,24435.44,24385.04,24422.87
1770302400,24423.96,24454.8,24402.8,24453.78
1770302700,24452.33,24456.14,24432.83,24445.82
1770303000,24447.42,24474.1,24442.79,24443.43
1770303300,24442.13,24449.77,24398.95,24398.98
1770303600,24398.96,24411.64,24348.16,24368.15
1770303900,24368.82,24370.03,24336.75,24365.35
1770304200,24365.45,24374.92,24336.49,24340.27
1770304500,24340.41,24409.63,24338.9,24406.28
1770304800,24406.14,24415.62,24370.79,24380.89
1770305100,24379.72,24405.76,24348.71,24359.92
1770305400,24360.21,24382.31,24347.86,24356.45
1770305700,24357.27,24405.99,24357.27,24401.7
1770306000,24401.88,24418.89,24388.11,24397.62
1770306300,24398.32,24403.01,24343.78,24344.8
1770306600,24343.77,24381.15,24343.77,24364.07
1770306900,24364.08,24387.99,24359.92,24386.04
1770307200,24386.98,24392.89,24352.07,24357.14
1770307500,24357.78,24359.84,24340.52,24350.8
1770307800,24347.66,24377.97,24346.7,24357.47
1770308100,24357.0,24423.08,24357.0,24415.32
1770308400,24414.97,24444.83,24414.97,24443.84
1770308700,24443.9,24465.59,24441.25,24448.18
1770364800,24452.15,24453.81,24441.26,24448.88
1770365100,24449.29,24466.03,24424.92,24449.1
1770365400,24449.39,24495.48,24449.39,24483.27
1770365700,24482.48,24502.4,24478.78,24492.77
1770366000,24491.12,24528.48,24478.36,24514.86
1770366300,24514.74,24524.94,24475.54,24475.54
1770366600,24474.31,24480.47,24424.36,24424.36
1770366900,24423.78,24425.94,24404.39,24409.07
1770367200,24408.61,24448.79,24393.11,24438.09
1770367500,24437.56,24447.05,24409.14,24446.39
1770367800,24446.26,24469.61,24445.86,24453.44
1770368100,24453.13,24478.61,24453.03,24465.21
1770368400,24465.48,24467.71,24451.32,24452.84
1770368700,24454.62,24504.81,24451.99,24503.03
1770369000,24503.65,24519.12,24501.52,24515.02
1770369300,24514.74,24525.51,24502.28,24518.36
1770369600,24517.97,24544.24,24514.04,24537.75
1770369900,24537.15,24540.31,24524.08,24534.8
1770370200,24534.46,24556.12,24532.76,24551.81
1770370500,24551.91,24573.67,24545.9,24557.62
1770370800,24556.88,24561.43,24542.82,24560.72
1770371100,24559.58,24559.58,24535.71,24537.0
1770371400,24537.55,24544.07,24530.22,24543.37
1770371700,24541.62,24541.62,24526.14,24528.47
1770372000,24528.66,24535.9,24520.61,24535.9
1770372300,24535.8,24553.3,24533.82,24551.42
1770372600,24551.36,24559.41,24536.73,24537.62
1770372900,24537.44,24540.58,24529.16,24540.06
1770373200,24540.93,24555.14,24530.78,24533.96
1770373500,24534.01,24536.29,24520.68,24534.61
1770373800,24534.81,24558.81,24533.3,24558.81
1770374100,24558.88,24562.41,24553.06,24562.41
1770374400,24562.08,24581.61,24561.26,24581.61
1770374700,24580.51,24585.93,24570.88,24585.63
1770375000,24581.84,24605.1,24580.42,24603.74
1770375300,24600.57,24605.13,24589.92,24600.69
1770375600,24597.32,24620.79,24597.32,24613.02
1770375900,24613.36,24617.02,24605.26,24615.87
1770376200,24615.82,24629.8,24615.45,24617.24
1770376500,24617.34,24638.13,24617.34,24638.13
1770376800,24638.28,24640.12,24629.46,24631.73
1770377100,24632.06,24646.09,24631.2,24635.08
1770377400,24634.57,24641.45,24626.99,24627.02
1770377700,24626.41,24626.41,24613.85,24619.24
1770378000,24619.32,24630.94,24616.91,24621.8
1770378300,24621.87,24626.5,24613.32,24626.5
1770378600,24626.6,24650.51,24626.6,24650.51
1770378900,24650.57,24650.82,24641.82,24641.82
1770379200,24641.92,24641.92,24628.12,24635.16
1770379500,24634.77,24654.47,24634.73,24652.82
1770379800,24653.05,24654.93,24639.28,24640.24
1770380100,24640.77,24655.13,24635.06,24646.74
1770380400,24646.81,24649.61,24641.33,24641.33
1770380700,24641.32,24647.12,24638.52,24641.6
1770381000,24641.81,24642.61,24626.33,24626.33
1770381300,24626.09,24634.91,24617.32,24624.36
1770381600,24623.97,24633.85,24619.57,24622.17
1770381900,24622.08,24629.31,24616.7,24621.27
1770382200,24620.95,24622.49,24596.61,24598.22
1770382500,24599.28,24611.58,24599.24,24602.95
1770382800,24603.15,24610.55,24594.06,24600.92
1770383100,24600.23,24601.67,24596.02,24600.47
1770383400,24600.89,24624.97,24599.58,24623.91
1770383700,24623.29,24626.95,24609.54,24616.77
1770384000,24616.82,24628.41,24614.61,24625.53
1770384300,24625.48,24626.33,24616.85,24622.04
1770384600,24622.4,24628.02,24616.5,24620.19
1770384900,24620.05,24621.58,24582.36,24613.32
1770385200,24612.32,24614.46,24605.21,24608.7
1770385500,24608.11,24621.95,24607.75,24619.43
1770385800,24619.38,24619.38,24597.2,24604.31
1770386100,24603.6,24608.75,24588.69,24588.69
1770386400,24587.63,24599.01,24583.45,24598.89
1770386700,24600.84,24618.62,24598.86,24613.51
1770387000,24613.19,24615.01,24602.31,24604.35
1770387300,24604.73,24616.25,24603.09,24613.02
1770387600,24612.7,24620.57,24607.62,24611.04
1770387900,24610.64,24621.12,24607.62,24615.44
1770388200,24614.84,24679.73,24605.92,24674.63
1770388500,24674.68,24679.46,24665.58,24676.81
1770388800,24676.24,24676.53,24655.01,24676.53
1770389100,24677.24,24688.03,24662.91,24669.14
1770389400,24669.79,24680.7,24655.32,24655.32
1770389700,24653.47,24653.94,24623.63,24627.71
1770390000,24627.86,24641.8,24616.47,24620.67
1770390300,24620.63,24636.44,24606.55,24618.0
1770390600,24618.03,24649.51,24615.32,24629.72
1770390900,24630.07,24660.47,24612.58,24657.49
1770391200,24657.39,24673.65,24639.64,24653.38
1770391500,24653.91,24683.47,24652.61,24680.22
1770391800,24680.12,24699.47,24668.54,24691.98
1770392100,24691.83,24699.07,24680.69,24685.66
1770392400,24685.04,24710.83,24684.0,24706.12
1770392700,24706.65,24718.4,24689.57,24691.25
1770393000,24691.31,24691.63,24668.9,24682.88
1770393300,24682.03,24708.91,24679.77,24707.51
1770393600,24707.37,24729.83,24698.6,24723.83
1770393900,24723.92,24727.34,24707.2,24717.01
1770394200,24716.41,24721.64,24706.84,24721.44
1770394500,24721.34,24726.18,24713.88,24720.22
1770394800,24721.36,24737.97,24713.61,24720.54
1770395100,24720.4,24730.91,24716.96,24717.53
1770624000,24860.67,24897.3,24858.46,24882.21
1770624300,24882.9,24905.23,24875.75,24897.31
1770624600,24898.63,24935.71,24898.26,24935.26
1770624900,24937.5,24940.51,24916.59,24919.55
1770625200,24920.88,24922.0,24878.99,24879.4
1770625500,24879.38,24879.38,24848.03,24849.67
1770625800,24850.06,24856.4,24833.49,24851.11
1770626100,24851.23,24882.92,24849.94,24872.24
1770626400,24870.78,24875.65,24854.64,24861.31
1770626700,24861.39,24867.76,24846.53,24846.53
1770627000,24847.62,24848.1,24835.05,24840.26
1770627300,24840.8,24842.14,24815.91,24821.54
1770627600,24821.69,24824.13,24803.06,24812.47
1770627900,24812.0,24834.49,24810.17,24834.45
1770628200,24835.53,24837.54,24820.25,24827.12
1770628500,24826.66,24829.4,24805.86,24805.86
1770628800,24805.33,24806.92,24788.9,24790.68
1770629100,24790.85,24805.43,24780.64,24803.0
1770629400,24804.09,24813.68,24802.72,24808.46
1770629700,24809.65,24823.29,24805.59,24823.29
1770630000,24823.36,24841.97,24819.02,24841.97
1770630300,24842.3,24842.3,24821.02,24821.02
1770630600,24820.43,24828.8,24815.04,24817.41
1770630900,24818.12,24819.49,24797.21,24800.17
1770631200,24800.03,24800.92,24784.85,24785.41
1770631500,24784.69,24801.96,24781.6,24795.29
1770631800,24795.21,24796.24,24784.81,24788.52
1770632100,24786.38,24786.38,24753.18,24760.58
1770632400,24760.05,24763.91,24750.99,24751.59
1770632700,24751.04,24768.98,24750.31,24754.44
1770633000,24754.46,24756.17,24735.73,24736.74
1770633300,24736.91,24742.0,24725.6,24725.6
1770633600,24725.61,24735.28,24714.89,24735.28
1770633900,24735.39,24752.58,24735.39,24744.09
1770634200,24744.18,24755.83,24743.8,24751.84
1770634500,24751.98,24769.56,24751.12,24767.78
1770634800,24767.81,24771.03,24763.38,24765.5
1770635100,24765.97,24773.62,24754.2,24773.62
1770635400,24773.94,24784.31,24770.65,24778.66
1770635700,24778.75,24783.83,24776.27,24776.74
1770636000,24776.84,24782.65,24775.77,24777.83
1770636300,24777.76,24795.07,24777.21,24788.99
1770636600,24788.89,24790.93,24770.9,24772.21
1770636900,24772.38,24786.05,24772.0,24784.43
1770637200,24784.53,24792.17,24779.8,24787.1
1770637500,24786.92,24801.76,24786.32,24800.37
1770637800,24800.69,24811.77,24800.69,24809.24
1770638100,24809.38,24810.47,24801.63,24809.73
1770638400,24807.41,24809.46,24792.33,24807.5
1770638700,24807.76,24819.87,24806.5,24817.25
1770639000,24817.57,24835.97,24816.02,24833.55
1770639300,24833.36,24837.66,24819.16,24826.5
1770639600,24828.11,24836.27,24826.48,24835.59
1770639900,24835.71,24835.74,24820.53,24827.14
1770640200,24827.1,24827.82,24815.34,24823.6
1770640500,24824.22,24833.81,24819.04,24829.72
1770640800,24829.75,24833.63,24803.49,24803.75
1770641100,24803.72,24821.57,24803.72,24818.09
1770641400,24818.7,24826.56,24813.59,24825.31
1770641700,24825.74,24831.12,24819.82,24830.97
1770642000,24831.28,24843.55,24831.28,24841.51
1770642300,24841.32,24847.03,24837.02,24845.3
1770642600,24845.77,24850.03,24841.13,24841.13
1770642900,24841.87,24845.78,24824.93,24827.13
1770643200,24827.68,24840.12,24827.68,24836.57
1770643500,24837.12,24839.15,24826.69,24827.62
1770643800,24828.31,24834.77,24822.59,24827.14
1770644100,24827.47,24834.26,24823.4,24831.2
1770644400,24831.48,24849.56,24829.44,24849.56
1770644700,24848.92,24848.92,24838.92,24842.44
1770645000,24842.13,24845.4,24831.63,24833.45
1770645300,24833.87,24835.57,24827.68,24835.11
1770645600,24835.46,24840.32,24829.97,24830.26
1770645900,24830.33,24834.94,24824.39,24832.84
1770646200,24833.3,24839.76,24831.96,24833.1
1770646500,24833.31,24836.62,24824.21,24824.5
1770646800,24825.06,24829.78,24818.67,24829.78
1770647100,24829.95,24838.64,24827.4,24829.97
1770647400,24830.36,24840.94,24805.96,24831.84
1770647700,24831.65,24855.2,24814.87,24855.06
1770648000,24856.94,24871.43,24854.18,24856.27
1770648300,24856.33,24862.22,24841.49,24842.11
1770648600,24842.82,24842.82,24807.61,24817.34
1770648900,24816.79,24849.76,24816.79,24848.81
1770649200,24848.47,24891.54,24842.01,24890.45
1770649500,24888.61,24910.74,24888.61,24902.26
1770649800,24902.55,24903.49,24883.09,24896.96
1770650100,24897.2,24914.46,24897.2,24908.79
1770650400,24909.21,24912.77,24900.45,24908.51
1770650700,24908.64,24917.29,24897.25,24913.1
1770651000,24912.51,24927.85,24912.15,24923.64
1770651300,24923.32,24933.13,24922.5,24929.4
1770651600,24929.26,24957.85,24929.0,24953.3
1770651900,24954.85,24958.11,24947.71,24958.11
1770652200,24958.23,24966.78,24953.02,24966.78
1770652500,24966.35,24982.12,24957.66,24972.16
1770652800,24974.89,24994.48,24974.19,24993.66
1770653100,24994.36,24994.36,24974.15,24982.92
1770653400,24983.03,24991.43,24980.96,24988.85
1770653700,24988.42,24994.26,24982.62,24984.32
1770654000,24983.24,25000.44,24983.04,24998.21
1770654300,24998.4,25010.66,24997.79,25005.35
1770710400,24960.59,24973.06,24953.18,24962.61
1770710700,24961.27,24963.27,24943.12,24952.71
1770711000,24953.14,24976.64,24947.01,24972.1
1770711300,24972.25,24979.34,24951.06,24958.99
1770711600,24960.54,24987.28,24954.5,24985.9
1770711900,24985.3,24992.95,24974.93,24986.01
1770712200,24984.81,24994.11,24959.85,24971.86
1770712500,24972.16,24998.38,24970.56,24998.19
1770712800,24999.28,25005.09,24978.59,24979.07
1770713100,24979.87,24992.52,24975.21,24986.46
1770713400,24986.22,24997.34,24979.0,24983.35
1770713700,24982.26,25000.25,24977.78,24998.19
1770714000,24997.96,25012.82,24996.66,25011.34
1770714300,25011.03,25012.35,25000.89,25012.35
1770714600,25012.56,25021.87,25004.09,25004.09
1770714900,25005.34,25045.23,25005.34,25038.07
1770715200,25037.96,25046.98,25037.42,25046.75
1770715500,25046.83,25061.05,25043.37,25059.58
1770715800,25059.85,25075.03,25057.69,25072.71
1770716100,25072.81,25075.75,25062.56,25066.46
1770716400,25067.01,25067.01,25055.54,25056.3
1770716700,25056.22,25057.94,25045.08,25049.2
1770717000,25048.65,25050.43,25036.52,25040.38
1770717300,25039.76,25051.45,25039.73,25047.84
1770717600,25048.43,25054.46,25037.53,25046.11
1770717900,25045.67,25052.2,25042.67,25047.53
1770718200,25050.56,25055.35,25048.15,25051.55
1770718500,25052.05,25055.45,25028.05,25034.9
1770718800,25035.68,25036.11,25027.96,25027.96
1770719100,25029.26,25036.19,25026.24,25028.67
1770719400,25029.43,25029.43,25011.01,25011.82
1770719700,25011.76,25019.39,25010.26,25011.51
1770720000,25011.44,25019.47,25005.13,25013.12
1770720300,25009.26,25019.13,25006.24,25014.77
1770720600,25015.08,25025.1,25014.53,25021.09
1770720900,25020.88,25023.99,25013.21,25016.51
1770721200,25015.46,25016.21,24993.17,25004.26
1770721500,25005.33,25017.57,25004.41,25013.46
1770721800,25013.19,25015.06,25001.99,25001.99
1770722100,25001.46,25013.3,25000.33,25012.88
1770722400,25013.15,25022.5,25011.79,25019.73
1770722700,25021.46,25026.36,25015.8,25022.88
1770723000,25022.96,25024.32,25016.26,25021.13
1770723300,25022.13,25032.43,25010.5,25032.43
1770723600,25032.55,25036.99,25031.81,25035.0
1770723900,25034.85,25039.27,25030.17,25032.92
1770724200,25033.23,25037.33,25024.46,25026.98
1770724500,25027.46,25029.95,25020.18,25024.14
1770724800,25024.48,25034.23,25022.98,25032.66
1770725100,25032.89,25035.38,25023.17,25028.82
1770725400,25029.01,25033.9,25012.88,25018.63
1770725700,25019.34,25025.22,25014.91,25024.34
1770726000,25023.67,25023.97,25004.99,25005.44
1770726300,25005.37,25011.39,25000.23,25009.01
1770726600,25008.95,25022.32,25006.39,25021.31
1770726900,25021.17,25023.12,25004.99,25006.87
1770727200,25006.78,25007.38,24981.28,24981.48
1770727500,24981.84,24988.0,24970.23,24987.45
1770727800,24987.53,24989.45,24972.14,24973.19
1770728100,24973.52,24978.53,24969.33,24970.56
1770728400,24970.37,24974.08,24964.86,24967.68
1770728700,24967.58,24967.58,24943.7,24947.63
1770729000,24947.5,24948.85,24939.98,24948.77
1770729300,24949.31,24953.67,24935.34,24947.42
1770729600,24947.02,24956.68,24945.38,24952.46
1770729900,24953.8,24979.06,24953.73,24976.97
1770730200,24974.82,24979.88,24965.13,24979.88
1770730500,24980.43,24992.9,24974.51,24992.9
1770730800,24992.62,25001.41,24990.49,24998.97
1770731100,24998.72,25002.07,24982.22,24982.22
1770731400,24982.06,24983.02,24970.47,24979.85
1770731700,24978.87,24982.72,24975.6,24979.2
1770732000,24979.47,24989.7,24979.47,24984.7
1770732300,24984.19,24994.07,24981.34,24994.07
1770732600,24994.1,24998.11,24990.57,24992.75
1770732900,24993.02,24994.79,24962.02,24962.54
1770733200,24961.48,24975.95,24961.47,24973.53
1770733500,24973.16,24976.89,24963.42,24974.85
1770733800,24975.14,24999.44,24972.71,24985.39
1770734100,24985.64,24997.47,24973.12,24983.51
1770734400,24985.15,24992.15,24966.64,24989.82
1770734700,24989.73,24996.47,24972.82,24977.27
1770735000,24976.72,24992.88,24976.72,24988.17
1770735300,24987.62,25010.66,24981.98,25006.78
1770735600,25006.87,25022.12,25002.59,25015.7
1770735900,25015.73,25021.63,25006.48,25018.6
1770736200,25018.88,25027.39,25011.73,25020.17
1770736500,25020.26,25023.83,24999.8,25008.72
1770736800,25008.18,25021.77,25007.82,25007.98
1770737100,25007.88,25013.13,24999.28,25011.4
1770737400,25011.76,25032.93,25010.42,25029.7
1770737700,25030.01,25031.8,25016.21,25027.51
1770738000,25027.94,25036.65,25021.54,25033.39
1770738300,25036.47,25036.56,25020.07,25021.17
1770738600,25021.76,25029.65,25015.92,25019.57
1770738900,25018.75,25020.92,24991.85,24994.88
1770739200,24994.54,24999.86,24976.2,24978.3
1770739500,24977.88,24984.83,24967.11,24980.77
1770739800,24979.31,24992.85,24976.24,24983.17
1770740100,24981.83,24990.99,24959.54,24973.73
1770740400,24973.65,24978.29,24963.53,24975.31
1770740700,24976.37,24988.98,24970.71,24987.13
1770796800,24956.46,24980.09,24950.01,24972.38
1770797100,24969.71,24986.88,24954.77,24964.63
1770797400,24965.69,24968.27,24910.79,24926.2
1770797700,24924.58,24928.02,24881.18,24882.37
1770798000,24881.24,24899.75,24878.43,24881.76
1770798300,24880.46,24899.71,24876.9,24892.31
1770798600,24893.29,24918.0,24893.29,24911.92
1770798900,24912.3,24930.8,24912.3,24917.74
1770799200,24917.7,24917.7,24895.35,24898.95
1770799500,24898.33,24899.83,24874.08,24877.56
1770799800,24877.06,24885.33,24871.38,24874.02
1770800100,24873.96,24884.44,24866.99,24882.49
1770800400,24882.38,24907.52,24880.22,24907.52
1770800700,24907.45,24930.63,24907.04,24925.65
1770801000,24925.9,24952.93,24925.84,24950.26
1770801300,24951.49,24952.28,24929.81,24929.81
1770801600,24929.82,24934.47,24912.54,24934.47
1770801900,24933.03,24944.07,24932.12,24940.23
1770802200,24939.67,24940.43,24910.48,24912.07
1770802500,24912.26,24917.31,24893.98,24899.75
1770802800,24899.84,24902.5,24872.09,24877.85
1770803100,24877.81,24883.54,24869.98,24871.48
1770803400,24872.15,24872.43,24847.45,24850.51
1770803700,24850.97,24875.81,24849.93,24872.26
1770804000,24872.55,24883.05,24857.82,24882.72
1770804300,24881.52,24899.35,24879.43,24899.3
1770804600,24900.84,24918.2,24893.4,24897.27
1770804900,24897.02,24909.04,24894.12,24899.46
1770805200,24900.34,24910.64,24896.55,24901.69
1770805500,24901.58,24903.81,24889.54,24896.51
1770805800,24898.96,24900.74,24877.71,24877.8
1770806100,24876.73,24895.0,24876.43,24895.0
1770806400,24894.86,24908.18,24893.74,24901.9
1770806700,24899.68,24901.07,24875.06,24875.06
1770807000,24874.75,24878.66,24863.46,24875.02
1770807300,24875.1,24901.89,24874.49,24901.89
1770807600,24902.95,24921.52,24898.82,24921.22
1770807900,24921.71,24933.56,24914.09,24930.39
1770808200,24932.62,24938.09,24924.62,24934.16
1770808500,24933.84,24952.56,24933.72,24947.66
1770808800,24946.49,24955.8,24938.96,24947.35
1770809100,24945.94,24955.1,24938.27,24953.2
1770809400,24954.0,24969.79,24954.0,24960.69
1770809700,24960.75,24963.26,24952.68,24956.86
1770810000,24957.25,24957.79,24931.7,24933.38
1770810300,24935.02,24952.29,24929.78,24935.01
1770810600,24935.49,24955.39,24934.87,24944.43
1770810900,24943.62,24943.62,24921.41,24921.41
1770811200,24922.42,24948.6,24922.33,24942.98
1770811500,24943.08,24953.48,24939.86,24950.6
1770811800,24951.22,24965.03,24948.67,24959.61
1770812100,24959.94,24968.57,24955.31,24965.75
1770812400,24966.83,24974.36,24960.46,24960.93
1770812700,24961.52,24963.43,24949.71,24952.13
1770813000,24951.06,24952.77,24938.74,24940.22
1770813300,24940.3,24954.36,24911.34,24921.87
1770813600,24921.72,24943.5,24915.7,24943.5
1770813900,24943.82,24948.97,24925.82,24928.5
1770814200,24927.6,24932.4,24911.38,24915.36
1770814500,24915.33,24916.11,24902.47,24904.32
1770814800,24903.23,24907.17,24895.4,24907.07
1770815100,24906.52,24922.44,24906.52,24911.18
1770815400,24910.68,24913.27,24899.06,24904.86
1770815700,24903.9,24913.12,24900.28,24912.08
1770816000,24911.87,24917.93,24907.75,24916.73
1770816300,24916.77,24927.84,24914.16,24927.4
1770816600,24951.21,24986.73,24944.76,24978.76
1770816900,24979.26,24979.26,24942.74,24943.87
1770817200,24943.25,24943.85,24926.02,24930.55
1770817500,24931.09,24955.27,24931.09,24947.73
1770817800,24948.53,24955.46,24938.63,24945.76
1770818100,24946.87,24970.69,24944.96,24961.57
1770818400,24962.1,24967.93,24942.48,24949.78
1770818700,24949.68,24961.31,24946.28,24960.43
1770819000,24962.83,24970.2,24946.12,24949.1
1770819300,24948.09,24949.09,24921.8,24940.99
1770819600,24941.52,24951.22,24937.95,24951.11
1770819900,24951.61,24974.46,24951.61,24971.67
1770820200,24974.54,25001.52,24961.23,24981.18
1770820500,24981.59,24985.85,24962.76,24982.19
1770820800,24979.82,24991.82,24949.55,24960.54
1770821100,24960.51,24985.13,24959.08,24970.93
1770821400,24971.95,24973.75,24956.2,24963.56
1770821700,24963.03,24977.58,24942.27,24955.05
1770822000,24957.3,24967.04,24926.61,24937.79
1770822300,24938.32,24956.33,24938.18,24940.93
1770822600,24940.15,24940.15,24880.17,24913.17
1770822900,24911.68,24912.01,24866.94,24876.01
1770823200,24876.63,24876.63,24834.79,24841.01
1770823500,24842.32,24874.2,24842.11,24856.19
1770823800,24855.63,24877.51,24849.61,24863.65
1770824100,24864.62,24877.16,24842.8,24865.53
1770824400,24866.13,24885.61,24863.6,24876.46
1770824700,24874.96,24881.8,24854.09,24860.12
1770825000,24860.29,24900.91,24859.94,24900.1
1770825300,24899.49,24904.1,24893.48,24901.65
1770825600,24899.95,24927.82,24899.95,24917.45
1770825900,24917.48,24922.22,24901.35,24901.7
1770826200,24901.66,24937.06,24901.44,24936.83
1770826500,24936.73,24937.87,24911.3,24914.75
1770826800,24915.0,24923.97,24906.97,24920.29
1770827100,24919.95,24919.95,24879.44,24881.96
1770883200,25060.8,25099.93,25037.79,25099.93
1770883500,25097.75,25140.1,25092.66,25129.37
1770883800,25129.9,25142.89,25113.76,25128.02
1770884100,25130.72,25135.36,25100.27,25101.58
1770884400,25102.68,25105.46,25079.84,25085.48
1770884700,25085.98,25097.85,25072.46,25086.68
1770885000,25086.18,25092.08,25045.34,25053.36
1770885300,25054.55,25068.6,25053.5,25060.83
1770885600,25060.79,25091.44,25060.77,25075.21
1770885900,25075.13,25082.11,25062.3,25078.67
1770886200,25078.79,25096.59,25065.28,25091.89
1770886500,25092.2,25132.39,25092.17,25130.86
1770886800,25131.49,25161.13,25131.49,25161.13
1770887100,25161.02,25164.86,25150.25,25154.4
1770887400,25154.47,25177.68,25154.47,25177.68
1770887700,25178.9,25195.77,25171.3,25194.37
1770888000,25193.6,25193.6,25168.61,25173.0
1770888300,25172.64,25179.21,25167.75,25177.86
1770888600,25176.86,25179.81,25162.22,25178.65
1770888900,25178.28,25185.24,25170.03,25175.77
1770889200,25175.58,25179.25,25153.97,25154.86
1770889500,25155.12,25165.01,25146.67,25163.93
1770889800,25163.89,25181.15,25163.89,25179.13
1770890100,25179.77,25197.83,25179.06,25186.71
1770890400,25187.6,25200.71,25178.73,25200.23
1770890700,25199.99,25215.93,25197.7,25206.77
1770891000,25205.89,25207.09,25163.67,25171.35
1770891300,25171.16,25182.91,25167.11,25178.94
1770891600,25178.85,25194.4,25164.82,25188.18
1770891900,25189.18,25196.24,25184.74,25187.69
1770892200,25187.37,25196.49,25186.64,25187.31
1770892500,25187.38,25190.34,25175.86,25179.88
1770892800,25179.68,25196.39,25179.68,25188.09
1770893100,25191.7,25199.68,25178.23,25183.02
1770893400,25181.47,25192.98,25181.18,25191.68
1770893700,25191.63,25196.7,25185.68,25196.1
1770894000,25196.64,25201.56,25190.68,25190.74
1770894300,25190.83,25196.2,25184.98,25187.67
1770894600,25187.44,25221.23,25187.38,25213.59
1770894900,25210.9,25214.84,25199.63,25208.71
1770895200,25208.6,25210.45,25192.03,25197.49
1770895500,25197.36,25197.37,25184.77,25194.09
1770895800,25194.06,25196.75,25163.36,25177.49
1770896100,25177.33,25181.87,25172.05,25176.41
1770896400,25176.18,25181.25,25173.46,25180.65
1770896700,25180.04,25191.79,25175.24,25187.03
1770897000,25186.93,25191.76,25185.56,25190.4
1770897300,25188.8,25203.38,25183.95,25199.06
1770897600,25199.31,25210.43,25197.43,25209.81
1770897900,25210.73,25220.67,25200.58,25206.0
1770898200,25205.88,25206.23,25188.1,25195.52
1770898500,25194.98,25196.13,25175.82,25177.91
1770898800,25177.94,25199.44,25177.9,25199.44
1770899100,25199.63,25202.1,25189.38,25199.73
1770899400,25199.87,25207.79,25189.15,25191.94
1770899700,25193.02,25196.66,25182.06,25196.11
1770900000,25196.19,25214.14,25194.77,25205.87
1770900300,25206.16,25206.79,25194.75,25205.66
1770900600,25205.61,25215.41,25203.6,25211.22
1770900900,25212.27,25232.41,25212.27,25223.13
1770901200,25224.21,25225.88,25209.72,25211.0
1770901500,25210.86,25215.3,25199.34,25211.39
1770901800,25211.29,25217.34,25198.49,25198.49
1770902100,25198.06,25203.36,25181.52,25191.97
1770902400,25191.72,25193.44,25180.3,25186.31
1770902700,25186.37,25199.13,25183.38,25194.7
1770903000,25194.99,25203.92,25191.96,25203.54
1770903300,25202.23,25205.77,25191.2,25197.52
1770903600,25199.11,25206.61,25191.99,25201.89
1770903900,25200.83,25200.83,25183.55,25188.54
1770904200,25189.09,25208.44,25187.18,25207.31
1770904500,25207.41,25212.86,25198.23,25206.52
1770904800,25206.1,25206.75,25185.49,25188.58
1770905100,25187.51,25212.77,25182.23,25207.03
1770905400,25206.45,25207.59,25194.47,25196.35
1770905700,25196.9,25206.18,25192.82,25200.11
1770906000,25200.29,25216.29,25197.65,25207.83
1770906300,25207.65,25212.66,25198.23,25199.17
1770906600,25199.41,25237.59,25188.69,25237.59
1770906900,25237.64,25239.01,25213.68,25221.48
1770907200,25221.97,25228.1,25200.93,25201.87
1770907500,25202.61,25209.25,25178.7,25191.51
1770907800,25192.02,25206.76,25169.73,25203.58
1770908100,25203.59,25203.81,25167.89,25167.92
1770908400,25170.7,25196.36,25162.28,25173.29
1770908700,25172.42,25177.39,25150.8,25157.03
1770909000,25157.22,25160.21,25130.95,25159.85
1770909300,25159.47,25162.33,25115.25,25115.8
1770909600,25115.28,25142.45,25112.27,25123.7
1770909900,25123.21,25138.16,25115.91,25130.03
1770910200,25132.26,25137.13,25100.02,25104.49
1770910500,25103.39,25106.01,25088.75,25097.85
1770910800,25098.12,25101.09,25080.93,25084.12
1770911100,25083.94,25097.77,25077.08,25083.42
1770911400,25083.7,25084.69,25015.55,25015.55
1770911700,25014.42,25022.63,24989.29,24990.41
1770912000,24990.97,24990.97,24935.67,24943.05
1770912300,24943.44,24946.8,24895.21,24895.21
1770912600,24895.14,24904.51,24860.39,24861.78
1770912900,24861.35,24883.9,24857.43,24882.37
1770913200,24882.62,24882.62,24837.99,24838.62
1770913500,24839.07,24843.63,24813.23,24823.33
1770969600,24822.3,24845.0,24815.81,24843.92
1770969900,24843.14,24898.2,24843.14,24888.63
1770970200,24890.79,24890.79,24825.4,24825.78
1770970500,24825.18,24827.79,24750.47,24760.74
1770970800,24761.66,24813.69,24751.02,24812.76
1770971100,24811.24,24837.28,24811.24,24821.89
1770971400,24822.56,24850.66,24818.38,24850.03
1770971700,24848.72,24852.29,24822.19,24828.03
1770972000,24826.67,24842.81,24807.35,24842.81
1770972300,24842.72,24860.88,24842.72,24858.6
1770972600,24858.41,24872.16,24850.04,24860.14
1770972900,24860.58,24871.9,24856.79,24868.22
1770973200,24867.11,24870.47,24804.29,24818.17
1770973500,24817.99,24836.38,24817.41,24826.73
1770973800,24827.03,24837.69,24809.91,24809.91
1770974100,24810.58,24851.28,24806.32,24842.82
1770974400,24843.43,24856.91,24839.18,24854.31
1770974700,24854.45,24867.89,24838.25,24838.25
1770975000,24838.31,24844.41,24825.19,24825.19
1770975300,24825.52,24841.45,24822.77,24833.26
1770975600,24833.04,24838.89,24810.78,24814.32
1770975900,24815.68,24863.3,24814.52,24854.1
1770976200,24856.03,24859.24,24816.14,24816.14
1770976500,24816.07,24829.88,24813.78,24828.71
1770976800,24828.65,24846.25,24825.72,24841.83
1770977100,24840.46,24847.04,24815.11,24820.46
1770977400,24820.35,24839.02,24820.35,24835.88
1770977700,24835.98,24852.5,24830.74,24851.93
1770978000,24851.84,24874.49,24851.01,24865.44
1770978300,24865.55,24880.49,24865.09,24880.21
1770978600,24879.91,24881.05,24856.31,24874.79
1770978900,24873.72,24873.92,24854.81,24854.91
1770979200,24854.26,24860.5,24848.08,24856.36
1770979500,24857.81,24861.36,24838.61,24842.35
1770979800,24852.51,24852.51,24820.67,24832.19
1770980100,24836.0,24836.48,24812.64,24816.68
1770980400,24822.39,24823.68,24803.77,24812.96
1770980700,24813.0,24818.43,24806.18,24812.58
1770981000,24812.8,24825.06,24810.19,24820.16
1770981300,24820.43,24836.35,24808.4,24835.79
1770981600,24834.43,24834.43,24815.48,24817.65
1770981900,24819.24,24828.2,24808.62,24810.32
1770982200,24809.56,24809.56,24777.58,24802.72
1770982500,24803.84,24821.5,24803.84,24812.69
1770982800,24811.89,24824.55,24806.23,24821.14
1770983100,24821.04,24823.93,24806.84,24819.06
1770983400,24819.26,24848.09,24809.55,24847.57
1770983700,24847.55,24855.69,24841.67,24855.69
1770984000,24855.6,24857.18,24841.77,24843.11
1770984300,24843.38,24856.06,24829.85,24850.63
1770984600,24850.57,24855.27,24837.65,24847.02
1770984900,24846.94,24849.01,24836.78,24845.5
1770985200,24844.08,24860.07,24842.43,24853.28
1770985500,24853.19,24863.14,24844.84,24844.84
1770985800,24844.99,24859.23,24839.35,24841.19
1770986100,24841.1,24842.79,24832.9,24837.16
1770986400,24838.0,24847.62,24834.57,24836.71
1770986700,24836.1,24838.74,24829.47,24835.88
1770987000,24835.74,24861.0,24835.74,24860.15
1770987300,24860.84,24872.97,24816.77,24843.71
1770987600,24843.95,24871.63,24841.83,24871.08
1770987900,24871.11,24879.78,24844.34,24849.79
1770988200,24849.24,24853.68,24834.62,24838.56
1770988500,24838.67,24847.78,24832.13,24847.3
1770988800,24847.21,24854.61,24842.49,24851.46
1770989100,24851.64,24878.91,24850.68,24878.85
1770989400,24878.68,24931.42,24878.68,24914.29
1770989700,24914.26,24914.26,24886.8,24907.39
1770990000,24907.12,24917.99,24899.32,24905.38
1770990300,24905.29,24905.39,24874.14,24902.06
1770990600,24901.97,24910.27,24898.02,24910.14
1770990900,24910.23,24933.12,24901.28,24912.35
1770991200,24910.92,24942.6,24910.35,24918.88
1770991500,24918.73,24925.73,24906.17,24906.23
1770991800,24906.22,24908.78,24894.02,24900.79
1770992100,24901.21,24909.06,24879.32,24879.32
1770992400,24878.91,24885.1,24874.3,24875.76
1770992700,24875.07,24886.25,24863.37,24884.6
1770993000,24885.46,24897.72,24861.4,24877.99
1770993300,24878.45,24878.45,24836.23,24836.23
1770993600,24836.84,24865.45,24813.06,24861.59
1770993900,24862.75,24907.96,24844.37,24883.21
1770994200,24882.8,24882.8,24817.51,24837.74
1770994500,24836.83,24869.99,24814.43,24831.52
1770994800,24842.7,24882.57,24836.2,24862.75
1770995100,24862.66,24881.82,24839.55,24881.82
1770995400,24881.12,24900.01,24873.29,24888.23
1770995700,24887.73,24903.61,24869.41,24880.54
1770996000,24879.98,24902.66,24874.72,24891.83
1770996300,24891.86,24924.92,24891.86,24915.79
1770996600,24917.43,24933.89,24915.49,24924.23
1770996900,24924.05,24947.81,24897.56,24898.43
1770997200,24898.47,24902.48,24878.87,24878.93
1770997500,24879.4,24894.22,24868.68,24876.97
1770997800,24877.16,24914.99,24877.16,24901.57
1770998100,24903.11,24915.52,24893.52,24897.76
1770998400,24897.45,24909.72,24892.23,24909.72
1770998700,24909.25,24928.88,24902.44,24924.2
1770999000,24923.89,24924.9,24905.46,24917.29
1770999300,24917.54,24953.15,24903.56,24926.88
1770999600,24925.63,24937.79,24898.05,24902.94
1770999900,24903.21,24924.7,24898.42,24903.35
1771228800,24988.61,25001.01,24970.44,24997.09
1771229100,24997.03,25020.83,24989.44,25013.17
1771229400,25013.08,25013.08,24993.32,25001.36
1771229700,25001.92,25008.32,24994.98,25003.25
1771230000,25003.11,25006.38,24978.85,24978.94
1771230300,24979.03,24985.11,24966.96,24970.84
1771230600,24970.11,24984.7,24954.47,24960.58
1771230900,24960.48,24964.47,24940.49,24943.35
1771231200,24942.97,24952.69,24941.35,24951.15
1771231500,24951.69,24970.07,24938.94,24951.92
1771231800,24951.85,24962.3,24945.26,24957.08
1771232100,24956.55,24963.06,24949.95,24959.82
1771232400,24960.4,24974.68,24951.58,24973.49
1771232700,24973.59,24991.04,24968.28,24990.95
1771233000,24990.4,24995.39,24983.53,24994.18
1771233300,24993.08,24994.48,24982.84,24988.2
1771233600,24987.14,24987.56,24973.53,24973.96
1771233900,24973.99,24988.45,24973.99,24984.12
1771234200,24984.04,24984.04,24965.27,24969.41
1771234500,24969.91,24975.16,24958.77,24960.98
1771234800,24960.9,24963.64,24945.49,24945.63
1771235100,24945.73,24945.73,24928.19,24937.64
1771235400,24938.5,24948.16,24934.21,24941.96
1771235700,24941.43,24944.23,24927.72,24942.05
1771236000,24942.26,24951.28,24928.75,24928.75
1771236300,24929.38,24940.58,24927.75,24928.41
1771236600,24928.32,24937.93,24916.34,24922.73
1771236900,24923.26,24923.6,24901.99,24909.92
1771237200,24908.35,24916.9,24904.66,24913.26
1771237500,24911.57,24914.77,24905.89,24914.77
1771237800,24915.09,24917.18,24899.4,24917.18
1771238100,24916.57,24920.53,24910.35,24911.28
1771238400,24910.95,24941.99,24910.68,24940.41
1771238700,24940.76,24949.16,24933.31,24947.03
1771239000,24946.5,24947.64,24930.7,24935.82
1771239300,24935.92,24936.01,24929.14,24930.59
1771239600,24931.21,24931.28,24914.35,24914.61
1771239900,24914.42,24918.1,24909.95,24913.6
1771240200,24913.46,24918.59,24907.93,24918.49
1771240500,24919.0,24929.57,24917.63,24923.51
1771240800,24923.29,24925.5,24916.21,24923.93
1771241100,24923.01,24939.93,24921.05,24937.62
1771241400,24938.56,24938.56,24923.41,24923.44
1771241700,24922.79,24932.53,24916.86,24932.53
1771242000,24931.46,24947.67,24930.23,24943.01
1771242300,24942.85,24942.85,24929.08,24932.6
1771242600,24932.96,24953.66,24932.96,24949.23
1771242900,24949.26,24952.88,24940.67,24941.37
1771243200,24941.78,24941.78,24920.84,24931.91
1771243500,24931.41,24948.62,24929.95,24942.08
1771243800,24941.59,24946.95,24938.2,24941.3
1771244100,24941.63,24945.22,24937.18,24944.82
1771244400,24944.36,24958.05,24944.28,24956.05
1771244700,24955.52,24957.91,24949.87,24950.51
1771245000,24951.43,24951.6,24936.94,24942.65
1771245300,24942.74,24942.9,24934.6,24936.91
1771245600,24936.82,24936.82,24918.01,24918.01
1771245900,24917.91,24924.32,24914.0,24923.75
1771246200,24923.81,24927.15,24915.47,24915.47
1771246500,24915.28,24923.71,24914.32,24919.16
1771246800,24919.32,24923.03,24909.14,24915.22
1771247100,24914.91,24921.87,24910.66,24912.72
1771247400,24912.66,24914.57,24898.61,24899.55
1771247700,24899.65,24914.04,24897.5,24911.93
1771248000,24912.46,24921.96,24908.9,24920.04
1771248300,24919.84,24932.76,24919.74,24927.21
1771248600,24926.94,24932.14,24920.56,24928.17
1771248900,24928.28,24930.71,24915.06,24917.49
1771249200,24917.45,24924.99,24909.67,24924.99
1771249500,24925.4,24931.65,24915.75,24921.76
1771249800,24920.48,24922.57,24913.71,24916.05
1771250100,24915.44,24923.51,24910.29,24910.29
1771250400,24908.56,24910.19,24897.2,24905.85
1771250700,24905.99,24912.81,24904.82,24905.3
1771251000,24905.48,24905.48,24885.89,24887.0
1771251300,24887.49,24887.49,24861.59,24861.59
1771251600,24862.41,24868.37,24857.22,24864.79
1771251900,24863.72,24867.42,24850.44,24865.45
1771252200,24865.33,24872.1,24848.19,24856.9
1771252500,24857.79,24871.58,24847.61,24853.73
1771252800,24854.07,24854.07,24838.94,24851.05
1771253100,24850.37,24863.42,24835.57,24859.33
1771253400,24860.19,24870.76,24856.5,24870.41
1771253700,24870.78,24881.49,24864.94,24865.68
1771254000,24865.21,24883.32,24865.21,24883.22
1771254300,24884.31,24894.03,24882.47,24889.76
1771254600,24890.23,24892.61,24876.86,24878.45
1771254900,24878.39,24884.25,24876.3,24878.09
1771255200,24877.66,24882.16,24868.97,24873.59
1771255500,24871.07,24875.36,24862.05,24866.65
1771255800,24866.03,24876.0,24858.44,24862.95
1771256100,24862.74,24866.62,24854.74,24860.26
1771256400,24860.0,24869.22,24856.12,24857.79
1771256700,24857.6,24860.32,24842.61,24851.23
1771257000,24851.39,24872.05,24851.39,24854.14
1771257300,24854.23,24854.23,24817.51,24817.51
1771257600,24817.54,24817.54,24793.58,24801.62
1771257900,24801.78,24820.34,24796.68,24814.28
1771258200,24814.23,24830.7,24814.19,24820.29
1771258500,24820.12,24823.56,24798.77,24799.87
1771258800,24799.84,24809.25,24796.09,24803.14
1771259100,24802.08,24822.54,24798.71,24813.51
1771315200,24796.82,24799.2,24769.94,24780.21
1771315500,24780.26,24789.3,24770.81,24787.03
1771315800,24786.62,24802.17,24772.39,24773.25
1771316100,24773.42,24778.42,24755.27,24765.95
1771316400,24765.63,24790.08,24761.62,24784.9
1771316700,24784.76,24799.64,24776.16,24798.6
1771317000,24798.38,24823.07,24793.11,24796.38
1771317300,24795.03,24798.71,24784.65,24786.19
1771317600,24786.17,24786.41,24768.44,24768.92
1771317900,24770.02,24794.49,24768.85,24787.27
1771318200,24787.61,24794.58,24781.91,24790.45
1771318500,24790.38,24804.12,24786.21,24796.86
1771318800,24799.28,24845.99,24799.28,24845.99
1771319100,24846.22,24848.97,24837.98,24843.94
1771319400,24843.29,24844.97,24817.55,24821.19
1771319700,24821.1,24840.57,24816.24,24840.57
1771320000,24841.39,24845.26,24819.73,24835.79
1771320300,24836.0,24849.58,24832.44,24846.2
1771320600,24845.58,24871.42,24845.49,24867.18
1771320900,24867.16,24875.51,24867.09,24869.6
1771321200,24870.14,24873.23,24861.88,24866.82
1771321500,24867.15,24867.15,24842.45,24851.4
1771321800,24851.56,24858.53,24840.84,24855.63
1771322100,24856.25,24864.56,24852.36,24863.98
1771322400,24864.31,24881.94,24861.46,24863.64
1771322700,24862.72,24863.34,24845.84,24848.13
1771323000,24848.4,24848.4,24835.72,24843.85
1771323300,24843.65,24855.77,24841.74,24855.49
1771323600,24855.67,24867.54,24854.99,24866.57
1771323900,24866.44,24868.39,24845.47,24848.08
1771324200,24848.24,24852.59,24834.25,24839.44
1771324500,24839.34,24852.15,24833.33,24837.3
1771324800,24837.07,24837.07,24822.35,24829.12
1771325100,24828.96,24841.13,24827.97,24833.44
1771325400,24834.44,24834.44,24813.19,24822.6
1771325700,24822.95,24827.9,24811.13,24812.08
1771326000,24812.22,24822.01,24804.63,24808.66
1771326300,24808.73,24809.03,24783.81,24794.97
1771326600,24795.04,24813.01,24790.7,24811.86
1771326900,24809.96,24813.41,24799.2,24800.31
1771327200,24800.49,24805.4,24788.47,24791.47
1771327500,24791.46,24831.25,24789.15,24831.19
1771327800,24831.03,24838.9,24826.06,24837.66
1771328100,24837.74,24846.04,24828.38,24842.29
1771328400,24843.86,24854.27,24843.79,24844.91
1771328700,24845.05,24855.75,24843.73,24855.75
1771329000,24855.9,24858.05,24848.5,24852.64
1771329300,24852.57,24870.82,24852.57,24865.46
1771329600,24864.62,24864.82,24855.55,24855.83
1771329900,24855.73,24866.24,24852.58,24858.97
1771330200,24858.65,24863.07,24851.15,24854.9
1771330500,24854.71,24854.71,24831.02,24831.02
1771330800,24827.94,24835.2,24818.98,24822.65
1771331100,24823.69,24831.83,24820.94,24824.03
1771331400,24824.13,24824.84,24803.07,24812.94
1771331700,24813.11,24814.99,24801.11,24805.52
1771332000,24805.68,24806.23,24791.14,24802.54
1771332300,24802.86,24803.67,24787.77,24792.44
1771332600,24791.82,24792.84,24779.48,24780.61
1771332900,24780.71,24788.72,24770.14,24774.23
1771333200,24772.37,24774.09,24757.39,24758.12
1771333500,24756.86,24763.34,24750.92,24754.48
1771333800,24755.02,24758.88,24734.04,24758.88
1771334100,24759.97,24770.99,24759.24,24770.99
1771334400,24771.26,24813.15,24770.82,24813.15
1771334700,24814.93,24831.08,24814.44,24816.77
1771335000,24816.88,24820.89,24806.59,24806.91
1771335300,24806.85,24815.34,24804.29,24812.12
1771335600,24812.25,24830.73,24811.97,24828.04
1771335900,24827.94,24832.13,24815.28,24820.39
1771336200,24819.86,24876.21,24818.18,24844.08
1771336500,24844.38,24846.29,24829.3,24839.45
1771336800,24838.73,24866.52,24838.25,24866.3
1771337100,24865.9,24883.63,24865.29,24882.53
1771337400,24882.63,24886.67,24872.85,24874.75
1771337700,24874.37,24876.0,24862.11,24875.22
1771338000,24873.85,24889.35,24871.65,24875.58
1771338300,24875.29,24886.48,24863.32,24879.41
1771338600,24882.04,24938.42,24882.04,24925.97
1771338900,24925.4,24933.95,24909.3,24921.41
1771339200,24920.63,24932.27,24891.14,24898.37
1771339500,24898.38,24912.66,24888.41,24898.93
1771339800,24898.35,24904.2,24848.34,24854.73
1771340100,24854.52,24855.84,24822.43,24831.32
1771340400,24831.66,24878.29,24831.0,24875.62
1771340700,24877.12,24881.46,24850.17,24856.31
1771341000,24856.05,24872.76,24847.66,24858.79
1771341300,24858.45,24926.61,24851.32,24924.6
1771341600,24924.74,24925.51,24883.81,24894.15
1771341900,24894.8,24905.27,24869.31,24884.38
1771342200,24884.61,24887.95,24860.02,24867.34
1771342500,24867.65,24882.66,24856.93,24857.65
1771342800,24857.55,24872.62,24851.32,24866.53
1771343100,24866.71,24903.89,24866.71,24886.63
1771343400,24885.03,24886.13,24872.03,24884.43
1771343700,24884.12,24894.65,24873.78,24892.89
1771344000,24894.06,24900.68,24880.82,24892.53
1771344300,24892.81,24954.97,24890.53,24954.97
1771344600,24955.27,24986.02,24953.3,24982.02
1771344900,24982.28,25005.46,24975.97,25002.46
1771345200,25002.38,25020.64,24996.33,25020.36
1771345500,25018.58,25019.91,25003.57,25004.44
1771401600,25127.13,25145.33,25123.04,25141.63
1771401900,25143.17,25160.19,25134.93,25157.78
1771402200,25159.38,25159.38,25109.54,25113.8
1771402500,25114.19,25170.2,25108.62,25157.93
1771402800,25158.41,25163.25,25128.69,25128.69
1771403100,25129.3,25130.65,25104.62,25113.6
1771403400,25112.7,25145.66,25112.7,25140.16
1771403700,25140.5,25147.24,25132.05,25145.85
1771404000,25145.78,25151.61,25132.72,25141.67
1771404300,25142.03,25146.63,25124.63,25131.76
1771404600,25131.48,25136.94,25124.93,25129.32
1771404900,25128.44,25174.73,25128.35,25166.04
1771405200,25165.94,25179.22,25163.92,25176.85
1771405500,25176.27,25179.07,25153.88,25159.49
1771405800,25159.63,25162.95,25146.29,25156.11
1771406100,25155.26,25160.5,25138.59,25141.07
1771406400,25140.59,25144.38,25125.11,25143.54
1771406700,25144.05,25160.71,25144.05,25157.05
1771407000,25157.15,25173.62,25150.97,25167.49
1771407300,25167.51,25185.63,25167.09,25184.27
1771407600,25184.03,25189.46,25172.64,25188.08
1771407900,25188.59,25200.36,25182.72,25185.12
1771408200,25186.35,25195.42,25178.04,25189.85
1771408500,25190.05,25198.86,25187.84,25195.78
1771408800,25195.31,25205.96,25185.47,25205.96
1771409100,25205.12,25209.85,25201.48,25201.57
1771409400,25202.03,25212.63,25198.02,25203.52
1771409700,25203.16,25205.61,25197.47,25201.48
1771410000,25201.96,25207.77,25190.06,25193.36
1771410300,25193.4,25206.49,25191.6,25205.22
1771410600,25205.28,25205.74,25195.77,25196.41
1771410900,25196.76,25206.71,25195.7,25202.15
1771411200,25201.8,25215.36,25201.8,25215.36
1771411500,25215.46,25221.71,25214.27,25215.33
1771411800,25216.85,25225.87,25207.16,25223.49
1771412100,25223.7,25244.39,25218.47,25243.03
1771412400,25242.84,25265.95,25242.59,25256.63
1771412700,25256.91,25259.16,25242.4,25244.2
1771413000,25244.48,25245.36,25224.59,25232.07
1771413300,25232.12,25236.99,25218.61,25227.24
1771413600,25227.47,25238.47,25227.06,25235.76
1771413900,25235.69,25241.23,25229.04,25234.49
1771414200,25234.42,25234.42,25206.94,25206.94
1771414500,25206.91,25214.02,25202.35,25206.64
1771414800,25206.57,25208.42,25195.43,25200.53
1771415100,25201.07,25213.78,25200.06,25210.86
1771415400,25209.43,25213.3,25202.76,25210.81
1771415700,25210.74,25212.92,25202.99,25203.74
1771416000,25203.99,25222.6,25200.48,25218.64
1771416300,25220.88,25234.92,25208.88,25225.03
1771416600,25224.67,25243.02,25224.67,25243.02
1771416900,25242.97,25247.28,25238.14,25247.05
1771417200,25247.14,25247.14,25224.74,25229.23
1771417500,25229.13,25234.99,25208.34,25213.92
1771417800,25214.2,25217.59,25181.79,25181.79
1771418100,25182.02,25184.95,25176.49,25182.77
1771418400,25183.04,25188.23,25176.18,25186.25
1771418700,25186.35,25201.14,25185.79,25201.14
1771419000,25201.22,25208.6,25201.22,25204.05
1771419300,25203.94,25212.94,25196.6,25209.88
1771419600,25209.79,25212.64,25196.7,25196.7
1771419900,25196.63,25197.43,25181.89,25190.82
1771420200,25190.9,25201.22,25190.71,25197.16
1771420500,25197.22,25200.7,25170.6,25172.17
1771420800,25172.26,25176.89,25163.57,25176.89
1771421100,25177.63,25189.02,25175.98,25187.07
1771421400,25187.56,25192.41,25174.21,25180.33
1771421700,25180.66,25187.93,25176.62,25185.32
1771422000,25185.4,25188.77,25171.61,25176.09
1771422300,25175.89,25176.34,25147.87,25152.97
1771422600,25153.18,25153.79,25133.36,25137.2
1771422900,25136.53,25139.33,25113.01,25118.79
1771423200,25119.81,25123.79,25100.92,25120.05
1771423500,25119.77,25136.83,25116.4,25136.83
1771423800,25137.2,25143.17,25132.57,25133.2
1771424100,25133.34,25146.3,25122.57,25127.68
1771424400,25127.97,25148.3,25127.97,25148.3
1771424700,25148.19,25149.41,25133.89,25140.86
1771425000,25141.02,25163.71,25117.91,25155.21
1771425300,25154.88,25187.84,25149.94,25185.22
1771425600,25185.72,25213.38,25183.52,25208.68
1771425900,25208.24,25209.82,25188.53,25192.5
1771426200,25192.85,25231.87,25192.85,25231.87
1771426500,25230.94,25240.97,25222.86,25240.82
1771426800,25241.84,25262.89,25241.84,25260.46
1771427100,25261.85,25275.14,25261.67,25264.39
1771427400,25263.86,25277.39,25261.84,25271.75
1771427700,25271.6,25275.63,25251.51,25253.15
1771428000,25254.0,25262.76,25245.49,25254.29
1771428300,25253.5,25265.26,25250.66,25262.31
1771428600,25261.88,25276.34,25257.4,25271.16
1771428900,25271.46,25272.91,25257.63,25260.68
1771429200,25260.84,25268.63,25259.28,25259.28
1771429500,25259.35,25281.81,25249.54,25281.06
1771429800,25281.02,25298.85,25280.13,25298.85
1771430100,25298.61,25306.98,25296.56,25301.95
1771430400,25301.34,25309.04,25294.1,25302.06
1771430700,25303.29,25315.01,25288.47,25289.26
1771431000,25290.15,25302.38,25283.46,25289.92
1771431300,25290.22,25303.17,25284.19,25284.75
1771431600,25284.69,25288.21,25278.79,25286.54
1771431900,25286.46,25297.27,25280.76,25285.93
1771488000,25198.38,25205.65,25191.35,25193.61
1771488300,25194.65,25224.1,25194.65,25223.61
1771488600,25222.49,25228.94,25164.49,25186.65
1771488900,25187.0,25213.03,25187.0,25208.35
1771489200,25208.06,25220.33,25195.32,25203.37
1771489500,25202.37,25210.33,25196.69,25199.65
1771489800,25199.72,25215.48,25166.62,25170.17
1771490100,25169.25,25169.91,25158.96,25163.95
1771490400,25163.9,25176.42,25151.94,25170.49
1771490700,25170.53,25177.81,25160.93,25170.96
1771491000,25170.34,25171.37,25153.56,25166.54
1771491300,25166.64,25170.69,25138.07,25143.89
1771491600,25144.22,25152.45,25131.13,25135.69
1771491900,25136.46,25146.34,25131.69,25146.34
1771492200,25146.18,25158.66,25144.79,25156.95
1771492500,25157.28,25159.37,25138.5,25149.44
1771492800,25149.42,25160.55,25145.81,25159.57
1771493100,25159.04,25159.04,25125.65,25127.33
1771493400,25127.0,25130.47,25115.52,25122.64
1771493700,25121.87,25122.87,25101.73,25105.12
1771494000,25103.83,25107.19,25090.86,25092.92
1771494300,25092.08,25092.33,25062.13,25064.1
1771494600,25063.48,25083.07,25062.92,25081.23
1771494900,25080.92,25082.12,25058.26,25061.94
1771495200,25062.1,25062.1,25031.07,25034.08
1771495500,25034.58,25053.98,25032.15,25050.29
1771495800,25050.38,25061.79,25049.14,25050.38
1771496100,25050.76,25080.33,25050.76,25078.36
1771496400,25078.6,25078.6,25060.16,25068.23
1771496700,25068.94,25072.06,25054.3,25054.34
1771497000,25052.99,25063.44,25038.22,25062.51
1771497300,25063.36,25063.36,25049.05,25055.54
1771497600,25055.4,25064.67,25053.83,25061.47
1771497900,25061.44,25077.16,25057.2,25067.13
1771498200,25067.29,25071.86,25057.8,25068.48
1771498500,25068.58,25077.51,25063.96,25067.95
1771498800,25068.17,25073.35,25059.43,25060.41
1771499100,25061.47,25088.76,25060.92,25088.21
1771499400,25088.74,25099.34,25084.49,25092.55
1771499700,25093.05,25094.43,25079.5,25091.87
1771500000,25092.87,25114.52,25090.58,25114.52
1771500300,25114.17,25116.11,25104.2,25104.75
1771500600,25104.58,25106.36,25088.2,25095.76
1771500900,25096.31,25098.78,25084.88,25096.39
1771501200,25096.93,25103.12,25094.87,25097.82
1771501500,25097.53,25104.73,25088.88,25089.97
1771501800,25090.04,25090.04,25060.84,25073.41
1771502100,25073.55,25075.3,25054.19,25060.02
1771502400,25059.92,25059.92,25038.57,25052.24
1771502700,25052.25,25068.66,25052.25,25063.06
1771503000,25064.19,25066.9,25058.54,25061.72
1771503300,25062.19,25072.33,25060.61,25060.61
1771503600,25060.11,25062.71,25052.45,25058.59
1771503900,25058.27,25079.63,25058.27,25072.58
1771504200,25072.27,25073.07,25060.83,25065.66
1771504500,25063.85,25063.85,25049.35,25053.84
1771504800,25053.71,25070.45,25053.22,25064.53
1771505100,25064.41,25074.42,25057.39,25074.19
1771505400,25073.82,25075.51,25058.67,25058.67
1771505700,25059.32,25064.2,25055.4,25056.41
1771506000,25056.64,25068.84,25055.35,25056.03
1771506300,25056.69,25060.92,25042.07,25044.0
1771506600,25042.01,25048.35,25036.75,25043.67
1771506900,25043.85,25047.92,25031.1,25036.2
1771507200,25035.88,25039.41,25000.52,25000.52
1771507500,24999.64,25013.64,24999.59,25012.24
1771507800,25012.3,25023.27,25001.5,25021.43
1771508100,25021.27,25050.19,25021.27,25044.66
1771508400,25044.5,25047.17,25037.81,25043.69
1771508700,25043.75,25057.32,25035.44,25053.97
1771509000,25054.29,25054.64,25037.18,25042.05
1771509300,25044.02,25050.5,25034.94,25042.29
1771509600,25042.9,25053.46,25036.7,25036.7
1771509900,25037.0,25047.32,25035.1,25035.43
1771510200,25034.75,25044.5,25026.58,25041.87
1771510500,25040.77,25048.51,25034.8,25038.98
1771510800,25039.68,25046.25,25031.68,25043.54
1771511100,25044.46,25044.46,25017.93,25021.38
1771511400,25022.47,25031.67,25005.51,25022.63
1771511700,25023.04,25031.45,24986.82,25014.42
1771512000,25016.02,25026.31,24983.89,25025.58
1771512300,25026.31,25026.31,24985.07,25001.84
1771512600,25001.66,25033.15,24999.09,25018.72
1771512900,25019.24,25035.84,25012.55,25015.31
1771513200,25022.41,25040.75,25009.59,25023.57
1771513500,25022.93,25024.56,24999.09,25018.54
1771513800,25018.51,25030.08,25005.81,25011.25
1771514100,25011.93,25026.52,24999.82,25010.59
1771514400,25010.28,25035.93,25006.27,25032.11
1771514700,25032.37,25035.74,25014.77,25017.48
1771515000,25017.33,25043.93,25005.97,25043.16
1771515300,25042.79,25062.0,25039.43,25053.35
1771515600,25052.98,25062.94,25041.2,25046.97
1771515900,25047.08,25053.81,25034.18,25041.85
1771516200,25041.17,25041.5,25010.92,25016.62
1771516500,25015.11,25034.68,25015.11,25034.68
1771516800,25034.58,25036.87,25011.57,25019.78
1771517100,25021.17,25023.52,24997.96,25014.43
1771517400,25014.8,25019.06,25000.41,25007.61
1771517700,25007.86,25040.94,25007.86,25036.03
1771518000,25036.02,25043.13,25025.69,25027.77
1771518300,25026.99,25029.66,25011.96,25016.56
1771574400,25070.0,25081.4,25048.15,25061.24
1771574700,25060.1,25072.01,25037.35,25038.23
1771575000,25038.47,25053.99,25037.55,25040.83
1771575300,25039.59,25040.43,25008.37,25019.07
1771575600,25019.52,25027.37,25004.81,25027.0
1771575900,25027.09,25069.53,25027.09,25068.15
1771576200,25066.5,25067.85,25030.88,25031.03
1771576500,25031.1,25039.09,25027.45,25037.74
1771576800,25037.36,25053.33,25035.68,25053.33
1771577100,25053.12,25055.6,25048.28,25055.21
1771577400,25057.13,25069.63,25055.49,25067.98
1771577700,25067.88,25090.73,25067.41,25090.47
1771578000,25090.71,25104.16,25080.35,25104.16
1771578300,25104.51,25127.97,25103.5,25123.05
1771578600,25122.74,25124.62,25114.02,25120.8
1771578900,25120.96,25143.49,25120.29,25132.99
1771579200,25133.18,25133.89,25119.41,25129.11
1771579500,25129.56,25129.61,25117.77,25125.45
1771579800,25125.25,25125.88,25105.52,25115.29
1771580100,25115.87,25115.87,25097.61,25107.67
1771580400,25108.28,25119.87,25105.37,25119.87
1771580700,25120.19,25120.38,25099.64,25099.87
1771581000,25100.71,25110.01,25098.49,25110.01
1771581300,25110.52,25115.29,25106.25,25107.74
1771581600,25108.29,25113.16,25098.35,25106.35
1771581900,25105.25,25121.67,25103.94,25120.4
1771582200,25120.67,25124.51,25117.48,25124.51
1771582500,25125.11,25133.75,25123.74,25132.27
1771582800,25132.14,25132.14,25107.38,25119.31
1771583100,25119.62,25132.3,25119.35,25132.3
1771583400,25132.33,25132.97,25110.28,25110.28
1771583700,25110.43,25121.33,25109.32,25119.51
1771584000,25119.63,25124.82,25115.32,25120.86
1771584300,25121.28,25130.21,25119.94,25127.75
1771584600,25126.15,25127.41,25104.56,25106.57
1771584900,25115.44,25126.97,25091.86,25093.22
1771585200,25094.93,25094.93,25065.72,25071.02
1771585500,25071.09,25095.11,25071.09,25094.11
1771585800,25094.43,25107.72,25094.27,25100.66
1771586100,25100.13,25107.26,25098.99,25099.53
1771586400,25097.49,25105.74,25097.39,25103.32
1771586700,25102.92,25113.79,25101.67,25111.97
1771587000,25112.0,25122.89,25112.0,25118.83
1771587300,25119.24,25120.67,25110.32,25113.46
1771587600,25112.9,25116.1,25111.04,25114.6
1771587900,25115.18,25118.04,25098.67,25099.87
1771588200,25099.76,25108.28,25091.8,25108.28
1771588500,25108.38,25108.39,25096.22,25098.7
1771588800,25098.5,25098.5,25098.5,25098.5
1771589100,25097.42,25106.51,25092.67,25101.32
1771589400,25101.81,25109.16,25096.21,25109.16
1771589700,25109.08,25113.17,25097.1,25097.38
1771590000,25097.06,25099.13,25089.11,25091.66
1771590300,25091.33,25097.73,25091.33,25092.22
1771590600,25090.4,25092.23,25085.52,25087.5
1771590900,25087.57,25092.87,25081.66,25082.84
1771591200,25082.72,25082.91,25071.21,25074.33
1771591500,25074.44,25074.85,25065.81,25074.85
1771591800,25074.92,25090.47,25074.31,25081.9
1771592100,25082.23,25083.67,25074.01,25078.69
1771592400,25078.88,25086.68,25074.25,25085.97
1771592700,25086.03,25093.27,25082.11,25093.27
1771593000,25093.63,25097.25,25090.56,25097.02
1771593300,25097.17,25117.43,25096.35,25115.0
1771593600,25114.72,25117.26,25110.0,25110.55
1771593900,25110.56,25121.89,25108.69,25120.84
1771594200,25119.86,25121.66,25083.26,25090.66
1771594500,25091.44,25099.84,25084.81,25099.84
1771594800,25099.77,25099.77,25089.46,25095.53
1771595100,25095.62,25100.66,25083.25,25085.62
1771595400,25084.75,25097.07,25081.4,25088.07
1771595700,25088.91,25102.26,25082.72,25101.72
1771596000,25101.88,25110.95,25100.76,25109.68
1771596300,25110.28,25118.59,25108.38,25115.18
1771596600,25114.8,25114.8,25106.02,25107.95
1771596900,25108.05,25108.05,25093.98,25097.53
1771597200,25097.11,25099.53,25091.84,25094.16
1771597500,25094.15,25097.69,25089.68,25090.71
1771597800,25090.29,25133.36,25090.1,25130.69
1771598100,25130.96,25152.15,25121.18,25124.82
1771598400,25124.6,25150.94,25112.71,25135.46
1771598700,25135.76,25142.59,25122.18,25139.68
1771599000,25140.32,25150.88,25132.99,25139.52
1771599300,25140.87,25154.04,25130.91,25150.99
1771599600,25150.93,25331.06,25150.93,25218.04
1771599900,25219.23,25221.88,25155.95,25221.23
1771600200,25221.14,25234.54,25170.33,25171.78
1771600500,25169.91,25226.24,25155.04,25208.74
1771600800,25207.33,25227.74,25196.6,25218.52
1771601100,25218.62,25238.62,25190.33,25200.11
1771601400,25199.79,25208.34,25187.65,25199.12
1771601700,25197.21,25212.13,25183.04,25211.28
1771602000,25211.42,25229.66,25185.14,25229.66
1771602300,25229.35,25241.68,25216.55,25230.04
1771602600,25229.55,25249.99,25219.44,25249.84
1771602900,25250.96,25281.54,25250.96,25275.34
1771603200,25276.35,25277.5,25258.89,25259.56
1771603500,25259.73,25259.73,25239.14,25249.65
1771603800,25250.31,25257.24,25236.86,25237.88
1771604100,25237.83,25247.31,25230.51,25246.81
1771604400,25246.92,25257.55,25236.79,25250.37
1771604700,25250.61,25257.04,25240.42,25247.52
1771833600,25114.39,25124.85,25097.35,25102.67
1771833900,25102.82,25104.78,25075.19,25080.5
1771834200,25081.5,25101.74,25076.71,25096.58
1771834500,25096.82,25106.73,25085.02,25096.95
1771834800,25097.58,25119.8,25096.67,25115.86
1771835100,25115.31,25134.08,25109.68,25132.92
1771835400,25133.01,25150.5,25133.01,25141.0
1771835700,25139.97,25145.67,25130.94,25134.44
1771836000,25134.2,25136.07,25107.17,25107.6
1771836300,25107.76,25144.54,25106.66,25144.54
1771836600,25146.84,25167.99,25144.2,25167.99
1771836900,25167.8,25175.42,25165.12,25175.42
1771837200,25179.87,25194.93,25169.34,25178.31
1771837500,25178.22,25182.77,25165.93,25168.31
1771837800,25168.66,25183.32,25168.53,25183.32
1771838100,25183.6,25193.71,25182.48,25187.46
1771838400,25186.4,25187.55,25171.71,25181.82
1771838700,25182.21,25186.34,25171.36,25174.58
1771839000,25174.18,25174.68,25153.17,25154.34
1771839300,25153.92,25161.24,25151.07,25151.9
1771839600,25151.62,25153.6,25138.45,25138.81
1771839900,25139.02,25143.91,25130.4,25133.81
1771840200,25134.22,25149.45,25132.19,25137.98
1771840500,25137.43,25141.73,25128.72,25128.72
1771840800,25128.1,25131.0,25117.85,25122.53
1771841100,25122.48,25129.94,25120.73,25127.75
1771841400,25128.11,25130.65,25120.34,25121.27
1771841700,25118.88,25124.02,25114.73,25118.39
1771842000,25118.7,25118.7,25104.16,25109.03
1771842300,25109.07,25114.94,25036.25,25102.63
1771842600,25102.3,25127.76,25101.61,25127.62
1771842900,25128.03,25147.05,25128.03,25147.05
1771843200,25147.42,25152.15,25145.58,25147.76
1771843500,25146.69,25148.15,25136.21,25136.21
1771843800,25135.13,25140.87,25123.82,25126.68
1771844100,25126.73,25140.97,25126.45,25140.97
1771844400,25141.77,25153.97,25141.04,25145.69
1771844700,25145.85,25162.06,25142.83,25156.36
1771845000,25155.98,25159.99,25147.44,25147.44
1771845300,25148.16,25156.92,25142.12,25145.55
1771845600,25145.61,25148.28,25133.69,25140.98
1771845900,25140.44,25142.46,25135.31,25141.82
1771846200,25142.36,25144.93,25134.82,25143.04
1771846500,25142.79,25148.15,25140.71,25142.9
1771846800,25142.97,25151.29,25137.66,25150.73
1771847100,25150.83,25153.28,25143.85,25145.66
1771847400,25145.77,25149.88,25141.88,25149.53
1771847700,25149.41,25151.35,25132.85,25148.66
1771848000,25148.56,25162.55,25148.56,25155.31
1771848300,25155.95,25158.8,25152.62,25152.62
1771848600,25152.66,25152.66,25140.79,25144.7
1771848900,25143.78,25143.78,25125.59,25127.51
1771849200,25127.36,25129.18,25123.34,25123.34
1771849500,25123.43,25127.4,25116.69,25120.28
1771849800,25120.4,25122.2,25110.29,25114.83
1771850100,25114.93,25115.81,25108.37,25109.8
1771850400,25109.69,25109.69,25099.32,25106.94
1771850700,25107.01,25109.68,25102.82,25103.87
1771851000,25103.61,25106.59,25097.85,25106.51
1771851300,25105.93,25107.31,25101.7,25106.76
1771851600,25106.99,25124.59,25098.21,25122.0
1771851900,25121.89,25131.97,25114.01,25131.26
1771852200,25130.74,25130.81,25120.72,25127.3
1771852500,25126.77,25130.82,25124.87,25127.07
1771852800,25127.33,25129.38,25121.34,25124.73
1771853100,25124.83,25135.91,25124.45,25135.25
1771853400,25135.26,25155.62,25135.17,25148.58
1771853700,25148.25,25171.71,25146.97,25170.99
1771854000,25170.81,25176.24,25168.08,25174.2
1771854300,25174.66,25177.89,25169.68,25171.84
1771854600,25172.02,25173.25,25165.11,25166.25
1771854900,25165.51,25165.51,25157.31,25161.26
1771855200,25161.14,25172.78,25160.21,25172.27
1771855500,25173.44,25173.62,25164.38,25166.52
1771855800,25166.62,25169.22,25152.28,25162.71
1771856100,25162.7,25173.02,25161.56,25170.27
1771856400,25170.53,25172.63,25148.69,25150.22
1771856700,25150.96,25156.06,25144.83,25153.3
1771857000,25153.01,25153.01,25133.12,25143.49
1771857300,25144.14,25157.6,25129.66,25144.95
1771857600,25144.57,25144.57,25119.26,25130.14
1771857900,25128.5,25134.82,25114.79,25116.94
1771858200,25116.02,25131.16,25104.37,25109.04
1771858500,25109.89,25117.73,25106.12,25112.4
1771858800,25113.4,25137.47,25100.58,25100.58
1771859100,25101.13,25104.96,25072.54,25074.88
1771859400,25074.7,25088.94,25067.45,25075.53
1771859700,25074.92,25076.7,25060.34,25071.27
1771860000,25071.96,25081.78,25066.15,25072.14
1771860300,25071.72,25076.92,25063.79,25071.12
1771860600,25071.06,25074.66,25052.96,25055.36
1771860900,25054.75,25060.37,25043.55,25047.32
1771861200,25047.48,25048.94,25029.61,25031.06
1771861500,25030.93,25031.15,25013.11,25018.0
1771861800,25017.7,25025.15,24999.32,25000.11
1771862100,25000.14,25007.02,24985.61,24991.14
1771862400,24992.09,24994.81,24955.01,24961.53
1771862700,24962.08,24964.61,24950.24,24953.66
1771863000,24953.94,24968.97,24949.3,24955.92
1771863300,24955.32,24963.97,24937.56,24954.19
1771863600,24954.04,24966.95,24947.66,24958.03
1771863900,24956.58,24987.84,24955.78,24986.26
1771920000,24952.16,24971.41,24944.62,24947.16
1771920300,24946.96,24951.96,24904.57,24916.25
1771920600,24916.39,24925.3,24878.1,24916.85
1771920900,24918.56,24928.33,24892.86,24902.59
1771921200,24903.86,24959.3,24900.89,24957.7
1771921500,24958.03,24962.74,24928.92,24937.56
1771921800,24937.75,24960.32,24919.2,24919.39
1771922100,24918.88,24918.88,24897.91,24901.97
1771922400,24902.52,24906.44,24884.67,24904.82
1771922700,24904.63,24910.89,24884.09,24886.81
1771923000,24886.96,24893.82,24883.54,24889.23
1771923300,24889.51,24917.41,24889.51,24909.74
1771923600,24908.57,24936.51,24906.24,24936.51
1771923900,24936.93,24962.23,24936.34,24957.91
1771924200,24957.86,24958.03,24940.45,24946.2
1771924500,24946.83,24958.14,24934.95,24935.04
1771924800,24934.8,24935.89,24920.12,24925.25
1771925100,24925.47,24935.27,24924.5,24927.19
1771925400,24927.49,24928.22,24908.41,24910.36
1771925700,24910.25,24928.76,24899.94,24928.56
1771926000,24929.47,24941.1,24927.01,24938.01
1771926300,24938.17,24946.05,24924.76,24944.95
1771926600,24945.27,24948.28,24939.28,24946.84
1771926900,24947.06,24962.35,24946.08,24958.17
1771927200,24957.93,24970.54,24957.4,24966.29
1771927500,24966.67,24967.52,24950.15,24951.31
1771927800,24951.93,24959.04,24949.8,24952.56
1771928100,24952.93,24962.56,24952.28,24960.31
1771928400,24960.11,24963.85,24956.78,24959.55
1771928700,24959.08,24974.88,24957.4,24974.88
1771929000,24975.32,24979.27,24964.3,24974.84
1771929300,24974.93,24980.55,24963.74,24965.03
1771929600,24963.45,24968.84,24954.66,24963.23
1771929900,24964.32,24964.74,24953.65,24953.65
1771930200,24953.51,24970.96,24951.5,24970.96
1771930500,24973.27,24974.79,24962.51,24964.09
1771930800,24967.24,24991.08,24963.99,24985.42
1771931100,24984.76,24985.21,24968.08,24969.3
1771931400,24970.1,24972.22,24959.38,24959.38
1771931700,24959.41,24961.42,24956.21,24958.17
1771932000,24958.48,24960.8,24954.18,24956.72
1771932300,24956.71,24978.95,24956.6,24977.7
1771932600,24977.64,24986.44,24973.72,24985.67
1771932900,24985.35,24985.35,24979.94,24981.16
1771933200,24981.26,24982.97,24975.16,24976.76
1771933500,24977.22,24983.45,24973.5,24976.46
1771933800,24976.74,24986.55,24976.35,24986.55
1771934100,24986.73,24995.69,24984.35,24995.54
1771934400,24995.02,25003.63,24992.92,24998.64
1771934700,24998.73,25008.74,24997.23,25000.43
1771935000,25000.4,25007.88,24997.43,25004.6
1771935300,25004.68,25005.67,24978.2,24981.39
1771935600,24980.99,24985.22,24971.74,24971.74
1771935900,24971.9,24976.3,24963.97,24964.12
1771936200,24964.66,24970.14,24961.64,24966.79
1771936500,24966.82,24966.82,24943.67,24943.83
1771936800,24943.53,24943.53,24927.22,24927.22
1771937100,24927.1,24929.49,24922.33,24925.6
1771937400,24925.78,24934.62,24915.2,24934.62
1771937700,24934.82,24944.94,24933.68,24941.11
1771938000,24942.34,24967.49,24942.25,24953.1
1771938300,24951.97,24952.55,24934.41,24947.39
1771938600,24946.47,24960.57,24946.47,24954.54
1771938900,24954.48,24973.12,24954.48,24971.52
1771939200,24972.13,24976.77,24965.17,24970.58
1771939500,24970.43,24977.2,24958.27,24959.2
1771939800,24959.52,24966.34,24953.85,24962.2
1771940100,24962.29,24965.48,24954.48,24957.4
1771940400,24958.1,24961.13,24952.87,24959.42
1771940700,24959.56,24972.0,24959.5,24969.55
1771941000,24967.72,24975.65,24965.57,24974.81
1771941300,24974.9,24990.98,24974.9,24984.33
1771941600,24984.67,24985.72,24975.36,24975.72
1771941900,24975.54,24980.84,24961.46,24962.2
1771942200,24962.3,24966.01,24953.86,24955.3
1771942500,24955.18,24956.01,24938.4,24939.57
1771942800,24939.07,24945.44,24927.41,24931.27
1771943100,24931.07,24933.8,24919.51,24923.63
1771943400,24925.5,24926.53,24893.16,24905.72
1771943700,24907.2,24984.9,24903.04,24974.46
1771944000,24973.18,25024.78,24971.65,25024.4
1771944300,25024.6,25043.88,25015.58,25041.35
1771944600,25041.76,25051.63,25005.44,25010.75
1771944900,25012.51,25035.18,25006.09,25035.03
1771945200,25035.81,25036.48,25002.78,25018.24
1771945500,25018.11,25033.37,25011.38,25031.26
1771945800,25030.06,25035.26,25012.73,25017.95
1771946100,25018.24,25036.01,25012.05,25035.52
1771946400,25035.24,25054.53,25029.89,25052.62
1771946700,25053.36,25084.11,25050.29,25077.84
1771947000,25077.45,25091.95,25076.5,25079.1
1771947300,25078.49,25078.95,25060.08,25060.39
1771947600,25060.83,25061.87,25053.36,25053.36
1771947900,25053.3,25053.3,25039.59,25047.24
1771948200,25047.31,25047.84,25024.78,25025.96
1771948500,25025.78,25028.36,25012.32,25012.79
1771948800,25013.41,25018.62,25007.18,25007.18
1771949100,25007.6,25011.01,24991.81,25001.24
1771949400,25002.42,25020.76,24997.9,25020.76
1771949700,25020.67,25027.2,25011.43,25023.76
1771950000,25023.94,25024.1,25002.51,25011.51
1771950300,25011.87,25023.4,25011.79,25022.58
1772006400,25051.84,25075.31,25046.44,25075.31
1772006700,25075.77,25090.28,25029.44,25038.48
1772007000,25037.06,25057.9,25018.14,25018.14
1772007300,25018.99,25047.72,24988.61,25047.58
1772007600,25049.65,25070.73,25026.31,25026.39
1772007900,25027.05,25056.68,25023.68,25049.43
1772008200,25051.46,25059.47,25019.17,25019.17
1772008500,25018.95,25048.38,25017.17,25040.06
1772008800,25040.13,25055.76,25034.12,25055.01
1772009100,25054.7,25057.23,25038.78,25051.54
1772009400,25052.58,25060.16,25034.72,25037.09
1772009700,25037.21,25046.18,25034.48,25046.18
1772010000,25046.03,25049.59,25028.68,25028.82
1772010300,25028.5,25033.33,25016.46,25032.85
1772010600,25032.93,25049.46,25032.93,25049.35
1772010900,25049.48,25056.04,25042.45,25050.41
1772011200,25050.11,25054.84,25043.24,25046.92
1772011500,25047.15,25053.94,25045.68,25049.27
1772011800,25049.34,25050.29,25036.2,25042.39
1772012100,25042.07,25042.35,25032.64,25041.72
1772012400,25041.98,25057.08,25037.81,25056.75
1772012700,25056.21,25060.4,25049.76,25052.23
1772013000,25051.7,25061.5,25051.47,25060.82
1772013300,25060.89,25067.21,25054.48,25065.1
1772013600,25065.25,25075.55,25057.6,25061.49
1772013900,25061.52,25071.8,25053.53,25068.17
1772014200,25068.05,25074.63,25064.73,25069.9
1772014500,25069.81,25091.8,25069.13,25090.66
1772014800,25090.99,25099.23,25087.51,25095.51
1772015100,25095.48,25095.62,25079.52,25082.01
1772015400,25082.08,25087.62,25073.55,25073.55
1772015700,25073.74,25088.74,25071.23,25085.68
1772016000,25085.65,25094.85,25085.65,25090.76
1772016300,25090.67,25103.8,25088.85,25103.44
1772016600,25101.48,25102.6,25079.04,25080.55
1772016900,25080.44,25085.53,25070.67,25075.35
1772017200,25075.47,25086.13,25070.91,25082.41
1772017500,25082.35,25095.24,25077.69,25091.51
1772017800,25090.27,25099.46,25090.27,25095.28
1772018100,25095.76,25101.28,25090.37,25090.37
1772018400,25090.06,25090.24,25070.53,25071.94
1772018700,25071.84,25080.56,25070.32,25080.56
1772019000,25080.68,25088.84,25079.67,25086.92
1772019300,25087.32,25100.16,25085.93,25098.76
1772019600,25099.04,25103.34,25094.49,25100.54
1772019900,25100.45,25101.27,25089.82,25089.97
1772020200,25089.59,25094.41,25086.62,25093.99
1772020500,25093.93,25098.33,25091.36,25091.36
1772020800,25086.19,25102.18,25086.19,25099.8
1772021100,25099.37,25101.68,25093.36,25095.44
1772021400,25094.87,25097.93,25091.86,25096.12
1772021700,25096.24,25108.18,25096.02,25106.78
1772022000,25106.41,25123.38,25105.95,25114.15
1772022300,25113.99,25113.99,25098.85,25103.54
1772022600,25103.35,25104.85,25095.78,25101.9
1772022900,25101.71,25107.23,25097.8,25097.8
1772023200,25099.4,25099.4,25079.69,25082.81
1772023500,25082.67,25091.03,25081.41,25081.53
1772023800,25081.41,25086.68,25079.62,25086.54
1772024100,25086.72,25088.0,25078.11,25081.74
1772024400,25082.25,25090.51,25077.06,25081.95
1772024700,25083.01,25095.82,25082.69,25090.18
1772025000,25092.03,25097.23,25087.06,25097.17
1772025300,25097.33,25102.94,25091.05,25097.79
1772025600,25097.47,25102.23,25095.79,25101.41
1772025900,25101.44,25110.65,25098.66,25107.65
1772026200,25108.01,25108.33,25091.3,25093.23
1772026500,25092.81,25116.26,25092.81,25113.57
1772026800,25115.4,25138.74,25114.31,25132.81
1772027100,25133.46,25146.2,25127.5,25140.15
1772027400,25140.06,25150.9,25137.54,25143.82
1772027700,25142.74,25159.08,25142.46,25148.69
1772028000,25149.1,25153.36,25146.95,25151.08
1772028300,25150.91,25156.37,25135.78,25136.43
1772028600,25138.6,25141.78,25130.19,25136.5
1772028900,25136.13,25154.31,25134.0,25152.25
1772029200,25152.16,25157.97,25149.01,25157.63
1772029500,25157.32,25166.98,25153.52,25166.12
1772029800,25166.01,25174.42,25156.03,25160.13
1772030100,25157.16,25165.63,25144.27,25153.08
1772030400,25154.85,25164.55,25148.52,25155.42
1772030700,25153.95,25184.41,25153.89,25173.65
1772031000,25174.38,25183.2,25167.23,25172.47
1772031300,25173.16,25184.33,25163.67,25164.35
1772031600,25165.33,25180.81,25157.11,25175.99
1772031900,25174.52,25177.4,25141.14,25145.17
1772032200,25145.08,25148.52,25122.41,25125.78
1772032500,25123.9,25129.14,25117.9,25120.29
1772032800,25121.56,25137.52,25116.59,25135.23
1772033100,25135.33,25140.75,25125.06,25128.43
1772033400,25128.06,25136.37,25121.35,25123.52
1772033700,25122.7,25131.5,25120.33,25127.44
1772034000,25127.59,25134.11,25119.48,25128.56
1772034300,25128.74,25138.1,25123.64,25138.1
1772034600,25138.19,25149.4,25130.99,25137.57
1772034900,25137.44,25140.88,25129.24,25138.43
1772035200,25138.39,25147.29,25129.76,25130.54
1772035500,25130.63,25151.68,25125.25,25147.08
1772035800,25147.57,25154.75,25140.82,25152.46
1772036100,25152.15,25157.34,25146.4,25154.18
1772036400,25154.09,25170.5,25148.86,25164.41
1772036700,25164.49,25177.6,25163.66,25172.47
1772092800,25095.86,25118.98,25093.25,25100.51
1772093100,25100.23,25132.49,25100.23,25111.51
1772093400,25109.84,25144.02,25102.47,25102.69
1772093700,25102.53,25147.4,25088.49,25144.43
1772094000,25145.61,25171.19,25116.63,25119.35
1772094300,25118.5,25154.8,25118.5,25144.8
1772094600,25144.98,25152.39,25115.18,25134.28
1772094900,25134.31,25156.15,25129.3,25134.56
1772095200,25131.59,25132.91,25119.18,25120.85
1772095500,25121.58,25123.07,25103.05,25109.4
1772095800,25108.68,25115.05,25102.31,25103.9
1772096100,25104.0,25146.82,25104.0,25144.62
1772096400,25145.16,25154.3,25140.84,25146.61
1772096700,25145.55,25152.42,25126.57,25126.83
1772097000,25126.58,25128.46,25112.21,25121.55
1772097300,25121.96,25148.45,25121.74,25141.47
1772097600,25142.93,25145.1,25126.81,25133.82
1772097900,25133.09,25146.99,25129.44,25144.7
1772098200,25144.13,25184.05,25143.28,25184.05
1772098500,25184.54,25198.45,25183.26,25192.28
1772098800,25192.27,25201.2,25185.91,25199.29
1772099100,25198.57,25213.96,25198.57,25212.02
1772099400,25211.91,25211.97,25189.27,25189.89
1772099700,25190.16,25197.1,25187.09,25194.61
1772100000,25195.22,25197.52,25177.41,25181.36
1772100300,25181.59,25202.83,25176.94,25201.66
1772100600,25201.99,25201.99,25188.16,25190.96
1772100900,25190.85,25195.89,25175.6,25175.97
1772101200,25177.08,25199.44,25175.83,25198.66
1772101500,25196.47,25212.4,25195.11,25211.84
1772101800,25211.31,25237.16,25210.3,25236.0
1772102100,25235.9,25252.47,25231.43,25252.38
1772102400,25252.18,25258.56,25249.09,25256.78
1772102700,25257.01,25259.23,25243.16,25250.99
1772103000,25250.64,25250.64,25233.63,25233.63
1772103300,25233.54,25239.4,25229.7,25236.24
1772103600,25236.15,25241.43,25228.67,25241.43
1772103900,25242.51,25248.52,25240.16,25246.62
1772104200,25246.18,25250.36,25239.64,25242.69
1772104500,25242.7,25250.96,25241.18,25242.1
1772104800,25242.47,25251.13,25232.38,25249.16
1772105100,25248.87,25265.78,25248.87,25258.35
1772105400,25257.29,25274.26,25256.22,25272.84
1772105700,25273.92,25280.28,25272.16,25278.3
1772106000,25278.12,25290.81,25278.07,25286.81
1772106300,25287.42,25287.97,25275.03,25278.0
1772106600,25277.73,25283.3,25271.87,25277.32
1772106900,25277.55,25292.79,25275.62,25286.02
1772107200,25285.85,25304.08,25285.85,25295.22
1772107500,25295.52,25299.19,25288.94,25298.34
1772107800,25298.26,25299.78,25290.83,25291.24
1772108100,25289.88,25299.87,25282.79,25282.86
1772108400,25282.76,25295.48,25282.76,25293.6
1772108700,25293.39,25301.82,25291.69,25297.35
1772109000,25299.07,25301.92,25286.81,25287.28
1772109300,25287.65,25289.44,25277.37,25279.63
1772109600,25279.72,25279.72,25269.45,25274.13
1772109900,25274.39,25283.62,25273.01,25276.06
1772110200,25276.6,25287.93,25274.0,25284.54
1772110500,25283.62,25289.27,25274.35,25276.31
1772110800,25275.93,25287.81,25271.36,25279.58
1772111100,25278.7,25286.96,25274.82,25283.87
1772111400,25284.02,25296.31,25282.6,25292.59
1772111700,25291.79,25307.26,25290.69,25304.64
1772112000,25304.85,25307.82,25289.0,25290.66
1772112300,25292.85,25293.11,25277.29,25277.97
1772112600,25278.12,25291.62,25276.67,25284.35
1772112900,25284.3,25292.77,25278.29,25288.75
1772113200,25288.46,25297.52,25286.23,25297.52
1772113500,25297.38,25301.58,25291.26,25296.44
1772113800,25295.45,25296.14,25283.53,25283.65
1772114100,25283.53,25285.33,25270.55,25270.55
1772114400,25270.67,25286.14,25268.48,25285.8
1772114700,25285.5,25291.8,25271.39,25272.01
1772115000,25272.07,25296.19,25271.02,25288.73
1772115300,25288.66,25295.74,25284.07,25284.12
1772115600,25284.02,25292.99,25281.84,25291.71
1772115900,25291.98,25291.98,25263.24,25279.19
1772116200,25279.21,25295.73,25265.23,25295.73
1772116500,25294.75,25318.95,25290.09,25311.8
1772116800,25311.18,25312.5,25297.09,25299.97
1772117100,25300.56,25300.56,25270.85,25278.92
1772117400,25279.34,25283.44,25248.88,25259.99
1772117700,25259.54,25272.2,25255.95,25258.41
1772118000,25258.55,25269.59,25217.95,25252.57
1772118300,25252.58,25252.58,25239.07,25241.56
1772118600,25241.53,25249.57,25219.14,25230.63
1772118900,25228.44,25228.44,25192.4,25199.61
1772119200,25202.3,25206.89,25160.6,25179.08
1772119500,25179.91,25200.04,25171.77,25194.76
1772119800,25194.89,25220.1,25190.61,25196.82
1772120100,25197.22,25249.66,25197.22,25247.62
1772120400,25247.95,25264.52,25247.23,25254.55
1772120700,25254.74,25273.91,25250.22,25273.05
1772121000,25272.93,25293.5,25267.62,25293.41
1772121300,25293.53,25309.11,25289.0,25294.45
1772121600,25294.64,25309.73,25282.57,25286.4
1772121900,25288.01,25291.78,25265.35,25266.44
1772122200,25265.72,25282.57,25261.17,25265.55
1772122500,25265.0,25287.04,25264.29,25274.85
1772122800,25274.59,25303.1,25273.92,25286.09
1772123100,25287.02,25299.6,25274.43,25276.51
1772179200,25294.37,25321.72,25285.29,25311.87
1772179500,25312.21,25314.99,25256.87,25260.67
1772179800,25260.61,25295.5,25246.64,25246.64
1772180100,25246.79,25299.17,25233.22,25296.48
1772180400,25295.64,25306.19,25278.21,25285.85
1772180700,25286.6,25308.71,25275.54,25303.71
1772181000,25303.5,25335.88,25303.5,25305.69
1772181300,25304.12,25324.53,25298.6,25323.92
1772181600,25322.7,25341.67,25320.67,25333.45
1772181900,25333.12,25360.53,25333.07,25352.47
1772182200,25351.97,25361.73,25349.68,25361.29
1772182500,25361.82,25386.94,25360.7,25370.85
1772182800,25372.87,25384.5,25369.87,25379.9
1772183100,25380.87,25395.39,25377.65,25377.93
1772183400,25377.35,25393.06,25374.25,25379.07
1772183700,25378.94,25405.97,25378.48,25400.46
1772184000,25401.56,25401.71,25374.52,25382.48
1772184300,25381.68,25381.85,25370.39,25379.04
1772184600,25378.86,25383.53,25369.66,25379.94
1772184900,25380.47,25392.22,25373.21,25380.08
1772185200,25379.3,25383.79,25349.91,25350.84
1772185500,25350.72,25359.09,25339.24,25353.82
1772185800,25354.27,25372.05,25354.27,25362.63
1772186100,25362.68,25367.16,25355.7,25359.42
1772186400,25357.88,25363.02,25338.72,25338.72
1772186700,25339.03,25349.94,25329.6,25343.62
1772187000,25343.83,25354.6,25334.18,25344.95
1772187300,25345.33,25349.75,25341.47,25343.84
1772187600,25343.9,25351.95,25328.06,25330.79
1772187900,25331.49,25334.57,25302.74,25303.06
1772188200,25303.63,25319.96,25302.67,25316.16
1772188500,25316.5,25318.22,25304.16,25305.08
1772188800,25306.03,25321.43,25306.03,25319.64
1772189100,25319.36,25321.1,25304.34,25306.49
1772189400,25306.33,25313.05,25296.15,25304.93
1772189700,25305.11,25305.11,25285.34,25297.88
1772190000,25298.11,25310.64,25294.9,25307.35
1772190300,25307.31,25307.35,25297.68,25307.18
1772190600,25307.1,25309.36,25298.94,25298.94
1772190900,25300.55,25300.65,25285.26,25293.66
1772191200,25293.85,25308.33,25292.92,25305.87
1772191500,25304.81,25312.04,25296.04,25312.04
1772191800,25311.95,25324.16,25309.56,25322.94
1772192100,25326.23,25326.23,25307.67,25307.67
1772192400,25307.53,25308.95,25289.4,25299.06
1772192700,25298.41,25317.86,25296.85,25310.6
1772193000,25310.94,25317.8,25309.35,25315.2
1772193300,25314.62,25318.66,25302.74,25316.36
1772193600,25316.8,25329.73,25308.34,25329.73
1772193900,25330.33,25341.37,25330.15,25340.51
1772194200,25340.61,25353.03,25340.22,25352.55
1772194500,25352.42,25356.77,25333.94,25336.81
1772194800,25337.01,25347.34,25336.38,25342.71
1772195100,25342.08,25342.08,25334.71,25339.44
1772195400,25339.11,25340.52,25329.4,25333.07
1772195700,25333.25,25333.76,25319.71,25320.83
1772196000,25320.78,25323.99,25313.29,25317.07
1772196300,25317.04,25321.28,25299.64,25299.64
1772196600,25298.54,25310.46,25297.92,25309.71
1772196900,25309.49,25317.17,25308.5,25310.08
1772197200,25310.95,25315.02,25306.68,25315.02
1772197500,25314.52,25314.86,25305.13,25306.53
1772197800,25306.37,25316.25,25298.77,25299.0
1772198100,25299.13,25302.94,25289.52,25297.42
1772198400,25298.03,25298.58,25278.29,25280.99
1772198700,25280.13,25282.18,25245.62,25246.91
1772199000,25247.79,25247.79,25210.06,25228.16
1772199300,25230.72,25235.33,25209.64,25235.27
1772199600,25235.38,25246.69,25228.43,25241.28
1772199900,25243.46,25261.29,25238.81,25260.42
1772200200,25260.92,25266.37,25257.95,25261.54
1772200500,25261.78,25279.05,25259.56,25278.86
1772200800,25278.83,25280.23,25255.03,25255.74
1772201100,25255.54,25258.02,25249.87,25251.81
1772201400,25251.62,25267.96,25249.73,25258.97
1772201700,25259.51,25259.93,25243.38,25247.42
1772202000,25248.04,25257.55,25226.29,25227.8
1772202300,25227.48,25247.54,25223.1,25240.69
1772202600,25240.24,25276.18,25237.28,25264.46
1772202900,25267.64,25268.15,25222.31,25234.54
1772203200,25235.37,25235.37,25188.3,25211.35
1772203500,25210.81,25234.46,25196.15,25229.71
1772203800,25228.67,25232.23,25205.59,25222.61
1772204100,25222.28,25228.22,25212.59,25221.2
1772204400,25221.74,25263.69,25216.25,25246.63
1772204700,25245.71,25279.02,25245.71,25275.84
1772205000,25275.22,25295.62,25269.25,25269.63
1772205300,25269.04,25278.76,25263.53,25276.33
1772205600,25275.49,25290.38,25271.64,25280.95
1772205900,25281.02,25281.02,25267.83,25273.79
1772206200,25273.55,25279.89,25259.15,25269.67
1772206500,25265.84,25286.23,25265.32,25283.78
1772206800,25283.6,25295.14,25278.43,25287.25
1772207100,25287.87,25293.76,25282.59,25286.98
1772207400,25287.13,25287.6,25273.4,25280.64
1772207700,25277.57,25292.23,25271.92,25282.46
1772208000,25284.85,25310.46,25282.37,25306.05
1772208300,25306.75,25309.75,25297.24,25303.79
1772208600,25304.41,25327.37,25303.83,25326.55
1772208900,25326.03,25334.43,25315.62,25328.4
1772209200,25329.07,25329.46,25310.54,25320.99
1772209500,25321.82,25333.21,25309.17,25311.86
1772438400,24695.44,24723.23,24690.77,24705.67
1772438700,24706.87,24786.24,24696.22,24696.99
1772439000,24697.63,24743.12,24651.33,24735.55
1772439300,24735.76,24744.33,24674.01,24700.42
1772439600,24700.47,24738.43,24682.03,24714.0
1772439900,24714.37,24755.32,24697.21,24713.27
1772440200,24713.87,24746.57,24701.12,24724.07
1772440500,24724.25,24780.41,24724.23,24775.11
1772440800,24775.43,24792.03,24757.84,24782.64
1772441100,24782.99,24811.29,24764.92,24791.57
1772441400,24791.3,24821.99,24791.3,24817.33
1772441700,24817.87,24820.03,24758.2,24765.33
1772442000,24765.58,24780.43,24731.39,24734.99
1772442300,24732.58,24771.49,24724.31,24771.49
1772442600,24772.59,24820.82,24769.27,24818.36
1772442900,24817.49,24861.76,24817.49,24852.81
1772443200,24852.62,24893.1,24844.79,24867.53
1772443500,24865.93,24869.44,24844.88,24858.65
1772443800,24858.14,24888.3,24857.23,24874.52
1772444100,24873.83,24877.44,24842.6,24843.71
1772444400,24843.59,24849.61,24821.41,24849.59
1772444700,24849.17,24860.44,24843.47,24850.28
1772445000,24850.52,24853.24,24823.83,24834.71
1772445300,24834.21,24851.21,24825.73,24851.04
1772445600,24851.14,24877.28,24836.57,24859.3
1772445900,24858.23,24881.83,24851.59,24881.83
1772446200,24882.94,24885.51,24853.51,24873.02
1772446500,24872.99,24873.55,24853.87,24872.28
1772446800,24872.77,24897.61,24866.33,24871.35
1772447100,24871.03,24871.03,24825.93,24839.57
1772447400,24840.14,24865.37,24840.14,24850.11
1772447700,24849.81,24871.16,24847.71,24869.19
1772448000,24870.27,24870.27,24833.84,24868.02
1772448300,24869.48,24871.94,24854.32,24860.7
1772448600,24855.03,24855.03,24827.14,24827.84
1772448900,24829.1,24834.15,24801.44,24834.06
1772449200,24838.21,24842.8,24830.22,24833.11
1772449500,24833.72,24841.95,24789.64,24794.45
1772449800,24794.92,24808.85,24792.19,24796.18
1772450100,24797.27,24820.61,24783.11,24818.56
1772450400,24818.25,24829.71,24811.72,24814.23
1772450700,24814.86,24825.49,24804.59,24805.04
1772451000,24805.3,24816.74,24805.3,24814.89
1772451300,24814.64,24825.89,24810.31,24818.01
1772451600,24817.7,24839.25,24817.28,24837.39
1772451900,24838.59,24867.66,24838.59,24859.16
1772452200,24859.66,24861.36,24793.9,24794.07
1772452500,24793.82,24799.64,24775.39,24798.35
1772452800,24798.26,24798.26,24770.76,24790.24
1772453100,24787.15,24788.36,24754.95,24755.08
1772453400,24756.04,24756.04,24730.32,24743.64
1772453700,24743.96,24743.96,24705.41,24706.47
1772454000,24706.8,24727.58,24702.42,24721.73
1772454300,24721.69,24739.36,24715.33,24730.82
1772454600,24732.74,24736.49,24713.57,24728.09
1772454900,24729.58,24729.6,24686.6,24690.6
1772455200,24690.58,24717.91,24680.51,24680.7
1772455500,24680.15,24701.94,24678.76,24698.09
1772455800,24698.93,24704.79,24668.39,24687.65
1772456100,24685.54,24694.8,24667.66,24688.65
1772456400,24688.41,24702.2,24663.16,24665.04
1772456700,24665.31,24695.48,24665.2,24687.61
1772457000,24687.5,24693.67,24669.33,24669.71
1772457300,24669.92,24674.94,24649.6,24669.24
1772457600,24669.12,24681.27,24657.97,24680.31
1772457900,24680.48,24685.32,24654.23,24654.8
1772458200,24655.34,24655.91,24624.46,24631.74
1772458500,24631.89,24635.9,24605.38,24625.17
1772458800,24625.28,24625.7,24607.07,24611.76
1772459100,24612.69,24624.88,24599.6,24602.16
1772459400,24601.63,24615.06,24595.08,24598.13
1772459700,24598.33,24605.1,24589.95,24605.1
1772460000,24604.79,24611.02,24577.42,24587.99
1772460300,24587.52,24620.37,24586.86,24614.31
1772460600,24614.62,24619.66,24606.48,24612.74
1772460900,24612.9,24616.18,24596.96,24603.25
1772461200,24602.38,24603.86,24583.14,24592.38
1772461500,24592.22,24600.38,24581.54,24597.4
1772461800,24599.48,24677.3,24591.65,24674.02
1772462100,24673.24,24689.66,24659.53,24671.45
1772462400,24671.52,24701.5,24667.0,24684.65
1772462700,24685.3,24720.1,24682.76,24708.58
1772463000,24708.79,24709.05,24653.4,24655.09
1772463300,24654.45,24666.99,24632.56,24666.94
1772463600,24667.18,24707.69,24661.76,24706.95
1772463900,24707.56,24719.6,24691.61,24693.78
1772464200,24695.1,24712.76,24682.12,24699.83
1772464500,24699.4,24714.47,24667.27,24683.65
1772464800,24681.26,24688.82,24654.3,24664.93
1772465100,24667.47,24684.51,24662.05,24667.33
1772465400,24669.49,24687.74,24653.97,24663.26
1772465700,24664.0,24665.27,24640.47,24662.16
1772466000,24662.44,24673.61,24644.63,24668.8
1772466300,24668.86,24673.01,24645.49,24660.95
1772466600,24661.04,24677.37,24651.39,24653.71
1772466900,24652.35,24659.65,24623.27,24626.19
1772467200,24626.07,24659.25,24615.11,24657.69
1772467500,24657.77,24707.94,24652.5,24707.94
1772467800,24708.15,24713.78,24685.89,24694.49
1772468100,24693.33,24699.03,24670.91,24679.97
1772468400,24679.78,24684.21,24662.23,24672.83
1772468700,24673.6,24675.22,24643.62,24671.12
1772524800,24207.44,24229.32,24192.71,24204.63
1772525100,24202.59,24239.52,24157.9,24197.16
1772525400,24196.46,24200.25,24115.74,24128.08
1772525700,24126.42,24130.42,24092.57,24113.39
1772526000,24112.25,24140.09,24096.47,24103.76
1772526300,24103.31,24104.9,24060.73,24062.46
1772526600,24062.32,24082.37,24046.92,24065.52
1772526900,24066.51,24069.45,24005.39,24006.69
1772527200,24005.58,24014.32,23936.78,23936.78
1772527500,23936.74,23969.19,23923.36,23939.95
1772527800,23941.53,23964.45,23901.25,23905.41
1772528100,23905.36,23906.03,23869.13,23883.85
1772528400,23884.04,23930.78,23884.04,23925.76
1772528700,23926.14,23969.88,23914.73,23966.95
1772529000,23967.33,23967.33,23900.22,23916.63
1772529300,23916.43,23916.43,23859.63,23859.7
1772529600,23859.83,23908.76,23858.62,23908.76
1772529900,23910.04,23926.82,23881.55,23904.6
1772530200,23904.7,23912.43,23882.84,23884.04
1772530500,23883.95,23907.54,23858.92,23874.57
1772530800,23875.11,23882.35,23834.04,23837.18
1772531100,23837.26,23837.26,23807.93,23827.7
1772531400,23828.23,23846.95,23810.78,23811.6
1772531700,23812.09,23857.71,23812.09,23845.53
1772532000,23844.5,23885.38,23809.89,23834.97
1772532300,23834.24,23844.14,23800.36,23800.63
1772532600,23801.3,23801.3,23764.8,23767.53
1772532900,23766.92,23768.46,23729.43,23741.92
1772533200,23741.65,23771.58,23741.65,23752.43
1772533500,23751.05,23751.75,23715.08,23715.08
1772533800,23714.0,23714.0,23623.04,23626.45
1772534100,23626.61,23632.89,23603.77,23622.74
1772534400,23626.1,23694.15,23625.76,23678.84
1772534700,23680.64,23738.54,23680.64,23709.7
1772535000,23709.52,23736.31,23699.82,23711.33
1772535300,23711.7,23717.91,23675.34,23717.38
1772535600,23718.71,23734.76,23687.43,23724.04
1772535900,23723.77,23728.18,23705.56,23725.37
1772536200,23725.35,23725.35,23689.97,23697.6
1772536500,23697.73,23714.6,23645.83,23647.37
1772536800,23648.46,23671.33,23611.23,23668.21
1772537100,23668.69,23699.73,23668.61,23691.88
1772537400,23691.62,23729.1,23691.28,23710.41
1772537700,23710.9,23738.84,23703.24,23722.63
1772538000,23722.04,23727.32,23697.51,23718.14
1772538300,23718.24,23736.04,23700.01,23707.51
1772538600,23707.82,23754.52,23707.82,23754.52
1772538900,23756.55,23758.91,23724.7,23739.14
1772539200,23739.19,23745.72,23705.68,23745.72
1772539500,23745.75,23786.9,23739.92,23786.9
1772539800,23786.34,23831.21,23786.34,23824.71
1772540100,23824.6,23838.28,23815.17,23830.95
1772540400,23831.41,23853.31,23813.58,23827.39
1772540700,23827.55,23851.0,23817.59,23839.29
1772541000,23839.2,23846.07,23820.47,23827.65
1772541300,23827.74,23829.23,23812.99,23816.67
1772541600,23817.08,23829.75,23790.73,23829.75
1772541900,23829.34,23852.03,23826.02,23833.75
1772542200,23833.22,23839.65,23797.02,23821.03
1772542500,23821.26,23847.73,23820.84,23838.27
1772542800,23838.3,23847.3,23799.59,23799.84
1772543100,23800.02,23802.41,23762.34,23768.72
1772543400,23767.25,23771.06,23747.0,23758.76
1772543700,23758.71,23767.11,23747.09,23757.81
1772544000,23758.33,23784.74,23758.33,23779.7
1772544300,23782.29,23785.41,23759.26,23767.89
1772544600,23767.81,23767.81,23731.02,23743.95
1772544900,23744.19,23751.31,23729.04,23737.35
1772545200,23737.23,23741.29,23710.61,23727.78
1772545500,23727.28,23739.3,23718.81,23733.39
1772545800,23734.54,23735.25,23706.57,23730.61
1772546100,23730.18,23741.98,23722.04,23726.39
1772546400,23725.92,23726.1,23685.58,23695.27
1772546700,23693.95,23693.95,23665.79,23677.6
1772547000,23677.93,23678.42,23655.55,23656.9
1772547300,23656.93,23662.08,23620.77,23658.11
1772547600,23655.51,23686.0,23653.85,23676.44
1772547900,23676.32,23705.07,23668.84,23690.76
1772548200,23695.3,23748.26,23693.18,23725.88
1772548500,23725.61,23776.81,23711.99,23750.71
1772548800,23750.94,23752.57,23690.81,23702.39
1772549100,23699.57,23728.8,23681.0,23681.0
1772549400,23680.72,23695.92,23648.89,23661.85
1772549700,23663.4,23673.33,23651.47,23659.03
1772550000,23661.45,23707.41,23628.67,23649.55
1772550300,23651.38,23692.17,23646.8,23675.5
1772550600,23674.97,23693.29,23652.38,23688.58
1772550900,23687.62,23690.69,23661.47,23666.24
1772551200,23665.99,23665.99,23621.64,23629.1
1772551500,23628.5,23628.5,23601.11,23610.43
1772551800,23610.8,23678.31,23610.8,23654.53
1772552100,23654.03,23669.1,23630.92,23650.73
1772552400,23650.68,23672.16,23640.9,23652.96
1772552700,23652.04,23686.93,23646.21,23659.77
1772553000,23661.11,23677.87,23642.04,23646.3
1772553300,23647.08,23709.78,23647.08,23699.86
1772553600,23700.38,23742.58,23672.21,23726.06
1772553900,23726.01,23774.42,23726.01,23758.28
1772554200,23758.2,23758.78,23719.35,23745.08
1772554500,23744.56,23777.0,23725.38,23727.41
1772554800,23726.35,23752.47,23703.72,23745.08
1772555100,23744.52,23758.21,23727.18,23755.45
1772611200,23901.32,23918.65,23870.74,23888.14
1772611500,23888.6,23917.43,23875.17,23893.49
1772611800,23894.65,23937.39,23884.38,23936.39
1772612100,23937.29,23945.34,23909.36,23926.72
1772612400,23925.92,23925.92,23859.41,23880.69
1772612700,23880.94,23880.94,23851.11,23873.78
1772613000,23874.05,23889.35,23840.65,23877.17
1772613300,23877.16,23878.91,23822.89,23823.98
1772613600,23823.32,23861.95,23817.15,23860.37
1772613900,23860.77,23872.19,23831.01,23868.92
1772614200,23870.25,23878.71,23853.05,23868.25
1772614500,23868.41,23877.23,23826.37,23850.43
1772614800,23850.87,23878.96,23814.89,23877.16
1772615100,23878.03,23902.18,23857.73,23901.64
1772615400,23902.19,23946.09,23902.19,23938.55
1772615700,23938.08,23956.1,23929.09,23933.64
1772616000,23934.0,23950.17,23910.33,23923.73
1772616300,23924.22,23947.77,23916.63,23946.26
1772616600,23946.86,23963.29,23932.55,23956.91
1772616900,23957.17,23970.76,23927.36,23927.36
1772617200,23928.85,23969.16,23926.21,23958.12
1772617500,23958.28,23991.1,23955.51,23991.1
1772617800,23990.99,24008.67,23989.12,23997.53
1772618100,23997.83,24026.65,23977.96,24025.86
1772618400,24025.9,24025.9,24009.29,24015.91
1772618700,24016.53,24127.43,23999.21,24127.23
1772619000,24128.67,24130.21,24088.99,24125.08
1772619300,24124.85,24136.0,24093.43,24106.55
1772619600,24105.36,24138.11,24101.94,24116.67
1772619900,24115.74,24115.74,24079.94,24091.87
1772620200,24092.2,24125.93,24092.2,24125.93
1772620500,24124.85,24151.82,24113.95,24124.5
1772620800,24124.53,24152.74,24113.86,24145.17
1772621100,24145.54,24155.2,24137.43,24148.68
1772621400,24149.58,24167.78,24127.05,24164.11
1772621700,24164.26,24177.82,24156.08,24170.92
1772622000,24170.3,24200.45,24168.97,24191.83
1772622300,24191.69,24197.55,24177.88,24182.1
1772622600,24182.07,24194.38,24171.46,24191.6
1772622900,24191.68,24217.9,24187.99,24215.56
1772623200,24216.79,24220.74,24202.03,24208.02
1772623500,24209.03,24209.03,24176.38,24178.15
1772623800,24179.01,24195.33,24156.22,24163.85
1772624100,24163.9,24166.55,24138.21,24143.47
1772624400,24143.59,24152.38,24136.53,24146.18
1772624700,24145.43,24164.48,24136.51,24154.54
1772625000,24155.05,24163.38,24144.37,24162.05
1772625300,24161.87,24164.72,24137.24,24141.55
1772625600,24141.29,24170.98,24141.28,24158.29
1772625900,24158.36,24164.4,24138.6,24138.71
1772626200,24138.75,24159.65,24134.25,24159.16
1772626500,24159.91,24160.29,24089.7,24090.08
1772626800,24090.04,24100.83,24064.25,24064.73
1772627100,24065.72,24085.37,24043.96,24045.31
1772627400,24045.58,24058.4,24026.69,24029.4
1772627700,24028.78,24054.19,24018.38,24054.19
1772628000,24054.35,24084.5,24054.35,24082.53
1772628300,24082.59,24097.86,24072.63,24097.69
1772628600,24097.12,24102.41,24081.91,24082.16
1772628900,24081.72,24108.61,24073.42,24108.61
1772629200,24107.03,24167.03,24107.03,24166.43
1772629500,24166.39,24222.49,24166.39,24211.51
1772629800,24211.58,24217.96,24199.5,24216.78
1772630100,24217.16,24221.52,24183.49,24189.67
1772630400,24189.77,24189.87,24175.15,24186.35
1772630700,24186.42,24199.72,24181.73,24197.31
1772631000,24196.97,24209.88,24190.33,24202.15
1772631300,24202.3,24223.67,24199.85,24210.82
1772631600,24210.73,24221.5,24201.79,24219.81
1772631900,24217.63,24221.92,24197.3,24212.68
1772632200,24212.58,24216.79,24167.6,24169.95
1772632500,24168.95,24185.18,24146.25,24178.17
1772632800,24179.49,24182.26,24147.45,24161.4
1772633100,24161.69,24162.96,24123.94,24132.58
1772633400,24133.02,24148.07,24124.27,24148.07
1772633700,24148.14,24168.61,24145.08,24166.01
1772634000,24166.12,24177.14,24159.87,24164.27
1772634300,24160.64,24163.52,24148.8,24151.22
1772634600,24152.02,24169.76,24147.49,24167.91
1772634900,24167.77,24167.77,24075.45,24123.39
1772635200,24124.38,24132.98,24092.3,24130.81
1772635500,24130.55,24143.92,24102.39,24131.97
1772635800,24132.2,24168.9,24120.77,24156.63
1772636100,24158.51,24167.74,24152.41,24167.45
1772636400,24172.67,24201.13,24162.51,24176.97
1772636700,24176.34,24205.02,24156.54,24204.32
1772637000,24203.83,24204.39,24180.11,24183.58
1772637300,24183.89,24209.88,24183.56,24209.41
1772637600,24209.08,24233.49,24206.86,24233.49
1772637900,24233.55,24242.49,24209.55,24213.39
1772638200,24216.11,24236.28,24206.51,24208.98
1772638500,24209.08,24222.06,24187.54,24189.95
1772638800,24191.05,24195.53,24170.27,24179.48
1772639100,24178.47,24227.13,24172.83,24226.27
1772639400,24224.42,24224.42,24198.74,24214.06
1772639700,24213.11,24219.78,24198.95,24210.66
1772640000,24211.23,24230.2,24209.15,24224.5
1772640300,24223.88,24228.75,24211.7,24223.67
1772640600,24224.44,24224.44,24191.25,24197.31
1772640900,24198.81,24227.45,24192.73,24212.84
1772641200,24212.9,24212.9,24184.64,24199.23
1772641500,24198.64,24237.31,24197.22,24218.84
1772697600,24145.44,24148.99,24085.65,24095.39
1772697900,24097.29,24097.29,24046.38,24062.63
1772698200,24061.8,24087.1,24056.7,24057.33
1772698500,24059.16,24113.07,24053.62,24071.96
1772698800,24073.85,24104.42,24066.25,24087.98
1772699100,24088.32,24088.32,24049.93,24052.22
1772699400,24052.54,24112.7,24035.0,24094.0
1772699700,24094.07,24105.63,24080.38,24092.96
1772700000,24092.68,24095.58,24055.07,24078.71
1772700300,24078.49,24139.18,24076.58,24101.08
1772700600,24101.8,24138.48,24089.92,24117.8
1772700900,24117.94,24174.88,24117.94,24174.88
1772701200,24175.15,24229.15,24175.12,24216.93
1772701500,24217.07,24334.75,24217.07,24307.7
1772701800,24308.42,24366.81,24305.29,24325.06
1772702100,24324.93,24325.31,24281.05,24309.35
1772702400,24309.66,24341.98,24288.89,24290.94
1772702700,24290.49,24291.87,24258.95,24266.97
1772703000,24266.89,24271.13,24237.2,24249.05
1772703300,24249.71,24266.96,24207.71,24207.72
1772703600,24207.08,24243.06,24203.18,24227.74
1772703900,24227.6,24253.41,24227.6,24248.56
1772704200,24249.05,24260.22,24218.37,24219.86
1772704500,24220.1,24280.68,24220.1,24277.52
1772704800,24277.6,24281.58,24258.57,24266.16
1772705100,24266.27,24282.45,24266.27,24280.51
1772705400,24279.21,24298.47,24279.21,24282.2
1772705700,24282.02,24290.32,24272.4,24286.79
1772706000,24282.47,24300.52,24278.64,24287.22
1772706300,24285.74,24300.17,24279.94,24296.98
1772706600,24298.39,24305.91,24278.4,24285.34
1772706900,24286.69,24294.03,24275.0,24283.09
1772707200,24282.83,24282.97,24253.67,24256.99
1772707500,24257.98,24263.17,24244.9,24248.33
1772707800,24248.7,24281.27,24244.3,24281.27
1772708100,24282.38,24284.64,24265.16,24265.76
1772708400,24265.95,24295.13,24246.99,24292.64
1772708700,24292.15,24309.82,24289.5,24305.65
1772709000,24305.86,24312.23,24297.57,24312.23
1772709300,24312.05,24324.0,24310.56,24316.49
1772709600,24315.52,24327.29,24288.76,24289.94
1772709900,24289.58,24302.29,24286.18,24298.11
1772710200,24297.92,24303.28,24267.38,24272.0
1772710500,24272.11,24276.81,24236.34,24238.12
1772710800,24238.49,24254.23,24227.56,24251.34
1772711100,24251.56,24272.77,24251.56,24254.84
1772711400,24254.71,24266.61,24254.71,24255.16
1772711700,24254.4,24254.4,24235.94,24237.0
1772712000,24237.27,24238.63,24206.28,24206.86
1772712300,24206.71,24214.55,24196.72,24214.52
1772712600,24214.32,24215.64,24197.52,24204.03
1772712900,24203.99,24206.86,24190.95,24206.65
1772713200,24207.85,24261.49,24207.85,24249.54
1772713500,24249.64,24262.18,24248.33,24253.46
1772713800,24253.29,24260.43,24233.33,24233.47
1772714100,24233.43,24237.07,24205.07,24207.49
1772714400,24208.23,24226.75,24196.97,24199.64
1772714700,24200.87,24224.14,24198.48,24205.79
1772715000,24202.99,24203.55,24166.14,24171.45
1772715300,24171.18,24173.08,24160.05,24168.25
1772715600,24169.06,24170.08,24145.17,24146.99
1772715900,24146.79,24157.28,24142.26,24154.96
1772716200,24154.86,24162.17,24153.3,24157.12
1772716500,24157.62,24172.63,24157.62,24161.81
1772716800,24161.5,24170.44,24149.41,24152.04
1772717100,24149.77,24153.96,24142.4,24144.79
1772717400,24145.79,24150.0,24103.56,24118.37
1772717700,24118.24,24119.64,24069.73,24073.46
1772718000,24073.56,24101.47,24069.24,24094.4
1772718300,24094.61,24099.82,24061.66,24070.28
1772718600,24071.98,24076.96,24044.75,24046.46
1772718900,24044.08,24045.37,23999.87,24014.49
1772719200,24013.1,24018.39,23995.4,24002.83
1772719500,24003.19,24016.89,23979.78,24002.61
1772719800,24004.26,24017.03,23988.54,23993.32
1772720100,23991.98,24003.76,23959.58,23963.66
1772720400,23963.26,23992.5,23955.57,23976.62
1772720700,23972.83,23990.61,23972.83,23981.09
1772721000,23982.7,24051.19,23980.54,24043.02
1772721300,24043.71,24066.63,24017.47,24026.84
1772721600,24026.75,24043.08,24001.82,24002.56
1772721900,23998.8,24024.1,23984.06,23995.45
1772722200,23992.85,24049.37,23987.77,24049.37
1772722500,24049.49,24080.49,24043.31,24074.55
1772722800,24077.14,24110.22,24072.85,24089.55
1772723100,24089.07,24089.97,24042.32,24049.55
1772723400,24049.54,24066.03,24026.62,24064.87
1772723700,24062.72,24066.8,24032.45,24032.45
1772724000,24032.14,24033.28,23961.88,23963.02
1772724300,23962.13,23962.38,23926.8,23944.39
1772724600,23944.67,23951.01,23898.28,23913.7
1772724900,23913.3,23935.87,23907.06,23933.82
1772725200,23941.42,23955.31,23913.78,23919.88
1772725500,23920.5,23929.62,23898.02,23906.08
1772725800,23906.18,23941.43,23906.18,23923.98
1772726100,23923.41,23932.6,23888.93,23932.31
1772726400,23934.4,23942.95,23897.65,23903.02
1772726700,23897.6,23897.6,23818.3,23828.37
1772727000,23825.46,23846.74,23798.73,23836.06
1772727300,23832.97,23842.66,23805.73,23808.65
1772727600,23811.78,23814.73,23769.72,23773.31
1772727900,23769.63,23791.45,23754.65,23772.23
1772784000,23942.89,23945.94,23912.61,23945.94
1772784300,23945.95,23989.26,23938.6,23968.91
1772784600,23969.12,23989.87,23956.65,23989.41
1772784900,23985.87,24004.31,23958.48,23989.91
1772785200,23988.95,24011.89,23959.98,23967.54
1772785500,23966.65,23972.03,23914.82,23926.67
1772785800,23926.89,24000.57,23923.74,23992.31
1772786100,23990.39,23993.89,23952.98,23983.98
1772786400,23983.65,23997.24,23955.76,23988.31
1772786700,23988.18,24028.44,23986.47,24008.93
1772787000,24008.57,24016.39,24001.06,24013.1
1772787300,24013.0,24013.14,23971.82,23982.46
1772787600,23982.54,23991.57,23909.95,23910.77
1772787900,23910.97,23954.45,23894.53,23895.24
1772788200,23895.43,23929.73,23881.73,23907.46
1772788500,23908.15,23912.94,23858.82,23875.83
1772788800,23875.73,23876.5,23861.12,23862.12
1772789100,23862.25,23864.13,23805.11,23811.33
1772789400,23809.66,23841.14,23800.41,23802.89
1772789700,23802.76,23812.03,23760.66,23778.29
1772790000,23778.39,23782.34,23759.2,23780.62
1772790300,23782.77,23798.33,23737.61,23770.44
1772790600,23770.97,23787.92,23754.15,23779.7
1772790900,23781.1,23809.1,23780.99,23784.76
1772791200,23785.13,23831.29,23785.13,23827.79
1772791500,23827.6,23846.98,23825.95,23846.98
1772791800,23848.21,23879.11,23844.41,23845.09
1772792100,23845.72,23868.4,23840.31,23843.01
1772792400,23843.59,23843.83,23816.23,23820.74
1772792700,23820.84,23857.64,23783.55,23853.43
1772793000,23852.69,23852.69,23807.9,23829.19
1772793300,23829.39,23841.05,23821.49,23826.86
1772793600,23826.92,23846.93,23807.51,23815.52
1772793900,23815.96,23818.61,23799.17,23804.1
1772794200,23794.04,23813.35,23775.21,23803.43
1772794500,23801.25,23817.9,23795.74,23795.74
1772794800,23787.86,23798.73,23725.91,23742.17
1772795100,23742.76,23750.3,23720.96,23736.96
1772795400,23737.0,23775.98,23710.25,23770.79
1772795700,23770.86,23794.42,23755.05,23757.18
1772796000,23756.93,23784.21,23750.65,23770.46
1772796300,23770.37,23770.79,23741.1,23748.71
1772796600,23749.52,23751.69,23703.55,23705.52
1772796900,23705.34,23710.31,23677.25,23679.36
1772797200,23681.49,23681.88,23590.54,23621.83
1772797500,23622.41,23638.45,23597.13,23628.48
1772797800,23627.39,23628.37,23587.19,23599.99
1772798100,23599.89,23601.89,23543.51,23563.01
1772798400,23563.68,23594.95,23563.68,23572.34
1772798700,23572.95,23585.27,23554.12,23580.66
1772799000,23580.72,23598.04,23569.57,23594.5
1772799300,23594.97,23646.31,23594.97,23645.57
1772799600,23643.5,23643.5,23618.51,23631.95
1772799900,23633.02,23649.98,23628.8,23632.37
1772800200,23631.08,23632.73,23592.71,23598.4
1772800500,23598.34,23600.42,23581.18,23587.69
1772800800,23587.78,23618.02,23579.19,23591.23
1772801100,23590.31,23597.5,23560.36,23562.8
1772801400,23562.56,23604.57,23561.49,23573.47
1772801700,23572.44,23605.91,23570.96,23605.91
1772802000,23606.47,23646.16,23603.13,23635.99
1772802300,23636.02,23666.99,23623.74,23660.41
1772802600,23660.16,23676.47,23659.33,23669.97
1772802900,23669.66,23673.21,23648.59,23658.41
1772803200,23658.56,23661.3,23646.65,23658.23
1772803500,23658.33,23691.12,23658.17,23684.1
1772803800,23683.8,23683.8,23571.18,23646.94
1772804100,23644.36,23657.76,23609.32,23612.66
1772804400,23612.68,23615.21,23565.37,23571.11
1772804700,23571.47,23571.47,23539.19,23565.56
1772805000,23561.68,23566.51,23443.37,23448.91
1772805300,23449.16,23459.21,23392.06,23416.57
1772805600,23413.4,23451.19,23403.49,23441.8
1772805900,23441.38,23450.51,23390.59,23395.29
1772806200,23395.33,23423.28,23395.33,23402.92
1772806500,23404.55,23408.4,23371.84,23393.83
1772806800,23396.39,23407.23,23382.91,23402.64
1772807100,23400.63,23417.52,23377.61,23417.52
1772807400,23422.76,23456.29,23392.27,23407.11
1772807700,23406.87,23407.01,23342.88,23373.49
1772808000,23372.13,23417.38,23348.25,23395.96
1772808300,23396.32,23422.26,23379.1,23411.87
1772808600,23411.66,23490.68,23411.66,23461.32
1772808900,23461.73,23467.3,23435.84,23454.23
1772809200,23452.64,23524.07,23452.62,23514.89
1772809500,23514.08,23540.64,23483.38,23487.24
1772809800,23487.73,23541.26,23485.63,23521.84
1772810100,23522.1,23558.16,23522.1,23558.08
1772810400,23557.27,23612.78,23556.38,23605.56
1772810700,23604.92,23609.01,23572.92,23591.28
1772811000,23591.39,23625.1,23586.95,23592.6
1772811300,23594.13,23605.88,23580.4,23583.69
1772811600,23584.15,23586.19,23535.33,23542.26
1772811900,23543.86,23547.78,23503.65,23511.41
1772812200,23511.11,23511.73,23480.28,23500.79
1772812500,23503.11,23566.84,23503.11,23552.76
1772812800,23552.42,23593.42,23542.72,23593.15
1772813100,23593.46,23601.16,23566.2,23571.01
1772813400,23570.26,23570.26,23536.1,23540.54
1772813700,23540.75,23558.37,23515.82,23551.2
1772814000,23551.59,23557.18,23518.51,23534.03
1772814300,23533.89,23545.7,23521.88,23545.24
1773043200,22998.94,23031.09,22977.49,22977.49
1773043500,22973.94,23018.14,22937.62,22975.19
1773043800,22975.68,23001.65,22957.48,22976.0
1773044100,22976.28,22993.04,22927.55,22966.28
1773044400,22965.29,23022.25,22948.08,22982.4
1773044700,22982.22,23030.52,22974.76,22974.76
1773045000,22974.1,23053.52,22971.01,23030.76
1773045300,23029.71,23034.6,22998.35,22998.35
1773045600,23000.25,23002.55,22938.61,22951.93
1773045900,22953.42,23034.41,22950.52,23022.41
1773046200,23023.48,23064.56,23022.65,23044.81
1773046500,23044.97,23044.97,23018.75,23035.94
1773046800,23037.66,23056.24,22990.01,22990.1
1773047100,22988.66,23008.07,22958.57,23002.92
1773047400,22999.89,23047.59,22974.18,23047.59
1773047700,23047.65,23102.96,23036.17,23090.95
1773048000,23090.62,23128.04,23089.15,23111.26
1773048300,23107.28,23145.79,23106.52,23145.2
1773048600,23146.17,23269.97,23114.92,23253.92
1773048900,23254.02,23277.96,23220.33,23252.91
1773049200,23252.87,23256.84,23229.99,23254.65
1773049500,23254.84,23273.29,23223.31,23246.61
1773049800,23245.01,23246.18,23201.35,23208.26
1773050100,23207.79,23227.74,23201.65,23227.74
1773050400,23227.47,23253.86,23194.68,23206.42
1773050700,23205.09,23228.74,23176.78,23193.52
1773051000,23193.34,23200.8,23181.48,23184.97
1773051300,23186.95,23193.44,23166.69,23176.95
1773051600,23176.53,23193.06,23169.39,23170.58
1773051900,23172.16,23193.46,23172.12,23174.01
1773052200,23171.88,23171.88,23149.65,23163.99
1773052500,23163.95,23207.43,23146.45,23177.03
1773052800,23176.53,23216.16,23176.53,23205.69
1773053100,23205.99,23214.18,23172.39,23176.33
1773053400,23176.02,23191.31,23153.24,23188.41
1773053700,23187.87,23206.85,23175.53,23204.12
1773054000,23203.66,23234.9,23201.76,23231.05
1773054300,23232.12,23239.93,23217.54,23226.66
1773054600,23226.62,23229.58,23209.07,23209.07
1773054900,23208.22,23208.22,23194.33,23207.86
1773055200,23207.93,23210.08,23186.94,23208.75
1773055500,23208.58,23208.58,23176.82,23176.82
1773055800,23176.72,23215.62,23157.82,23215.62
1773056100,23215.82,23239.85,23212.99,23219.49
1773056400,23219.8,23219.8,23190.89,23205.61
1773056700,23204.96,23230.81,23197.46,23215.38
1773057000,23214.95,23234.49,23208.39,23230.97
1773057300,23229.99,23229.99,23207.23,23212.96
1773057600,23213.25,23250.99,23213.25,23250.99
1773057900,23251.01,23267.86,23250.27,23251.02
1773058200,23250.47,23254.71,23236.21,23254.71
1773058500,23254.8,23263.62,23250.31,23262.97
1773058800,23263.0,23277.47,23263.0,23275.38
1773059100,23276.02,23294.63,23265.97,23290.92
1773059400,23290.81,23312.24,23285.02,23285.33
1773059700,23285.4,23285.69,23243.08,23243.66
1773060000,23243.75,23243.75,23212.2,23213.86
1773060300,23213.17,23217.64,23189.27,23189.27
1773060600,23189.22,23200.6,23182.03,23184.36
1773060900,23184.3,23208.37,23183.89,23208.28
1773061200,23208.58,23285.21,23208.58,23281.52
1773061500,23280.6,23283.89,23258.06,23270.71
1773061800,23273.33,23323.87,23273.31,23321.51
1773062100,23323.02,23328.75,23305.69,23309.72
1773062400,23309.93,23311.54,23296.51,23306.39
1773062700,23305.61,23313.28,23295.96,23306.95
1773063000,23308.67,23352.29,23308.67,23330.97
1773063300,23331.04,23337.54,23290.37,23290.9
1773063600,23289.98,23289.98,23246.47,23271.45
1773063900,23271.91,23295.15,23252.1,23258.08
1773064200,23258.39,23259.62,23176.07,23186.36
1773064500,23186.46,23252.8,23172.8,23240.46
1773064800,23239.35,23269.62,23225.28,23269.62
1773065100,23269.9,23272.86,23134.48,23152.95
1773065400,23157.27,23179.04,23125.12,23178.41
1773065700,23181.52,23227.56,23181.5,23213.81
1773066000,23213.21,23270.02,23207.46,23256.47
1773066300,23256.97,23267.17,23219.12,23231.34
1773066600,23232.33,23277.2,23231.84,23270.92
1773066900,23270.8,23302.97,23266.0,23302.47
1773067200,23302.34,23326.7,23292.33,23325.63
1773067500,23327.11,23342.64,23323.82,23335.62
1773067800,23336.19,23348.36,23327.22,23348.22
1773068100,23348.66,23349.15,23286.86,23330.27
1773068400,23329.16,23351.29,23329.01,23348.31
1773068700,23348.0,23348.35,23330.32,23332.52
1773069000,23332.61,23373.63,23326.17,23373.63
1773069300,23374.32,23412.68,23374.32,23400.12
1773069600,23401.97,23444.43,23400.25,23432.88
1773069900,23432.55,23459.18,23422.08,23453.54
1773070200,23453.26,23470.8,23447.24,23455.45
1773070500,23456.01,23459.79,23439.95,23439.95
1773070800,23439.86,23440.65,23406.07,23406.34
1773071100,23405.37,23418.54,23380.13,23394.09
1773071400,23393.77,23420.48,23392.21,23420.02
1773071700,23419.89,23436.69,23412.06,23418.59
1773072000,23418.51,23459.39,23400.9,23447.1
1773072300,23446.76,23453.68,23431.32,23433.45
1773072600,23433.23,23433.5,23408.3,23421.52
1773072900,23421.94,23431.09,23400.77,23404.33
1773073200,23404.3,23408.09,23347.8,23408.09
1773073500,23408.49,23432.07,23390.77,23393.03
1773129600,23886.38,23889.52,23866.86,23884.48
1773129900,23886.73,23926.14,23868.04,23909.45
1773130200,23910.88,23910.88,23875.27,23884.0
1773130500,23879.24,23893.27,23840.54,23890.23
1773130800,23888.71,23939.88,23886.26,23937.9
1773131100,23938.92,23948.56,23898.46,23937.19
1773131400,23935.74,23944.65,23924.95,23940.06
1773131700,23940.26,23970.53,23938.52,23960.81
1773132000,23960.26,23973.22,23950.11,23964.18
1773132300,23964.72,23996.97,23962.51,23988.28
1773132600,23985.08,23985.61,23921.39,23942.6
1773132900,23943.14,23948.03,23895.55,23898.14
1773133200,23898.09,23941.95,23887.28,23939.86
1773133500,23941.58,23995.26,23941.58,23993.84
1773133800,23994.05,24001.59,23974.98,23998.12
1773134100,23997.27,24013.17,23975.64,23997.44
1773134400,23997.17,24002.01,23973.72,23992.58
1773134700,23992.61,24008.89,23982.58,24008.87
1773135000,24010.05,24024.21,24010.05,24015.4
1773135300,24015.73,24045.67,24015.73,24032.31
1773135600,24032.49,24041.88,24027.09,24037.15
1773135900,24035.77,24035.8,23986.4,23989.78
1773136200,23989.63,23997.54,23972.31,23983.95
1773136500,23983.41,23983.64,23945.22,23952.1
1773136800,23952.44,23957.19,23923.39,23934.13
1773137100,23934.67,23951.48,23925.77,23945.62
1773137400,23946.18,23947.24,23926.77,23929.57
1773137700,23928.0,23945.15,23912.36,23912.74
1773138000,23912.93,23931.7,23904.1,23931.7
1773138300,23932.14,23992.11,23932.14,23978.62
1773138600,23978.53,23995.06,23973.76,23984.32
1773138900,23984.97,23998.4,23935.58,23951.02
1773139200,23949.49,23982.6,23942.8,23982.02
1773139500,23981.93,23982.5,23965.81,23972.49
1773139800,23972.19,23992.01,23961.04,23985.62
1773140100,23983.47,24004.43,23975.5,24003.72
1773140400,24003.59,24058.69,23978.03,24057.94
1773140700,24057.0,24060.83,24009.85,24011.5
1773141000,24011.68,24015.77,23985.81,23985.81
1773141300,23985.34,23986.89,23947.57,23949.26
1773141600,23950.46,23959.37,23942.45,23957.02
1773141900,23957.28,23968.45,23950.53,23955.23
1773142200,23955.66,23960.63,23925.5,23925.5
1773142500,23925.75,23934.71,23921.33,23925.14
1773142800,23925.1,23930.36,23912.3,23916.14
1773143100,23915.99,23916.67,23896.03,23897.04
1773143400,23897.44,23913.42,23897.44,23908.42
1773143700,23908.49,23912.7,23896.54,23911.44
1773144000,23910.94,23910.94,23866.06,23866.06
1773144300,23865.85,23869.05,23804.88,23808.03
1773144600,23809.25,23841.29,23799.89,23840.28
1773144900,23841.01,23845.88,23827.53,23842.34
1773145200,23842.49,23860.6,23832.72,23847.74
1773145500,23848.32,23853.23,23829.85,23829.85
1773145800,23828.25,23844.61,23803.52,23838.89
1773146100,23839.05,23871.13,23838.4,23865.87
1773146400,23865.33,23891.07,23859.58,23882.02
1773146700,23882.28,23913.06,23880.99,23912.08
1773147000,23912.14,23927.48,23903.86,23916.21
1773147300,23916.42,23921.28,23914.14,23918.96
1773147600,23918.31,23931.97,23918.31,23923.6
1773147900,23923.66,23927.92,23918.5,23926.39
1773148200,23926.34,23942.5,23926.04,23931.58
1773148500,23931.51,23938.1,23914.37,23919.7
1773148800,23919.56,23951.37,23919.56,23949.16
1773149100,23950.2,23958.23,23948.11,23954.8
1773149400,23956.45,23968.0,23912.93,23921.81
1773149700,23921.63,23925.68,23893.39,23902.92
1773150000,23902.72,23906.94,23851.97,23874.85
1773150300,23875.77,23875.77,23832.76,23866.9
1773150600,23867.56,23877.82,23852.07,23864.22
1773150900,23863.73,23865.96,23818.63,23827.04
1773151200,23826.65,23829.22,23790.94,23826.77
1773151500,23827.41,23844.67,23776.95,23779.4
1773151800,23779.45,23802.03,23765.24,23792.86
1773152100,23792.6,23832.49,23787.93,23830.15
1773152400,23829.53,23877.36,23829.53,23871.18
1773152700,23871.3,23907.05,23870.62,23894.08
1773153000,23894.32,23937.18,23894.32,23931.06
1773153300,23930.61,23952.77,23916.56,23952.76
1773153600,23952.36,23988.91,23950.34,23986.5
1773153900,23986.61,23999.81,23974.34,23996.86
1773154200,24009.85,24038.86,24008.75,24038.1
1773154500,24037.87,24052.36,24028.65,24033.06
1773154800,24033.66,24061.15,24033.66,24060.01
1773155100,24059.79,24059.79,24025.91,24027.72
1773155400,24024.73,24025.55,24002.79,24005.18
1773155700,24005.37,24048.64,24002.13,24045.53
1773156000,24046.02,24055.3,24025.61,24027.29
1773156300,24027.65,24029.03,24020.27,24027.35
1773156600,24027.88,24031.52,23991.24,23991.24
1773156900,23990.32,24002.97,23988.96,24001.36
1773157200,24001.97,24037.73,23998.36,24035.11
1773157500,24033.83,24033.83,23993.53,23994.28
1773157800,23994.31,24008.99,23976.61,23979.14
1773158100,23978.63,23978.63,23962.79,23969.95
1773158400,23969.64,23969.64,23931.26,23931.26
1773158700,23930.27,23930.56,23896.03,23907.37
1773159000,23906.82,23937.99,23906.82,23936.62
1773159300,23934.58,23944.82,23922.63,23933.17
1773159600,23932.9,23940.98,23911.14,23940.27
1773159900,23940.37,23959.83,23937.16,23937.16
1773216000,23725.21,23725.21,23683.28,23700.18
1773216300,23697.58,23714.56,23673.85,23677.52
1773216600,23678.39,23703.42,23661.81,23703.42
1773216900,23703.18,23709.3,23674.31,23683.99
1773217200,23683.2,23727.71,23681.24,23720.18
1773217500,23719.09,23719.09,23674.77,23683.56
1773217800,23675.69,23695.74,23664.75,23672.76
1773218100,23674.17,23676.4,23616.8,23622.61
1773218400,23622.52,23673.87,23620.07,23663.92
1773218700,23660.0,23665.86,23620.78,23625.81
1773219000,23625.93,23628.88,23582.45,23599.32
1773219300,23599.28,23636.42,23575.78,23610.56
1773219600,23610.46,23610.46,23562.41,23564.72
1773219900,23565.82,23581.24,23552.97,23575.31
1773220200,23575.15,23580.29,23546.82,23553.5
1773220500,23553.2,23593.97,23553.2,23590.63
1773220800,23590.75,23614.34,23590.75,23601.05
1773221100,23598.0,23598.0,23565.36,23568.52
1773221400,23568.45,23591.05,23556.74,23582.73
1773221700,23582.49,23583.05,23559.04,23576.32
1773222000,23576.0,23596.61,23567.1,23578.22
1773222300,23578.7,23608.22,23578.7,23585.91
1773222600,23586.24,23590.33,23572.74,23572.95
1773222900,23576.59,23580.17,23557.06,23558.78
1773223200,23559.16,23590.59,23549.67,23588.31
1773223500,23587.87,23638.08,23587.87,23637.89
1773223800,23638.16,23639.0,23608.26,23634.94
1773224100,23635.06,23660.22,23633.25,23650.2
1773224400,23650.26,23664.58,23649.34,23649.34
1773224700,23648.82,23658.36,23637.87,23655.04
1773225000,23654.4,23698.55,23654.2,23696.85
1773225300,23696.64,23735.25,23693.51,23735.25
1773225600,23733.68,23789.39,23729.33,23782.09
1773225900,23782.19,23794.0,23769.56,23783.25
1773226200,23783.0,23806.88,23782.51,23797.94
1773226500,23796.35,23804.24,23788.76,23795.44
1773226800,23797.0,23813.1,23797.0,23809.68
1773227100,23808.38,23809.62,23769.87,23778.93
1773227400,23779.21,23779.21,23765.25,23776.18
1773227700,23776.55,23779.55,23742.08,23742.29
1773228000,23742.14,23743.13,23691.02,23695.5
1773228300,23695.64,23697.89,23660.81,23673.33
1773228600,23674.01,23686.58,23661.27,23664.14
1773228900,23664.21,23687.61,23664.21,23683.84
1773229200,23684.21,23685.28,23632.12,23643.71
1773229500,23644.2,23644.2,23616.76,23616.76
1773229800,23616.9,23675.33,23598.84,23659.92
1773230100,23660.5,23668.09,23647.08,23647.18
1773230400,23647.09,23655.45,23633.35,23633.86
1773230700,23632.36,23645.72,23601.4,23606.19
1773231000,23606.27,23625.53,23604.07,23616.41
1773231300,23616.56,23624.81,23606.06,23620.69
1773231600,23621.39,23646.48,23617.1,23632.33
1773231900,23631.32,23679.2,23625.97,23673.46
1773232200,23673.07,23697.63,23608.45,23609.63
1773232500,23610.29,23613.91,23591.53,23601.26
1773232800,23601.36,23615.74,23559.74,23564.37
1773233100,23564.04,23567.75,23533.71,23541.64
1773233400,23540.26,23564.93,23533.7,23564.93
1773233700,23564.33,23583.02,23564.33,23578.18
1773234000,23578.27,23632.92,23578.27,23631.13
1773234300,23631.3,23652.63,23609.49,23611.09
1773234600,23610.58,23610.58,23588.59,23588.73
1773234900,23590.83,23611.05,23584.06,23609.95
1773235200,23609.64,23631.08,23603.98,23629.01
1773235500,23630.94,23663.65,23630.39,23662.73
1773235800,23663.65,23676.85,23658.66,23660.06
1773236100,23659.98,23693.38,23659.35,23689.88
1773236400,23690.93,23699.12,23665.09,23670.45
1773236700,23669.82,23677.31,23646.71,23661.29
1773237000,23660.99,23683.33,23653.38,23655.25
1773237300,23655.6,23717.61,23651.16,23712.27
1773237600,23707.44,23824.73,23706.12,23744.18
1773237900,23744.5,23760.66,23726.47,23743.72
1773238200,23743.88,23747.45,23697.52,23735.85
1773238500,23736.53,23739.34,23708.27,23718.63
1773238800,23718.32,23718.32,23649.95,23650.01
1773239100,23648.35,23648.43,23596.84,23624.1
1773239400,23624.96,23641.53,23610.44,23625.36
1773239700,23627.5,23677.94,23626.56,23657.32
1773240000,23658.26,23690.17,23656.47,23688.45
1773240300,23686.91,23718.89,23681.19,23718.89
1773240600,23719.22,23729.44,23715.42,23723.16
1773240900,23722.12,23736.54,23718.45,23733.46
1773241200,23735.02,23742.14,23677.46,23699.84
1773241500,23699.94,23704.71,23685.3,23691.16
1773241800,23692.06,23702.05,23625.9,23648.63
1773242100,23648.43,23648.43,23625.67,23626.89
1773242400,23627.18,23649.44,23618.4,23649.44
1773242700,23649.75,23660.35,23619.6,23619.6
1773243000,23620.31,23631.96,23596.99,23629.11
1773243300,23628.86,23636.11,23618.09,23622.57
1773243600,23622.36,23625.02,23586.3,23586.3
1773243900,23586.0,23589.78,23567.81,23577.87
1773244200,23578.34,23626.6,23578.34,23626.6
1773244500,23626.65,23639.12,23602.81,23605.68
1773244800,23605.58,23605.58,23585.15,23588.03
1773245100,23588.71,23598.56,23581.39,23582.41
1773245400,23582.01,23609.97,23571.3,23608.93
1773245700,23609.26,23614.55,23587.77,23587.77
1773246000,23586.86,23589.71,23559.52,23580.88
1773246300,23578.79,23590.46,23571.71,23587.33
1773302400,23577.82,23577.82,23545.32,23551.65
1773302700,23551.69,23571.1,23535.1,23558.25
1773303000,23558.08,23564.99,23537.19,23538.33
1773303300,23535.15,23562.13,23535.15,23561.27
1773303600,23561.08,23561.08,23536.53,23540.92
1773303900,23541.17,23550.01,23513.0,23513.46
1773304200,23512.34,23559.06,23506.51,23538.97
1773304500,23540.23,23554.29,23512.03,23514.49
1773304800,23513.78,23550.19,23500.24,23548.44
1773305100,23548.24,23593.82,23533.6,23593.02
1773305400,23593.55,23616.64,23588.27,23588.27
1773305700,23587.57,23605.91,23578.38,23605.59
1773306000,23605.47,23611.17,23559.27,23585.82
1773306300,23586.43,23590.11,23546.39,23546.84
1773306600,23547.26,23549.31,23507.41,23519.26
1773306900,23519.59,23530.65,23508.34,23508.34
1773307200,23508.84,23525.02,23487.1,23524.85
1773307500,23525.15,23564.66,23525.15,23562.75
1773307800,23562.45,23581.26,23562.45,23577.13
1773308100,23577.3,23600.61,23565.92,23600.29
1773308400,23604.18,23634.16,23601.89,23627.95
1773308700,23627.21,23631.24,23611.05,23611.05
1773309000,23610.89,23631.96,23607.81,23626.63
1773309300,23627.36,23639.53,23622.66,23633.47
1773309600,23633.09,23635.85,23628.05,23630.7
1773309900,23630.31,23630.56,23580.11,23580.11
1773310200,23579.99,23597.4,23575.13,23597.4
1773310500,23598.59,23601.29,23568.44,23587.28
1773310800,23587.54,23594.67,23583.4,23586.42
1773311100,23586.52,23594.9,23579.88,23587.21
1773311400,23587.54,23653.56,23587.42,23618.91
1773311700,23618.69,23626.9,23603.25,23607.54
1773312000,23607.41,23612.34,23595.65,23610.42
1773312300,23610.7,23656.21,23610.7,23651.14
1773312600,23651.01,23659.16,23615.09,23618.18
1773312900,23619.5,23638.14,23618.23,23622.08
1773313200,23621.13,23621.45,23594.13,23597.52
1773313500,23596.48,23622.23,23587.65,23613.04
1773313800,23612.99,23629.59,23611.45,23619.74
1773314100,23619.97,23642.86,23617.55,23640.09
1773314400,23639.51,23663.12,23635.73,23659.66
1773314700,23660.66,23661.63,23627.97,23656.74
1773315000,23656.7,23694.45,23656.7,23681.42
1773315300,23682.25,23686.89,23671.66,23678.01
1773315600,23678.08,23703.55,23678.01,23693.99
1773315900,23693.45,23700.15,23679.62,23680.31
1773316200,23679.26,23679.26,23643.48,23645.87
1773316500,23645.17,23653.0,23618.73,23621.72
1773316800,23621.83,23622.05,23571.6,23575.21
1773317100,23575.69,23578.74,23542.27,23553.0
1773317400,23550.42,23567.23,23541.75,23564.94
1773317700,23564.9,23578.03,23546.07,23562.62
1773318000,23561.84,23562.36,23535.11,23545.25
1773318300,23544.95,23578.6,23542.04,23574.73
1773318600,23574.78,23578.59,23542.02,23558.39
1773318900,23559.31,23562.96,23547.08,23554.16
1773319200,23554.89,23578.05,23554.7,23572.76
1773319500,23572.87,23580.88,23554.86,23572.72
1773319800,23573.26,23580.21,23555.27,23569.25
1773320100,23569.28,23594.56,23569.28,23594.56
1773320400,23594.73,23629.43,23594.73,23623.12
1773320700,23623.01,23632.92,23615.58,23631.95
1773321000,23631.68,23634.3,23589.33,23589.33
1773321300,23588.5,23590.35,23532.3,23538.13
1773321600,23539.22,23539.22,23462.25,23525.48
1773321900,23526.09,23554.51,23526.09,23554.51
1773322200,23554.85,23558.83,23516.17,23554.08
1773322500,23552.78,23582.19,23544.32,23580.54
1773322800,23580.69,23597.78,23544.14,23544.14
1773323100,23543.85,23552.51,23504.83,23552.51
1773323400,23553.07,23575.26,23500.84,23502.82
1773323700,23502.63,23504.24,23462.7,23499.32
1773324000,23501.2,23567.52,23501.2,23550.03
1773324300,23549.6,23550.46,23524.52,23531.31
1773324600,23531.14,23552.25,23530.13,23545.01
1773324900,23545.1,23552.82,23478.32,23479.97
1773325200,23480.2,23480.2,23427.05,23436.4
1773325500,23438.11,23458.57,23408.8,23408.8
1773325800,23409.61,23424.78,23395.91,23414.79
1773326100,23416.23,23448.71,23412.55,23433.9
1773326400,23433.53,23478.19,23426.8,23476.62
1773326700,23476.34,23557.49,23466.07,23473.04
1773327000,23474.43,23487.65,23459.34,23487.65
1773327300,23487.61,23508.95,23483.1,23507.64
1773327600,23508.47,23512.61,23435.49,23442.42
1773327900,23434.2,23434.73,23397.0,23399.89
1773328200,23399.12,23399.12,23368.07,23394.98
1773328500,23395.57,23416.38,23391.98,23414.3
1773328800,23413.77,23425.78,23398.73,23425.78
1773329100,23426.14,23471.86,23424.42,23456.51
1773329400,23456.58,23464.9,23449.29,23457.0
1773329700,23457.17,23522.71,23414.66,23522.0
1773330000,23522.7,23534.87,23476.68,23526.21
1773330300,23525.6,23532.01,23494.53,23516.86
1773330600,23515.76,23548.92,23510.97,23548.51
1773330900,23548.65,23548.65,23526.43,23539.02
1773331200,23538.49,23570.58,23533.79,23569.95
1773331500,23570.07,23582.27,23493.93,23495.93
1773331800,23495.55,23530.02,23488.56,23530.02
1773332100,23530.45,23574.01,23525.59,23562.85
1773332400,23563.9,23623.22,23563.36,23583.61
1773332700,23583.29,23583.29,23552.77,23572.23
1773388800,23381.91,23400.86,23378.62,23382.73
1773389100,23382.62,23386.52,23355.84,23364.77
1773389400,23365.02,23365.02,23328.76,23343.53
1773389700,23343.34,23343.34,23317.52,23326.66
1773390000,23326.53,23357.06,23325.23,23349.53
1773390300,23348.9,23353.44,23293.52,23316.98
1773390600,23316.61,23353.59,23316.24,23347.35
1773390900,23348.71,23388.36,23348.71,23377.7
1773391200,23378.12,23386.62,23361.37,23361.37
1773391500,23359.37,23374.57,23338.23,23372.4
1773391800,23372.59,23406.01,23369.15,23397.18
1773392100,23397.31,23421.17,23392.29,23412.43
1773392400,23411.88,23456.21,23408.26,23432.62
1773392700,23431.52,23437.42,23403.76,23403.76
1773393000,23403.21,23411.82,23381.89,23383.98
1773393300,23384.07,23402.69,23368.21,23402.0
1773393600,23397.2,23417.53,23395.49,23409.88
1773393900,23410.09,23435.5,23406.43,23434.29
1773394200,23433.2,23433.58,23398.39,23409.97
1773394500,23409.91,23418.85,23394.51,23394.51
1773394800,23394.88,23400.35,23387.33,23399.19
1773395100,23399.09,23415.0,23390.87,23412.89
1773395400,23413.51,23432.21,23412.18,23428.45
1773395700,23428.04,23431.08,23417.82,23423.98
1773396000,23424.07,23471.62,23410.67,23466.28
1773396300,23466.53,23475.88,23464.04,23465.36
1773396600,23465.29,23492.19,23464.75,23490.21
1773396900,23490.7,23515.41,23489.16,23514.57
1773397200,23514.91,23522.08,23511.24,23513.83
1773397500,23513.7,23515.16,23497.91,23501.36
1773397800,23501.23,23502.45,23492.88,23497.05
1773398100,23497.18,23499.78,23473.65,23476.67
1773398400,23476.23,23481.76,23466.05,23467.32
1773398700,23467.38,23517.76,23465.3,23516.89
1773399000,23508.63,23534.78,23496.14,23516.68
1773399300,23512.16,23554.42,23504.97,23553.5
1773399600,23549.19,23579.62,23548.32,23578.21
1773399900,23577.88,23585.88,23544.13,23550.5
1773400200,23550.0,23555.62,23530.59,23537.56
1773400500,23537.44,23561.42,23533.49,23561.23
1773400800,23563.17,23571.78,23558.24,23561.47
1773401100,23560.83,23580.16,23556.02,23561.79
1773401400,23562.02,23567.39,23550.91,23563.6
1773401700,23563.48,23579.18,23562.05,23578.49
1773402000,23577.42,23586.04,23564.18,23586.04
1773402300,23586.27,23591.57,23579.21,23581.53
1773402600,23581.56,23597.46,23579.13,23588.01
1773402900,23588.06,23606.84,23587.96,23606.84
1773403200,23606.74,23621.95,23606.74,23614.94
1773403500,23614.79,23615.9,23587.32,23591.0
1773403800,23592.99,23597.97,23584.08,23597.27
1773404100,23597.21,23604.75,23596.73,23601.49
1773404400,23601.7,23602.06,23586.5,23587.94
1773404700,23587.9,23602.43,23585.43,23602.35
1773405000,23602.38,23624.19,23601.04,23613.65
1773405300,23614.03,23614.03,23594.28,23604.27
1773405600,23604.24,23611.28,23603.33,23610.98
1773405900,23611.58,23701.92,23611.54,23667.25
1773406200,23667.78,23667.78,23633.81,23637.64
1773406500,23637.51,23647.73,23633.78,23647.73
1773406800,23647.66,23664.1,23623.51,23647.38
1773407100,23648.03,23657.95,23643.29,23644.38
1773407400,23644.42,23645.71,23624.92,23645.43
1773407700,23645.39,23649.21,23639.54,23646.25
1773408000,23645.99,23646.6,23630.61,23644.57
1773408300,23644.53,23673.44,23639.23,23673.44
1773408600,23675.91,23692.16,23673.61,23683.06
1773408900,23683.85,23728.7,23677.11,23727.91
1773409200,23728.49,23762.12,23726.65,23756.22
1773409500,23755.67,23755.67,23713.35,23713.35
1773409800,23711.94,23724.43,23697.91,23719.1
1773410100,23719.07,23719.42,23674.34,23682.38
1773410400,23682.31,23696.38,23648.93,23664.52
1773410700,23663.44,23665.85,23618.28,23625.29
1773411000,23625.2,23632.71,23612.46,23628.52
1773411300,23628.42,23629.56,23597.02,23605.1
1773411600,23605.72,23632.22,23605.22,23631.63
1773411900,23632.02,23634.65,23614.48,23626.85
1773412200,23626.23,23665.98,23624.63,23663.44
1773412500,23662.11,23663.26,23622.76,23622.76
1773412800,23621.94,23622.04,23564.92,23564.92
1773413100,23565.01,23566.11,23530.92,23558.18
1773413400,23557.17,23575.82,23556.67,23562.17
1773413700,23561.49,23565.44,23493.78,23496.68
1773414000,23495.34,23513.5,23495.34,23506.16
1773414300,23506.31,23533.22,23498.96,23532.46
1773414600,23533.36,23556.24,23522.06,23555.92
1773414900,23556.45,23556.99,23519.33,23519.33
1773415200,23519.41,23539.35,23483.9,23483.9
1773415500,23483.1,23486.61,23473.05,23481.2
1773415800,23483.91,23498.38,23473.8,23497.41
1773416100,23498.47,23499.09,23455.82,23473.47
1773416400,23473.16,23483.63,23436.26,23448.78
1773416700,23448.84,23499.29,23439.2,23481.15
1773417000,23481.23,23483.21,23444.91,23452.56
1773417300,23452.86,23452.86,23412.93,23416.4
1773417600,23416.51,23423.53,23405.13,23412.92
1773417900,23413.03,23428.42,23393.14,23421.77
1773418200,23422.1,23427.09,23396.18,23403.74
1773418500,23403.79,23411.29,23383.54,23396.73
1773418800,23398.78,23430.84,23398.69,23418.89
1773419100,23419.14,23438.31,23412.93,23436.01
1773648000,23480.5,23481.2,23447.1,23453.22
1773648300,23452.35,23500.8,23452.35,23499.17
1773648600,23503.09,23509.89,23453.02,23455.98
1773648900,23449.46,23450.2,23417.47,23438.88
1773649200,23437.81,23467.39,23430.56,23455.84
1773649500,23455.29,23455.29,23421.5,23443.6
1773649800,23443.46,23460.48,23418.38,23424.34
1773650100,23424.39,23438.83,23414.1,23423.51
1773650400,23423.85,23441.69,23402.39,23402.58
1773650700,23403.84,23412.36,23396.12,23399.35
1773651000,23399.53,23442.48,23398.72,23441.09
1773651300,23440.63,23461.39,23429.27,23433.32
1773651600,23433.82,23444.18,23418.11,23422.89
1773651900,23421.07,23421.16,23382.08,23393.53
1773652200,23393.43,23453.89,23393.43,23447.09
1773652500,23446.9,23450.42,23426.14,23434.89
1773652800,23435.16,23441.83,23387.11,23387.11
1773653100,23385.45,23405.51,23370.19,23391.12
1773653400,23391.4,23391.53,23351.65,23354.24
1773653700,23353.79,23376.82,23353.79,23355.66
1773654000,23355.39,23362.92,23342.11,23351.48
1773654300,23351.55,23398.64,23348.47,23379.66
1773654600,23382.49,23384.41,23344.78,23345.49
1773654900,23345.09,23354.94,23334.97,23342.72
1773655200,23342.85,23366.13,23338.28,23366.13
1773655500,23366.2,23367.19,23346.81,23367.19
1773655800,23367.56,23382.23,23365.39,23374.32
1773656100,23374.82,23379.58,23366.45,23372.87
1773656400,23372.95,23411.17,23371.95,23408.23
1773656700,23407.62,23444.05,23407.04,23432.57
1773657000,23434.8,23452.06,23426.3,23435.8
1773657300,23435.97,23445.8,23428.06,23445.8
1773657600,23445.9,23465.67,23438.8,23450.29
1773657900,23450.96,23471.66,23447.94,23471.66
1773658200,23472.94,23485.87,23471.51,23484.39
1773658500,23484.68,23500.02,23481.83,23498.97
1773658800,23498.19,23505.09,23489.9,23505.09
1773659100,23505.11,23511.45,23500.41,23508.81
1773659400,23507.71,23515.55,23503.48,23504.68
1773659700,23505.11,23520.0,23503.99,23517.99
1773660000,23518.08,23519.01,23500.98,23510.33
1773660300,23510.0,23512.5,23495.52,23495.87
1773660600,23496.13,23499.38,23474.1,23491.29
1773660900,23492.44,23511.61,23490.05,23508.39
1773661200,23508.3,23528.75,23507.72,23525.58
1773661500,23525.88,23530.55,23518.57,23520.8
1773661800,23520.84,23524.96,23515.2,23524.96
1773662100,23525.28,23540.9,23525.28,23538.54
1773662400,23538.88,23559.06,23538.88,23556.61
1773662700,23557.42,23558.94,23538.98,23546.83
1773663000,23547.21,23589.86,23541.87,23581.61
1773663300,23581.45,23584.53,23574.39,23584.07
1773663600,23581.97,23581.97,23561.01,23563.17
1773663900,23563.85,23575.36,23563.5,23574.82
1773664200,23573.63,23597.5,23573.61,23590.79
1773664500,23590.8,23605.17,23590.73,23601.01
1773664800,23600.68,23607.99,23588.2,23607.66
1773665100,23607.43,23620.16,23604.92,23608.98
1773665400,23607.48,23607.48,23584.18,23584.92
1773665700,23584.38,23585.22,23568.07,23574.25
1773666000,23576.28,23596.97,23576.28,23595.12
1773666300,23594.81,23609.49,23594.81,23600.86
1773666600,23600.91,23601.44,23588.69,23595.2
1773666900,23595.72,23606.67,23587.87,23596.48
1773667200,23596.57,23616.31,23593.39,23603.01
1773667500,23602.51,23610.69,23601.24,23606.74
1773667800,23605.89,23635.3,23591.13,23631.64
1773668100,23628.61,23642.07,23623.36,23634.01
1773668400,23634.05,23648.91,23631.84,23648.44
1773668700,23648.23,23675.94,23640.97,23667.25
1773669000,23668.97,23668.97,23637.23,23642.52
1773669300,23641.89,23676.41,23631.29,23675.85
1773669600,23677.48,23681.89,23658.14,23670.55
1773669900,23669.19,23693.08,23663.65,23685.33
1773670200,23684.43,23699.5,23661.55,23673.64
1773670500,23672.83,23672.83,23645.17,23646.04
1773670800,23645.65,23662.34,23642.08,23647.1
1773671100,23647.43,23653.38,23632.99,23634.33
1773671400,23634.14,23634.14,23590.93,23594.51
1773671700,23595.06,23606.94,23569.69,23577.86
1773672000,23576.94,23597.58,23575.87,23583.68
1773672300,23583.8,23603.64,23581.76,23596.56
1773672600,23596.43,23631.98,23592.38,23631.87
1773672900,23630.95,23648.62,23624.51,23648.62
1773673200,23647.73,23655.18,23637.45,23637.54
1773673500,23637.87,23638.83,23623.93,23638.83
1773673800,23638.76,23650.29,23626.0,23644.88
1773674100,23644.79,23654.15,23635.78,23654.15
1773674400,23655.58,23666.55,23654.46,23660.6
1773674700,23660.85,23667.95,23659.12,23664.23
1773675000,23664.78,23688.03,23664.78,23684.15
1773675300,23683.68,23692.41,23683.68,23687.45
1773675600,23687.63,23687.63,23676.95,23678.09
1773675900,23677.72,23684.93,23674.35,23684.53
1773676200,23684.24,23684.38,23640.98,23646.17
1773676500,23646.47,23650.67,23617.58,23619.87
1773676800,23618.11,23620.06,23589.83,23589.83
1773677100,23590.05,23605.3,23584.97,23598.63
1773677400,23598.32,23619.5,23598.32,23611.41
1773677700,23610.81,23636.27,23609.54,23631.39
1773678000,23631.75,23631.75,23581.91,23584.25
1773678300,23583.99,23586.47,23565.55,23567.42
1773734400,23500.34,23525.36,23488.0,23510.28
1773734700,23508.93,23530.66,23498.92,23510.58
1773735000,23509.01,23520.98,23485.33,23494.13
1773735300,23493.9,23529.73,23483.61,23518.78
1773735600,23518.76,23525.29,23503.22,23506.02
1773735900,23507.15,23516.03,23484.18,23484.18
1773736200,23483.98,23516.32,23482.34,23509.1
1773736500,23506.25,23520.17,23475.2,23514.45
1773736800,23514.3,23551.23,23512.68,23542.86
1773737100,23543.01,23552.66,23536.75,23536.75
1773737400,23537.52,23537.52,23464.84,23472.55
1773737700,23472.67,23506.93,23472.33,23505.44
1773738000,23506.4,23558.1,23506.4,23548.18
1773738300,23547.84,23558.07,23540.06,23554.15
1773738600,23554.61,23559.71,23531.32,23533.96
1773738900,23533.59,23563.33,23531.69,23563.33
1773739200,23563.05,23580.54,23560.3,23573.49
1773739500,23573.79,23614.84,23573.46,23614.84
1773739800,23615.61,23629.56,23612.93,23627.92
1773740100,23627.41,23636.01,23618.96,23624.23
1773740400,23624.72,23648.71,23614.68,23646.51
1773740700,23646.03,23651.92,23640.12,23646.28
1773741000,23646.23,23646.97,23617.51,23630.85
1773741300,23630.68,23639.5,23626.76,23637.24
1773741600,23636.96,23637.44,23609.25,23612.46
1773741900,23611.88,23612.11,23577.45,23577.45
1773742200,23577.51,23590.01,23572.44,23584.75
1773742500,23585.3,23590.65,23552.14,23553.37
1773742800,23553.09,23564.53,23544.56,23553.13
1773743100,23552.66,23552.77,23537.68,23550.75
1773743400,23551.28,23580.36,23551.0,23577.23
1773743700,23576.72,23591.54,23574.35,23574.68
1773744000,23574.71,23585.94,23564.06,23584.3
1773744300,23584.24,23598.32,23583.9,23587.18
1773744600,23587.2,23587.46,23557.1,23572.51
1773744900,23572.45,23596.17,23563.68,23596.17
1773745200,23596.67,23612.8,23596.67,23609.77
1773745500,23611.07,23614.58,23601.81,23614.58
1773745800,23614.54,23618.93,23604.47,23610.0
1773746100,23609.86,23620.19,23609.86,23610.97
1773746400,23611.06,23632.84,23610.95,23632.74
1773746700,23632.95,23638.91,23621.87,23624.05
1773747000,23622.82,23623.41,23600.46,23600.46
1773747300,23599.1,23614.98,23598.52,23614.72
1773747600,23614.44,23631.71,23614.44,23628.81
1773747900,23628.64,23633.77,23616.03,23617.0
1773748200,23617.3,23621.78,23603.95,23604.1
1773748500,23603.03,23607.8,23600.19,23602.56
1773748800,23602.22,23644.74,23602.04,23642.5
1773749100,23642.14,23665.67,23640.28,23665.67
1773749400,23665.73,23675.77,23662.65,23671.19
1773749700,23671.13,23681.04,23669.34,23673.33
1773750000,23672.78,23687.9,23670.37,23680.32
1773750300,23680.62,23692.6,23680.32,23692.2
1773750600,23692.27,23704.64,23688.29,23690.46
1773750900,23690.18,23690.18,23673.93,23674.43
1773751200,23674.3,23675.4,23656.22,23659.44
1773751500,23659.67,23672.5,23655.8,23670.65
1773751800,23670.38,23671.66,23656.96,23665.45
1773752100,23666.0,23681.33,23661.72,23681.29
1773752400,23681.83,23696.96,23680.33,23696.68
1773752700,23696.19,23722.62,23687.88,23722.62
1773753000,23722.69,23732.95,23719.36,23725.58
1773753300,23726.25,23740.34,23720.55,23740.34
1773753600,23740.53,23751.15,23740.08,23749.66
1773753900,23749.78,23750.24,23741.34,23747.42
1773754200,23746.23,23777.48,23743.8,23773.04
1773754500,23773.65,23783.67,23767.0,23783.26
1773754800,23783.44,23789.1,23765.02,23766.03
1773755100,23766.1,23784.98,23761.09,23774.15
1773755400,23774.34,23779.28,23751.29,23759.68
1773755700,23759.63,23761.99,23753.0,23758.72
1773756000,23758.04,23762.44,23741.93,23752.44
1773756300,23752.54,23782.05,23752.54,23774.58
1773756600,23773.98,23773.98,23743.45,23743.45
1773756900,23742.06,23757.91,23734.69,23757.91
1773757200,23758.43,23759.15,23743.2,23743.2
1773757500,23741.76,23742.02,23722.22,23734.4
1773757800,23734.24,23759.43,23727.31,23755.37
1773758100,23756.17,23765.58,23752.68,23762.19
1773758400,23761.59,23781.57,23758.14,23781.31
1773758700,23781.45,23811.35,23780.76,23808.22
1773759000,23807.57,23815.73,23801.68,23811.46
1773759300,23811.63,23815.74,23809.4,23814.6
1773759600,23813.81,23820.58,23790.75,23791.22
1773759900,23791.48,23792.27,23753.66,23753.71
1773760200,23755.52,23769.54,23751.39,23763.36
1773760500,23763.04,23783.59,23741.91,23774.93
1773760800,23776.31,23786.67,23751.85,23770.63
1773761100,23766.96,23777.03,23747.41,23752.69
1773761400,23752.52,23757.55,23724.34,23724.34
1773761700,23724.41,23732.04,23702.83,23713.35
1773762000,23713.43,23736.78,23708.2,23736.78
1773762300,23736.72,23754.25,23731.6,23732.33
1773762600,23732.26,23754.15,23732.26,23753.87
1773762900,23754.27,23759.67,23736.99,23746.33
1773763200,23746.44,23746.44,23698.56,23707.48
1773763500,23706.83,23722.2,23684.75,23713.17
1773763800,23713.66,23735.29,23711.69,23711.95
1773764100,23712.11,23732.8,23705.89,23732.8
1773764400,23734.02,23735.55,23715.3,23731.87
1773764700,23732.01,23732.01,23711.66,23722.39
1773820800,23837.2,23870.85,23832.57,23870.85
1773821100,23870.91,23885.36,23854.67,23860.43
1773821400,23860.57,23883.6,23857.73,23880.84
1773821700,23880.78,23894.75,23865.55,23877.09
1773822000,23874.82,23878.0,23846.33,23856.24
1773822300,23856.21,23860.31,23830.65,23832.49
1773822600,23832.4,23850.71,23818.01,23836.57
1773822900,23836.62,23842.83,23817.77,23841.31
1773823200,23840.97,23843.85,23829.9,23843.16
1773823500,23843.06,23859.68,23827.23,23843.42
1773823800,23843.28,23874.34,23843.28,23870.89
1773824100,23871.09,23878.46,23864.19,23873.98
1773824400,23873.4,23883.79,23859.94,23876.45
1773824700,23876.31,23897.51,23863.87,23896.32
1773825000,23896.04,23896.04,23857.35,23861.76
1773825300,23865.36,23887.82,23860.28,23887.78
1773825600,23888.48,23902.32,23884.63,23887.69
1773825900,23886.76,23902.95,23878.94,23896.59
1773826200,23897.28,23916.66,23892.18,23914.98
1773826500,23914.75,23921.55,23906.14,23906.28
1773826800,23906.55,23935.12,23905.3,23934.86
1773827100,23935.14,23941.08,23920.7,23932.33
1773827400,23933.1,23937.35,23910.5,23914.88
1773827700,23914.83,23923.56,23905.81,23909.29
1773828000,23908.85,23923.28,23908.23,23921.36
1773828300,23919.35,23943.4,23917.04,23942.97
1773828600,23943.08,23943.69,23922.91,23928.92
1773828900,23928.94,23944.39,23920.63,23943.16
1773829200,23943.75,23952.41,23940.63,23951.47
1773829500,23952.57,23957.1,23932.41,23933.58
1773829800,23933.6,23943.21,23926.94,23936.59
1773830100,23937.09,23941.05,23931.38,23934.26
1773830400,23934.11,23934.86,23915.62,23916.08
1773830700,23916.17,23918.19,23898.92,23911.05
1773831000,23911.28,23918.86,23905.6,23905.6
1773831300,23906.04,23908.14,23897.29,23901.68
1773831600,23901.0,23911.65,23892.13,23911.43
1773831900,23911.36,23918.51,23911.0,23914.35
1773832200,23914.29,23933.06,23913.91,23932.16
1773832500,23932.24,23954.33,23931.79,23948.15
1773832800,23948.08,23950.6,23934.0,23935.48
1773833100,23934.98,23935.39,23842.14,23842.87
1773833400,23843.95,23882.59,23835.78,23871.09
1773833700,23870.54,23875.43,23863.27,23868.67
1773834000,23868.98,23890.31,23863.7,23876.25
1773834300,23876.61,23876.99,23855.49,23865.78
1773834600,23866.94,23870.99,23856.09,23869.24
1773834900,23869.08,23876.79,23848.69,23850.79
1773835200,23850.92,23850.92,23795.74,23803.07
1773835500,23803.19,23812.09,23797.66,23803.63
1773835800,23803.31,23817.94,23767.25,23791.12
1773836100,23791.16,23791.16,23708.79,23710.17
1773836400,23710.16,23723.86,23695.67,23719.57
1773836700,23718.24,23755.18,23717.6,23750.48
1773837000,23750.37,23750.37,23688.61,23698.93
1773837300,23700.86,23723.43,23699.64,23720.46
1773837600,23722.16,23743.98,23638.6,23658.62
1773837900,23658.8,23659.92,23610.82,23620.96
1773838200,23620.68,23633.77,23600.12,23612.34
1773838500,23612.43,23639.12,23597.07,23605.58
1773838800,23608.3,23632.59,23580.91,23625.24
1773839100,23623.99,23635.5,23593.39,23608.97
1773839400,23609.11,23613.98,23581.09,23581.09
1773839700,23580.31,23597.9,23552.9,23591.66
1773840000,23591.01,23627.79,23591.01,23627.3
1773840300,23626.72,23653.87,23625.33,23635.64
1773840600,23633.72,23660.17,23624.79,23637.56
1773840900,23637.59,23663.01,23636.57,23644.95
1773841200,23645.34,23656.33,23616.04,23627.46
1773841500,23628.45,23650.49,23612.02,23612.47
1773841800,23612.42,23612.42,23584.86,23590.18
1773842100,23589.16,23608.65,23579.26,23604.66
1773842400,23604.19,23604.35,23566.94,23591.79
1773842700,23591.85,23646.02,23587.58,23634.33
1773843000,23634.01,23634.01,23560.82,23562.38
1773843300,23562.88,23577.35,23556.44,23565.39
1773843600,23565.34,23571.48,23555.66,23557.34
1773843900,23559.57,23560.2,23523.94,23539.21
1773844200,23539.02,23560.86,23538.49,23538.49
1773844500,23538.63,23542.16,23499.04,23499.04
1773844800,23498.71,23503.09,23477.16,23489.09
1773845100,23488.87,23502.21,23464.66,23466.38
1773845400,23466.66,23477.15,23449.56,23459.04
1773845700,23460.14,23507.0,23459.76,23505.98
1773846000,23505.85,23526.67,23505.03,23524.5
1773846300,23524.47,23571.03,23523.04,23570.45
1773846600,23569.23,23573.05,23545.46,23554.48
1773846900,23555.03,23561.21,23523.55,23525.92
1773847200,23524.75,23533.38,23498.42,23533.13
1773847500,23533.27,23548.54,23533.27,23533.28
1773847800,23533.59,23548.76,23518.48,23537.19
1773848100,23536.4,23539.24,23525.54,23533.0
1773848400,23530.52,23533.04,23490.27,23510.13
1773848700,23509.6,23513.2,23484.97,23501.62
1773849000,23501.93,23514.45,23491.63,23508.96
1773849300,23508.93,23522.17,23503.28,23506.66
1773849600,23506.96,23507.36,23486.29,23487.73
1773849900,23487.74,23505.08,23484.02,23495.48
1773850200,23495.03,23522.41,23495.03,23518.22
1773850500,23518.32,23524.18,23498.65,23518.38
1773850800,23518.81,23542.62,23517.64,23541.96
1773851100,23542.31,23543.11,23522.49,23528.34
1773907200,23160.58,23162.01,23139.61,23140.39
1773907500,23140.33,23173.81,23120.47,23173.81
1773907800,23175.57,23179.9,23147.25,23171.36
1773908100,23172.53,23180.14,23132.06,23138.7
1773908400,23140.85,23147.56,23087.4,23109.31
1773908700,23108.62,23108.62,23002.94,23033.37
1773909000,23035.5,23068.12,23022.41,23024.91
1773909300,23024.98,23044.24,22981.24,22984.41
1773909600,22983.84,22999.86,22941.96,22941.96
1773909900,22942.21,22978.99,22942.05,22970.24
1773910200,22970.06,22987.58,22928.29,22972.31
1773910500,22971.2,22983.13,22942.29,22964.13
1773910800,22964.23,23028.68,22964.23,23022.93
1773911100,23023.09,23031.68,22992.27,23004.1
1773911400,23002.96,23019.27,22979.51,23019.24
1773911700,23017.9,23043.18,22995.71,23012.77
1773912000,23013.31,23040.93,22989.72,22995.44
1773912300,22996.49,23001.75,22872.68,22903.43
1773912600,22904.01,22968.96,22904.01,22921.69
1773912900,22924.04,22946.13,22888.28,22938.04
1773913200,22938.32,22963.3,22924.0,22924.0
1773913500,22924.11,22992.66,22909.94,22992.66
1773913800,22997.75,23044.91,22997.75,23026.59
1773914100,23027.19,23054.62,23027.07,23034.77
1773914400,23035.0,23035.0,22998.22,22999.78
1773914700,22999.68,22999.68,22974.39,22974.57
1773915000,22974.04,23007.96,22974.04,22981.53
1773915300,22981.67,22985.46,22964.93,22967.6
1773915600,22968.37,22969.6,22951.51,22959.86
1773915900,22959.21,22972.95,22954.92,22963.73
1773916200,22963.78,22978.37,22959.33,22972.95
1773916500,22976.2,22978.7,22947.18,22947.39
1773916800,22947.34,22948.74,22925.67,22939.88
1773917100,22939.95,22957.79,22939.87,22950.99
1773917400,22950.94,22962.8,22929.32,22930.96
1773917700,22930.75,22935.01,22922.29,22934.63
1773918000,22935.06,22964.14,22932.18,22937.85
1773918300,22938.06,22941.12,22920.42,22927.17
1773918600,22925.84,22955.82,22924.16,22944.46
1773918900,22944.23,22944.28,22916.39,22918.48
1773919200,22918.18,22923.08,22901.48,22903.53
1773919500,22903.43,22927.56,22894.03,22926.83
1773919800,22927.36,22945.11,22908.74,22911.0
1773920100,22910.35,22910.35,22891.52,22898.71
1773920400,22898.4,22916.79,22894.03,22908.69
1773920700,22908.86,22914.06,22896.84,22903.01
1773921000,22903.18,22971.63,22903.18,22965.57
1773921300,22964.36,22964.36,22950.21,22955.98
1773921600,22955.5,22955.5,22883.94,22895.8
1773921900,22896.43,22964.54,22887.34,22945.11
1773922200,22945.22,22946.68,22899.31,22901.03
1773922500,22900.83,22906.1,22882.36,22882.36
1773922800,22881.26,22894.25,22870.05,22870.58
1773923100,22869.91,22872.07,22826.28,22831.22
1773923400,22830.84,22834.43,22798.77,22816.97
1773923700,22817.11,22841.81,22810.62,22810.62
1773924000,22810.35,22861.66,22807.09,22856.55
1773924300,22856.05,22859.36,22816.04,22816.63
1773924600,22816.68,22822.65,22795.67,22820.67
1773924900,22820.39,22836.05,22816.55,22825.52
1773925200,22826.0,22834.23,22792.3,22797.76
1773925500,22798.08,22800.86,22783.97,22800.86
1773925800,22801.0,22804.53,22786.01,22788.42
1773926100,22788.29,22870.2,22759.42,22864.74
1773926400,22864.64,22898.23,22786.76,22806.25
1773926700,22805.0,22809.39,22777.79,22793.6
1773927000,22794.13,22830.3,22781.87,22828.5
1773927300,22826.58,22866.14,22811.22,22855.74
1773927600,22855.03,22884.11,22852.05,22881.42
1773927900,22881.3,22895.33,22857.45,22895.1
1773928200,22895.63,22970.76,22892.38,22968.23
1773928500,22967.29,22972.44,22940.27,22959.74
1773928800,22960.77,22995.72,22954.37,22958.14
1773929100,22959.84,22992.61,22943.27,22943.59
1773929400,22950.5,22985.66,22937.88,22951.92
1773929700,22951.87,22958.01,22910.92,22921.29
1773930000,22921.26,22931.7,22883.31,22889.39
1773930300,22888.01,22894.16,22862.97,22879.97
1773930600,22879.12,22913.35,22870.66,22913.35
1773930900,22913.55,22944.99,22894.49,22901.47
1773931200,22901.14,22927.15,22899.39,22924.59
1773931500,22924.68,22928.89,22901.09,22916.36
1773931800,22919.7,22931.16,22902.82,22908.4
1773932100,22908.99,22909.93,22876.61,22879.06
1773932400,22878.7,22925.21,22878.52,22925.21
1773932700,22926.3,22980.75,22921.57,22948.58
1773933000,22948.27,22974.27,22933.45,22968.67
1773933300,22969.13,22990.69,22937.34,22937.62
1773933600,22938.24,22942.82,22910.44,22912.25
1773933900,22910.78,22910.78,22877.42,22901.1
1773934200,22900.57,22903.56,22860.95,22860.95
1773934500,22861.04,22871.67,22858.36,22871.36
1773934800,22872.68,22897.12,22854.3,22877.47
1773935100,22877.45,22909.72,22857.73,22908.09
1773935400,22908.16,22921.97,22900.01,22906.04
1773935700,22905.37,22941.73,22891.12,22926.15
1773936000,22926.53,22969.1,22907.92,22946.54
1773936300,22947.02,22975.53,22928.85,22938.67
1773936600,22939.68,22939.72,22892.83,22903.14
1773936900,22904.26,22919.59,22890.12,22891.15
1773937200,22890.55,22893.66,22864.86,22871.24
1773937500,22871.5,22880.45,22842.48,22851.7
1773993600,23083.89,23106.51,23080.34,23098.63
1773993900,23098.69,23137.69,23095.3,23133.78
1773994200,23134.21,23174.05,23134.21,23171.22
1773994500,23170.41,23176.17,23147.62,23147.62
1773994800,23148.15,23149.94,23127.16,23131.77
1773995100,23132.03,23135.57,23085.65,23090.78
1773995400,23090.23,23130.51,23077.36,23130.29
1773995700,23130.39,23134.02,23098.25,23108.03
1773996000,23107.9,23112.2,23079.03,23082.51
1773996300,23082.62,23099.56,23059.31,23099.56
1773996600,23099.42,23103.11,23063.81,23071.99
1773996900,23072.52,23074.94,23050.06,23055.28
1773997200,23055.25,23061.71,23031.17,23035.3
1773997500,23034.75,23049.54,23004.5,23049.54
1773997800,23051.43,23057.62,23003.35,23003.35
1773998100,23003.4,23003.4,22962.95,22962.95
1773998400,22962.21,22974.61,22950.51,22957.67
1773998700,22957.44,22973.32,22950.62,22952.46
1773999000,22952.82,22995.0,22946.96,22989.71
1773999300,22991.53,22993.71,22970.63,22984.34
1773999600,22984.56,22985.25,22930.53,22946.16
1773999900,22946.77,22949.1,22892.89,22892.89
1774000200,22892.83,22907.96,22848.03,22848.03
1774000500,22848.51,22878.18,22841.25,22877.39
1774000800,22877.93,22883.86,22820.07,22821.71
1774001100,22821.58,22830.59,22774.25,22776.47
1774001400,22775.59,22796.24,22764.38,22777.91
1774001700,22777.84,22784.04,22739.33,22741.45
1774002000,22740.32,22740.32,22696.52,22724.33
1774002300,22723.1,22759.63,22723.1,22744.51
1774002600,22744.6,22762.56,22730.79,22749.46
1774002900,22749.42,22817.28,22746.1,22815.29
1774003200,22814.82,22817.05,22792.56,22794.38
1774003500,22795.25,22802.14,22760.72,22782.09
1774003800,22783.97,22785.54,22709.36,22718.32
1774004100,22723.29,22744.45,22708.65,22738.79
1774004400,22743.15,22800.44,22731.94,22799.59
1774004700,22799.99,22852.62,22798.66,22851.34
1774005000,22851.89,22870.53,22843.55,22843.59
1774005300,22843.68,22873.17,22839.19,22851.52
1774005600,22851.28,22891.87,22851.28,22872.97
1774005900,22872.7,22872.8,22832.25,22838.22
1774006200,22837.98,22867.1,22836.37,22866.48
1774006500,22867.12,22870.04,22822.33,22834.07
1774006800,22839.47,22883.67,22838.84,22873.38
1774007100,22873.4,22873.4,22848.67,22857.68
1774007400,22858.64,22881.77,22849.0,22881.65
1774007700,22880.97,22912.4,22880.66,22909.86
1774008000,22909.66,22910.99,22909.66,22910.99
1774008300,22907.54,22907.54,22865.5,22899.12
1774008600,22899.0,22911.87,22876.77,22879.9
1774008900,22879.46,22883.13,22853.27,22883.13
1774009200,22883.61,22888.74,22869.68,22878.54
1774009500,22878.21,22902.15,22861.58,22902.15
1774009800,22899.18,22902.67,22873.4,22887.62
1774010100,22887.91,22909.77,22876.0,22876.0
1774010400,22876.53,22882.87,22850.53,22882.56
1774010700,22883.12,22922.02,22877.72,22894.81
1774011000,22896.61,22925.58,22896.58,22915.02
1774011300,22906.24,22912.15,22896.33,22902.07
1774011600,22902.8,22914.96,22894.82,22896.05
1774011900,22894.02,22894.02,22842.48,22846.46
1774012200,22846.77,22852.45,22821.62,22850.36
1774012500,22850.67,22857.46,22834.81,22838.57
1774012800,22838.6,22861.58,22838.53,22856.45
1774013100,22857.32,22862.24,22823.21,22829.29
1774013400,22829.8,22836.22,22753.57,22763.7
1774013700,22763.63,22775.57,22746.87,22750.78
1774014000,22750.91,22806.75,22750.71,22806.75
1774014300,22805.83,22824.14,22775.19,22775.78
1774014600,22775.9,22777.71,22711.88,22747.92
1774014900,22747.31,22763.38,22686.15,22691.87
1774015200,22691.11,22694.8,22626.38,22638.57
1774015500,22637.81,22659.35,22606.86,22617.94
1774015800,22618.01,22635.54,22545.24,22553.43
1774016100,22553.92,22582.89,22534.43,22543.82
1774016400,22543.18,22567.41,22526.28,22539.63
1774016700,22537.91,22548.71,22522.8,22528.87
1774017000,22525.61,22562.65,22525.61,22558.3
1774017300,22558.84,22569.7,22484.88,22504.66
1774017600,22504.04,22524.87,22491.44,22498.21
1774017900,22499.38,22514.34,22478.97,22503.32
1774018200,22503.8,22503.8,22414.37,22418.15
1774018500,22420.34,22451.12,22413.82,22444.13
1774018800,22442.88,22498.11,22434.65,22441.17
1774019100,22440.8,22443.93,22423.9,22442.95
1774019400,22443.21,22483.34,22440.76,22479.39
1774019700,22479.09,22489.02,22427.91,22427.91
1774020000,22427.01,22524.49,22411.57,22453.84
1774020300,22452.68,22453.39,22385.58,22394.18
1774020600,22393.88,22466.54,22391.08,22449.15
1774020900,22450.6,22461.77,22420.61,22446.13
1774021200,22445.78,22456.98,22411.78,22439.13
1774021500,22439.2,22457.74,22417.75,22439.25
1774021800,22439.74,22465.09,22418.67,22454.18
1774022100,22454.5,22459.68,22434.96,22438.53
1774022400,22436.81,22488.63,22427.09,22487.2
1774022700,22487.09,22487.09,22406.43,22414.52
1774023000,22414.55,22428.49,22399.48,22412.02
1774023300,22411.93,22423.87,22397.63,22421.89
1774023600,22421.58,22435.65,22397.55,22408.56
1774023900,22408.28,22409.08,22388.97,22396.49
1774252800,21946.95,21964.41,21929.58,21954.76
1774253100,21952.1,21979.81,21933.81,21954.52
1774253400,21955.09,22002.35,21934.45,21985.55
1774253700,21985.59,21988.75,21928.15,21953.47
1774254000,21956.01,21980.26,21936.83,21957.2
1774254300,21956.59,21956.59,21908.5,21911.17
1774254600,21911.09,21995.13,21909.0,21971.18
1774254900,21971.7,21972.42,21913.53,21923.7
1774255200,21924.89,21950.96,21889.72,21906.0
1774255500,21909.01,21994.19,21906.02,21968.74
1774255800,21967.99,21988.62,21949.13,21985.19
1774256100,21985.58,21989.52,21951.7,21971.42
1774256400,21970.63,21973.88,21914.08,21930.9
1774256700,21929.25,21984.96,21925.47,21964.67
1774257000,21963.59,21984.28,21959.18,21966.06
1774257300,21965.85,21997.31,21951.63,21992.69
1774257600,21992.87,22034.32,21970.21,21970.21
1774257900,21970.24,21997.1,21961.3,21996.97
1774258200,21999.76,22003.86,21919.66,21919.66
1774258500,21920.44,21929.3,21886.55,21918.86
1774258800,21918.23,21934.58,21904.61,21910.01
1774259100,21910.27,21960.15,21909.85,21946.24
1774259400,21946.22,21963.44,21923.2,21923.61
1774259700,21923.83,21929.72,21909.78,21923.81
1774260000,21923.26,21937.69,21904.12,21937.07
1774260300,21937.69,21968.26,21920.48,21956.68
1774260600,21956.64,21968.54,21925.75,21926.62
1774260900,21926.53,21927.09,21895.28,21911.52
1774261200,21911.79,21911.79,21885.83,21892.52
1774261500,21892.24,21894.96,21870.79,21876.6
1774261800,21876.41,21919.63,21875.16,21917.87
1774262100,21917.67,21950.57,21896.61,21897.7
1774262400,21897.77,21919.67,21891.09,21917.57
1774262700,21917.78,21918.61,21863.81,21868.06
1774263000,21867.31,21957.39,21867.03,21907.54
1774263300,21906.97,21917.18,21892.84,21916.45
1774263600,21919.29,21963.69,21919.2,21957.29
1774263900,21958.18,22713.34,21958.02,22671.57
1774264200,22673.11,23178.7,22673.11,23173.29
1774264500,23158.95,23158.95,22808.44,22859.35
1774264800,22858.29,22881.56,22706.44,22768.33
1774265100,22770.49,22839.26,22698.15,22813.41
1774265400,22812.31,22986.45,22811.17,22974.54
1774265700,22974.13,23007.22,22854.87,22877.5
1774266000,22876.25,22876.56,22725.24,22731.78
1774266300,22731.96,22745.61,22650.33,22739.23
1774266600,22742.19,22748.03,22637.02,22743.41
1774266900,22744.71,22747.22,22615.13,22652.73
1774267200,22652.45,22681.89,22602.36,22667.93
1774267500,22665.85,22685.91,22578.23,22685.91
1774267800,22686.98,22703.35,22592.73,22592.82
1774268100,22588.27,22721.74,22580.32,22721.74
1774268400,22722.82,22771.04,22703.46,22770.54
1774268700,22768.63,22810.65,22767.08,22794.77
1774269000,22794.97,22794.97,22676.98,22691.94
1774269300,22691.88,22743.51,22672.89,22677.56
1774269600,22677.59,22894.24,22672.19,22882.83
1774269900,22895.95,22907.75,22844.72,22905.81
1774270200,22902.17,22931.5,22858.15,22864.96
1774270500,22864.69,22900.65,22861.45,22892.78
1774270800,22893.29,22936.3,22875.26,22911.02
1774271100,22910.66,22910.66,22848.31,22879.42
1774271400,22878.66,22887.23,22824.76,22827.02
1774271700,22826.47,22837.4,22796.79,22796.79
1774272000,22792.41,22794.38,22738.71,22759.22
1774272300,22759.64,22772.51,22738.3,22751.54
1774272600,22752.21,22762.67,22709.96,22712.54
1774272900,22712.62,22783.73,22694.32,22783.73
1774273200,22785.95,22887.99,22751.96,22792.27
1774273500,22792.21,22848.41,22791.2,22834.75
1774273800,22834.48,22870.71,22804.79,22855.16
1774274100,22851.34,22851.34,22793.5,22847.8
1774274400,22848.67,22926.13,22848.12,22899.09
1774274700,22899.93,22907.82,22853.4,22868.63
1774275000,22868.74,22889.87,22853.37,22864.81
1774275300,22866.47,22949.79,22866.47,22945.14
1774275600,22945.57,23009.14,22934.99,22987.67
1774275900,22988.16,22988.16,22906.52,22920.32
1774276200,22920.35,22931.8,22890.54,22895.96
1774276500,22898.25,22898.25,22817.43,22851.58
1774276800,22851.17,22909.14,22850.48,22898.08
1774277100,22898.15,22978.74,22879.48,22978.74
1774277400,22978.97,23003.07,22943.19,22981.21
1774277700,22982.64,22989.83,22963.06,22974.68
1774278000,22973.93,23064.62,22971.35,23064.62
1774278300,23064.34,23076.63,23042.28,23064.12
1774278600,23063.6,23088.82,23059.19,23062.14
1774278900,23060.88,23068.27,23011.63,23019.89
1774279200,23019.98,23058.88,22997.68,23050.99
1774279500,23049.52,23058.03,22967.54,22977.79
1774279800,22980.77,22994.5,22946.06,22950.3
1774280100,22949.65,22953.27,22903.52,22905.9
1774280400,22904.52,22912.75,22875.84,22887.16
1774280700,22882.23,22891.47,22850.2,22880.05
1774281000,22878.96,22884.13,22769.72,22771.41
1774281300,22771.2,22771.32,22670.3,22682.5
1774281600,22680.2,22724.73,22668.17,22697.99
1774281900,22698.26,22716.02,22667.03,22702.07
1774282200,22700.27,22735.88,22680.68,22716.68
1774282500,22716.35,22724.75,22662.83,22662.83
1774282800,22662.3,22664.92,22627.52,22645.25
1774283100,22645.81,22654.52,22597.51,22597.78
1774339200,22677.09,22708.57,22670.57,22707.14
1774339500,22705.94,22730.83,22677.48,22710.56
1774339800,22711.48,22712.29,22675.06,22692.14
1774340100,22693.15,22695.81,22603.56,22607.04
1774340400,22606.09,22610.34,22570.89,22587.32
1774340700,22587.63,22587.63,22544.76,22552.76
1774341000,22545.32,22550.14,22519.56,22538.03
1774341300,22534.31,22580.03,22532.1,22560.67
1774341600,22561.19,22580.63,22521.11,22525.67
1774341900,22525.41,22577.43,22513.36,22543.73
1774342200,22542.86,22545.63,22478.12,22514.79
1774342500,22514.14,22527.41,22473.92,22492.16
1774342800,22492.3,22523.31,22462.43,22523.31
1774343100,22524.08,22525.19,22450.38,22452.63
1774343400,22452.04,22488.58,22421.3,22423.71
1774343700,22423.54,22469.88,22406.63,22459.39
1774344000,22459.01,22459.01,22413.11,22450.85
1774344300,22451.11,22496.4,22444.99,22488.21
1774344600,22488.58,22491.21,22461.81,22470.16
1774344900,22470.03,22480.39,22448.68,22453.07
1774345200,22454.33,22506.58,22454.33,22499.23
1774345500,22498.82,22505.84,22474.18,22479.34
1774345800,22479.5,22521.83,22464.03,22521.83
1774346100,22522.88,22586.13,22522.88,22572.85
1774346400,22572.58,22573.57,22522.4,22554.3
1774346700,22555.43,22601.24,22555.43,22601.24
1774347000,22601.4,22610.67,22594.85,22602.16
1774347300,22600.86,22607.22,22592.78,22593.37
1774347600,22592.84,22592.84,22573.01,22573.01
1774347900,22573.18,22574.22,22548.19,22549.03
1774348200,22548.87,22572.48,22529.75,22532.35
1774348500,22533.4,22592.28,22533.01,22592.28
1774348800,22591.53,22627.06,22587.75,22621.68
1774349100,22621.31,22631.71,22568.06,22568.45
1774349400,22569.56,22594.37,22569.27,22589.97
1774349700,22589.91,22589.91,22575.61,22583.41
1774350000,22585.43,22597.11,22554.83,22589.84
1774350300,22588.75,22621.2,22588.28,22614.95
1774350600,22614.76,22625.52,22612.82,22615.85
1774350900,22613.53,22613.53,22570.15,22600.62
1774351200,22601.01,22607.39,22599.1,22603.0
1774351500,22601.96,22601.97,22577.88,22599.99
1774351800,22599.67,22600.45,22572.53,22580.1
1774352100,22580.48,22600.99,22576.73,22600.24
1774352400,22600.3,22606.19,22588.6,22588.6
1774352700,22588.89,22643.47,22588.57,22642.47
1774353000,22642.43,22642.43,22507.04,22554.67
1774353300,22555.37,22627.36,22555.37,22627.07
1774353600,22627.13,22627.29,22593.47,22593.47
1774353900,22593.18,22593.18,22555.07,22561.1
1774354200,22561.0,22582.55,22547.14,22575.85
1774354500,22576.01,22579.37,22568.09,22573.71
1774354800,22573.63,22588.87,22565.9,22588.24
1774355100,22588.33,22603.76,22568.96,22569.26
1774355400,22565.49,22566.98,22483.54,22495.24
1774355700,22495.16,22504.09,22448.82,22449.07
1774356000,22449.65,22465.17,22439.62,22443.02
1774356300,22443.49,22460.68,22436.72,22441.81
1774356600,22442.14,22472.45,22425.62,22467.18
1774356900,22467.6,22468.7,22429.73,22436.24
1774357200,22435.53,22449.54,22429.67,22446.01
1774357500,22448.35,22453.19,22358.32,22386.15
1774357800,22385.86,22443.26,22383.0,22438.59
1774358100,22438.75,22448.87,22420.8,22420.85
1774358400,22421.52,22432.86,22402.35,22402.35
1774358700,22402.22,22422.41,22382.88,22406.88
1774359000,22408.85,22438.11,22386.09,22438.11
1774359300,22438.77,22450.36,22416.0,22424.79
1774359600,22424.7,22431.77,22383.09,22388.98
1774359900,22388.07,22415.15,22361.25,22361.97
1774360200,22362.17,22394.65,22350.34,22385.83
1774360500,22386.12,22440.24,22386.12,22440.24
1774360800,22443.64,22476.5,22441.93,22476.5
1774361100,22477.38,22509.27,22449.53,22494.43
1774361400,22494.24,22504.49,22424.98,22460.21
1774361700,22461.64,22474.43,22437.97,22471.29
1774362000,22471.23,22488.06,22457.14,22466.6
1774362300,22466.48,22485.27,22447.32,22468.43
1774362600,22469.02,22520.09,22467.04,22519.57
1774362900,22521.96,22531.77,22469.7,22485.86
1774363200,22485.82,22514.78,22466.44,22514.78
1774363500,22514.99,22537.82,22483.06,22483.06
1774363800,22482.25,22634.05,22455.24,22595.24
1774364100,22593.84,22634.94,22538.76,22580.98
1774364400,22581.99,22625.13,22581.99,22587.73
1774364700,22587.61,22591.02,22569.03,22581.17
1774365000,22581.63,22591.88,22560.7,22591.02
1774365300,22591.92,22624.13,22591.55,22610.92
1774365600,22611.01,22636.35,22589.3,22636.35
1774365900,22636.97,22652.6,22612.55,22615.64
1774366200,22615.12,22625.55,22593.14,22616.1
1774366500,22617.9,22637.64,22616.61,22631.54
1774366800,22631.79,22635.49,22624.0,22632.78
1774367100,22633.29,22660.67,22629.15,22653.05
1774367400,22652.98,22670.55,22649.35,22650.1
1774367700,22650.93,22651.34,22563.81,22563.81
1774368000,22559.92,22565.5,22547.53,22551.93
1774368300,22551.61,22577.94,22547.66,22577.68
1774368600,22577.5,22584.14,22556.95,22569.49
1774368900,22569.62,22619.53,22569.62,22619.53
1774369200,22619.82,22626.31,22598.63,22617.1
1774369500,22616.44,22637.18,22608.25,22637.12
1774425600,22961.89,23010.4,22953.34,23006.96
1774425900,23006.38,23045.59,23006.15,23022.16
1774426200,23025.92,23031.52,23015.82,23028.72
1774426500,23027.65,23058.68,23027.65,23058.68
1774426800,23057.99,23070.0,23025.53,23035.99
1774427100,23036.13,23037.79,23007.67,23007.67
1774427400,23008.09,23061.25,23005.42,23053.48
1774427700,23053.11,23057.48,22985.64,23010.98
1774428000,23012.19,23041.28,23012.19,23029.91
1774428300,23029.76,23047.34,23015.08,23029.88
1774428600,23030.68,23036.68,22974.5,22974.5
1774428900,22974.99,22998.17,22974.15,22989.7
1774429200,22990.11,23023.75,22968.17,23016.6
1774429500,23016.61,23039.0,23015.58,23035.23
1774429800,23034.92,23052.07,23034.42,23044.11
1774430100,23044.25,23058.66,23035.68,23047.37
1774430400,23046.55,23048.05,23002.61,23004.54
1774430700,23004.82,23004.82,22954.24,22966.41
1774431000,22966.98,23001.92,22966.98,22983.87
1774431300,22984.08,23001.73,22971.47,22977.87
1774431600,22977.79,22984.83,22954.03,22955.53
1774431900,22957.13,22957.52,22915.89,22926.53
1774432200,22926.67,22953.15,22922.14,22940.47
1774432500,22940.61,22998.31,22934.42,22984.26
1774432800,22994.15,23025.31,22991.3,23004.27
1774433100,23003.99,23005.72,22976.92,22977.46
1774433400,22977.79,22995.06,22977.79,22995.06
1774433700,22994.99,23005.44,22979.42,23002.78
1774434000,23003.06,23009.16,22967.68,22973.11
1774434300,22973.49,22975.05,22963.34,22968.02
1774434600,22967.96,22969.29,22954.36,22961.98
1774434900,22962.07,22987.45,22961.8,22984.1
1774435200,22984.84,22995.24,22966.63,22966.63
1774435500,22966.34,22994.67,22958.23,22994.6
1774435800,22994.73,23013.25,22993.47,23012.36
1774436100,23012.26,23020.0,22999.1,22999.1
1774436400,22999.36,23021.74,22997.84,23021.05
1774436700,23021.07,23039.34,23020.37,23033.84
1774437000,23032.79,23033.97,23010.71,23021.63
1774437300,23022.14,23023.79,23012.01,23018.95
1774437600,23018.55,23044.66,23012.04,23043.56
1774437900,23043.2,23049.67,23017.12,23018.33
1774438200,23018.8,23034.03,23018.8,23024.31
1774438500,23025.32,23051.93,23025.32,23051.01
1774438800,23050.9,23051.03,23035.72,23045.75
1774439100,23045.9,23050.28,22969.61,22988.86
1774439400,22988.2,23007.58,22973.03,23002.9
1774439700,23002.76,23033.37,23002.18,23033.29
1774440000,23032.6,23044.43,23030.25,23030.72
1774440300,23030.35,23079.37,23028.49,23071.98
1774440600,23070.57,23070.57,23044.54,23057.84
1774440900,23057.34,23059.37,22962.43,22968.68
1774441200,22968.57,22990.8,22900.92,22942.13
1774441500,22942.08,22969.35,22930.7,22935.5
1774441800,22935.49,22936.64,22881.1,22917.44
1774442100,22917.21,22984.85,22917.21,22984.48
1774442400,22985.73,22989.3,22965.13,22965.46
1774442700,22965.28,22985.92,22952.11,22977.61
1774443000,22977.8,22985.34,22974.03,22985.34
1774443300,22985.4,23009.68,22985.4,22995.53
1774443600,22997.07,23032.42,22970.06,23032.42
1774443900,23031.37,23032.1,23008.31,23009.9
1774444200,23009.69,23021.63,22988.54,22995.68
1774444500,22996.86,23014.1,22996.48,23014.1
1774444800,23013.52,23014.99,23000.77,23012.74
1774445100,23012.83,23018.24,23006.85,23010.52
1774445400,23010.79,23034.19,23004.88,23013.36
1774445700,23013.38,23050.51,23009.89,23016.73
1774446000,23017.32,23032.33,22983.14,22988.12
1774446300,22987.18,23002.19,22965.85,22965.85
1774446600,22965.04,22965.1,22939.39,22940.02
1774446900,22940.07,22973.11,22939.83,22953.42
1774447200,22954.08,22957.27,22911.71,22949.86
1774447500,22950.28,22950.28,22910.1,22936.76
1774447800,22936.61,22992.4,22932.27,22991.01
1774448100,22991.12,23011.74,22987.52,22991.58
1774448400,22991.49,23004.69,22955.3,22955.3
1774448700,22956.11,23019.92,22954.51,22994.09
1774449000,22994.19,23023.28,22985.94,23019.51
1774449300,23019.61,23021.04,22986.58,22993.01
1774449600,22994.28,23012.38,22983.74,22995.81
1774449900,22996.98,23018.49,22995.89,23018.4
1774450200,23019.18,23026.35,23008.55,23009.82
1774450500,23013.19,23014.04,22973.56,22976.7
1774450800,22977.29,22982.5,22961.65,22973.74
1774451100,22974.29,22974.29,22897.47,22897.47
1774451400,22897.41,22907.31,22871.65,22874.56
1774451700,22873.13,22895.88,22815.71,22843.51
1774452000,22842.92,22946.87,22842.92,22934.81
1774452300,22935.0,22944.84,22915.57,22944.81
1774452600,22948.35,22952.33,22932.23,22943.86
1774452900,22944.25,22945.53,22895.57,22900.44
1774453200,22900.35,22927.26,22893.9,22926.51
1774453500,22926.84,22928.94,22904.39,22920.66
1774453800,22920.71,22926.6,22904.36,22909.37
1774454100,22909.53,22925.47,22894.99,22901.09
1774454400,22901.15,22908.22,22887.18,22888.83
1774454700,22889.16,22901.91,22872.34,22899.44
1774455000,22899.15,22909.44,22884.8,22898.46
1774455300,22899.56,22907.94,22891.19,22894.84
1774455600,22895.33,22904.02,22882.02,22895.24
1774455900,22895.07,22945.07,22895.07,22934.29
1774512000,22740.71,22765.75,22737.47,22765.21
1774512300,22766.06,22777.54,22744.8,22744.8
1774512600,22744.48,22749.08,22693.24,22695.9
1774512900,22696.0,22727.12,22691.09,22696.26
1774513200,22696.45,22725.67,22694.69,22705.24
1774513500,22705.05,22712.0,22665.63,22669.94
1774513800,22670.05,22702.0,22664.19,22685.8
1774514100,22686.85,22698.33,22657.96,22675.9
1774514400,22675.86,22687.97,22644.53,22649.04
1774514700,22649.07,22659.79,22638.25,22644.52
1774515000,22644.44,22687.05,22644.34,22683.29
1774515300,22682.59,22706.48,22674.92,22689.55
1774515600,22689.86,22691.66,22621.17,22654.86
1774515900,22654.96,22682.51,22643.13,22653.96
1774516200,22654.49,22680.89,22647.06,22648.24
1774516500,22648.18,22648.18,22626.74,22635.95
1774516800,22636.92,22650.53,22622.19,22622.19
1774517100,22622.33,22626.38,22607.47,22609.86
1774517400,22609.4,22609.4,22576.88,22591.41
1774517700,22590.3,22592.63,22573.67,22581.7
1774518000,22581.79,22594.25,22572.97,22590.74
1774518300,22590.44,22598.79,22581.21,22581.37
1774518600,22581.42,22616.31,22580.64,22616.31
1774518900,22617.31,22642.36,22617.31,22637.71
1774519200,22635.76,22635.76,22607.05,22619.44
1774519500,22621.48,22660.12,22621.48,22644.48
1774519800,22644.76,22672.14,22644.39,22672.14
1774520100,22672.34,22686.09,22654.86,22655.27
1774520400,22655.14,22671.05,22654.04,22671.05
1774520700,22671.29,22698.56,22668.7,22693.35
1774521000,22693.8,22711.88,22692.93,22711.35
1774521300,22712.56,22712.92,22664.16,22664.16
1774521600,22663.83,22679.01,22654.78,22654.85
1774521900,22655.28,22665.25,22643.9,22646.9
1774522200,22648.26,22661.45,22642.94,22647.24
1774522500,22647.15,22669.2,22647.15,22667.2
1774522800,22667.28,22671.28,22653.77,22670.36
1774523100,22670.33,22694.82,22669.56,22694.62
1774523400,22694.48,22696.01,22664.58,22666.22
1774523700,22666.2,22677.96,22657.63,22676.77
1774524000,22677.0,22679.43,22659.89,22660.98
1774524300,22661.51,22661.51,22626.65,22645.92
1774524600,22646.06,22648.1,22615.16,22630.45
1774524900,22630.96,22635.71,22613.88,22619.51
1774525200,22618.38,22623.48,22600.27,22604.34
1774525500,22604.31,22611.71,22600.27,22600.63
1774525800,22601.6,22605.36,22591.76,22604.24
1774526100,22604.13,22612.68,22578.03,22578.03
1774526400,22576.98,22577.69,22557.1,22574.44
1774526700,22573.99,22638.54,22573.99,22633.37
1774527000,22633.4,22653.17,22629.67,22648.68
1774527300,22648.58,22656.05,22629.73,22632.14
1774527600,22632.09,22632.82,22618.19,22619.16
1774527900,22620.67,22626.63,22618.61,22623.29
1774528200,22623.38,22623.38,22582.96,22582.96
1774528500,22582.63,22612.75,22568.4,22612.75
1774528800,22613.01,22620.72,22592.41,22592.41
1774529100,22593.1,22630.94,22593.1,22622.92
1774529400,22622.82,22627.63,22600.33,22604.81
1774529700,22604.74,22621.36,22604.74,22620.83
1774530000,22620.51,22628.84,22608.52,22612.19
1774530300,22611.64,22611.64,22588.3,22589.51
1774530600,22589.33,22621.68,22576.33,22614.98
1774530900,22614.32,22623.87,22604.3,22604.3
1774531200,22604.57,22612.49,22600.83,22601.38
1774531500,22601.43,22614.02,22597.43,22612.08
1774531800,22611.25,22641.15,22604.49,22638.21
1774532100,22638.52,22660.48,22635.71,22643.55
1774532400,22643.6,22692.26,22634.55,22692.26
1774532700,22693.45,22735.48,22693.15,22714.37
1774533000,22715.19,22759.42,22707.46,22750.22
1774533300,22750.65,22758.72,22697.36,22757.81
1774533600,22758.8,22769.58,22746.27,22759.93
1774533900,22758.83,22760.75,22733.66,22742.0
1774534200,22742.63,22755.21,22716.11,22755.21
1774534500,22755.94,22765.8,22748.15,22756.17
1774534800,22756.91,22770.88,22745.17,22758.92
1774535100,22758.38,22761.43,22747.19,22747.19
1774535400,22747.23,22793.61,22745.49,22791.59
1774535700,22790.58,22793.13,22764.51,22777.01
1774536000,22777.5,22813.41,22704.95,22713.1
1774536300,22712.47,22730.06,22700.72,22711.17
1774536600,22711.6,22724.04,22677.54,22677.54
1774536900,22676.75,22710.82,22659.39,22702.81
1774537200,22702.51,22712.27,22690.2,22691.41
1774537500,22691.55,22712.63,22690.05,22697.72
1774537800,22697.22,22718.47,22695.55,22710.43
1774538100,22710.09,22711.89,22663.12,22675.76
1774538400,22676.06,22689.9,22674.58,22688.02
1774538700,22688.3,22700.78,22676.69,22691.15
1774539000,22690.48,22690.48,22656.84,22658.64
1774539300,22659.22,22663.54,22645.11,22650.03
1774539600,22650.41,22658.21,22631.44,22646.3
1774539900,22646.65,22687.97,22640.14,22652.55
1774540200,22652.66,22685.63,22651.11,22667.03
1774540500,22666.5,22668.86,22639.97,22653.63
1774540800,22653.92,22663.2,22649.62,22652.71
1774541100,22652.5,22696.06,22649.58,22695.45
1774541400,22695.21,22700.14,22656.02,22656.02
1774541700,22654.8,22654.8,22609.35,22625.35
1774542000,22624.96,22628.1,22577.31,22593.09
1774542300,22594.84,22594.84,22561.77,22579.71
1774598400,22612.93,22631.76,22580.05,22580.49
1774598700,22580.55,22587.96,22564.71,22570.19
1774599000,22569.78,22573.32,22539.4,22548.97
1774599300,22550.04,22558.73,22472.92,22473.83
1774599600,22473.49,22496.71,22463.33,22466.92
1774599900,22466.68,22469.81,22412.65,22424.5
1774600200,22425.19,22463.3,22425.19,22440.13
1774600500,22439.44,22443.95,22398.83,22405.91
1774600800,22406.32,22437.98,22399.65,22437.98
1774601100,22435.26,22448.13,22393.49,22412.06
1774601400,22412.9,22429.93,22373.71,22391.84
1774601700,22392.51,22394.4,22370.06,22375.01
1774602000,22386.51,22386.51,22337.05,22338.85
1774602300,22338.67,22340.38,22287.16,22294.2
1774602600,22294.39,22327.14,22286.45,22312.32
1774602900,22312.07,22347.38,22309.24,22344.87
1774603200,22344.07,22365.06,22339.32,22357.58
1774603500,22357.26,22392.57,22357.26,22377.24
1774603800,22377.5,22393.47,22360.19,22385.28
1774604100,22385.82,22387.62,22357.47,22364.77
1774604400,22364.68,22366.37,22346.37,22365.52
1774604700,22365.61,22365.61,22325.22,22328.06
1774605000,22328.35,22340.07,22320.0,22320.44
1774605300,22320.11,22326.76,22306.24,22314.79
1774605600,22314.67,22326.73,22298.76,22314.78
1774605900,22314.35,22378.86,22314.35,22355.34
1774606200,22355.48,22355.82,22327.45,22331.59
1774606500,22331.39,22343.7,22328.25,22339.11
1774606800,22337.2,22356.33,22329.73,22353.59
1774607100,22354.14,22378.58,22354.14,22366.16
1774607400,22365.89,22383.61,22337.45,22355.56
1774607700,22356.61,22358.28,22334.66,22335.35
1774608000,22335.99,22339.35,22315.38,22325.44
1774608300,22325.23,22329.89,22310.51,22319.8
1774608600,22310.12,22312.18,22285.44,22296.73
1774608900,22291.29,22295.44,22259.77,22267.04
1774609200,22264.51,22272.17,22215.86,22240.17
1774609500,22235.76,22241.03,22217.75,22235.06
1774609800,22234.31,22260.45,22234.05,22250.42
1774610100,22249.41,22256.61,22241.78,22250.7
1774610400,22250.86,22280.76,22244.73,22279.65
1774610700,22279.23,22303.48,22275.84,22303.48
1774611000,22302.95,22323.12,22301.23,22322.93
1774611300,22323.13,22346.13,22314.59,22342.74
1774611600,22341.17,22352.54,22336.02,22349.36
1774611900,22349.28,22356.97,22342.4,22344.73
1774612200,22343.98,22346.88,22319.84,22332.64
1774612500,22332.63,22345.24,22308.04,22312.75
1774612800,22312.12,22312.12,22278.44,22282.44
1774613100,22282.37,22282.85,22255.59,22259.81
1774613400,22259.19,22284.3,22257.33,22278.86
1774613700,22280.64,22309.41,22274.24,22305.49
1774614000,22304.96,22304.96,22275.79,22291.81
1774614300,22292.69,22299.32,22287.83,22296.77
1774614600,22296.08,22308.01,22293.73,22301.93
1774614900,22302.65,22325.08,22296.85,22324.75
1774615200,22326.21,22342.87,22318.25,22326.02
1774615500,22326.83,22346.51,22304.67,22311.86
1774615800,22311.5,22349.97,22307.48,22347.6
1774616100,22348.16,22350.63,22327.6,22328.36
1774616400,22327.94,22328.83,22290.29,22311.13
1774616700,22311.64,22311.77,22265.14,22267.06
1774617000,22267.63,22268.39,22253.15,22263.55
1774617300,22263.46,22295.95,22263.46,22286.11
1774617600,22286.37,22314.65,22286.37,22313.91
1774617900,22314.39,22336.85,22314.39,22327.79
1774618200,22327.96,22342.53,22277.53,22283.73
1774618500,22282.93,22302.12,22262.42,22298.7
1774618800,22298.99,22326.1,22291.27,22322.41
1774619100,22322.35,22361.39,22322.06,22339.81
1774619400,22339.49,22342.03,22277.5,22282.42
1774619700,22280.43,22280.43,22256.19,22280.05
1774620000,22279.37,22310.48,22272.13,22309.92
1774620300,22312.34,22325.81,22273.4,22275.03
1774620600,22275.61,22311.06,22275.55,22310.69
1774620900,22310.18,22360.52,22307.09,22343.1
1774621200,22344.98,22352.7,22309.1,22309.1
1774621500,22309.49,22318.77,22290.19,22294.7
1774621800,22293.09,22328.81,22291.02,22328.56
1774622100,22329.14,22332.59,22288.09,22298.63
1774622400,22297.83,22299.99,22277.92,22287.4
1774622700,22287.83,22303.57,22267.93,22303.57
1774623000,22299.76,22310.94,22274.8,22274.8
1774623300,22273.95,22298.26,22273.93,22294.22
1774623600,22293.96,22337.23,22284.35,22330.32
1774623900,22329.98,22357.45,22322.41,22323.37
1774624200,22323.4,22325.63,22295.19,22295.19
1774624500,22295.57,22298.12,22238.02,22277.89
1774624800,22277.49,22368.42,22267.46,22335.8
1774625100,22335.75,22344.06,22328.39,22337.2
1774625400,22338.35,22388.6,22338.35,22385.29
1774625700,22384.92,22409.65,22372.29,22373.67
1774626000,22373.8,22375.8,22348.44,22352.87
1774626300,22353.45,22369.8,22352.92,22367.06
1774626600,22367.35,22378.93,22345.7,22345.96
1774626900,22344.79,22347.38,22311.9,22315.85
1774627200,22316.11,22319.1,22303.02,22309.78
1774627500,22310.3,22313.83,22273.48,22275.77
1774627800,22275.69,22307.0,22268.25,22307.0
1774628100,22311.61,22311.61,22298.72,22305.66
1774628400,22305.82,22310.19,22285.37,22292.11
1774628700,22291.57,22314.8,22287.18,22314.8
1774854000,22213.86,22226.56,22209.45,22225.2
1774854300,22225.72,22266.68,22217.24,22266.68
1774854600,22267.31,22296.0,22265.98,22294.06
1774854900,22293.85,22295.69,22255.28,22256.83
1774855200,22256.17,22272.39,22247.16,22252.22
1774855500,22252.19,22252.92,22221.87,22234.92
1774855800,22235.06,22260.19,22216.8,22237.77
1774856100,22238.14,22242.03,22222.67,22231.24
1774856400,22231.08,22233.11,22212.82,22233.11
1774856700,22233.39,22246.59,22226.14,22238.55
1774857000,22239.21,22274.91,22238.97,22271.99
1774857300,22271.45,22276.61,22255.26,22272.35
1774857600,22273.19,22273.19,22232.83,22242.92
1774857900,22243.51,22262.38,22229.82,22237.79
1774858200,22238.28,22284.63,22238.28,22277.2
1774858500,22277.34,22315.11,22276.37,22310.91
1774858800,22310.85,22312.64,22282.18,22283.46
1774859100,22283.95,22308.37,22277.72,22305.98
1774859400,22305.45,22340.23,22301.94,22325.08
1774859700,22322.73,22345.2,22313.12,22340.34
1774860000,22340.44,22341.08,22318.29,22324.42
1774860300,22324.27,22343.96,22319.55,22343.87
1774860600,22343.32,22343.62,22332.27,22333.11
1774860900,22335.03,22354.57,22331.59,22351.34
1774861200,22352.28,22358.12,22344.9,22348.32
1774861500,22347.92,22369.97,22340.79,22351.46
1774861800,22351.75,22358.55,22334.61,22335.25
1774862100,22334.96,22335.46,22295.78,22312.53
1774862400,22312.76,22318.61,22296.98,22304.43
1774862700,22303.48,22303.85,22290.64,22290.87
1774863000,22290.97,22299.61,22280.56,22282.69
1774863300,22283.1,22292.38,22264.92,22292.11
1774863600,22292.01,22292.93,22265.15,22265.54
1774863900,22265.6,22265.6,22246.31,22251.79
1774864200,22251.91,22268.04,22244.79,22255.16
1774864500,22254.06,22256.83,22240.82,22253.78
1774864800,22253.87,22254.88,22238.49,22247.02
1774865100,22247.31,22275.09,22244.42,22273.28
1774865400,22273.49,22276.89,22259.64,22270.17
1774865700,22270.27,22288.58,22270.21,22286.99
1774866000,22285.73,22297.49,22284.78,22292.64
1774866300,22292.71,22303.74,22291.26,22292.03
1774866600,22292.4,22293.27,22275.67,22278.1
1774866900,22278.65,22287.2,22270.54,22275.98
1774867200,22276.31,22285.69,22264.28,22265.96
1774867500,22266.52,22280.99,22266.52,22279.16
1774867800,22279.02,22297.13,22277.42,22296.84
1774868100,22297.14,22307.5,22296.52,22307.5
1774868400,22308.16,22336.75,22308.16,22336.75
1774868700,22336.65,22370.11,22335.49,22367.62
1774869000,22367.21,22367.21,22344.17,22350.09
1774869300,22350.39,22378.98,22348.88,22378.37
1774869600,22379.08,22394.27,22367.43,22391.54
1774869900,22391.47,22523.72,22379.36,22410.96
1774870200,22409.86,22415.53,22366.77,22368.41
1774870500,22369.66,22386.48,22369.66,22383.51
1774870800,22383.65,22383.65,22369.59,22370.93
1774871100,22371.03,22388.1,22364.4,22380.85
1774871400,22381.37,22393.47,22358.74,22360.53
1774871700,22360.64,22364.14,22340.45,22351.73
1774872000,22351.79,22358.42,22329.34,22330.86
1774872300,22331.0,22348.66,22330.85,22337.27
1774872600,22337.0,22347.64,22331.94,22346.6
1774872900,22346.02,22362.09,22335.23,22361.72
1774873200,22362.05,22369.41,22358.42,22368.57
1774873500,22368.86,22382.97,22364.69,22382.97
1774873800,22382.9,22404.69,22379.79,22384.55
1774874100,22384.47,22394.42,22380.76,22390.34
1774874400,22390.2,22410.48,22386.62,22403.85
1774874700,22405.04,22410.34,22402.03,22405.85
1774875000,22405.99,22405.99,22389.8,22399.32
1774875300,22399.06,22412.59,22397.13,22412.59
1774875600,22413.29,22429.17,22413.29,22416.88
1774875900,22415.97,22417.83,22379.14,22386.71
1774876200,22386.19,22414.73,22386.19,22409.45
1774876500,22409.59,22414.47,22405.18,22410.85
1774876800,22410.55,22431.11,22404.72,22428.6
1774877100,22428.11,22435.6,22420.28,22424.36
1774877400,22423.92,22442.89,22410.73,22412.67
1774877700,22413.04,22413.47,22392.15,22405.58
1774878000,22403.67,22403.67,22371.97,22384.16
1774878300,22383.86,22395.9,22375.77,22387.08
1774878600,22387.64,22387.95,22368.09,22371.12
1774878900,22371.52,22374.5,22346.55,22359.36
1774879200,22359.82,22397.63,22359.82,22394.97
1774879500,22394.5,22412.73,22367.24,22412.58
1774879800,22412.68,22428.41,22405.41,22420.06
1774880100,22420.13,22422.41,22381.65,22391.98
1774880400,22393.48,22420.44,22389.57,22412.79
1774880700,22412.43,22415.93,22388.69,22395.9
1774881000,22396.78,22426.26,22395.36,22415.56
1774881300,22415.63,22448.45,22402.51,22428.35
1774881600,22427.84,22435.89,22384.78,22385.44
1774881900,22385.78,22446.27,22379.77,22431.8
1774882200,22430.04,22455.6,22420.09,22452.52
1774882500,22453.49,22494.84,22445.03,22494.12
1774882800,22493.92,22541.79,22493.92,22535.43
1774883100,22536.17,22545.65,22471.92,22482.63
1774883400,22481.17,22493.42,22469.98,22472.27
1774883700,22472.01,22486.02,22459.97,22486.01
1774884000,22486.03,22504.54,22485.79,22503.6
1774884300,22503.31,22516.11,22495.57,22495.99
1774940400,22578.84,22579.4,22539.61,22570.85
1774940700,22573.61,22592.33,22538.22,22544.45
1774941000,22546.49,22550.99,22501.06,22513.29
1774941300,22513.38,22530.41,22491.51,22493.58
1774941600,22493.03,22520.11,22491.89,22517.27
1774941900,22517.14,22550.85,22510.54,22550.85
1774942200,22551.12,22593.91,22551.12,22592.49
1774942500,22592.68,22639.45,22592.68,22639.45
1774942800,22640.65,22659.96,22634.71,22659.96
1774943100,22659.93,22695.5,22659.12,22684.12
1774943400,22684.05,22714.14,22680.29,22714.14
1774943700,22714.42,22738.31,22701.99,22738.01
1774944000,22738.14,22769.68,22714.71,22766.7
1774944300,22766.8,22772.67,22744.47,22755.15
1774944600,22755.53,22757.17,22707.09,22708.06
1774944900,22707.77,22745.98,22707.77,22738.57
1774945200,22738.37,22746.49,22708.18,22719.87
1774945500,22721.83,22729.8,22702.05,22720.41
1774945800,22719.99,22720.82,22695.98,22703.5
1774946100,22704.02,22724.67,22697.97,22698.86
1774946400,22693.85,22701.25,22675.38,22677.15
1774946700,22677.12,22696.7,22664.6,22694.4
1774947000,22694.57,22708.74,22663.26,22695.86
1774947300,22696.09,22698.05,22675.47,22688.42
1774947600,22688.31,22732.53,22682.89,22732.53
1774947900,22732.28,22743.05,22723.74,22733.13
1774948200,22731.4,22734.28,22712.96,22716.7
1774948500,22716.96,22731.91,22702.63,22720.5
1774948800,22719.98,22740.48,22719.15,22740.02
1774949100,22739.99,22740.97,22714.87,22715.48
1774949400,22716.23,22719.67,22695.06,22705.65
1774949700,22705.98,22733.93,22703.49,22711.95
1774950000,22711.26,22735.5,22711.26,22735.34
1774950300,22734.69,22741.88,22714.92,22741.88
1774950600,22742.21,22758.72,22734.0,22737.17
1774950900,22736.62,22736.71,22709.04,22731.61
1774951200,22729.87,22761.67,22728.27,22761.67
1774951500,22761.54,22778.41,22754.75,22757.45
1774951800,22757.18,22757.18,22734.84,22737.53
1774952100,22736.97,22737.69,22723.57,22724.12
1774952400,22723.65,22725.09,22707.42,22722.08
1774952700,22722.06,22728.64,22717.79,22727.23
1774953000,22726.22,22727.91,22686.08,22689.99
1774953300,22691.9,22698.65,22644.1,22644.87
1774953600,22644.69,22649.85,22629.29,22638.14
1774953900,22638.28,22642.36,22623.38,22638.1
1774954200,22637.55,22686.51,22637.55,22686.51
1774954500,22686.87,22705.78,22686.87,22703.72
1774954800,22703.55,22710.32,22676.92,22710.32
1774955100,22712.02,22712.02,22688.92,22690.21
1774955400,22691.79,22850.7,22688.64,22749.26
1774955700,22749.76,22798.07,22743.34,22758.56
1774956000,22758.39,22778.98,22740.36,22761.92
1774956300,22761.86,22784.07,22736.01,22740.44
1774956600,22740.9,22750.09,22712.0,22740.17
1774956900,22739.56,22759.94,22721.42,22759.94
1774957200,22759.42,22768.38,22743.85,22767.05
1774957500,22766.21,22766.21,22722.12,22743.93
1774957800,22742.56,22742.56,22717.68,22737.26
1774958100,22737.35,22757.2,22736.28,22755.55
1774958400,22757.78,22778.7,22756.5,22769.44
1774958700,22769.5,22810.94,22756.9,22805.94
1774959000,22806.02,22806.02,22707.91,22709.11
1774959300,22708.6,22769.32,22698.58,22762.83
1774959600,22762.01,22775.11,22750.63,22756.29
1774959900,22756.54,22806.51,22756.54,22805.74
1774960200,22805.04,22807.13,22789.7,22797.22
1774960500,22797.21,22804.39,22782.07,22783.43
1774960800,22783.69,22804.74,22781.33,22803.54
1774961100,22803.76,22803.76,22789.69,22795.69
1774961400,22795.76,22810.39,22788.28,22791.19
1774961700,22792.74,22792.91,22757.2,22761.34
1774962000,22760.89,22778.35,22737.04,22737.64
1774962300,22738.22,22769.39,22736.88,22769.39
1774962600,22769.81,22776.96,22732.79,22747.28
1774962900,22747.58,22781.82,22745.19,22779.22
1774963200,22779.38,22799.12,22779.01,22787.1
1774963500,22784.83,22784.83,22773.95,22777.29
1774963800,22776.68,22789.67,22714.96,22748.92
1774964100,22748.49,22750.65,22719.15,22740.93
1774964400,22740.54,22769.13,22730.36,22734.28
1774964700,22736.39,22798.53,22736.39,22798.53
1774965000,22799.07,22829.43,22786.28,22828.53
1774965300,22826.89,22826.89,22779.49,22804.77
1774965600,22808.08,22810.14,22777.01,22786.0
1774965900,22785.97,22785.97,22743.07,22760.66
1774966200,22759.63,22781.16,22755.46,22781.16
1774966500,22781.87,22793.04,22765.76,22780.05
1774966800,22780.12,22780.12,22750.94,22775.53
1774967100,22774.41,22788.51,22760.92,22788.51
1774967400,22789.84,22811.21,22786.29,22796.13
1774967700,22795.03,22796.8,22743.18,22748.16
1774968000,22748.53,22761.99,22710.46,22722.81
1774968300,22722.58,22730.96,22687.37,22692.91
1774968600,22691.37,22699.09,22672.31,22673.87
1774968900,22671.7,22671.7,22655.84,22669.1
1774969200,22669.79,22710.38,22669.79,22708.8
1774969500,22708.96,22738.19,22706.09,22709.0
1774969800,22709.16,22744.35,22706.14,22742.82
1774970100,22742.4,22752.18,22731.62,22731.98
1774970400,22731.66,22731.66,22690.12,22723.25
1774970700,22723.24,22727.34,22638.68,22638.68
1775026800,23326.89,23343.91,23310.38,23328.67
1775027100,23328.0,23328.26,23304.55,23325.65
1775027400,23326.03,23332.63,23275.32,23279.83
1775027700,23279.55,23282.0,23240.46,23240.8
1775028000,23240.42,23248.56,23222.88,23237.11
1775028300,23238.29,23260.49,23229.77,23257.3
1775028600,23256.84,23272.48,23253.59,23272.48
1775028900,23273.58,23312.16,23273.58,23296.04
1775029200,23297.29,23297.52,23275.02,23297.52
1775029500,23298.48,23299.59,23243.7,23243.94
1775029800,23243.63,23244.19,23164.3,23169.87
1775030100,23169.93,23176.88,23145.78,23153.04
1775030400,23152.25,23177.33,23131.06,23161.88
1775030700,23161.25,23163.91,23136.3,23138.11
1775031000,23138.27,23138.47,23111.88,23117.26
1775031300,23117.35,23163.74,23116.94,23163.74
1775031600,23163.82,23195.06,23158.33,23194.76
1775031900,23195.43,23217.84,23172.98,23181.15
1775032200,23181.14,23197.96,23175.94,23189.28
1775032500,23189.05,23203.07,23174.99,23202.81
1775032800,23202.63,23212.79,23179.18,23188.64
1775033100,23188.83,23193.3,23167.75,23191.6
1775033400,23191.4,23203.9,23122.71,23174.87
1775033700,23174.74,23194.05,23147.99,23174.79
1775034000,23173.79,23198.45,23167.1,23173.74
1775034300,23174.07,23177.89,23124.23,23130.59
1775034600,23130.88,23130.93,23106.05,23113.03
1775034900,23112.99,23120.62,23069.57,23072.54
1775035200,23069.38,23072.09,23027.04,23058.37
1775035500,23058.46,23084.6,23058.46,23078.95
1775035800,23077.91,23114.99,23077.81,23114.33
1775036100,23114.05,23133.05,23114.05,23130.88
1775036400,23130.33,23131.39,23113.19,23113.19
1775036700,23113.1,23156.03,23104.06,23156.03
1775037000,23156.34,23181.86,23150.63,23152.39
1775037300,23151.38,23151.48,23127.61,23132.22
1775037600,23132.56,23147.14,23106.48,23106.48
1775037900,23106.58,23119.67,23106.58,23106.58
1775038200,23106.89,23120.22,23087.21,23119.34
1775038500,23118.97,23118.97,23099.78,23110.67
1775038800,23110.13,23147.31,23107.44,23143.07
1775039100,23143.41,23145.76,23115.02,23139.97
1775039400,23140.06,23161.43,23126.91,23127.92
1775039700,23127.15,23136.16,23120.56,23135.93
1775040000,23135.39,23169.11,23135.39,23158.48
1775040300,23157.15,23191.38,23157.15,23185.92
1775040600,23187.19,23198.39,23179.13,23190.04
1775040900,23191.41,23215.43,23179.66,23212.84
1775041200,23216.26,23241.16,23214.22,23234.66
1775041500,23234.64,23245.58,23230.86,23242.78
1775041800,23242.32,23253.92,23234.91,23253.08
1775042100,23253.27,23262.42,23244.82,23257.28
1775042400,23257.33,23259.05,23233.83,23248.91
1775042700,23248.58,23272.52,23247.34,23263.47
1775043000,23263.65,23300.27,23262.05,23297.97
1775043300,23298.35,23316.32,23298.21,23312.34
1775043600,23312.19,23324.2,23297.0,23306.08
1775043900,23306.6,23319.63,23302.87,23319.63
1775044200,23318.58,23323.76,23307.96,23312.9
1775044500,23312.98,23326.4,23309.38,23310.15
1775044800,23309.99,23313.15,23284.94,23284.94
1775045100,23284.89,23296.0,23272.57,23275.72
1775045400,23276.86,23284.06,23274.96,23283.02
1775045700,23282.52,23288.5,23271.37,23273.99
1775046000,23273.89,23275.32,23243.38,23251.42
1775046300,23250.68,23264.66,23243.48,23261.85
1775046600,23262.24,23268.88,23252.87,23260.12
1775046900,23260.22,23267.48,23227.19,23237.03
1775047200,23236.95,23285.92,23234.02,23285.92
1775047500,23311.21,23377.65,23234.23,23240.88
1775047800,23241.14,23252.74,23221.47,23221.47
1775048100,23220.92,23232.23,23200.92,23208.45
1775048400,23208.65,23215.42,23195.87,23200.06
1775048700,23200.59,23206.83,23188.55,23195.51
1775049000,23195.64,23238.74,23195.64,23230.7
1775049300,23230.61,23253.33,23225.38,23250.4
1775049600,23250.3,23250.82,23219.88,23241.02
1775049900,23241.75,23253.9,23233.16,23250.55
1775050200,23250.61,23264.6,23228.92,23251.98
1775050500,23251.92,23289.02,23245.51,23277.46
1775050800,23276.48,23276.48,23161.15,23178.57
1775051100,23180.66,23188.2,23147.2,23165.16
1775051400,23164.08,23208.12,23150.95,23182.13
1775051700,23181.24,23189.57,23166.21,23189.57
1775052000,23193.39,23209.13,23181.27,23196.29
1775052300,23197.33,23229.71,23181.15,23220.38
1775052600,23219.86,23230.53,23197.12,23224.94
1775052900,23225.49,23251.61,23224.09,23251.08
1775053200,23251.36,23280.37,23244.22,23250.67
1775053500,23249.85,23261.8,23241.12,23257.88
1775053800,23258.41,23280.45,23245.42,23245.42
1775054100,23245.73,23311.03,23228.23,23298.71
1775054400,23297.32,23302.88,23260.98,23280.65
1775054700,23280.73,23302.15,23268.93,23302.08
1775055000,23301.5,23301.5,23277.2,23290.18
1775055300,23289.63,23300.69,23279.07,23295.85
1775055600,23295.56,23313.5,23288.18,23308.61
1775055900,23308.79,23325.02,23304.47,23319.76
1775056200,23318.76,23318.99,23279.35,23281.61
1775056500,23282.23,23302.07,23279.69,23301.09
1775056800,23301.03,23309.84,23283.97,23287.2
1775057100,23288.09,23300.73,23270.92,23275.08
1775113200,22935.23,22937.97,22917.55,22935.32
1775113500,22935.69,22960.67,22926.96,22934.47
1775113800,22932.68,22966.36,22932.68,22958.44
1775114100,22957.49,22975.96,22952.08,22963.76
1775114400,22963.25,22967.3,22928.32,22929.38
1775114700,22929.32,22974.9,22928.82,22963.82
1775115000,22961.53,22965.24,22928.45,22934.21
1775115300,22936.14,22959.12,22930.44,22957.69
1775115600,22957.18,22962.64,22944.83,22953.97
1775115900,22955.52,22980.94,22955.52,22971.53
1775116200,22971.74,22974.46,22954.89,22956.06
1775116500,22958.19,22993.18,22955.4,22993.18
1775116800,22992.58,22997.39,22951.24,22955.17
1775117100,22955.67,22962.25,22938.33,22955.68
1775117400,22955.38,22963.77,22944.86,22959.67
1775117700,22959.91,22965.96,22941.48,22947.34
1775118000,22947.01,22953.78,22929.57,22953.14
1775118300,22953.03,22954.02,22929.79,22954.0
1775118600,22955.06,22978.51,22955.01,22975.96
1775118900,22975.55,22975.67,22949.06,22957.63
1775119200,22957.53,22977.53,22946.16,22954.4
1775119500,22954.73,22962.76,22944.06,22958.5
1775119800,22958.6,22959.73,22941.61,22956.9
1775120100,22957.09,22967.41,22953.21,22958.82
1775120400,22958.73,22967.28,22937.06,22938.59
1775120700,22939.14,22939.28,22926.52,22926.52
1775121000,22926.45,22926.45,22894.2,22902.17
1775121300,22902.08,22918.73,22899.86,22908.33
1775121600,22906.93,22929.24,22904.29,22921.83
1775121900,22922.21,22936.84,22919.64,22924.82
1775122200,22926.63,22927.51,22900.91,22901.31
1775122500,22900.26,22901.2,22881.55,22885.63
1775122800,22885.11,22899.73,22877.44,22890.95
1775123100,22890.27,22903.44,22881.9,22891.0
1775123400,22895.69,22909.05,22890.65,22906.03
1775123700,22907.5,22919.42,22887.13,22901.7
1775124000,22904.73,22904.73,22879.43,22886.2
1775124300,22886.33,22899.73,22867.61,22873.9
1775124600,22873.33,22881.51,22848.07,22849.55
1775124900,22849.84,22850.59,22827.71,22839.32
1775125200,22840.79,22842.87,22813.87,22830.01
1775125500,22830.9,22832.29,22806.79,22809.75
1775125800,22810.03,22810.72,22791.27,22801.6
1775126100,22801.73,22828.48,22789.57,22790.76
1775126400,22790.7,22830.75,22790.41,22824.92
1775126700,22825.26,22836.07,22822.81,22836.0
1775127000,22835.67,22835.95,22814.32,22816.29
1775127300,22816.4,22832.7,22814.96,22819.24
1775127600,22819.14,22838.42,22819.14,22827.82
1775127900,22827.6,22827.6,22793.73,22809.29
1775128200,22809.66,22821.05,22801.21,22801.79
1775128500,22801.56,22801.56,22760.33,22771.52
1775128800,22771.6,22787.3,22760.83,22782.55
1775129100,22782.68,22787.23,22749.39,22749.39
1775129400,22749.15,22768.17,22743.69,22762.28
1775129700,22764.94,22768.23,22743.31,22745.14
1775130000,22745.17,22751.12,22732.32,22740.61
1775130300,22739.68,22758.49,22738.69,22757.3
1775130600,22757.85,22770.5,22752.25,22770.5
1775130900,22770.7,22771.26,22721.9,22723.18
1775131200,22722.97,22724.79,22690.99,22716.96
1775131500,22716.92,22724.74,22688.35,22688.39
1775131800,22689.45,22701.15,22677.92,22698.5
1775132100,22698.21,22706.5,22688.64,22705.31
1775132400,22705.02,22763.29,22705.02,22763.24
1775132700,22762.66,22762.66,22736.97,22747.82
1775133000,22747.64,22767.67,22744.28,22765.29
1775133300,22765.65,22765.99,22747.49,22759.01
1775133600,22759.12,22759.13,22750.73,22757.64
1775133900,22756.93,22782.85,22754.37,22782.85
1775134200,22782.73,22786.2,22775.66,22782.07
1775134500,22782.0,22784.24,22761.59,22761.6
1775134800,22761.66,22777.89,22751.09,22777.56
1775135100,22777.25,22795.74,22774.2,22774.2
1775135400,22774.78,22774.78,22753.04,22756.45
1775135700,22757.0,22776.99,22755.61,22755.61
1775136000,22756.23,22770.43,22753.48,22758.7
1775136300,22757.98,22785.31,22756.85,22783.46
1775136600,22784.02,22811.54,22783.37,22807.13
1775136900,22803.96,22803.96,22776.47,22776.47
1775137200,22776.34,22795.05,22768.02,22784.11
1775137500,22785.38,22834.91,22785.38,22823.68
1775137800,22823.31,22865.98,22818.38,22864.85
1775138100,22864.53,22894.3,22859.34,22891.36
1775138400,22892.61,22893.42,22855.87,22858.82
1775138700,22859.13,22897.18,22855.59,22890.45
1775139000,22890.42,22900.02,22878.68,22883.51
1775139300,22884.1,22919.02,22884.1,22918.03
1775139600,22915.09,22931.76,22912.07,22925.05
1775139900,22925.34,22927.69,22911.38,22915.88
1775140200,22916.99,22982.08,22915.73,22982.08
1775140500,22981.51,23235.16,22980.38,23140.45
1775140800,23139.31,23141.01,23091.89,23141.01
1775141100,23141.92,23154.76,23098.3,23098.62
1775141400,23099.99,23117.51,23080.43,23117.01
1775141700,23115.9,23165.25,23115.69,23140.85
1775142000,23139.05,23143.34,23102.84,23142.43
1775142300,23142.17,23142.17,23100.66,23120.14
1775142600,23121.35,23155.76,23115.5,23136.67
1775142900,23136.96,23162.33,23122.38,23140.51
1775143200,23138.09,23138.13,23090.92,23097.77
1775143500,23097.25,23128.9,23081.44,23111.31
1775545200,23181.65,23196.11,23175.48,23176.66
1775545500,23176.4,23178.2,23138.51,23161.64
1775545800,23162.04,23166.47,23137.64,23160.74
1775546100,23161.12,23162.66,23143.54,23144.74
1775546400,23144.45,23161.67,23111.61,23125.74
1775546700,23126.75,23137.64,23101.2,23116.01
1775547000,23116.72,23136.41,23107.2,23117.88
1775547300,23118.05,23122.32,23094.71,23108.11
1775547600,23109.69,23155.51,23106.51,23146.28
1775547900,23145.54,23161.1,23143.31,23143.31
1775548200,23143.36,23150.89,23119.05,23119.35
1775548500,23118.91,23170.2,23110.55,23169.54
1775548800,23169.48,23277.86,23169.48,23187.59
1775549100,23187.29,23215.19,23175.82,23214.93
1775549400,23214.9,23285.04,23212.61,23279.63
1775549700,23279.49,23300.53,23254.79,23288.13
1775550000,23287.13,23352.99,23283.79,23334.78
1775550300,23334.54,23337.32,23324.97,23335.95
1775550600,23337.06,23376.63,23332.2,23362.52
1775550900,23362.07,23378.89,23351.19,23359.37
1775551200,23359.27,23359.27,23336.07,23345.13
1775551500,23345.0,23356.72,23313.84,23325.98
1775551800,23325.85,23325.85,23303.82,23314.83
1775552100,23313.67,23339.62,23309.37,23326.82
1775552400,23326.43,23360.18,23322.94,23360.18
1775552700,23358.58,23363.76,23327.95,23362.61
1775553000,23362.57,23375.25,23356.95,23357.73
1775553300,23358.01,23385.3,23344.0,23376.13
1775553600,23375.75,23387.21,23363.21,23375.08
1775553900,23375.86,23391.51,23351.5,23379.98
1775554200,23379.71,23397.42,23367.52,23397.42
1775554500,23396.95,23397.67,23381.68,23395.97
1775554800,23395.87,23397.89,23377.49,23377.62
1775555100,23375.76,23375.76,23346.06,23355.49
1775555400,23355.36,23372.81,23349.75,23368.72
1775555700,23368.75,23384.41,23368.75,23372.46
1775556000,23371.95,23379.69,23329.53,23331.15
1775556300,23331.54,23345.92,23193.71,23289.29
1775556600,23289.81,23324.83,23260.13,23315.82
1775556900,23316.09,23339.83,23316.09,23326.75
1775557200,23327.99,23339.79,23314.22,23322.14
1775557500,23324.77,23326.79,23208.9,23263.23
1775557800,23264.43,23271.22,23235.26,23236.5
1775558100,23236.72,23248.61,23207.39,23214.17
1775558400,23214.38,23230.72,23157.35,23198.15
1775558700,23198.31,23203.77,23148.29,23161.68
1775559000,23161.84,23168.54,23122.0,23138.29
1775559300,23138.48,23143.58,23094.59,23114.86
1775559600,23115.08,23143.4,23102.5,23140.7
1775559900,23140.57,23152.13,23126.12,23142.59
1775560200,23142.54,23142.54,23119.53,23135.34
1775560500,23135.47,23157.39,23128.09,23148.67
1775560800,23148.81,23164.91,23142.12,23151.59
1775561100,23151.29,23172.57,23116.8,23120.72
1775561400,23119.78,23122.88,23093.72,23104.82
1775561700,23103.89,23134.24,23074.46,23101.87
1775562000,23101.43,23128.9,23100.0,23120.0
1775562300,23119.56,23119.79,23099.43,23107.8
1775562600,23101.77,23103.8,23089.5,23092.17
1775562900,23092.59,23107.51,23081.79,23095.4
1775563200,23096.03,23098.0,23085.4,23091.44
1775563500,23093.64,23139.49,23021.6,23064.7
1775563800,23065.08,23068.82,23047.83,23065.56
1775564100,23065.66,23110.64,23038.2,23101.7
1775564400,23101.98,23153.11,23098.2,23139.92
1775564700,23139.39,23152.6,23132.42,23152.6
1775565000,23152.7,23156.25,23128.66,23131.53
1775565300,23131.75,23141.57,23127.59,23135.56
1775565600,23135.47,23141.41,23115.01,23115.09
1775565900,23115.11,23118.36,23061.14,23061.14
1775566200,23060.98,23090.7,23053.31,23088.29
1775566500,23088.51,23177.4,23078.33,23084.94
1775566800,23084.31,23106.74,23071.2,23105.03
1775567100,23103.46,23127.3,23102.49,23105.44
1775567400,23104.4,23105.91,23067.35,23093.84
1775567700,23094.25,23106.99,23084.15,23086.48
1775568000,23086.36,23110.76,23083.7,23105.73
1775568300,23106.67,23115.54,23083.1,23088.55
1775568600,23091.99,23113.27,23066.32,23067.99
1775568900,23067.24,23069.37,23031.05,23031.05
1775569200,23030.02,23042.26,23018.83,23020.55
1775569500,23020.29,23021.74,22967.56,22979.72
1775569800,22980.11,23002.54,22966.86,22998.65
1775570100,22999.82,23007.84,22935.1,22936.2
1775570400,22937.85,22941.39,22907.65,22908.99
1775570700,22909.59,22909.59,22842.14,22855.37
1775571000,22855.64,22899.75,22855.64,22898.32
1775571300,22898.6,22920.23,22895.03,22918.47
1775571600,22924.32,22979.88,22924.32,22978.83
1775571900,22978.96,22980.23,22956.34,22974.65
1775572200,22974.6,23011.38,22960.89,22999.1
1775572500,22998.97,23017.43,22972.27,23000.69
1775572800,23000.61,23007.97,22987.39,22989.69
1775573100,22989.07,23038.26,22979.33,22985.55
1775573400,22983.68,22984.0,22955.52,22958.84
1775573700,22958.71,22958.71,22890.86,22891.24
1775574000,22889.98,22891.6,22872.33,22877.27
1775574300,22877.19,22877.67,22848.8,22849.18
1775574600,22850.34,22871.98,22848.04,22854.54
1775574900,22856.64,22935.64,22856.64,22910.61
1775575200,22910.03,22923.51,22902.83,22905.13
1775575500,22904.55,22936.86,22904.55,22933.65
1775631600,24021.81,24084.12,23989.91,24060.84
1775631900,24057.09,24076.97,24027.87,24036.45
1775632200,24037.35,24040.73,23973.41,23987.39
1775632500,23987.37,24036.98,23972.15,24032.05
1775632800,24033.21,24100.66,24028.31,24089.87
1775633100,24089.57,24119.99,24073.85,24075.04
1775633400,24074.38,24074.38,24025.76,24032.53
1775633700,24032.01,24053.65,24028.38,24032.91
1775634000,24032.24,24048.74,23981.74,23981.74
1775634300,23982.63,24012.33,23956.82,23959.23
1775634600,23961.07,24002.51,23952.63,23995.37
1775634900,23995.81,24005.22,23946.86,23954.29
1775635200,23954.56,23982.86,23939.59,23941.21
1775635500,23941.01,23956.31,23920.86,23948.16
1775635800,23947.94,23969.76,23935.7,23963.24
1775636100,23964.3,23984.02,23955.3,23982.39
1775636400,23983.14,23990.36,23936.88,23940.39
1775636700,23944.27,23953.05,23922.32,23948.84
1775637000,23948.67,23998.48,23946.54,23992.13
1775637300,23992.29,24011.22,23938.33,23981.22
1775637600,23980.78,23986.86,23904.41,23933.94
1775637900,23935.94,23973.17,23935.94,23963.98
1775638200,23962.6,23973.63,23937.53,23939.12
1775638500,23938.78,23963.9,23933.25,23956.97
1775638800,23957.0,23973.85,23918.47,23927.13
1775639100,23926.94,23970.75,23926.94,23968.88
1775639400,23969.03,24007.33,23967.75,23999.98
1775639700,23998.94,24000.37,23991.64,23996.35
1775640000,23995.71,24001.43,23984.84,24001.33
1775640300,24001.62,24001.62,23962.66,23968.29
1775640600,23968.05,23977.53,23947.53,23951.2
1775640900,23951.75,23994.66,23951.75,23967.88
1775641200,23968.14,23978.83,23884.19,23884.19
1775641500,23884.0,23936.72,23875.79,23934.83
1775641800,23936.06,23964.96,23936.06,23956.67
1775642100,23958.13,23965.67,23937.26,23939.2
1775642400,23939.98,23955.66,23925.15,23927.48
1775642700,23928.59,23952.16,23918.89,23944.87
1775643000,23945.31,23952.82,23937.45,23945.28
1775643300,23945.5,23951.0,23923.51,23949.97
1775643600,23950.54,23986.59,23950.54,23983.38
1775643900,23983.16,24017.42,23982.12,24010.41
1775644200,24011.13,24023.98,24011.13,24016.88
1775644500,24017.29,24042.46,24016.13,24037.81
1775644800,24038.03,24058.41,24037.18,24058.23
1775645100,24058.69,24064.27,24040.65,24044.3
1775645400,24044.4,24065.08,24041.92,24056.33
1775645700,24056.77,24058.71,24045.52,24045.52
1775646000,24045.11,24048.81,24033.83,24038.2
1775646300,24038.55,24062.14,24030.39,24060.22
1775646600,24059.44,24087.23,24059.44,24073.95
1775646900,24073.88,24080.36,24066.82,24068.33
1775647200,24068.54,24118.93,24047.51,24116.35
1775647500,24116.46,24141.56,24107.22,24107.22
1775647800,24106.4,24116.69,24078.73,24114.28
1775648100,24114.24,24114.24,24078.8,24097.01
1775648400,24097.67,24118.79,24097.67,24103.37
1775648700,24103.82,24140.96,24103.19,24138.17
1775649000,24137.83,24137.83,24111.08,24112.85
1775649300,24112.73,24124.13,24095.1,24107.35
1775649600,24107.62,24135.74,24106.08,24135.34
1775649900,24135.07,24148.93,24116.89,24116.89
1775650200,24117.84,24144.2,24102.99,24143.17
1775650500,24144.03,24152.45,24076.89,24089.43
1775650800,24089.61,24094.88,24033.63,24058.11
1775651100,24055.85,24101.79,24029.27,24101.28
1775651400,24100.47,24128.31,24095.68,24121.81
1775651700,24122.1,24145.33,24120.78,24135.26
1775652000,24135.04,24136.42,24118.54,24130.98
1775652300,24130.93,24163.91,24130.93,24142.97
1775652600,24142.34,24148.72,24132.13,24140.53
1775652900,24140.62,24144.19,24125.85,24135.88
1775653200,24136.14,24160.36,24132.36,24139.23
1775653500,24139.5,24141.5,24117.64,24127.29
1775653800,24126.76,24126.76,24104.34,24114.8
1775654100,24114.36,24132.6,24109.97,24117.28
1775654400,24116.98,24133.34,24105.83,24126.63
1775654700,24124.89,24128.96,24102.52,24107.17
1775655000,24106.15,24119.43,24057.31,24061.5
1775655300,24061.77,24062.07,24025.27,24028.07
1775655600,24027.93,24049.67,24013.07,24039.8
1775655900,24038.76,24101.75,24027.58,24094.27
1775656200,24093.76,24093.76,24043.06,24048.56
1775656500,24045.53,24085.43,24042.43,24078.34
1775656800,24075.36,24094.47,24067.96,24093.22
1775657100,24092.42,24113.54,24044.01,24087.48
1775657400,24087.76,24113.73,24083.89,24101.29
1775657700,24103.1,24115.54,24071.2,24076.4
1775658000,24076.18,24096.06,24064.89,24067.19
1775658300,24064.57,24064.57,24037.73,24043.22
1775658600,24043.78,24044.94,24002.79,24017.97
1775658900,24019.61,24023.31,23994.64,23995.37
1775659200,23994.65,24029.27,23994.49,23999.24
1775659500,23999.01,24024.82,23981.83,24016.94
1775659800,24019.25,24020.36,23978.15,24015.64
1775660100,24013.86,24018.13,23960.63,24017.47
1775660400,24017.08,24031.29,24011.12,24025.2
1775660700,24025.09,24030.82,23975.55,23975.55
1775661000,23975.06,24011.58,23963.89,23998.35
1775661300,23998.08,24004.55,23976.32,23997.9
1775661600,23998.07,24025.15,23976.35,24025.15
1775661900,24024.77,24039.21,24003.5,24007.69
1775718000,23981.22,23989.01,23959.86,23962.82
1775718300,23959.01,23965.65,23923.24,23928.78
1775718600,23928.98,23935.4,23917.95,23930.22
1775718900,23930.99,23931.18,23879.89,23882.72
1775719200,23883.3,23890.95,23860.18,23880.05
1775719500,23880.49,23892.11,23871.93,23882.76
1775719800,23885.39,23888.28,23850.79,23853.92
1775720100,23853.7,23868.53,23849.18,23863.9
1775720400,23864.28,23865.31,23835.31,23836.68
1775720700,23837.56,23838.91,23805.7,23815.4
1775721000,23814.88,23828.46,23799.57,23827.92
1775721300,23828.05,23847.47,23828.05,23837.06
1775721600,23837.11,23842.35,23804.72,23826.27
1775721900,23825.55,23829.46,23802.59,23806.62
1775722200,23806.6,23810.59,23800.62,23807.2
1775722500,23807.47,23835.6,23807.47,23830.85
1775722800,23830.32,23836.49,23809.9,23817.15
1775723100,23818.02,23821.01,23787.86,23788.06
1775723400,23789.66,23803.04,23779.6,23786.89
1775723700,23785.95,23792.07,23779.23,23784.79
1775724000,23785.38,23799.52,23775.81,23799.52
1775724300,23799.79,23811.0,23781.13,23782.95
1775724600,23782.85,23782.85,23761.66,23769.02
1775724900,23767.99,23776.08,23763.5,23767.42
1775725200,23766.6,23767.15,23747.47,23764.0
1775725500,23764.1,23784.65,23764.1,23780.07
1775725800,23780.0,23798.47,23779.77,23790.76
1775726100,23791.01,23812.81,23788.94,23802.96
1775726400,23803.26,23806.02,23783.44,23797.07
1775726700,23797.04,23803.31,23788.61,23802.55
1775727000,23801.73,23805.48,23784.77,23787.19
1775727300,23788.65,23791.53,23778.43,23791.16
1775727600,23790.98,23793.94,23780.22,23780.78
1775727900,23781.14,23801.3,23781.01,23801.3
1775728200,23800.89,23800.89,23785.46,23793.9
1775728500,23794.28,23800.97,23788.83,23800.32
1775728800,23800.85,23813.87,23794.9,23796.6
1775729100,23796.33,23796.38,23779.72,23787.65
1775729400,23788.73,23789.81,23777.59,23781.28
1775729700,23780.83,23790.99,23774.31,23790.99
1775730000,23790.63,23812.66,23789.43,23809.98
1775730300,23811.17,23812.54,23794.23,23799.63
1775730600,23799.43,23814.07,23796.78,23798.29
1775730900,23797.7,23797.7,23787.17,23794.63
1775731200,23794.61,23812.74,23791.78,23809.61
1775731500,23809.03,23810.9,23792.62,23809.53
1775731800,23808.72,23809.08,23777.59,23789.85
1775732100,23790.07,23794.7,23767.7,23767.7
1775732400,23768.55,23782.96,23765.51,23771.44
1775732700,23771.85,23781.26,23764.03,23779.86
1775733000,23780.07,23780.07,23763.13,23763.41
1775733300,23763.22,23767.32,23758.04,23762.3
1775733600,23762.47,23767.98,23760.61,23767.98
1775733900,23768.03,23779.93,23753.93,23777.2
1775734200,23776.82,23792.6,23776.6,23792.6
1775734500,23794.29,23814.1,23793.66,23813.41
1775734800,23813.73,23826.59,23803.76,23815.46
1775735100,23816.18,23838.86,23816.18,23829.9
1775735400,23830.67,23837.43,23828.32,23834.2
1775735700,23833.19,23833.68,23827.91,23831.53
1775736000,23830.96,23839.7,23820.51,23821.36
1775736300,23821.59,23822.14,23811.28,23818.16
1775736600,23819.48,23828.24,23819.03,23821.3
1775736900,23822.18,23822.62,23811.76,23817.84
1775737200,23817.9,23819.09,23800.32,23805.81
1775737500,23805.73,23833.37,23805.73,23833.37
1775737800,23834.1,23841.65,23801.17,23814.79
1775738100,23814.87,23822.85,23802.77,23803.1
1775738400,23803.29,23840.2,23799.94,23804.26
1775738700,23804.64,23811.88,23774.87,23796.1
1775739000,23795.57,23796.03,23777.97,23784.06
1775739300,23783.87,23785.8,23765.83,23770.39
1775739600,23770.98,23778.91,23755.41,23773.92
1775739900,23773.81,23776.72,23748.03,23749.87
1775740200,23749.76,23767.0,23748.16,23757.89
1775740500,23758.33,23767.29,23744.13,23744.13
1775740800,23744.1,23754.08,23741.58,23746.69
1775741100,23746.61,23771.54,23741.45,23769.32
1775741400,23771.23,23778.2,23739.48,23740.38
1775741700,23739.38,23754.72,23726.49,23734.51
1775742000,23735.32,23754.71,23728.73,23746.26
1775742300,23746.71,23748.73,23721.41,23740.05
1775742600,23742.07,23742.07,23693.78,23693.78
1775742900,23692.7,23716.85,23688.26,23714.47
1775743200,23716.67,23725.49,23699.09,23724.91
1775743500,23723.59,23730.19,23708.65,23709.32
1775743800,23706.96,23725.58,23685.17,23712.96
1775744100,23712.83,23716.89,23673.59,23678.09
1775744400,23681.34,23711.92,23681.32,23698.38
1775744700,23697.89,23698.93,23673.12,23679.96
1775745000,23681.92,23699.45,23681.92,23686.79
1775745300,23687.54,23705.92,23676.71,23705.92
1775745600,23705.94,23714.14,23691.61,23697.63
1775745900,23697.82,23718.06,23693.18,23702.31
1775746200,23701.73,23717.37,23692.89,23692.89
1775746500,23693.28,23723.38,23693.28,23707.92
1775746800,23708.57,23708.83,23676.06,23686.05
1775747100,23686.44,23701.94,23686.44,23691.02
1775747400,23690.48,23714.18,23684.01,23712.96
1775747700,23712.57,23763.66,23710.99,23759.52
1775748000,23759.54,23762.85,23734.93,23755.13
1775748300,23754.33,23759.58,23741.88,23757.09
1775804400,23827.54,23842.1,23823.43,23832.16
1775804700,23831.1,23843.6,23812.53,23841.09
1775805000,23840.66,23845.06,23813.24,23815.12
1775805300,23816.66,23820.41,23801.63,23804.22
1775805600,23804.51,23835.18,23803.82,23830.84
1775805900,23831.33,23852.92,23828.99,23847.28
1775806200,23847.66,23855.56,23842.64,23853.02
1775806500,23853.31,23867.01,23851.85,23860.05
1775806800,23859.5,23860.66,23850.69,23850.93
1775807100,23850.46,23850.46,23831.64,23843.55
1775807400,23843.77,23865.64,23831.57,23864.28
1775807700,23864.43,23871.97,23847.71,23856.21
1775808000,23855.59,23860.71,23840.39,23840.88
1775808300,23840.3,23851.34,23821.29,23848.65
1775808600,23848.2,23849.7,23834.56,23840.17
1775808900,23840.52,23842.09,23824.33,23829.83
1775809200,23829.86,23843.48,23829.86,23841.53
1775809500,23842.14,23857.47,23842.14,23847.57
1775809800,23846.98,23856.73,23841.41,23844.38
1775810100,23844.91,23845.84,23834.17,23838.14
1775810400,23838.04,23850.71,23834.4,23844.58
1775810700,23845.05,23847.57,23809.39,23814.04
1775811000,23813.96,23822.55,23782.44,23783.55
1775811300,23783.59,23784.49,23767.71,23780.14
1775811600,23780.49,23810.48,23779.79,23809.42
1775811900,23809.48,23809.48,23789.31,23789.31
1775812200,23789.49,23805.63,23788.36,23803.68
1775812500,23803.46,23920.12,23796.4,23905.39
1775812800,23904.54,23904.54,23835.56,23837.11
1775813100,23835.69,23867.95,23821.87,23867.44
1775813400,23867.41,23875.25,23843.26,23861.95
1775813700,23862.65,23886.18,23862.62,23878.76
1775814000,23878.36,23909.84,23878.09,23907.53
1775814300,23907.62,23924.11,23897.42,23918.24
1775814600,23925.69,23951.55,23907.32,23940.96
1775814900,23946.21,23946.21,23922.0,23933.8
1775815200,23937.91,23942.91,23909.49,23915.71
1775815500,23915.8,23916.2,23885.8,23901.54
1775815800,23901.27,23909.14,23890.12,23890.79
1775816100,23889.86,23927.02,23889.86,23926.3
1775816400,23927.3,23956.88,23924.44,23950.34
1775816700,23950.08,23977.92,23948.5,23975.15
1775817000,23974.75,23982.6,23967.2,23972.58
1775817300,23972.98,23972.98,23955.47,23958.67
1775817600,23958.53,23987.03,23958.53,23970.97
1775817900,23971.42,23995.86,23967.62,23994.68
1775818200,23994.14,24005.74,23989.79,23993.62
1775818500,23993.59,23995.11,23981.5,23983.81
1775818800,23983.71,24004.22,23983.71,24002.14
1775819100,24002.23,24002.23,23975.31,23976.25
1775819400,23975.85,23996.24,23971.16,23992.29
1775819700,23991.89,23995.42,23977.06,23994.34
1775820000,23994.43,24008.66,23993.54,24005.17
1775820300,24005.04,24005.04,23989.23,23990.53
1775820600,23990.39,23993.12,23974.8,23975.06
1775820900,23975.19,23990.02,23975.19,23988.09
1775821200,23987.84,23992.23,23982.96,23986.99
1775821500,23987.28,23991.06,23980.23,23983.06
1775821800,23983.2,23990.06,23971.25,23982.81
1775822100,23982.95,23983.82,23953.96,23963.74
1775822400,23964.41,23979.89,23954.33,23979.89
1775822700,23979.97,24000.13,23974.76,23990.29
1775823000,23990.25,23991.84,23981.85,23986.53
1775823300,23986.61,23999.87,23979.71,23994.4
1775823600,23991.78,24001.97,23981.27,23982.1
1775823900,23981.7,23995.38,23978.11,23995.38
1775824200,23994.86,24043.59,23994.86,24008.95
1775824500,24007.37,24019.17,24003.85,24016.94
1775824800,24016.72,24021.31,23998.63,24006.25
1775825100,24006.77,24011.4,23992.7,24001.23
1775825400,24001.28,24005.27,23986.8,23986.8
1775825700,23987.63,23987.98,23973.55,23975.98
1775826000,23975.96,23985.11,23963.55,23984.84
1775826300,23985.1,24000.78,23984.7,23996.82
1775826600,23996.33,23996.39,23974.42,23977.77
1775826900,23972.75,23974.16,23966.7,23972.21
1775827200,23972.16,23981.25,23971.84,23979.35
1775827500,23979.34,23986.26,23979.22,23982.17
1775827800,23983.84,23990.15,23947.7,23948.16
1775828100,23947.68,23947.68,23919.56,23926.43
1775828400,23925.68,23926.54,23902.05,23912.14
1775828700,23912.23,23916.04,23880.22,23891.43
1775829000,23891.71,23893.0,23872.39,23878.8
1775829300,23877.63,23921.3,23868.39,23921.3
1775829600,23923.2,23923.2,23898.67,23918.79
1775829900,23918.64,23929.22,23905.29,23918.78
1775830200,23918.73,23954.45,23911.24,23954.45
1775830500,23954.12,23963.43,23949.91,23959.66
1775830800,23959.43,23963.12,23950.88,23962.48
1775831100,23962.82,23970.59,23958.2,23967.22
1775831400,23967.38,23974.87,23948.65,23949.3
1775831700,23948.94,23952.4,23937.21,23942.13
1775832000,23940.92,23940.92,23882.12,23898.68
1775832300,23898.77,23902.38,23873.88,23873.88
1775832600,23873.95,23888.49,23868.18,23868.19
1775832900,23869.55,23881.61,23860.61,23870.01
1775833200,23870.48,23870.67,23848.88,23857.91
1775833500,23858.07,23882.85,23857.4,23882.12
1775833800,23881.74,23898.39,23879.63,23889.14
1775834100,23888.8,23897.34,23870.07,23876.93
1775834400,23877.09,23894.71,23877.09,23894.53
1775834700,23894.63,23894.63,23855.78,23855.78
1776063600,23562.19,23580.5,23559.74,23572.92
1776063900,23573.49,23581.76,23561.04,23562.09
1776064200,23563.7,23585.61,23556.32,23585.61
1776064500,23584.35,23585.38,23564.34,23578.85
1776064800,23578.61,23579.03,23553.8,23559.32
1776065100,23559.8,23577.89,23553.97,23573.82
1776065400,23574.3,23580.89,23557.01,23559.26
1776065700,23559.76,23565.24,23545.69,23560.24
1776066000,23560.75,23579.93,23559.98,23579.93
1776066300,23579.96,23592.87,23566.89,23585.68
1776066600,23585.78,23589.77,23569.31,23581.37
1776066900,23581.57,23593.61,23580.31,23586.47
1776067200,23584.68,23614.26,23584.35,23605.67
1776067500,23605.14,23607.95,23571.95,23575.64
1776067800,23575.37,23575.37,23562.38,23569.08
1776068100,23568.66,23588.48,23561.34,23587.18
1776068400,23587.1,23592.48,23569.07,23591.4
1776068700,23592.1,23605.4,23591.44,23593.35
1776069000,23592.86,23598.2,23580.39,23580.39
1776069300,23579.73,23588.81,23561.27,23562.21
1776069600,23562.15,23565.79,23553.51,23560.6
1776069900,23562.97,23566.73,23555.03,23562.3
1776070200,23562.82,23572.6,23556.15,23571.93
1776070500,23571.77,23575.8,23560.68,23575.31
1776070800,23576.16,23607.0,23576.16,23600.35
1776071100,23600.24,23609.7,23595.89,23596.13
1776071400,23596.42,23596.62,23586.56,23593.64
1776071700,23593.5,23608.26,23588.67,23607.8
1776072000,23608.02,23609.77,23589.27,23591.44
1776072300,23591.36,23591.83,23582.93,23583.18
1776072600,23582.92,23587.28,23579.04,23582.46
1776072900,23582.75,23586.75,23568.8,23571.3
1776073200,23570.63,23570.63,23558.34,23563.32
1776073500,23563.63,23565.44,23544.6,23545.12
1776073800,23545.05,23555.7,23538.36,23555.21
1776074100,23555.16,23562.29,23554.12,23561.87
1776074400,23561.63,23579.28,23561.63,23576.03
1776074700,23576.39,23576.86,23560.84,23570.12
1776075000,23569.99,23587.76,23564.76,23587.76
1776075300,23587.71,23587.71,23570.57,23579.19
1776075600,23578.68,23582.54,23570.7,23572.71
1776075900,23572.87,23574.66,23567.56,23572.45
1776076200,23572.75,23580.64,23572.16,23577.27
1776076500,23577.35,23579.96,23567.2,23570.89
1776076800,23571.03,23575.17,23560.98,23564.22
1776077100,23564.54,23579.16,23560.86,23571.74
1776077400,23570.91,23570.91,23553.61,23553.61
1776077700,23553.55,23567.02,23553.2,23567.02
1776078000,23567.12,23586.06,23567.12,23574.61
1776078300,23574.77,23580.7,23565.71,23568.59
1776078600,23568.75,23576.88,23568.67,23569.99
1776078900,23569.17,23575.86,23564.6,23564.78
1776079200,23564.86,23568.88,23550.86,23551.57
1776079500,23551.73,23552.79,23538.75,23542.98
1776079800,23542.82,23551.52,23533.54,23542.54
1776080100,23541.87,23542.37,23506.23,23516.69
1776080400,23516.41,23532.83,23506.62,23528.05
1776080700,23528.29,23540.04,23514.33,23514.33
1776081000,23513.83,23513.86,23497.38,23498.35
1776081300,23498.64,23500.58,23488.67,23493.29
1776081600,23493.38,23518.38,23482.01,23485.0
1776081900,23485.08,23517.92,23485.08,23516.71
1776082200,23517.02,23531.17,23517.02,23526.57
1776082500,23526.4,23532.0,23517.87,23527.1
1776082800,23527.57,23531.63,23521.91,23525.52
1776083100,23525.74,23526.32,23517.57,23522.31
1776083400,23523.09,23527.42,23513.34,23523.99
1776083700,23523.98,23524.94,23509.07,23511.55
1776084000,23512.23,23523.61,23509.72,23512.19
1776084300,23513.15,23533.66,23511.56,23524.96
1776084600,23525.18,23543.59,23520.79,23542.02
1776084900,23542.0,23548.25,23531.49,23548.25
1776085200,23548.81,23560.6,23547.52,23557.35
1776085500,23557.4,23561.25,23548.77,23549.17
1776085800,23549.31,23566.13,23549.31,23563.24
1776086100,23563.65,23575.37,23561.66,23573.56
1776086400,23573.46,23576.83,23566.9,23576.83
1776086700,23576.91,23595.27,23574.4,23592.13
1776087000,23590.3,23598.83,23573.57,23584.87
1776087300,23585.85,23586.62,23567.7,23574.68
1776087600,23575.04,23600.74,23574.54,23598.86
1776087900,23599.43,23694.82,23595.07,23694.82
1776088200,23703.01,23738.53,23667.91,23689.76
1776088500,23690.55,23720.57,23682.21,23720.57
1776088800,23720.31,23722.75,23689.87,23707.33
1776089100,23707.3,23719.09,23697.28,23705.59
1776089400,23705.19,23711.26,23695.8,23708.4
1776089700,23708.25,23713.45,23696.26,23712.69
1776090000,23712.91,23728.23,23689.48,23717.02
1776090300,23717.54,23726.95,23707.96,23724.46
1776090600,23724.49,23741.84,23720.67,23729.93
1776090900,23728.74,23733.82,23722.45,23727.24
1776091200,23727.58,23739.76,23723.94,23738.29
1776091500,23738.86,23740.16,23707.24,23710.32
1776091800,23710.4,23730.1,23703.41,23730.1
1776092100,23729.88,23751.98,23722.91,23744.42
1776092400,23743.37,23744.83,23708.43,23730.8
1776092700,23731.21,23747.69,23726.07,23746.42
1776093000,23746.39,23756.85,23736.87,23745.57
1776093300,23745.92,23752.25,23735.06,23735.06
1776093600,23735.5,23750.04,23735.5,23737.06
1776093900,23737.17,23749.9,23732.6,23748.39
1776150000,23953.93,23978.83,23948.58,23970.9
1776150300,23969.34,24011.75,23966.02,24004.74
1776150600,24003.3,24006.0,23974.22,23991.73
1776150900,23991.49,24002.06,23974.1,23974.35
1776151200,23974.09,23998.66,23969.36,23969.36
1776151500,23968.35,23998.25,23966.43,23995.93
1776151800,23996.07,24017.74,23989.41,23993.78
1776152100,23994.01,24008.81,23989.09,24002.84
1776152400,24003.02,24012.65,23984.59,23991.34
1776152700,23991.88,24002.61,23987.44,23987.44
1776153000,23987.13,23991.07,23968.83,23981.2
1776153300,23981.1,24002.08,23980.76,23997.2
1776153600,23997.3,24004.62,23976.54,24001.27
1776153900,24001.36,24011.89,23990.71,23993.15
1776154200,23993.42,24006.72,23973.9,23997.29
1776154500,23997.05,24006.87,23979.35,24004.73
1776154800,24005.19,24005.19,23984.45,23987.71
1776155100,23988.5,24000.88,23988.5,23996.9
1776155400,23997.19,24009.06,23987.25,23992.94
1776155700,23992.98,24002.45,23990.81,23995.98
1776156000,23995.87,23995.87,23978.4,23992.62
1776156300,23992.71,24001.07,23991.65,23997.98
1776156600,23997.6,24018.02,23995.06,24018.02
1776156900,24019.34,24035.59,24015.11,24033.53
1776157200,24033.56,24053.28,24027.0,24027.28
1776157500,24027.61,24030.03,24013.48,24025.48
1776157800,24025.61,24028.4,24022.78,24023.24
1776158100,24023.69,24025.45,23998.24,23998.24
1776158400,23998.11,24004.81,23988.86,24001.02
1776158700,24000.73,24001.51,23984.37,23987.11
1776159000,23986.62,23986.62,23965.98,23975.19
1776159300,23975.13,23979.97,23970.01,23976.54
1776159600,23976.72,23983.08,23959.23,23965.64
1776159900,23966.08,23966.63,23944.88,23952.24
1776160200,23952.02,23966.47,23951.8,23955.47
1776160500,23956.85,23973.71,23956.85,23971.86
1776160800,23972.13,23975.64,23953.79,23955.9
1776161100,23957.63,23972.98,23956.94,23967.48
1776161400,23967.11,23971.02,23960.25,23965.03
1776161700,23964.84,23983.78,23960.86,23982.61
1776162000,23980.64,23982.76,23976.15,23978.56
1776162300,23978.66,23979.09,23967.45,23972.77
1776162600,23972.91,23972.91,23950.75,23959.23
1776162900,23959.63,23971.66,23941.09,23943.69
1776163200,23944.14,23945.99,23938.11,23940.34
1776163500,23940.61,23958.38,23939.01,23957.03
1776163800,23957.33,23959.93,23946.69,23946.94
1776164100,23947.23,23958.06,23945.05,23954.49
1776164400,23954.99,23958.46,23948.08,23957.24
1776164700,23957.89,23968.91,23956.3,23957.19
1776165000,23959.46,23971.95,23950.02,23950.62
1776165300,23950.49,23967.21,23944.96,23966.38
1776165600,23966.42,23975.44,23966.42,23972.43
1776165900,23972.34,23991.45,23972.34,23984.53
1776166200,23984.57,23988.71,23976.66,23977.63
1776166500,23977.41,23983.79,23971.91,23979.63
1776166800,23978.57,23982.96,23971.28,23972.91
1776167100,23972.88,23974.13,23963.59,23963.67
1776167400,23964.27,23975.52,23963.79,23975.52
1776167700,23975.23,24043.83,23972.58,24010.45
1776168000,24010.71,24017.63,23993.86,23993.86
1776168300,23993.79,24001.39,23988.34,23999.79
1776168600,23999.15,24007.27,23989.25,23997.63
1776168900,23996.62,24016.73,23995.5,24006.45
1776169200,24006.2,24006.55,23987.81,24005.05
1776169500,24005.32,24029.51,24004.02,24029.2
1776169800,24031.07,24085.17,24005.63,24020.37
1776170100,24020.24,24028.58,24009.84,24026.31
1776170400,24026.03,24031.33,24022.68,24025.52
1776170700,24025.68,24030.15,24014.99,24025.41
1776171000,24025.66,24026.44,24005.25,24013.5
1776171300,24013.23,24022.35,24013.23,24022.35
1776171600,24022.21,24028.06,24010.1,24027.46
1776171900,24026.82,24031.3,24020.73,24023.73
1776172200,24023.6,24040.17,24023.15,24036.94
1776172500,24036.77,24050.34,24036.15,24044.49
1776172800,24044.41,24050.13,24034.61,24049.68
1776173100,24047.73,24047.81,24032.86,24037.93
1776173400,24036.03,24046.3,24017.39,24025.88
1776173700,24025.71,24054.93,24020.47,24039.42
1776174000,24039.49,24053.14,24029.2,24047.35
1776174300,24047.19,24047.19,24028.68,24037.84
1776174600,24037.42,24046.58,24028.99,24044.93
1776174900,24045.32,24059.73,24044.63,24048.19
1776175200,24048.72,24070.59,24044.43,24046.01
1776175500,24046.96,24082.53,24040.04,24082.53
1776175800,24080.4,24085.58,24066.99,24085.58
1776176100,24086.13,24087.3,24059.27,24060.93
1776176400,24061.06,24066.81,24047.95,24050.36
1776176700,24050.86,24058.26,24041.62,24052.17
1776177000,24052.12,24057.34,24037.11,24057.07
1776177300,24056.59,24069.22,24047.85,24051.69
1776177600,24051.4,24061.76,24045.87,24057.39
1776177900,24057.52,24065.29,24054.01,24060.11
1776178200,24060.16,24067.14,24052.71,24062.82
1776178500,24061.96,24066.24,24053.61,24055.12
1776178800,24054.66,24055.13,24041.84,24043.55
1776179100,24043.17,24043.49,24015.51,24020.11
1776179400,24020.14,24024.3,24005.47,24005.49
1776179700,24005.48,24034.33,23995.66,24031.9
1776180000,24031.39,24051.06,24030.84,24039.23
1776180300,24038.57,24049.33,24035.42,24035.42
1776236400,24060.97,24063.66,24042.19,24061.82
1776236700,24062.83,24095.2,24062.48,24073.29
1776237000,24072.98,24084.52,24066.71,24069.61
1776237300,24071.02,24076.54,24053.15,24059.3
1776237600,24059.74,24070.57,24057.45,24064.4
1776237900,24064.69,24065.22,24043.98,24049.4
1776238200,24049.86,24063.47,24049.24,24056.61
1776238500,24055.66,24066.03,24053.04,24058.73
1776238800,24057.51,24057.51,24045.73,24056.52
1776239100,24056.74,24058.87,24037.37,24045.98
1776239400,24046.2,24056.87,24041.08,24043.9
1776239700,24044.0,24053.29,24033.44,24050.92
1776240000,24051.23,24052.09,24036.03,24043.49
1776240300,24043.01,24050.46,24025.12,24025.4
1776240600,24025.48,24039.3,24017.57,24039.0
1776240900,24039.01,24051.9,24038.05,24040.29
1776241200,24040.32,24046.33,24035.15,24041.28
1776241500,24041.61,24066.98,24041.27,24066.98
1776241800,24067.0,24072.44,24057.18,24070.0
1776242100,24069.3,24069.78,24062.71,24066.77
1776242400,24066.7,24099.13,24065.51,24087.65
1776242700,24087.68,24103.15,24084.77,24101.3
1776243000,24101.56,24101.56,24088.42,24096.72
1776243300,24096.82,24099.64,24087.96,24092.47
1776243600,24093.03,24101.39,24072.09,24081.15
1776243900,24081.1,24081.41,24040.25,24046.89
1776244200,24046.99,24060.55,24034.07,24058.49
1776244500,24058.67,24060.61,24046.82,24055.17
1776244800,24055.08,24068.53,24049.96,24064.48
1776245100,24064.7,24065.84,24034.45,24035.51
1776245400,24035.38,24048.74,24035.38,24041.9
1776245700,24042.62,24058.91,24042.62,24050.34
1776246000,24049.69,24062.58,24046.18,24056.0
1776246300,24056.09,24058.37,24045.46,24055.83
1776246600,24055.94,24059.24,24048.0,24053.55
1776246900,24053.02,24054.03,24048.86,24049.62
1776247200,24049.64,24062.9,24043.65,24058.32
1776247500,24058.18,24085.53,24056.1,24083.12
1776247800,24082.86,24083.57,24064.76,24066.57
1776248100,24066.03,24066.03,24033.72,24037.71
1776248400,24037.41,24046.03,24015.55,24015.77
1776248700,24015.52,24019.11,23996.8,24002.63
1776249000,24003.64,24010.88,24002.83,24009.13
1776249300,24009.22,24012.51,24002.77,24006.93
1776249600,24006.47,24052.92,24002.51,24046.79
1776249900,24046.76,24060.45,24034.72,24035.0
1776250200,24035.47,24042.56,24028.83,24041.91
1776250500,24042.19,24042.19,24026.78,24035.25
1776250800,24035.34,24044.84,24032.7,24040.78
1776251100,24041.54,24046.44,24027.64,24043.61
1776251400,24043.3,24055.29,24042.35,24050.0
1776251700,24051.31,24052.42,24036.31,24041.19
1776252000,24041.02,24045.75,24039.34,24045.75
1776252300,24045.21,24054.72,24042.05,24042.64
1776252600,24042.43,24061.99,24042.12,24051.47
1776252900,24051.93,24068.35,24050.45,24067.3
1776253200,24067.1,24067.1,24055.78,24059.74
1776253500,24059.77,24127.01,24051.11,24072.61
1776253800,24072.43,24076.17,24059.87,24065.46
1776254100,24065.78,24072.68,24062.83,24070.62
1776254400,24068.64,24068.64,24046.83,24055.24
1776254700,24053.72,24069.3,24039.68,24065.23
1776255000,24067.16,24074.17,24060.29,24062.54
1776255300,24062.31,24070.59,24050.17,24063.96
1776255600,24064.39,24065.91,24055.21,24065.91
1776255900,24065.66,24067.6,24049.62,24059.24
1776256200,24059.28,24065.56,24047.06,24048.76
1776256500,24048.49,24052.54,24037.83,24052.05
1776256800,24051.92,24061.61,24046.73,24061.54
1776257100,24061.61,24068.21,24057.56,24058.85
1776257400,24058.95,24065.22,24053.63,24058.46
1776257700,24059.12,24065.79,24054.45,24059.75
1776258000,24059.5,24062.72,24048.37,24062.18
1776258300,24062.05,24074.38,24057.04,24073.94
1776258600,24073.81,24075.87,24058.1,24058.34
1776258900,24058.2,24061.73,24052.92,24054.82
1776259200,24054.9,24066.14,24051.53,24064.35
1776259500,24065.03,24088.9,24064.19,24084.88
1776259800,24085.06,24094.06,24066.23,24086.89
1776260100,24086.51,24117.44,24083.04,24104.56
1776260400,24103.93,24104.98,24069.16,24069.16
1776260700,24069.42,24094.77,24069.42,24088.74
1776261000,24088.52,24097.99,24076.89,24084.78
1776261300,24085.02,24100.97,24083.97,24099.57
1776261600,24101.71,24101.95,24078.59,24085.02
1776261900,24084.88,24101.41,24081.03,24100.12
1776262200,24100.29,24104.75,24085.24,24095.6
1776262500,24095.05,24099.0,24078.64,24078.71
1776262800,24079.15,24102.73,24075.93,24102.34
1776263100,24102.23,24118.59,24098.0,24113.35
1776263400,24113.41,24115.39,24089.7,24094.17
1776263700,24094.71,24097.13,24066.16,24067.37
1776264000,24067.24,24086.94,24062.86,24075.1
1776264300,24075.09,24083.5,24071.1,24078.18
1776264600,24078.21,24095.72,24074.84,24087.38
1776264900,24087.15,24095.8,24086.79,24090.46
1776265200,24090.51,24097.18,24081.09,24084.85
1776265500,24084.95,24091.39,24075.11,24087.05
1776265800,24087.01,24105.74,24083.69,24087.2
1776266100,24087.3,24101.45,24083.31,24095.08
1776266400,24094.79,24094.98,24069.01,24079.56
1776266700,24079.78,24090.95,24074.88,24087.53
1776322800,24135.49,24135.49,24075.01,24075.01
1776323100,24075.03,24086.91,24060.45,24083.45
1776323400,24084.48,24093.15,24074.9,24076.12
1776323700,24075.87,24087.76,24068.45,24087.51
1776324000,24087.61,24099.15,24078.45,24096.48
1776324300,24097.06,24107.8,24087.15,24103.17
1776324600,24102.76,24113.9,24094.44,24108.62
1776324900,24110.56,24118.22,24104.03,24108.25
1776325200,24108.17,24125.22,24104.76,24109.07
1776325500,24110.48,24112.19,24096.97,24107.51
1776325800,24108.1,24110.18,24098.21,24107.17
1776326100,24107.44,24107.89,24092.91,24105.91
1776326400,24105.96,24106.17,24092.38,24092.38
1776326700,24092.07,24096.32,24074.06,24088.59
1776327000,24089.7,24092.85,24068.56,24071.2
1776327300,24070.7,24096.64,24070.7,24086.3
1776327600,24086.27,24092.0,24072.7,24075.52
1776327900,24075.65,24076.07,24059.17,24075.18
1776328200,24075.82,24081.9,24072.75,24075.56
1776328500,24075.37,24091.31,24071.86,24089.04
1776328800,24088.54,24100.64,24086.5,24098.2
1776329100,24098.4,24111.59,24097.65,24100.83
1776329400,24101.22,24118.1,24100.73,24116.48
1776329700,24116.67,24125.97,24111.34,24120.29
1776330000,24121.09,24131.1,24114.11,24126.41
1776330300,24126.27,24140.53,24124.92,24138.58
1776330600,24138.07,24139.09,24129.5,24136.2
1776330900,24136.85,24146.44,24134.26,24145.72
1776331200,24146.1,24151.33,24134.71,24142.15
1776331500,24142.06,24151.68,24140.26,24143.6
1776331800,24143.47,24152.47,24135.69,24151.23
1776332100,24150.42,24154.66,24145.88,24145.88
1776332400,24145.67,24148.66,24138.46,24147.46
1776332700,24147.6,24150.77,24138.01,24142.64
1776333000,24142.68,24146.44,24137.44,24141.5
1776333300,24141.79,24149.98,24140.06,24149.87
1776333600,24149.73,24172.82,24147.48,24169.83
1776333900,24170.01,24182.72,24168.91,24177.35
1776334200,24177.43,24180.29,24173.18,24178.41
1776334500,24179.29,24193.36,24178.41,24189.88
1776334800,24189.96,24192.04,24176.03,24180.73
1776335100,24180.98,24189.74,24179.57,24188.4
1776335400,24188.56,24191.63,24175.34,24182.71
1776335700,24183.24,24193.76,24176.08,24193.76
1776336000,24193.15,24196.34,24188.27,24189.71
1776336300,24189.49,24189.49,24175.81,24183.26
1776336600,24183.17,24183.17,24171.85,24176.05
1776336900,24176.14,24195.89,24175.83,24195.89
1776337200,24195.06,24209.68,24195.06,24205.11
1776337500,24205.33,24208.12,24195.03,24198.52
1776337800,24199.4,24209.22,24199.4,24202.06
1776338100,24202.33,24207.86,24199.13,24199.49
1776338400,24200.51,24204.3,24195.81,24195.81
1776338700,24196.49,24196.7,24186.35,24194.52
1776339000,24194.61,24218.5,24194.61,24215.58
1776339300,24215.49,24215.49,24206.34,24208.64
1776339600,24208.58,24214.1,24202.53,24213.05
1776339900,24213.15,24226.83,24211.32,24222.44
1776340200,24222.15,24230.39,24218.46,24222.57
1776340500,24223.06,24233.99,24220.82,24232.13
1776340800,24232.58,24248.13,24226.12,24238.62
1776341100,24237.85,24237.85,24210.49,24223.46
1776341400,24223.14,24223.75,24212.11,24222.53
1776341700,24222.43,24222.48,24206.31,24218.49
1776342000,24217.98,24223.89,24214.53,24218.09
1776342300,24218.22,24224.63,24215.97,24221.01
1776342600,24222.14,24226.11,24209.5,24224.8
1776342900,24226.33,24228.76,24216.71,24223.04
1776343200,24223.48,24229.61,24220.62,24226.34
1776343500,24225.96,24226.4,24216.21,24225.08
1776343800,24225.22,24235.64,24223.27,24226.15
1776344100,24226.25,24237.0,24226.25,24234.67
1776344400,24234.89,24238.58,24229.17,24235.64
1776344700,24235.22,24245.66,24227.87,24228.25
1776345000,24227.4,24238.68,24218.62,24235.52
1776345300,24235.55,24241.36,24233.1,24239.87
1776345600,24241.47,24243.12,24236.45,24240.36
1776345900,24238.66,24249.02,24238.66,24247.39
1776346200,24247.3,24259.66,24228.07,24229.76
1776346500,24230.0,24236.54,24201.38,24202.21
1776346800,24204.12,24206.52,24181.31,24187.19
1776347100,24189.33,24189.33,24160.51,24172.19
1776347400,24172.17,24172.17,24106.2,24107.47
1776347700,24108.42,24134.29,24089.57,24134.29
1776348000,24134.15,24149.13,24118.54,24141.15
1776348300,24140.78,24170.79,24138.84,24158.76
1776348600,24159.06,24173.5,24153.78,24153.78
1776348900,24155.14,24160.95,24128.0,24130.81
1776349200,24130.87,24133.76,24106.92,24114.21
1776349500,24114.27,24124.66,24101.89,24123.91
1776349800,24123.98,24146.29,24120.21,24143.93
1776350100,24145.13,24145.13,24113.26,24113.26
1776350400,24113.04,24132.74,24109.27,24131.17
1776350700,24131.43,24145.88,24127.53,24140.57
1776351000,24140.73,24148.65,24135.02,24144.84
1776351300,24144.94,24145.74,24123.61,24131.1
1776351600,24130.56,24148.55,24128.8,24141.65
1776351900,24143.17,24158.04,24136.34,24157.85
1776352200,24158.72,24172.24,24158.32,24162.49
1776352500,24162.8,24177.33,24159.95,24162.22
1776352800,24162.66,24172.93,24159.69,24161.29
1776353100,24161.16,24170.73,24150.26,24155.35
1776409200,24150.47,24157.08,24146.58,24156.46
1776409500,24156.19,24163.88,24148.69,24160.92
1776409800,24160.24,24192.47,24157.59,24191.36
1776410100,24191.41,24196.74,24180.98,24196.74
1776410400,24196.47,24197.86,24182.41,24185.85
1776410700,24186.05,24200.32,24181.06,24187.74
1776411000,24187.65,24199.55,24184.24,24195.24
1776411300,24195.56,24204.0,24192.45,24199.92
1776411600,24200.22,24210.51,24195.83,24210.28
1776411900,24208.77,24208.77,24193.11,24204.72
1776412200,24204.61,24236.08,24203.48,24235.79
1776412500,24235.9,24245.96,24228.47,24236.38
1776412800,24235.9,24249.31,24233.47,24238.76
1776413100,24239.08,24250.56,24236.66,24239.43
1776413400,24238.91,24242.67,24231.01,24237.89
1776413700,24237.31,24241.64,24231.44,24239.53
1776414000,24240.54,24265.98,24240.34,24265.98
1776414300,24265.55,24272.6,24258.3,24270.33
1776414600,24270.53,24271.96,24265.93,24267.56
1776414900,24268.71,24274.19,24260.34,24274.19
1776415200,24274.15,24310.61,24274.15,24307.6
1776415500,24308.33,24308.52,24298.07,24307.38
1776415800,24307.42,24311.42,24296.61,24304.83
1776416100,24304.32,24317.39,24303.57,24317.39
1776416400,24317.1,24323.49,24310.11,24315.08
1776416700,24314.58,24315.47,24305.99,24306.77
1776417000,24307.18,24317.69,24303.93,24311.04
1776417300,24311.1,24311.51,24294.69,24299.54
1776417600,24299.28,24313.03,24298.63,24305.42
1776417900,24305.55,24321.99,24305.55,24317.6
1776418200,24317.7,24326.63,24316.69,24325.42
1776418500,24325.87,24328.04,24315.65,24321.48
1776418800,24321.53,24332.62,24319.25,24324.78
1776419100,24324.85,24347.66,24316.69,24347.04
1776419400,24349.72,24368.85,24343.58,24365.29
1776419700,24363.1,24370.01,24330.86,24330.86
1776420000,24334.61,24334.61,24316.4,24320.54
1776420300,24320.5,24327.5,24317.6,24321.8
1776420600,24321.9,24324.8,24310.3,24318.82
1776420900,24317.93,24319.66,24308.55,24318.62
1776421200,24318.77,24338.19,24318.42,24330.2
1776421500,24330.6,24331.38,24315.09,24319.84
1776421800,24320.13,24320.13,24288.91,24293.3
1776422100,24293.89,24300.46,24289.52,24297.51
1776422400,24297.67,24298.27,24286.89,24290.58
1776422700,24289.86,24294.99,24287.18,24292.83
1776423000,24292.54,24303.89,24286.58,24303.61
1776423300,24303.94,24317.37,24301.34,24316.43
1776423600,24313.45,24314.59,24313.45,24314.59
1776423900,24314.86,24314.86,24291.48,24293.3
1776424200,24293.01,24293.07,24266.34,24266.63
1776424500,24264.35,24271.52,24259.22,24270.78
1776424800,24271.33,24272.56,24265.52,24268.08
1776425100,24267.77,24268.97,24257.23,24260.9
1776425400,24261.15,24272.56,24260.0,24261.98
1776425700,24261.69,24272.15,24260.47,24268.51
1776426000,24268.22,24277.74,24265.97,24272.18
1776426300,24272.13,24272.13,24256.89,24267.28
1776426600,24266.16,24272.78,24264.19,24268.99
1776426900,24268.7,24274.69,24266.02,24266.92
1776427200,24266.81,24271.75,24262.26,24269.03
1776427500,24269.09,24273.59,24258.79,24260.62
1776427800,24260.6,24275.47,24254.75,24272.6
1776428100,24272.79,24275.24,24262.1,24275.24
1776428400,24275.28,24289.17,24261.46,24289.17
1776428700,24288.05,24335.36,24287.51,24331.98
1776429000,24331.82,24348.64,24327.9,24336.88
1776429300,24336.79,24351.19,24330.51,24331.86
1776429600,24332.31,24333.9,24323.97,24328.81
1776429900,24328.72,24521.69,24324.3,24521.69
1776430200,24524.67,24617.96,24508.62,24611.38
1776430500,24611.7,24660.03,24585.04,24615.43
1776430800,24614.81,24628.79,24595.64,24628.49
1776431100,24629.36,24702.47,24616.17,24700.15
1776431400,24699.6,24734.44,24681.37,24698.47
1776431700,24697.96,24710.7,24665.68,24704.24
1776432000,24703.91,24703.91,24663.4,24689.8
1776432300,24689.3,24695.35,24643.51,24665.22
1776432600,24661.97,24698.07,24641.82,24681.83
1776432900,24683.06,24705.75,24678.96,24687.8
1776433200,24686.93,24689.94,24646.32,24669.91
1776433500,24671.11,24688.35,24580.2,24638.45
1776433800,24640.19,24670.1,24634.37,24664.25
1776434100,24664.37,24681.56,24646.0,24657.77
1776434400,24657.19,24692.91,24642.99,24691.93
1776434700,24693.56,24708.28,24681.71,24705.78
1776435000,24704.52,24707.98,24669.64,24695.51
1776435300,24695.77,24708.63,24689.07,24695.0
1776435600,24694.78,24745.2,24672.0,24743.54
1776435900,24743.64,24771.92,24722.78,24722.9
1776436200,24724.03,24759.18,24709.93,24758.09
1776436500,24756.41,24759.28,24729.46,24748.35
1776436800,24749.56,24792.46,24741.92,24777.36
1776437100,24776.95,24776.95,24757.14,24765.71
1776437400,24764.77,24775.0,24752.85,24754.29
1776437700,24754.1,24759.98,24738.2,24748.04
1776438000,24747.73,24753.38,24712.05,24731.25
1776438300,24731.39,24739.34,24712.92,24723.21
1776438600,24722.5,24725.23,24707.85,24714.47
1776438900,24713.88,24728.15,24699.79,24703.5
1776439200,24702.16,24702.16,24682.86,24687.43
1776439500,24688.05,24703.19,24680.09,24698.77
1776668400,24385.04,24397.64,24379.5,24392.66
1776668700,24391.56,24411.73,24384.93,24407.47
1776669000,24406.34,24434.29,24400.39,24434.29
1776669300,24434.82,24451.11,24419.78,24434.65
1776669600,24433.11,24441.39,24415.7,24421.52
1776669900,24421.56,24421.79,24384.66,24391.55
1776670200,24390.97,24401.46,24360.68,24369.51
1776670500,24369.86,24377.15,24339.52,24354.1
1776670800,24354.29,24361.02,24347.5,24355.72
1776671100,24355.49,24360.58,24330.32,24347.07
1776671400,24347.95,24350.44,24333.35,24337.92
1776671700,24338.06,24355.23,24333.3,24355.23
1776672000,24354.96,24372.33,24335.67,24336.1
1776672300,24334.32,24341.31,24305.14,24308.57
1776672600,24308.59,24326.83,24304.54,24312.74
1776672900,24312.07,24313.54,24296.76,24297.45
1776673200,24297.75,24311.21,24290.0,24308.81
1776673500,24308.85,24325.58,24308.85,24321.13
1776673800,24320.68,24320.68,24295.1,24307.54
1776674100,24308.11,24309.32,24299.25,24302.0
1776674400,24301.93,24310.42,24290.51,24299.48
1776674700,24299.31,24317.22,24298.79,24313.2
1776675000,24313.14,24321.54,24305.98,24317.47
1776675300,24317.74,24348.07,24310.98,24338.78
1776675600,24338.71,24349.97,24334.2,24348.74
1776675900,24351.83,24371.54,24341.53,24347.92
1776676200,24347.89,24349.72,24331.49,24347.86
1776676500,24348.37,24359.18,24343.49,24356.57
1776676800,24357.13,24362.45,24350.45,24358.14
1776677100,24358.07,24370.25,24352.56,24368.88
1776677400,24368.24,24380.64,24367.72,24371.99
1776677700,24371.63,24377.0,24360.08,24365.88
1776678000,24366.03,24380.9,24364.02,24380.9
1776678300,24381.82,24382.1,24372.09,24372.62
1776678600,24372.32,24374.87,24363.3,24370.38
1776678900,24370.42,24375.71,24364.1,24366.55
1776679200,24366.38,24379.66,24365.66,24375.53
1776679500,24376.65,24395.6,24376.65,24395.6
1776679800,24396.48,24407.79,24382.57,24384.65
1776680100,24384.61,24400.3,24381.23,24393.52
1776680400,24393.55,24393.6,24364.44,24365.31
1776680700,24366.0,24381.03,24365.89,24380.64
1776681000,24381.34,24386.29,24358.61,24362.34
1776681300,24361.91,24373.33,24361.7,24370.31
1776681600,24369.74,24369.74,24359.79,24362.92
1776681900,24364.02,24369.92,24360.73,24361.19
1776682200,24360.61,24370.08,24358.2,24365.89
1776682500,24366.5,24378.01,24365.51,24376.01
1776682800,24376.3,24376.3,24340.35,24345.15
1776683100,24345.67,24366.57,24345.67,24366.57
1776683400,24366.39,24373.33,24359.07,24372.59
1776683700,24373.71,24379.29,24364.24,24365.41
1776684000,24365.81,24370.95,24362.77,24370.03
1776684300,24370.0,24376.79,24367.88,24368.11
1776684600,24363.55,24378.76,24360.39,24370.46
1776684900,24366.86,24370.56,24350.4,24360.05
1776685200,24360.02,24365.0,24350.01,24365.0
1776685500,24365.1,24389.84,24365.1,24382.72
1776685800,24382.62,24385.55,24371.63,24380.98
1776686100,24381.29,24385.87,24375.67,24385.87
1776686400,24386.0,24394.34,24366.44,24384.79
1776686700,24384.95,24389.63,24375.1,24378.17
1776687000,24378.28,24382.12,24376.4,24378.77
1776687300,24378.43,24379.94,24366.37,24376.43
1776687600,24376.72,24383.01,24369.08,24373.9
1776687900,24373.58,24374.45,24363.87,24363.87
1776688200,24365.06,24379.04,24359.82,24365.51
1776688500,24365.29,24368.3,24351.76,24353.99
1776688800,24353.88,24374.32,24353.77,24369.83
1776689100,24369.7,24382.12,24366.21,24379.58
1776689400,24379.39,24381.19,24359.84,24365.88
1776689700,24365.49,24365.69,24353.32,24358.84
1776690000,24358.49,24359.0,24341.41,24357.92
1776690300,24357.97,24425.16,24350.92,24402.84
1776690600,24403.64,24422.24,24401.33,24412.56
1776690900,24412.34,24420.86,24411.2,24420.09
1776691200,24420.22,24441.92,24420.22,24425.72
1776691500,24425.66,24448.8,24423.62,24445.86
1776691800,24447.28,24465.24,24443.8,24462.69
1776692100,24462.81,24465.46,24440.4,24440.91
1776692400,24440.81,24464.37,24434.08,24461.17
1776692700,24461.36,24470.94,24456.69,24467.49
1776693000,24467.67,24491.46,24458.19,24490.77
1776693300,24491.06,24497.38,24484.87,24492.58
1776693600,24493.28,24493.86,24468.25,24469.35
1776693900,24470.2,24488.22,24469.0,24472.43
1776694200,24472.65,24475.84,24439.56,24455.44
1776694500,24455.26,24474.58,24454.5,24471.86
1776694800,24468.41,24475.59,24465.15,24470.92
1776695100,24471.28,24471.28,24459.14,24466.02
1776695400,24466.12,24476.59,24457.24,24462.98
1776695700,24463.01,24464.53,24451.01,24452.1
1776696000,24451.45,24451.45,24432.99,24449.28
1776696300,24448.3,24461.83,24445.41,24461.66
1776696600,24461.71,24466.0,24347.9,24409.78
1776696900,24409.92,24412.7,24392.12,24405.87
1776697200,24407.13,24419.58,24390.73,24395.93
1776697500,24395.79,24407.69,24389.54,24392.25
1776697800,24392.76,24415.84,24392.76,24400.94
1776698100,24401.12,24412.93,24397.33,24402.35
1776698400,24402.07,24440.5,24399.52,24432.18
1776698700,24431.95,24442.73,24420.86,24440.85
1776754800,24508.2,24533.92,24498.84,24516.95
1776755100,24516.58,24543.94,24510.24,24537.71
1776755400,24538.61,24557.46,24534.97,24544.1
1776755700,24545.06,24554.11,24535.27,24550.89
1776756000,24550.91,24560.91,24548.19,24552.39
1776756300,24551.95,24566.25,24551.31,24559.26
1776756600,24562.94,24566.72,24551.39,24555.84
1776756900,24555.83,24564.46,24544.25,24549.1
1776757200,24549.15,24577.74,24544.13,24571.49
1776757500,24571.44,24587.94,24565.61,24585.56
1776757800,24585.62,24600.69,24569.41,24570.42
1776758100,24570.37,24575.49,24558.15,24560.83
1776758400,24556.75,24557.52,24542.75,24546.21
1776758700,24546.03,24550.0,24523.17,24531.62
1776759000,24530.46,24541.42,24514.45,24518.29
1776759300,24517.45,24533.0,24515.91,24529.21
1776759600,24529.08,24551.63,24529.08,24551.28
1776759900,24551.34,24569.78,24551.34,24566.23
1776760200,24566.25,24566.36,24552.56,24562.21
1776760500,24562.18,24572.16,24557.47,24571.89
1776760800,24571.31,24606.84,24571.31,24600.84
1776761100,24600.55,24601.45,24592.24,24597.41
1776761400,24597.35,24598.61,24587.53,24596.46
1776761700,24595.58,24596.68,24581.41,24582.71
1776762000,24582.84,24583.72,24546.46,24548.81
1776762300,24548.78,24561.41,24548.61,24555.27
1776762600,24555.2,24579.99,24555.2,24573.93
1776762900,24573.88,24584.42,24570.3,24583.67
1776763200,24583.78,24584.43,24570.87,24579.97
1776763500,24580.26,24583.05,24564.87,24567.7
1776763800,24567.56,24577.68,24567.43,24570.99
1776764100,24570.54,24572.12,24564.8,24570.06
1776764400,24569.87,24569.87,24561.2,24568.56
1776764700,24570.02,24574.41,24565.73,24574.41
1776765000,24574.8,24592.76,24573.52,24591.94
1776765300,24592.49,24603.84,24582.18,24583.6
1776765600,24579.43,24583.76,24576.2,24580.0
1776765900,24580.2,24593.26,24580.09,24592.17
1776766200,24592.68,24592.99,24572.34,24574.51
1776766500,24574.59,24577.4,24566.5,24570.01
1776766800,24570.24,24570.8,24556.93,24556.93
1776767100,24556.8,24562.18,24549.56,24555.44
1776767400,24555.6,24558.37,24549.87,24555.88
1776767700,24555.63,24586.72,24555.12,24586.3
1776768000,24586.91,24586.91,24570.56,24575.61
1776768300,24575.58,24579.66,24571.72,24575.98
1776768600,24577.33,24587.56,24576.94,24586.73
1776768900,24586.95,24596.69,24586.95,24596.65
1776769200,24596.4,24596.4,24581.43,24585.97
1776769500,24585.7,24592.41,24544.36,24560.68
1776769800,24560.83,24566.76,24548.72,24550.08
1776770100,24550.99,24557.99,24543.21,24553.79
1776770400,24553.28,24564.5,24553.14,24560.24
1776770700,24560.62,24570.18,24550.36,24570.18
1776771000,24569.83,24579.18,24564.0,24564.0
1776771300,24563.91,24570.71,24562.45,24568.77
1776771600,24568.53,24570.61,24559.98,24561.26
1776771900,24558.79,24559.59,24542.37,24542.37
1776772200,24542.22,24542.31,24515.01,24517.7
1776772500,24517.02,24523.51,24514.52,24515.78
1776772800,24515.92,24522.22,24515.92,24519.38
1776773100,24518.59,24518.59,24507.29,24511.89
1776773400,24512.97,24516.74,24507.87,24510.77
1776773700,24509.38,24509.38,24484.99,24484.99
1776774000,24482.99,24499.6,24482.65,24496.88
1776774300,24497.01,24505.31,24496.43,24504.57
1776774600,24504.69,24509.21,24490.49,24504.3
1776774900,24504.4,24505.84,24457.34,24468.72
1776775200,24466.64,24483.44,24460.6,24470.93
1776775500,24471.51,24479.0,24454.67,24454.67
1776775800,24454.39,24468.79,24451.49,24468.79
1776776100,24469.23,24477.3,24448.77,24456.66
1776776400,24457.91,24464.2,24455.25,24456.63
1776776700,24456.73,24456.73,24434.58,24440.77
1776777000,24441.1,24446.23,24431.74,24431.74
1776777300,24431.56,24437.5,24424.7,24427.54
1776777600,24426.98,24432.45,24409.44,24415.14
1776777900,24415.99,24421.76,24412.43,24418.61
1776778200,24418.56,24432.37,24412.1,24428.17
1776778500,24428.26,24438.45,24422.34,24437.11
1776778800,24437.7,24454.5,24434.15,24452.67
1776779100,24452.76,24471.62,24452.76,24461.9
1776779400,24461.84,24476.75,24460.38,24470.45
1776779700,24470.06,24477.85,24459.03,24474.47
1776780000,24476.75,24476.75,24441.15,24449.15
1776780300,24449.06,24449.07,24437.93,24441.69
1776780600,24439.82,24441.36,24423.61,24436.59
1776780900,24436.08,24444.98,24419.4,24437.52
1776781200,24436.61,24439.92,24395.75,24399.76
1776781500,24398.96,24404.65,24394.14,24399.19
1776781800,24399.48,24403.89,24387.05,24396.53
1776782100,24396.4,24398.63,24381.56,24381.66
1776782400,24381.59,24390.93,24361.6,24366.14
1776782700,24366.04,24366.04,24316.55,24317.51
1776783000,24317.42,24324.71,24309.81,24316.2
1776783300,24316.78,24316.83,24284.73,24286.76
1776783600,24287.57,24293.46,24251.46,24261.05
1776783900,24260.72,24294.66,24247.31,24294.66
1776784200,24295.04,24314.6,24295.04,24310.94
1776784500,24311.22,24318.78,24300.32,24317.29
1776784800,24317.82,24323.28,24305.2,24306.21
1776785100,24306.55,24306.63,24285.52,24296.08
1776841200,24373.41,24390.71,24361.78,24390.51
1776841500,24391.19,24399.57,24378.02,24379.53
1776841800,24378.52,24382.7,24357.89,24359.06
1776842100,24358.93,24359.56,24332.49,24342.11
1776842400,24341.7,24373.21,24340.61,24357.51
1776842700,24354.93,24361.85,24350.38,24353.64
1776843000,24352.92,24353.72,24319.07,24322.44
1776843300,24322.06,24339.83,24322.06,24333.79
1776843600,24333.17,24336.69,24313.75,24336.36
1776843900,24334.84,24344.27,24315.9,24316.01
1776844200,24315.94,24323.43,24308.58,24310.87
1776844500,24310.07,24331.42,24308.58,24308.58
1776844800,24308.57,24313.33,24299.21,24305.0
1776845100,24305.43,24321.75,24298.59,24299.95
1776845400,24300.46,24312.28,24292.04,24292.04
1776845700,24292.17,24292.17,24260.96,24269.26
1776846000,24269.69,24269.77,24227.09,24231.81
1776846300,24231.24,24260.26,24230.05,24243.18
1776846600,24242.87,24257.29,24216.92,24223.79
1776846900,24223.63,24231.37,24220.06,24228.94
1776847200,24228.18,24262.14,24225.88,24258.27
1776847500,24256.11,24273.69,24252.56,24268.15
1776847800,24269.06,24282.52,24257.73,24282.52
1776848100,24282.22,24292.12,24277.73,24289.4
1776848400,24287.3,24317.13,24281.58,24304.32
1776848700,24305.13,24316.13,24297.68,24301.23
1776849000,24300.96,24305.75,24289.13,24302.34
1776849300,24303.38,24316.3,24300.48,24301.91
1776849600,24302.09,24312.85,24296.93,24301.42
1776849900,24301.23,24301.23,24285.02,24287.98
1776850200,24287.89,24287.89,24261.93,24270.4
1776850500,24270.14,24270.18,24255.14,24265.13
1776850800,24265.68,24288.99,24265.62,24285.24
1776851100,24283.29,24285.41,24265.86,24265.86
1776851400,24267.06,24268.17,24221.71,24225.51
1776851700,24225.96,24227.54,24201.21,24211.75
1776852000,24211.84,24236.14,24184.3,24190.69
1776852300,24190.91,24203.48,24166.9,24176.08
1776852600,24176.69,24184.82,24159.27,24183.47
1776852900,24181.7,24188.17,24165.29,24182.13
1776853200,24181.69,24213.82,24178.95,24213.82
1776853500,24213.15,24221.17,24207.73,24215.58
1776853800,24215.09,24233.6,24209.35,24233.21
1776854100,24233.18,24246.56,24213.15,24214.05
1776854400,24213.83,24216.19,24205.06,24214.4
1776854700,24214.98,24226.58,24214.76,24220.88
1776855000,24221.17,24232.04,24220.93,24230.63
1776855300,24230.34,24238.22,24222.95,24234.43
1776855600,24234.19,24241.38,24229.03,24229.03
1776855900,24224.97,24242.31,24224.97,24230.89
1776856200,24230.2,24240.8,24230.18,24232.87
1776856500,24228.95,24250.65,24228.85,24250.01
1776856800,24249.79,24255.75,24228.57,24229.99
1776857100,24230.17,24250.36,24229.99,24250.35
1776857400,24250.19,24270.69,24247.81,24249.3
1776857700,24249.33,24264.29,24242.37,24258.44
1776858000,24259.1,24260.26,24244.77,24250.56
1776858300,24250.4,24291.25,24249.61,24286.31
1776858600,24285.27,24289.55,24276.51,24289.51
1776858900,24288.27,24288.27,24270.15,24281.66
1776859200,24280.91,24298.23,24279.83,24292.47
1776859500,24290.89,24292.26,24280.62,24281.72
1776859800,24280.43,24304.53,24276.07,24299.29
1776860100,24298.91,24298.91,24277.71,24286.65
1776860400,24286.46,24296.24,24279.95,24293.36
1776860700,24292.88,24312.0,24274.92,24275.06
1776861000,24275.73,24275.73,24252.31,24252.88
1776861300,24252.56,24254.7,24231.34,24252.71
1776861600,24252.55,24259.85,24238.54,24244.39
1776861900,24244.51,24257.1,24218.98,24226.94
1776862200,24227.23,24238.95,24224.1,24238.87
1776862500,24240.65,24248.97,24230.55,24231.97
1776862800,24231.79,24243.76,24226.21,24242.11
1776863100,24241.61,24295.36,24229.4,24253.12
1776863400,24252.29,24252.63,24234.47,24241.3
1776863700,24241.44,24282.88,24223.33,24272.51
1776864000,24272.96,24294.96,24255.42,24266.58
1776864300,24264.54,24264.54,24253.34,24253.34
1776864600,24253.79,24258.17,24223.35,24225.71
1776864900,24225.78,24228.76,24211.54,24215.42
1776865200,24216.08,24224.22,24203.38,24212.84
1776865500,24214.2,24237.88,24212.89,24220.54
1776865800,24220.84,24230.45,24204.5,24217.57
1776866100,24217.44,24221.66,24204.6,24220.17
1776866400,24222.31,24226.79,24210.11,24211.15
1776866700,24211.08,24219.33,24198.45,24206.17
1776867000,24207.3,24219.17,24203.6,24214.97
1776867300,24214.83,24245.38,24214.29,24245.38
1776867600,24245.58,24256.32,24228.1,24233.28
1776867900,24233.81,24247.59,24228.19,24239.25
1776868200,24241.13,24249.37,24217.49,24229.82
1776868500,24229.51,24249.3,24213.44,24249.16
1776868800,24247.09,24254.72,24208.4,24208.4
1776869100,24208.91,24219.59,24198.23,24204.25
1776869400,24204.41,24208.52,24157.66,24174.16
1776869700,24173.49,24184.46,24151.89,24181.61
1776870000,24182.82,24188.93,24163.87,24164.18
1776870300,24166.04,24203.72,24166.04,24192.58
1776870600,24191.17,24206.81,24176.45,24179.15
1776870900,24179.72,24179.84,24161.33,24174.03
1776871200,24174.36,24197.73,24169.59,24191.44
1776871500,24191.22,24213.32,24188.39,24210.09
1776927600,24076.7,24110.91,24071.59,24105.48
1776927900,24106.57,24136.37,24087.16,24135.85
1776928200,24135.79,24148.87,24129.29,24131.41
1776928500,24130.43,24148.5,24128.49,24141.4
1776928800,24141.15,24142.66,24117.5,24133.9
1776929100,24133.46,24154.03,24126.79,24141.28
1776929400,24143.37,24144.28,24117.24,24131.93
1776929700,24132.12,24154.97,24130.18,24147.45
1776930000,24147.72,24176.45,24140.19,24176.19
1776930300,24176.87,24189.94,24165.0,24189.55
1776930600,24190.03,24191.49,24159.85,24172.11
1776930900,24171.16,24173.18,24150.25,24167.08
1776931200,24166.87,24167.57,24134.24,24143.11
1776931500,24139.49,24139.49,24104.25,24112.04
1776931800,24112.98,24118.19,24098.34,24099.61
1776932100,24101.11,24114.15,24093.82,24114.15
1776932400,24114.29,24134.49,24113.33,24134.49
1776932700,24134.67,24163.96,24127.67,24137.18
1776933000,24135.5,24135.5,24091.42,24108.47
1776933300,24108.55,24117.66,24085.23,24086.63
1776933600,24086.74,24087.11,24064.27,24065.83
1776933900,24065.25,24079.63,24063.0,24076.73
1776934200,24077.24,24078.45,24057.44,24058.68
1776934500,24059.12,24067.27,24051.55,24054.02
1776934800,24053.28,24053.59,23991.78,23997.66
1776935100,23997.43,24023.86,23994.16,24013.37
1776935400,24013.72,24054.38,24013.63,24045.38
1776935700,24045.36,24094.32,24042.83,24083.31
1776936000,24082.56,24083.86,24071.64,24075.36
1776936300,24075.41,24092.25,24067.48,24072.86
1776936600,24074.33,24096.8,24073.99,24082.93
1776936900,24081.69,24081.69,24058.36,24066.67
1776937200,24066.7,24089.17,24066.7,24074.17
1776937500,24073.07,24073.52,24030.23,24049.62
1776937800,24050.62,24063.13,24044.03,24048.02
1776938100,24048.74,24060.08,24034.7,24041.94
1776938400,24036.89,24057.3,24034.28,24050.25
1776938700,24050.84,24057.72,24029.33,24029.33
1776939000,24029.06,24041.88,24019.42,24023.18
1776939300,24024.06,24039.54,24024.06,24038.06
1776939600,24038.13,24055.41,24038.08,24054.47
1776939900,24054.7,24076.34,24053.81,24063.22
1776940200,24062.74,24097.32,24061.75,24097.05
1776940500,24098.01,24101.52,24089.36,24099.15
1776940800,24098.96,24099.28,24075.42,24076.75
1776941100,24076.45,24085.99,24071.1,24071.1
1776941400,24071.45,24087.16,24069.38,24086.22
1776941700,24087.58,24121.22,24087.58,24116.04
1776942000,24113.08,24121.56,24110.29,24113.36
1776942300,24113.66,24115.44,24087.23,24089.79
1776942600,24089.21,24093.8,24072.38,24082.55
1776942900,24082.87,24089.46,24071.84,24084.7
1776943200,24084.76,24092.14,24082.66,24085.05
1776943500,24085.36,24092.58,24056.15,24063.88
1776943800,24064.02,24068.57,24048.06,24048.06
1776944100,24048.78,24080.87,24048.78,24066.27
1776944400,24065.89,24103.16,24065.89,24090.19
1776944700,24090.39,24127.65,24088.43,24104.49
1776945000,24104.08,24138.53,24095.13,24138.32
1776945300,24139.46,24147.23,24132.32,24133.24
1776945600,24131.1,24156.56,24130.86,24147.64
1776945900,24146.82,24200.84,24146.82,24179.94
1776946200,24180.07,24191.29,24172.89,24178.64
1776946500,24178.89,24178.89,24159.72,24161.12
1776946800,24161.19,24161.27,24125.75,24147.8
1776947100,24147.39,24152.02,24141.35,24151.34
1776947400,24151.17,24156.17,24125.16,24127.99
1776947700,24127.42,24127.42,24111.3,24120.53
1776948000,24120.93,24120.93,24105.56,24106.74
1776948300,24106.96,24113.27,24049.45,24067.75
1776948600,24067.41,24096.86,24067.23,24096.86
1776948900,24097.54,24122.22,24097.31,24121.31
1776949200,24121.02,24145.66,24121.02,24141.99
1776949500,24142.13,24142.71,24129.67,24137.29
1776949800,24137.06,24138.5,24091.24,24101.06
1776950100,24101.64,24134.12,24101.64,24132.15
1776950400,24132.18,24146.75,24131.2,24133.32
1776950700,24133.89,24135.49,24122.52,24131.26
1776951000,24131.54,24156.57,24119.54,24124.88
1776951300,24126.03,24146.46,24119.85,24145.71
1776951600,24145.49,24175.97,24137.42,24171.85
1776951900,24170.62,24185.62,24158.43,24177.02
1776952200,24177.22,24182.85,24164.92,24168.38
1776952500,24167.87,24167.87,24150.08,24154.77
1776952800,24157.31,24165.78,24133.67,24162.85
1776953100,24162.19,24169.82,24143.9,24152.54
1776953400,24152.84,24163.48,24148.58,24157.95
1776953700,24158.4,24173.76,24154.62,24154.85
1776954000,24155.44,24169.25,24153.95,24167.25
1776954300,24166.96,24183.17,24164.21,24168.92
1776954600,24168.62,24186.62,24168.57,24170.78
1776954900,24170.49,24179.79,24160.6,24162.71
1776955200,24162.52,24174.89,24155.07,24174.17
1776955500,24174.2,24182.95,24170.32,24180.58
1776955800,24179.1,24189.82,24173.55,24189.34
1776956100,24188.01,24204.47,24186.48,24198.17
1776956400,24197.88,24200.42,24175.2,24175.53
1776956700,24176.05,24176.05,24153.03,24163.42
1776957000,24163.1,24174.96,24156.36,24156.36
1776957300,24156.34,24184.21,24156.19,24179.4
1776957600,24178.95,24186.69,24175.02,24176.01
1776957900,24175.42,24189.2,24170.55,24181.13
1777014000,24217.7,24217.7,24165.95,24175.26
1777014300,24174.71,24183.85,24162.69,24178.81
1777014600,24178.52,24178.52,24147.09,24147.73
1777014900,24148.39,24156.83,24121.73,24152.46
1777015200,24150.12,24171.35,24145.32,24155.55
1777015500,24155.65,24193.34,24155.65,24188.31
1777015800,24187.73,24187.73,24160.54,24168.21
1777016100,24168.58,24169.16,24139.58,24146.71
1777016400,24145.79,24147.05,24128.3,24147.05
1777016700,24146.08,24171.29,24140.76,24171.29
1777017000,24171.47,24176.62,24157.45,24161.59
1777017300,24161.72,24176.35,24154.73,24175.98
1777017600,24176.93,24181.14,24106.48,24123.62
1777017900,24123.46,24132.6,24104.61,24110.85
1777018200,24110.13,24121.76,24101.54,24113.18
1777018500,24117.24,24177.31,24116.41,24172.79
1777018800,24171.92,24196.67,24156.78,24158.66
1777019100,24157.81,24157.81,24098.91,24108.5
1777019400,24107.53,24109.28,24081.82,24083.28
1777019700,24082.72,24086.64,24072.41,24083.54
1777020000,24083.28,24094.98,24064.64,24067.14
1777020300,24066.92,24079.37,24063.32,24066.54
1777020600,24066.44,24066.82,24035.78,24039.55
1777020900,24040.06,24042.4,24023.42,24041.04
1777021200,24043.28,24059.2,24028.42,24035.33
1777021500,24035.1,24045.79,24025.82,24036.86
1777021800,24038.17,24051.99,24028.41,24041.9
1777022100,24043.74,24050.6,24029.36,24039.58
1777022400,24038.56,24045.96,24000.27,24020.32
1777022700,24020.61,24020.61,23998.07,24001.31
1777023000,24001.4,24022.9,23998.95,24021.65
1777023300,24021.68,24034.54,24018.21,24030.39
1777023600,24031.32,24050.38,24031.12,24049.22
1777023900,24050.47,24070.22,24050.47,24059.92
1777024200,24068.32,24068.32,24025.38,24030.82
1777024500,24033.88,24044.77,24025.36,24034.59
1777024800,24039.9,24082.49,24033.91,24081.31
1777025100,24081.28,24081.28,24055.74,24063.99
1777025400,24063.91,24071.77,24052.04,24071.45
1777025700,24072.0,24088.4,24071.72,24079.95
1777026000,24080.24,24094.3,24072.33,24077.42
1777026300,24077.58,24089.57,24075.85,24082.39
1777026600,24082.98,24082.98,24065.68,24067.53
1777026900,24068.24,24087.1,24067.79,24074.33
1777027200,24073.78,24091.35,24072.66,24084.06
1777027500,24084.14,24096.27,24080.2,24092.91
1777027800,24093.07,24102.55,24089.4,24093.11
1777028100,24093.25,24093.59,24078.25,24078.55
1777028400,24077.91,24155.06,24077.36,24147.72
1777028700,24155.67,24237.76,24123.77,24208.46
1777029000,24205.07,24231.36,24199.21,24220.91
1777029300,24220.99,24234.09,24207.75,24213.7
1777029600,24212.64,24291.04,24198.66,24281.24
1777029900,24283.1,24314.37,24282.09,24314.19
1777030200,24313.36,24330.62,24284.65,24294.07
1777030500,24289.78,24294.28,24235.91,24236.39
1777030800,24235.72,24238.43,24204.0,24204.44
1777031100,24204.15,24204.15,24175.92,24182.44
1777031400,24182.47,24205.23,24177.2,24191.91
1777031700,24192.79,24211.37,24186.1,24209.54
1777032000,24209.66,24226.23,24208.69,24212.58
1777032300,24212.44,24228.45,24200.96,24228.04
1777032600,24227.56,24256.08,24227.24,24250.73
1777032900,24248.71,24254.18,24197.47,24215.83
1777033200,24216.72,24223.04,24195.31,24218.55
1777033500,24217.82,24217.96,24203.56,24215.25
1777033800,24214.79,24214.79,24172.37,24175.97
1777034100,24175.03,24180.33,24143.29,24149.55
1777034400,24149.37,24156.3,24133.67,24137.12
1777034700,24137.39,24147.43,24091.08,24093.75
1777035000,24096.81,24112.38,24090.75,24102.64
1777035300,24103.75,24141.98,24103.75,24138.22
1777035600,24137.92,24161.8,24137.92,24147.91
1777035900,24148.29,24155.53,24134.96,24135.4
1777036200,24136.94,24168.82,24134.38,24144.87
1777036500,24144.6,24176.02,24141.54,24175.67
1777036800,24176.55,24181.34,24152.34,24165.71
1777037100,24162.35,24168.3,24154.76,24155.85
1777037400,24153.8,24168.1,24130.92,24139.99
1777037700,24138.67,24160.15,24135.21,24149.76
1777038000,24149.81,24161.94,24149.81,24155.27
1777038300,24155.57,24164.51,24134.26,24151.78
1777038600,24150.98,24157.24,24116.85,24123.35
1777038900,24123.14,24128.32,24105.68,24120.74
1777039200,24121.91,24141.3,24093.14,24134.03
1777039500,24133.86,24156.18,24130.95,24148.0
1777039800,24148.06,24168.63,24138.5,24140.12
1777040100,24140.6,24163.39,24136.41,24161.1
1777040400,24160.17,24164.31,24133.81,24137.15
1777040700,24136.77,24136.77,24104.94,24128.52
1777041000,24128.01,24149.16,24120.74,24148.73
1777041300,24148.17,24166.36,24139.56,24165.4
1777041600,24162.8,24178.41,24158.69,24172.91
1777041900,24173.56,24176.5,24147.93,24150.76
1777042200,24151.34,24153.04,24136.75,24145.81
1777042500,24145.86,24167.93,24145.86,24154.51
1777042800,24155.09,24162.54,24147.78,24148.0
1777043100,24148.41,24148.7,24124.37,24145.81
1777043400,24146.1,24149.41,24135.71,24141.59
1777043700,24142.45,24154.57,24133.46,24154.23
1777044000,24153.99,24160.57,24140.81,24142.45
1777044300,24143.17,24143.17,24122.78,24139.95
1777273200,24196.43,24234.56,24193.06,24230.92
1777273500,24230.79,24232.82,24213.52,24219.66
1777273800,24221.49,24223.25,24198.53,24221.38
1777274100,24221.12,24223.36,24200.72,24220.21
1777274400,24218.45,24236.92,24208.45,24222.76
1777274700,24221.42,24221.9,24187.08,24191.9
1777275000,24192.43,24200.55,24177.6,24179.26
1777275300,24179.49,24189.58,24164.27,24188.39
1777275600,24187.39,24195.47,24181.82,24185.94
1777275900,24185.99,24203.57,24185.3,24195.27
1777276200,24195.6,24202.71,24179.29,24181.82
1777276500,24181.66,24185.87,24166.77,24166.77
1777276800,24166.61,24177.49,24143.67,24148.6
1777277100,24148.82,24160.03,24141.84,24143.37
1777277400,24143.67,24160.04,24139.95,24152.92
1777277700,24152.96,24174.93,24152.02,24170.47
1777278000,24170.37,24193.73,24170.19,24192.59
1777278300,24191.96,24210.83,24191.96,24207.18
1777278600,24207.11,24225.71,24207.11,24225.39
1777278900,24225.97,24244.55,24218.8,24239.12
1777279200,24238.59,24241.82,24225.27,24238.83
1777279500,24238.75,24240.75,24228.98,24229.84
1777279800,24229.75,24229.76,24214.81,24214.81
1777280100,24213.74,24229.08,24213.29,24223.58
1777280400,24223.83,24237.46,24222.18,24235.07
1777280700,24234.49,24241.93,24230.47,24237.21
1777281000,24237.14,24250.81,24235.66,24246.12
1777281300,24247.27,24247.27,24225.22,24229.92
1777281600,24229.81,24232.76,24222.65,24223.44
1777281900,24223.36,24239.38,24221.74,24239.38
1777282200,24240.2,24256.55,24238.72,24252.65
1777282500,24251.99,24259.54,24244.46,24259.41
1777282800,24259.46,24276.45,24257.87,24271.92
1777283100,24272.74,24284.99,24269.66,24279.32
1777283400,24278.97,24281.25,24273.88,24277.25
1777283700,24277.11,24285.01,24271.53,24273.99
1777284000,24273.77,24282.05,24270.02,24278.12
1777284300,24277.99,24282.77,24268.63,24275.45
1777284600,24276.5,24279.0,24264.81,24270.16
1777284900,24270.69,24286.54,24265.34,24278.08
1777285200,24278.03,24286.47,24277.28,24280.26
1777285500,24280.52,24284.07,24276.07,24277.25
1777285800,24277.7,24293.19,24276.61,24292.05
1777286100,24291.25,24307.63,24290.17,24307.0
1777286400,24306.96,24318.62,24306.59,24317.57
1777286700,24317.33,24338.32,24315.82,24334.44
1777287000,24334.31,24347.04,24323.75,24336.6
1777287300,24336.41,24340.59,24332.07,24334.01
1777287600,24334.24,24351.06,24334.22,24337.67
1777287900,24338.12,24342.22,24333.57,24337.69
1777288200,24338.03,24339.79,24332.82,24332.82
1777288500,24332.52,24352.5,24325.58,24351.22
1777288800,24351.86,24358.83,24342.14,24358.29
1777289100,24358.43,24367.12,24356.57,24366.21
1777289400,24366.05,24380.88,24366.05,24374.79
1777289700,24374.4,24382.32,24362.03,24365.02
1777290000,24364.99,24369.48,24359.89,24362.53
1777290300,24363.05,24366.54,24355.02,24355.02
1777290600,24354.99,24355.15,24335.68,24337.98
1777290900,24337.12,24337.12,24321.7,24333.08
1777291200,24333.05,24339.49,24316.38,24323.67
1777291500,24323.57,24323.6,24314.81,24318.84
1777291800,24318.81,24330.64,24312.75,24314.89
1777292100,24316.32,24322.68,24311.31,24320.04
1777292400,24319.66,24319.97,24307.32,24308.93
1777292700,24309.08,24310.87,24272.2,24278.57
1777293000,24277.99,24291.62,24274.13,24285.6
1777293300,24286.53,24300.32,24281.96,24284.8
1777293600,24284.58,24286.85,24253.27,24266.28
1777293900,24265.9,24272.23,24255.73,24270.93
1777294200,24270.79,24270.79,24243.68,24244.81
1777294500,24247.32,24248.16,24200.58,24201.54
1777294800,24203.03,24212.77,24191.64,24202.39
1777295100,24203.28,24203.71,24188.3,24190.52
1777295400,24190.71,24191.0,24157.03,24158.18
1777295700,24159.45,24179.31,24159.43,24177.36
1777296000,24176.37,24197.66,24175.78,24195.87
1777296300,24194.21,24204.04,24180.04,24202.01
1777296600,24201.03,24251.45,24201.03,24219.89
1777296900,24217.95,24224.87,24201.68,24204.15
1777297200,24204.21,24211.55,24174.54,24178.16
1777297500,24178.27,24180.63,24132.25,24136.8
1777297800,24137.02,24150.11,24125.41,24147.91
1777298100,24148.68,24189.31,24148.68,24187.0
1777298400,24185.63,24192.76,24164.93,24167.24
1777298700,24166.87,24174.9,24137.41,24138.4
1777299000,24138.83,24170.09,24134.12,24154.49
1777299300,24154.96,24155.57,24133.1,24151.76
1777299600,24151.32,24178.04,24147.37,24176.84
1777299900,24176.98,24182.71,24164.42,24166.05
1777300200,24165.33,24165.33,24129.11,24140.4
1777300500,24139.84,24164.77,24132.94,24142.28
1777300800,24141.99,24148.7,24122.85,24145.65
1777301100,24145.25,24147.34,24126.68,24129.26
1777301400,24129.12,24132.58,24104.68,24107.73
1777301700,24107.79,24108.95,24090.11,24092.74
1777302000,24093.18,24095.7,24053.03,24053.57
1777302300,24054.13,24065.54,24049.44,24064.81
1777302600,24066.53,24087.19,24062.7,24083.47
1777302900,24083.06,24097.06,24078.91,24082.11
1777303200,24081.49,24083.78,24054.32,24068.23
1777303500,24068.03,24094.02,24060.27,24093.14
1777359600,24067.91,24067.91,24037.93,24045.35
1777359900,24044.97,24048.58,24014.17,24022.02
1777360200,24020.8,24034.15,23999.68,24003.02
1777360500,24005.29,24016.16,23989.87,24007.73
1777360800,24008.87,24017.57,23990.77,23997.4
1777361100,23997.45,24025.03,23993.71,24023.13
1777361400,24022.88,24060.9,24022.67,24046.69
1777361700,24045.34,24075.78,24044.56,24073.1
1777362000,24073.61,24103.75,24073.56,24092.58
1777362300,24092.96,24104.3,24092.96,24100.47
1777362600,24099.6,24111.21,24082.82,24103.87
1777362900,24103.38,24118.25,24093.82,24115.93
1777363200,24114.87,24114.87,24040.76,24046.91
1777363500,24047.76,24048.55,24026.78,24045.46
1777363800,24045.59,24051.19,24027.45,24050.3
1777364100,24050.16,24100.87,24050.16,24091.47
1777364400,24091.13,24106.15,24085.34,24097.9
1777364700,24097.97,24129.86,24092.95,24129.86
1777365000,24132.96,24145.31,24128.98,24135.3
1777365300,24135.38,24135.38,24112.91,24119.8
1777365600,24120.23,24124.24,24110.73,24120.87
1777365900,24120.58,24126.22,24110.2,24110.2
1777366200,24109.98,24130.52,24109.98,24118.53
1777366500,24117.28,24131.81,24113.75,24131.81
1777366800,24132.61,24132.61,24104.59,24114.19
1777367100,24113.49,24135.78,24113.49,24135.29
1777367400,24135.7,24148.29,24128.55,24132.91
1777367700,24133.88,24149.21,24124.82,24142.85
1777368000,24143.04,24147.5,24131.21,24137.71
1777368300,24139.07,24141.91,24124.13,24140.53
1777368600,24141.2,24145.2,24121.76,24129.89
1777368900,24129.15,24139.78,24117.4,24117.77
1777369200,24118.94,24127.58,24114.43,24123.9
1777369500,24124.09,24129.47,24105.58,24106.44
1777369800,24105.45,24105.45,24092.54,24102.9
1777370100,24104.26,24116.2,24103.88,24111.77
1777370400,24112.08,24136.83,24109.1,24133.3
1777370700,24133.68,24133.75,24117.47,24117.47
1777371000,24117.76,24126.34,24106.68,24106.94
1777371300,24107.1,24117.57,24095.84,24113.7
1777371600,24113.59,24126.11,24106.99,24115.46
1777371900,24115.19,24120.25,24111.78,24115.59
1777372200,24114.92,24135.22,24114.92,24124.4
1777372500,24123.84,24136.5,24122.55,24135.2
1777372800,24134.99,24134.99,24114.5,24115.0
1777373100,24115.05,24116.7,24106.26,24109.32
1777373400,24109.46,24126.57,24108.34,24122.61
1777373700,24123.02,24145.68,24123.02,24141.75
1777374000,24141.31,24153.99,24132.78,24132.78
1777374300,24132.65,24133.94,24100.57,24102.03
1777374600,24102.2,24104.77,24082.85,24084.07
1777374900,24084.52,24084.52,24048.15,24048.64
1777375200,24048.92,24055.13,24035.1,24047.81
1777375500,24047.59,24052.19,24018.79,24024.32
1777375800,24024.4,24027.56,23999.24,24002.48
1777376100,24003.68,24006.84,23980.38,23983.48
1777376400,23982.09,24002.62,23964.96,24002.62
1777376700,24002.39,24013.91,23954.29,23954.67
1777377000,23954.45,23973.45,23951.64,23961.44
1777377300,23961.95,23972.74,23959.92,23962.19
1777377600,23962.7,23971.33,23950.93,23964.29
1777377900,23964.96,23977.28,23957.53,23960.57
1777378200,23960.7,23980.28,23942.42,23973.84
1777378500,23974.29,23975.52,23935.29,23936.14
1777378800,23934.5,24011.86,23917.39,23925.0
1777379100,23924.67,23926.43,23913.17,23918.78
1777379400,23918.97,23918.97,23897.24,23910.61
1777379700,23910.44,23925.68,23906.72,23925.68
1777380000,23925.94,23989.58,23925.94,23982.33
1777380300,23982.68,24018.25,23979.63,24015.75
1777380600,24015.17,24043.42,24014.86,24038.16
1777380900,24038.02,24069.2,24038.02,24059.29
1777381200,24059.85,24060.49,24024.67,24024.67
1777381500,24023.75,24026.58,24012.73,24020.64
1777381800,24020.81,24022.84,23999.32,24002.88
1777382100,24002.38,24002.38,23985.99,23992.77
1777382400,23992.87,24005.72,23990.75,23994.0
1777382700,23995.96,24029.39,23978.11,24022.8
1777383000,24022.65,24053.05,24013.24,24047.88
1777383300,24046.95,24061.8,24037.54,24042.18
1777383600,24042.08,24061.1,24034.52,24048.65
1777383900,24049.59,24055.49,24038.86,24040.15
1777384200,24039.22,24052.05,24026.95,24032.59
1777384500,24032.44,24035.27,24012.72,24030.41
1777384800,24029.18,24029.18,24001.69,24013.42
1777385100,24013.48,24041.65,24010.41,24035.81
1777385400,24035.9,24035.9,24010.91,24013.26
1777385700,24013.41,24022.64,23993.79,24012.44
1777386000,24012.58,24026.48,24010.98,24022.97
1777386300,24023.08,24039.61,24016.72,24017.51
1777386600,24017.69,24028.59,24001.6,24006.33
1777386900,24007.13,24007.13,23971.77,23977.42
1777387200,23978.34,23998.99,23968.57,23984.67
1777387500,23984.89,23993.02,23963.36,23979.22
1777387800,23978.2,23978.2,23957.55,23959.61
1777388100,23959.39,24019.13,23949.24,24019.13
1777388400,24019.68,24055.34,24019.68,24035.79
1777388700,24036.32,24040.37,24015.29,24020.89
1777389000,24020.35,24046.31,24019.85,24042.71
1777389300,24041.25,24056.37,24029.31,24051.99
1777389600,24051.7,24051.87,24038.0,24048.08
1777389900,24048.05,24056.13,24038.22,24041.24
1777446000,24072.9,24095.07,24065.94,24088.48
1777446300,24089.35,24110.0,24070.17,24070.17
1777446600,24069.8,24073.52,24048.58,24053.11
1777446900,24052.69,24070.79,24051.41,24053.8
1777447200,24054.93,24069.97,24048.39,24069.97
1777447500,24071.25,24078.29,24052.73,24067.65
1777447800,24066.76,24074.83,24045.35,24060.76
1777448100,24060.8,24065.74,24033.7,24038.97
1777448400,24038.44,24050.52,24024.93,24024.93
1777448700,24025.12,24025.83,24003.66,24014.67
1777449000,24017.18,24021.1,23994.5,23994.99
1777449300,23995.98,24006.66,23995.98,24000.51
1777449600,23999.83,24029.18,23992.33,23997.54
1777449900,23997.87,24002.08,23964.46,23969.37
1777450200,23968.61,23980.29,23949.96,23961.47
1777450500,23961.85,23967.44,23940.24,23954.41
1777450800,23954.54,23965.85,23952.92,23960.68
1777451100,23961.24,23979.11,23956.01,23973.91
1777451400,23971.54,23971.65,23931.33,23932.77
1777451700,23931.77,23941.94,23926.82,23939.94
1777452000,23939.88,23962.67,23930.08,23962.13
1777452300,23964.1,23973.08,23947.83,23949.65
1777452600,23950.67,23962.55,23945.91,23962.55
1777452900,23962.45,23964.98,23949.68,23951.73
1777453200,23951.6,23964.11,23944.58,23956.58
1777453500,23956.25,23968.57,23950.96,23965.04
1777453800,23965.3,23993.56,23964.63,23982.86
1777454100,23983.05,23986.02,23973.44,23982.19
1777454400,23982.17,23986.85,23964.39,23986.85
1777454700,23987.01,23992.92,23974.27,23980.85
1777455000,23979.57,23989.3,23972.76,23983.02
1777455300,23982.84,24000.3,23978.38,23985.91
1777455600,23985.62,23990.2,23967.66,23967.66
1777455900,23965.83,23966.44,23947.87,23959.35
1777456200,23959.72,23961.06,23947.73,23949.55
1777456500,23949.6,23950.07,23918.61,23931.68
1777456800,23932.26,23961.86,23924.96,23959.49
1777457100,23959.63,23967.97,23953.8,23967.97
1777457400,23968.62,23982.58,23966.81,23982.58
1777457700,23982.97,24026.3,23982.97,24023.32
1777458000,24023.29,24023.29,24005.48,24015.19
1777458300,24015.56,24015.56,24002.0,24008.78
1777458600,24007.99,24022.31,24004.65,24015.52
1777458900,24016.58,24026.97,24004.57,24005.4
1777459200,24005.18,24005.49,23986.29,23992.02
1777459500,23992.84,23999.17,23984.37,23988.38
1777459800,23990.64,24002.48,23984.81,23993.01
1777460100,23992.72,23992.88,23979.1,23985.48
1777460400,23986.06,23994.74,23984.21,23990.77
1777460700,23990.31,23990.82,23962.79,23970.63
1777461000,23970.83,23982.24,23966.18,23977.7
1777461300,23978.63,23980.53,23971.14,23975.57
1777461600,23976.01,23977.67,23964.29,23972.07
1777461900,23972.27,24002.04,23970.94,23987.6
1777462200,23987.15,24001.02,23985.22,23993.01
1777462500,23993.65,24019.25,23991.9,23995.37
1777462800,23994.22,23997.57,23979.87,23986.49
1777463100,23986.71,23989.16,23973.06,23980.64
1777463400,23980.41,24007.32,23980.41,24007.32
1777463700,24007.24,24011.91,24000.77,24011.5
1777464000,24010.97,24019.64,24004.64,24009.44
1777464300,24008.63,24026.26,24008.63,24017.82
1777464600,24016.82,24019.4,24004.78,24005.54
1777464900,24005.48,24019.3,24004.55,24016.01
1777465200,24015.77,24020.02,23996.72,24002.75
1777465500,24002.65,24025.79,24000.06,24012.82
1777465800,24013.16,24013.31,23966.1,23968.66
1777466100,23972.38,23998.43,23972.38,23986.6
1777466400,23987.0,24003.59,23987.0,23993.44
1777466700,23992.3,23993.79,23976.95,23980.3
1777467000,23979.84,24000.47,23978.65,23994.09
1777467300,23995.57,24006.82,23988.53,24002.21
1777467600,24003.44,24031.99,24003.44,24031.99
1777467900,24032.44,24044.97,24029.27,24030.79
1777468200,24031.47,24036.64,24025.83,24030.69
1777468500,24031.14,24031.14,23995.41,23995.41
1777468800,23993.17,24000.83,23956.03,23964.38
1777469100,23964.66,23971.35,23947.05,23968.42
1777469400,23967.44,23980.13,23946.89,23946.89
1777469700,23947.19,23959.98,23942.78,23945.36
1777470000,23946.01,23952.14,23908.19,23908.19
1777470300,23908.88,23911.37,23880.52,23895.67
1777470600,23895.8,23925.92,23892.86,23919.59
1777470900,23920.0,23946.39,23918.32,23944.39
1777471200,23942.25,23985.82,23938.64,23985.82
1777471500,23986.1,24002.24,23979.27,24001.67
1777471800,24002.47,24007.03,23991.73,23996.89
1777472100,23995.83,24012.61,23989.58,24006.89
1777472400,24005.74,24010.4,23988.84,24004.12
1777472700,24004.41,24006.52,23991.65,23992.85
1777473000,23991.1,24000.15,23969.49,23999.94
1777473300,24000.03,24010.17,23990.42,24000.94
1777473600,24000.38,24002.37,23983.37,23986.3
1777473900,23986.84,23991.2,23968.96,23977.84
1777474200,23978.05,23994.94,23974.75,23991.27
1777474500,23991.36,23999.44,23987.74,23996.02
1777474800,23997.42,24008.7,23970.13,23977.37
1777475100,23977.6,23977.6,23936.4,23940.67
1777475400,23940.72,23942.4,23902.31,23905.56
1777475700,23905.51,23941.09,23905.27,23927.66
1777476000,23927.78,23938.46,23926.7,23935.76
1777476300,23935.89,23945.31,23922.45,23944.37
1777532400,23715.71,23750.99,23715.71,23750.71
1777532700,23749.3,23792.95,23735.85,23786.81
1777533000,23787.82,23809.32,23783.65,23804.19
1777533300,23804.08,23820.64,23800.12,23815.6
1777533600,23815.89,23838.47,23809.39,23833.13
1777533900,23832.78,23869.72,23828.96,23865.7
1777534200,23865.48,23883.0,23853.27,23871.05
1777534500,23868.91,23872.44,23850.53,23864.98
1777534800,23865.43,23897.9,23863.65,23893.58
1777535100,23891.77,23902.29,23865.89,23871.97
1777535400,23872.44,23886.21,23854.56,23876.32
1777535700,23870.61,23893.78,23865.92,23880.94
1777536000,23879.3,23900.14,23877.31,23899.28
1777536300,23900.87,23906.43,23880.64,23892.72
1777536600,23894.31,23899.19,23881.58,23895.24
1777536900,23895.2,23900.86,23882.44,23894.44
1777537200,23895.04,23900.98,23876.38,23896.04
1777537500,23896.01,23924.61,23896.01,23922.77
1777537800,23922.95,23932.71,23899.32,23900.0
1777538100,23900.08,23915.73,23890.1,23912.1
1777538400,23911.14,23911.91,23889.67,23896.34
1777538700,23896.25,23903.65,23885.66,23890.75
1777539000,23890.62,23904.69,23884.41,23896.82
1777539300,23897.39,23897.87,23876.78,23878.17
1777539600,23878.44,23895.61,23876.52,23895.17
1777539900,23895.2,23912.25,23878.06,23901.5
1777540200,23902.29,23905.5,23872.84,23904.48
1777540500,23905.07,23932.56,23904.93,23907.78
1777540800,23907.64,23913.99,23890.47,23896.54
1777541100,23896.7,23956.83,23890.29,23955.3
1777541400,23955.11,24016.43,23955.11,23990.28
1777541700,23989.77,23998.48,23983.86,23993.17
1777542000,23993.44,24005.24,23979.08,23984.97
1777542300,23984.09,24016.13,23984.09,24014.37
1777542600,24019.49,24021.21,23999.82,24009.06
1777542900,24011.21,24011.71,23996.07,23996.07
1777543200,23998.8,24022.73,23989.6,24015.54
1777543500,24015.27,24033.29,24011.25,24032.08
1777543800,24032.72,24035.76,24016.58,24018.3
1777544100,24017.75,24033.23,24013.97,24020.77
1777544400,24020.56,24035.95,24019.43,24033.01
1777544700,24030.32,24053.32,24028.36,24042.2
1777545000,24041.05,24058.85,24041.05,24041.76
1777545300,24041.67,24045.34,23992.49,23995.81
1777545600,23995.49,24015.28,23994.0,24010.78
1777545900,24010.91,24034.59,24010.91,24016.21
1777546200,24017.07,24027.07,23998.91,24026.13
1777546500,24026.56,24064.19,24026.14,24060.55
1777546800,24059.98,24091.38,24059.98,24091.38
1777547100,24091.12,24142.41,24082.94,24125.9
1777547400,24125.7,24126.75,24106.75,24106.75
1777547700,24106.65,24114.78,24100.13,24111.3
1777548000,24111.48,24118.94,24106.4,24106.45
1777548300,24106.36,24143.46,24104.73,24143.22
1777548600,24142.3,24142.3,24121.19,24124.69
1777548900,24124.7,24132.91,24116.88,24123.61
1777549200,24123.32,24124.41,24110.59,24120.73
1777549500,24118.71,24139.76,24118.33,24138.25
1777549800,24138.76,24140.84,24121.63,24130.37
1777550100,24129.96,24146.75,24129.93,24135.08
1777550400,24137.02,24142.65,24127.85,24135.69
1777550700,24137.79,24137.97,24122.98,24125.4
1777551000,24125.61,24151.06,24120.6,24150.07
1777551300,24149.79,24208.09,24149.79,24182.77
1777551600,24182.25,24198.62,24176.01,24177.68
1777551900,24177.59,24192.57,24169.49,24192.33
1777552200,24192.34,24196.41,24163.39,24163.58
1777552500,24163.41,24191.83,24161.42,24179.74
1777552800,24178.33,24185.92,24158.44,24165.26
1777553100,24165.71,24187.41,24163.72,24163.95
1777553400,24164.54,24196.65,24161.52,24176.13
1777553700,24175.83,24182.23,24162.23,24163.88
1777554000,24165.23,24200.31,24165.23,24190.66
1777554300,24190.35,24196.57,24172.65,24196.38
1777554600,24195.22,24195.22,24173.63,24190.66
1777554900,24190.47,24200.03,24189.06,24195.89
1777555200,24195.81,24198.13,24170.55,24170.76
1777555500,24170.41,24171.21,24153.73,24157.53
1777555800,24156.9,24159.4,24114.23,24114.4
1777556100,24114.1,24119.81,24096.26,24113.85
1777556400,24113.77,24124.92,24111.54,24121.13
1777556700,24120.69,24129.54,24107.68,24108.25
1777557000,24109.66,24114.65,24089.53,24098.35
1777557300,24100.13,24112.81,24091.67,24098.12
1777557600,24098.52,24114.14,24091.9,24097.73
1777557900,24098.75,24114.79,24087.68,24099.08
1777558200,24099.24,24129.6,24095.81,24122.04
1777558500,24122.67,24157.87,24107.12,24156.66
1777558800,24156.44,24176.79,24149.88,24174.27
1777559100,24174.0,24190.92,24162.16,24190.92
1777559400,24191.02,24225.64,24182.15,24204.18
1777559700,24206.51,24209.67,24177.21,24189.24
1777560000,24189.18,24213.79,24189.18,24208.62
1777560300,24208.33,24234.54,24207.67,24232.31
1777560600,24230.48,24258.9,24230.48,24253.01
1777560900,24251.16,24253.51,24230.34,24230.52
1777561200,24230.64,24250.28,24225.0,24233.09
1777561500,24233.04,24265.28,24218.37,24262.86
1777561800,24262.72,24264.47,24248.04,24259.63
1777562100,24259.39,24263.77,24238.92,24244.01
1777562400,24244.05,24250.45,24235.44,24249.75
1777562700,24249.71,24284.65,24245.07,24269.97
1777878000,24274.5,24319.43,24272.45,24304.15
1777878300,24303.8,24334.46,24303.8,24325.5
1777878600,24328.54,24333.32,24307.13,24325.3
1777878900,24325.31,24349.71,24321.06,24347.44
1777879200,24346.96,24374.93,24342.15,24367.39
1777879500,24369.19,24376.61,24354.8,24359.77
1777879800,24361.14,24363.08,24336.53,24353.46
1777880100,24352.64,24386.33,24352.32,24382.89
1777880400,24380.87,24396.03,24373.63,24394.7
1777880700,24394.82,24406.64,24385.91,24396.2
1777881000,24396.5,24405.38,24371.53,24373.74
1777881300,24373.96,24374.84,24350.68,24350.68
1777881600,24351.21,24355.03,24326.23,24326.27
1777881900,24327.27,24327.27,24297.49,24309.46
1777882200,24309.91,24318.48,24296.1,24310.86
1777882500,24311.0,24318.18,24293.56,24307.94
1777882800,24308.09,24316.75,24299.11,24309.9
1777883100,24310.29,24341.45,24310.29,24333.8
1777883400,24334.16,24346.25,24328.46,24338.21
1777883700,24338.1,24339.06,24323.1,24325.75
1777884000,24326.02,24328.27,24314.01,24314.95
1777884300,24315.19,24317.91,24290.45,24305.84
1777884600,24301.86,24312.63,24294.11,24296.11
1777884900,24297.16,24305.54,24293.36,24295.64
1777885200,24296.32,24328.32,24296.28,24326.09
1777885500,24326.38,24328.56,24313.78,24318.75
1777885800,24319.18,24343.52,24318.73,24342.6
1777886100,24342.06,24356.21,24335.03,24353.46
1777886400,24353.56,24365.46,24344.54,24350.57
1777886700,24350.86,24358.29,24342.78,24357.05
1777887000,24357.64,24366.4,24356.08,24366.4
1777887300,24366.99,24392.58,24366.99,24389.03
1777887600,24388.89,24388.89,24377.19,24380.7
1777887900,24380.93,24388.14,24366.55,24387.66
1777888200,24387.54,24401.05,24386.56,24400.41
1777888500,24400.5,24401.55,24377.95,24377.95
1777888800,24378.08,24391.25,24184.68,24235.82
1777889100,24236.96,24236.96,24079.53,24112.66
1777889400,24111.68,24117.83,24072.01,24098.46
1777889700,24100.32,24139.04,24075.27,24104.12
1777890000,24104.27,24150.7,24099.27,24149.62
1777890300,24147.83,24206.09,24147.63,24198.75
1777890600,24200.31,24326.91,24176.45,24282.9
1777890900,24282.17,24300.99,24267.82,24282.08
1777891200,24280.45,24297.7,24274.92,24287.66
1777891500,24285.9,24313.15,24283.04,24311.32
1777891800,24311.27,24315.58,24282.22,24286.12
1777892100,24285.18,24288.31,24272.03,24272.97
1777892400,24273.24,24311.03,24257.07,24264.35
1777892700,24264.02,24268.56,24249.0,24268.56
1777893000,24268.66,24284.59,24265.05,24275.23
1777893300,24274.9,24307.59,24274.9,24296.65
1777893600,24297.16,24300.3,24281.41,24287.3
1777893900,24286.96,24286.96,24272.78,24278.24
1777894200,24272.03,24272.03,24255.66,24259.13
1777894500,24258.84,24269.05,24207.95,24216.76
1777894800,24217.33,24260.5,24212.36,24251.23
1777895100,24251.5,24253.87,24230.87,24240.4
1777895400,24239.87,24269.62,24236.5,24269.62
1777895700,24272.35,24276.24,24261.79,24261.79
1777896000,24265.68,24279.65,24255.81,24262.2
1777896300,24262.5,24270.99,24262.5,24264.46
1777896600,24263.4,24276.3,24262.84,24266.28
1777896900,24265.81,24300.92,24251.01,24297.88
1777897200,24296.35,24309.95,24284.38,24296.24
1777897500,24296.15,24299.11,24283.51,24283.51
1777897800,24283.31,24283.31,24250.15,24250.15
1777898100,24250.06,24278.92,24239.11,24274.87
1777898400,24274.48,24290.96,24272.01,24283.23
1777898700,24282.35,24282.35,24259.26,24270.57
1777899000,24270.92,24282.48,24264.69,24265.95
1777899300,24266.11,24282.32,24245.02,24250.97
1777899600,24250.84,24250.84,24162.24,24221.02
1777899900,24221.55,24235.36,24215.44,24220.21
1777900200,24225.39,24261.46,24217.26,24222.58
1777900500,24221.55,24227.5,24207.86,24209.87
1777900800,24212.15,24218.41,24195.38,24202.19
1777901100,24202.51,24205.08,24189.66,24197.14
1777901400,24197.28,24214.9,24176.34,24213.87
1777901700,24215.47,24242.81,24215.47,24234.65
1777902000,24234.45,24234.45,24208.37,24208.37
1777902300,24208.24,24208.78,24188.9,24201.51
1777902600,24200.92,24201.94,24181.15,24195.44
1777902900,24195.53,24207.54,24188.28,24191.46
1777903200,24189.99,24191.0,24157.24,24163.22
1777903500,24163.65,24163.65,24119.66,24124.22
1777903800,24124.75,24188.48,24124.05,24164.2
1777904100,24164.08,24210.35,24161.91,24210.08
1777904400,24211.8,24223.23,24196.49,24199.16
1777904700,24199.42,24199.42,24178.63,24181.18
1777905000,24179.87,24200.19,24178.03,24186.15
1777905300,24185.91,24198.79,24178.9,24192.71
1777905600,24192.36,24207.81,24187.59,24188.56
1777905900,24188.15,24209.53,24184.36,24193.04
1777906200,24193.66,24199.79,24181.19,24183.75
1777906500,24183.7,24186.08,24117.37,24117.37
1777906800,24117.53,24145.14,24090.07,24139.54
1777907100,24139.59,24145.17,24119.82,24140.34
1777907400,24140.58,24151.94,24124.51,24140.77
1777907700,24140.95,24158.59,24075.66,24079.59
1777908000,24072.68,24072.68,23974.74,23997.19
1777908300,23999.06,24040.85,23989.34,24036.47
1777964400,24014.65,24015.76,23988.92,24006.43
1777964700,24003.0,24057.61,23998.87,24040.48
1777965000,24044.22,24073.74,24044.02,24071.05
1777965300,24070.99,24088.19,24058.77,24088.19
1777965600,24088.29,24096.53,24075.13,24075.13
1777965900,24073.34,24099.63,24066.57,24098.99
1777966200,24098.88,24129.75,24095.54,24128.44
1777966500,24128.54,24209.34,24126.66,24188.72
1777966800,24188.56,24197.41,24173.16,24173.24
1777967100,24173.04,24173.04,24150.5,24150.5
1777967400,24150.42,24157.37,24144.42,24145.67
1777967700,24145.94,24145.94,24131.96,24132.81
1777968000,24131.21,24145.94,24126.25,24145.94
1777968300,24146.74,24163.61,24146.74,24162.18
1777968600,24162.45,24188.34,24156.14,24184.88
1777968900,24184.93,24189.01,24180.18,24183.39
1777969200,24183.72,24220.38,24183.72,24220.1
1777969500,24221.08,24241.68,24221.08,24225.06
1777969800,24224.77,24245.01,24217.48,24233.35
1777970100,24233.49,24241.58,24226.78,24229.28
1777970400,24229.83,24235.25,24218.91,24228.34
1777970700,24228.79,24239.65,24212.98,24229.12
1777971000,24229.09,24234.95,24221.75,24228.38
1777971300,24227.81,24251.49,24224.75,24247.78
1777971600,24247.97,24248.99,24224.64,24227.83
1777971900,24227.59,24243.6,24212.02,24240.7
1777972200,24240.86,24247.48,24233.13,24238.22
1777972500,24239.37,24247.5,24226.99,24229.78
1777972800,24229.6,24240.05,24223.45,24235.42
1777973100,24235.37,24240.33,24227.99,24227.99
1777973400,24227.81,24245.51,24226.35,24236.05
1777973700,24235.76,24245.5,24222.28,24244.17
1777974000,24244.68,24262.08,24243.45,24260.9
1777974300,24261.13,24272.45,24256.5,24256.5
1777974600,24256.06,24256.06,24242.68,24252.07
1777974900,24251.93,24263.0,24251.9,24263.0
1777975200,24262.26,24264.98,24248.1,24257.86
1777975500,24257.43,24263.85,24253.63,24258.53
1777975800,24258.8,24270.36,24247.13,24250.03
1777976100,24250.46,24255.6,24247.71,24248.08
1777976400,24248.22,24261.16,24248.22,24257.9
1777976700,24256.28,24262.82,24253.3,24253.3
1777977000,24255.07,24313.97,24254.27,24302.04
1777977300,24299.02,24305.65,24280.92,24281.08
1777977600,24280.98,24287.44,24263.47,24264.62
1777977900,24264.56,24279.06,24257.58,24276.6
1777978200,24276.73,24296.84,24276.73,24290.31
1777978500,24292.6,24304.51,24290.66,24300.48
1777978800,24301.3,24301.3,24271.65,24279.79
1777979100,24279.73,24286.35,24272.49,24286.29
1777979400,24286.67,24301.29,24279.73,24286.31
1777979700,24287.29,24288.68,24266.74,24276.94
1777980000,24276.95,24306.01,24275.18,24304.0
1777980300,24305.34,24333.8,24302.51,24317.19
1777980600,24316.92,24343.97,24311.58,24342.94
1777980900,24342.77,24361.88,24342.77,24361.0
1777981200,24359.26,24364.02,24351.47,24360.27
1777981500,24360.0,24360.89,24344.24,24346.99
1777981800,24346.32,24346.32,24327.59,24332.49
1777982100,24331.39,24332.51,24324.11,24326.5
1777982400,24324.03,24324.03,24296.68,24301.69
1777982700,24303.11,24332.7,24298.24,24325.16
1777983000,24327.51,24364.41,24327.51,24364.06
1777983300,24364.44,24383.93,24357.95,24357.95
1777983600,24357.59,24380.01,24353.68,24370.8
1777983900,24370.94,24383.09,24368.13,24375.15
1777984200,24375.23,24385.37,24359.44,24360.02
1777984500,24358.97,24358.97,24323.78,24327.73
1777984800,24328.02,24328.31,24314.75,24325.48
1777985100,24325.24,24327.01,24303.33,24304.86
1777985400,24302.65,24310.24,24300.16,24308.7
1777985700,24308.13,24326.22,24308.13,24323.59
1777986000,24323.63,24332.32,24317.05,24329.99
1777986300,24329.77,24359.07,24329.77,24344.23
1777986600,24344.29,24361.25,24344.13,24349.86
1777986900,24349.54,24360.68,24349.54,24354.67
1777987200,24354.23,24354.54,24340.94,24343.31
1777987500,24342.47,24343.05,24330.79,24334.14
1777987800,24337.24,24341.56,24300.47,24306.76
1777988100,24306.63,24306.63,24272.4,24277.55
1777988400,24276.24,24289.27,24267.1,24275.79
1777988700,24278.21,24308.45,24278.21,24299.25
1777989000,24300.0,24320.03,24291.42,24303.23
1777989300,24303.1,24306.35,24289.79,24292.16
1777989600,24294.21,24297.46,24281.55,24291.91
1777989900,24291.02,24331.65,24287.09,24326.72
1777990200,24328.75,24332.98,24253.02,24267.88
1777990500,24268.03,24272.47,24222.85,24244.92
1777990800,24242.61,24279.23,24233.67,24279.23
1777991100,24278.84,24292.42,24270.49,24270.49
1777991400,24269.84,24271.76,24246.3,24255.04
1777991700,24254.76,24271.63,24250.51,24271.0
1777992000,24270.6,24289.01,24269.62,24285.67
1777992300,24286.14,24291.74,24264.24,24287.65
1777992600,24287.69,24298.06,24283.25,24294.2
1777992900,24294.14,24323.13,24294.14,24323.13
1777993200,24323.4,24350.49,24318.99,24350.23
1777993500,24351.18,24357.37,24346.61,24349.59
1777993800,24349.69,24377.27,24345.7,24375.13
1777994100,24375.28,24385.94,24372.32,24378.64
1777994400,24376.53,24393.21,24365.9,24379.63
1777994700,24379.14,24396.78,24374.8,24393.16
1778050800,24636.16,24671.72,24634.76,24668.43
1778051100,24669.34,24703.52,24657.9,24700.95
1778051400,24701.26,24727.29,24701.26,24708.61
1778051700,24708.06,24708.06,24688.35,24697.44
1778052000,24697.31,24704.81,24680.49,24697.36
1778052300,24696.99,24712.71,24693.85,24699.44
1778052600,24699.52,24701.48,24671.78,24682.45
1778052900,24682.25,24699.41,24679.91,24697.26
1778053200,24697.23,24714.64,24690.41,24710.59
1778053500,24714.35,24739.25,24714.24,24738.54
1778053800,24738.46,24772.47,24737.99,24758.4
1778054100,24757.87,24770.9,24752.49,24763.49
1778054400,24764.03,24794.03,24757.74,24782.57
1778054700,24783.24,24788.42,24763.67,24764.22
1778055000,24764.5,24783.21,24763.21,24769.04
1778055300,24769.71,24779.43,24761.57,24776.09
1778055600,24775.43,24777.56,24762.17,24769.45
1778055900,24771.21,24772.73,24761.16,24766.67
1778056200,24766.56,24782.66,24763.73,24774.08
1778056500,24773.7,24790.04,24773.7,24780.94
1778056800,24781.53,24812.13,24779.95,24801.09
1778057100,24801.28,24815.63,24799.33,24804.29
1778057400,24804.12,25063.91,24802.72,25011.77
1778057700,25010.63,25045.69,24999.4,25004.9
1778058000,25005.77,25026.06,24958.25,24960.8
1778058300,24961.2,24968.81,24942.03,24944.0
1778058600,24943.87,24958.84,24940.43,24953.68
1778058900,24954.74,24989.15,24953.7,24982.42
1778059200,24980.92,24984.48,24942.6,24945.27
1778059500,24945.36,24950.88,24930.66,24930.66
1778059800,24931.42,24983.75,24925.38,24983.0
1778060100,24982.81,25002.7,24977.47,24999.16
1778060400,24998.86,25022.24,24998.86,25014.25
1778060700,25013.87,25013.87,24980.08,25004.97
1778061000,25005.63,25022.74,24996.74,25021.34
1778061300,25022.27,25027.93,25012.17,25023.1
1778061600,25022.66,25047.94,25022.66,25037.37
1778061900,25034.41,25036.16,25009.23,25015.62
1778062200,25015.69,25044.8,25014.3,25030.74
1778062500,25030.66,25055.26,25026.98,25053.83
1778062800,25053.53,25060.16,25033.72,25033.72
1778063100,25033.8,25034.67,25014.08,25029.75
1778063400,25030.3,25049.18,25023.71,25036.95
1778063700,25037.09,25044.32,25027.48,25041.89
1778064000,25041.36,25077.17,25035.06,25075.89
1778064300,25075.02,25091.65,25045.86,25067.27
1778064600,25067.59,25138.54,25066.49,25125.51
1778064900,25125.63,25140.76,25114.45,25116.87
1778065200,25111.11,25122.46,25096.14,25106.01
1778065500,25105.81,25152.51,25105.81,25138.63
1778065800,25138.42,25141.86,25105.69,25124.28
1778066100,25124.08,25130.18,25112.35,25113.3
1778066400,25113.52,25114.26,25083.09,25091.8
1778066700,25091.56,25101.66,25087.81,25090.22
1778067000,25090.15,25098.04,25074.75,25098.04
1778067300,25097.63,25117.14,25090.67,25109.56
1778067600,25109.31,25111.09,25049.39,25049.39
1778067900,25048.8,25053.6,25017.47,25029.03
1778068200,25029.7,25068.48,25023.44,25066.71
1778068500,25066.98,25067.67,25019.91,25024.32
1778068800,25024.91,25024.91,24988.51,24989.67
1778069100,24990.24,24999.73,24957.36,24958.61
1778069400,24958.23,24962.08,24868.47,24900.45
1778069700,24901.27,24936.17,24840.2,24891.01
1778070000,24891.09,24931.58,24887.58,24928.95
1778070300,24928.01,24941.95,24924.22,24935.53
1778070600,24934.89,24938.97,24916.33,24926.14
1778070900,24925.68,24928.06,24914.05,24926.47
1778071200,24926.33,24934.92,24913.46,24920.27
1778071500,24920.65,24943.33,24920.65,24929.24
1778071800,24929.56,24938.46,24916.36,24916.96
1778072100,24916.65,24943.02,24912.22,24933.57
1778072400,24935.45,24949.35,24910.05,24921.48
1778072700,24923.16,24927.23,24868.21,24900.51
1778073000,24900.32,24916.81,24893.24,24916.81
1778073300,24917.16,24934.1,24906.65,24908.41
1778073600,24909.1,24911.66,24898.32,24902.76
1778073900,24909.02,24912.81,24893.73,24907.66
1778074200,24909.34,24919.74,24893.43,24908.32
1778074500,24906.19,24908.85,24892.59,24894.4
1778074800,24893.1,24896.29,24860.87,24870.77
1778075100,24870.87,24873.6,24854.78,24863.92
1778075400,24862.74,24875.84,24829.49,24870.02
1778075700,24870.4,24877.57,24855.5,24866.47
1778076000,24868.32,24895.63,24866.34,24884.71
1778076300,24884.39,24890.61,24844.78,24889.3
1778076600,24889.35,24915.32,24889.35,24910.53
1778076900,24910.04,24922.82,24907.1,24913.12
1778077200,24913.06,24927.92,24901.84,24908.86
1778077500,24908.07,24911.64,24879.29,24881.89
1778077800,24881.31,24934.71,24879.44,24928.73
1778078100,24927.66,24951.58,24927.66,24947.39
1778078400,24948.13,24984.57,24948.13,24973.87
1778078700,24974.2,24975.78,24920.2,24927.06
1778079000,24927.3,24936.13,24923.05,24929.64
1778079300,24929.44,24954.52,24927.15,24948.91
1778079600,24950.31,24954.83,24937.81,24940.58
1778079900,24940.05,24944.03,24921.16,24927.17
1778080200,24926.8,24936.74,24918.84,24932.74
1778080500,24933.25,24952.32,24926.37,24951.37
1778080800,24952.01,24959.01,24936.37,24951.93
1778081100,24950.91,24970.58,24945.8,24951.95
1778137200,24940.36,24940.36,24923.44,24935.32
1778137500,24939.27,25005.72,24937.08,24979.34
1778137800,24978.25,24999.05,24972.07,24995.38
1778138100,24996.12,24999.18,24946.17,24957.1
1778138400,24957.53,24975.01,24950.23,24965.05
1778138700,24963.43,24993.48,24963.43,24988.88
1778139000,24990.04,25013.9,24989.3,25013.45
1778139300,25012.88,25021.02,25001.67,25007.15
1778139600,25007.52,25011.96,24983.95,24986.95
1778139900,24987.35,24989.2,24959.06,24964.1
1778140200,24964.26,24971.21,24948.0,24948.0
1778140500,24948.73,24955.21,24942.31,24952.01
1778140800,24952.22,24962.35,24950.83,24953.55
1778141100,24954.11,24957.99,24945.41,24952.54
1778141400,24952.33,24965.28,24945.99,24963.94
1778141700,24965.42,24979.05,24947.96,24956.08
1778142000,24955.57,24959.46,24949.71,24955.61
1778142300,24955.76,24955.84,24915.23,24939.91
1778142600,24939.23,24953.54,24938.98,24943.48
1778142900,24943.57,24959.93,24939.91,24945.77
1778143200,24945.92,24946.55,24933.33,24933.33
1778143500,24933.31,24934.85,24918.84,24922.71
1778143800,24923.1,24923.1,24906.56,24906.98
1778144100,24907.09,24907.09,24884.26,24891.91
1778144400,24892.1,24892.1,24880.92,24885.32
1778144700,24885.55,24897.58,24880.95,24894.96
1778145000,24894.79,24901.61,24888.71,24893.21
1778145300,24893.26,24904.04,24890.36,24902.77
1778145600,24902.83,24916.59,24900.9,24905.19
1778145900,24905.17,24915.62,24901.94,24910.1
1778146200,24909.42,24920.77,24905.66,24917.6
1778146500,24918.16,24922.53,24912.39,24920.42
1778146800,24921.44,24924.29,24914.16,24918.73
1778147100,24914.33,24916.11,24904.71,24906.54
1778147400,24906.09,24906.74,24876.64,24881.07
1778147700,24881.14,24882.66,24866.98,24879.2
1778148000,24879.74,24883.83,24865.58,24867.5
1778148300,24867.57,24873.18,24859.35,24862.29
1778148600,24862.16,24880.58,24850.34,24876.49
1778148900,24875.95,24876.77,24865.31,24866.35
1778149200,24866.86,24889.2,24863.68,24884.2
1778149500,24884.33,24886.8,24870.47,24873.95
1778149800,24873.52,24879.47,24863.69,24871.21
1778150100,24870.67,24889.8,24868.63,24889.24
1778150400,24889.05,24906.0,24887.55,24900.74
1778150700,24900.53,24902.79,24885.83,24887.08
1778151000,24887.0,24887.43,24873.4,24873.4
1778151300,24872.67,24877.36,24856.31,24856.31
1778151600,24857.22,24873.97,24852.53,24855.89
1778151900,24855.77,24861.62,24847.84,24861.49
1778152200,24861.12,24875.2,24859.63,24874.13
1778152500,24874.36,24885.02,24867.35,24885.02
1778152800,24884.77,24889.0,24874.98,24886.62
1778153100,24885.28,24885.89,24872.11,24872.79
1778153400,24873.59,24879.57,24869.64,24872.24
1778153700,24872.29,24895.81,24872.29,24892.06
1778154000,24891.72,24896.57,24885.52,24888.22
1778154300,24888.19,24889.24,24862.99,24864.24
1778154600,24863.77,24869.67,24858.46,24860.83
1778154900,24860.16,24874.44,24860.14,24867.79
1778155200,24868.03,24874.44,24862.53,24873.33
1778155500,24872.01,24874.52,24861.99,24868.5
1778155800,24869.09,24889.62,24867.94,24877.05
1778156100,24878.01,24888.55,24874.55,24884.47
1778156400,24886.27,24910.97,24883.15,24910.07
1778156700,24910.2,24918.41,24901.52,24915.73
1778157000,24915.39,24933.02,24911.52,24932.39
1778157300,24932.3,24936.27,24925.55,24925.86
1778157600,24926.43,24930.32,24916.02,24929.2
1778157900,24929.17,24942.0,24926.62,24941.74
1778158200,24945.64,24950.31,24915.57,24915.71
1778158500,24915.87,24921.75,24907.3,24921.34
1778158800,24922.71,24922.71,24897.29,24898.79
1778159100,24899.39,24904.22,24884.74,24884.78
1778159400,24884.91,24884.91,24859.19,24859.19
1778159700,24859.05,24882.76,24856.17,24882.76
1778160000,24882.92,24884.57,24856.49,24863.84
1778160300,24864.55,24869.09,24856.34,24856.52
1778160600,24855.77,24874.15,24846.11,24854.34
1778160900,24854.54,24857.66,24820.0,24832.73
1778161200,24832.47,24844.16,24816.85,24816.85
1778161500,24816.71,24823.29,24769.12,24773.89
1778161800,24774.75,24794.21,24774.65,24792.16
1778162100,24793.42,24818.06,24791.64,24814.08
1778162400,24810.28,24812.82,24790.06,24792.78
1778162700,24792.4,24795.15,24764.98,24765.04
1778163000,24765.85,24789.48,24762.34,24782.57
1778163300,24783.1,24787.18,24750.89,24755.72
1778163600,24755.2,24765.43,24730.3,24742.48
1778163900,24743.15,24761.36,24741.66,24756.6
1778164200,24753.54,24773.16,24747.13,24754.18
1778164500,24754.28,24765.27,24738.49,24765.24
1778164800,24765.05,24773.84,24741.39,24743.17
1778165100,24743.4,24754.6,24734.41,24743.49
1778165400,24744.52,24752.43,24734.72,24748.84
1778165700,24749.14,24762.12,24749.14,24761.23
1778166000,24761.57,24762.35,24735.12,24751.04
1778166300,24749.27,24753.37,24728.97,24738.77
1778166600,24738.51,24739.83,24719.74,24736.61
1778166900,24735.97,24737.59,24716.73,24717.81
1778167200,24717.78,24717.78,24682.6,24687.17
1778167500,24687.35,24691.39,24650.99,24666.72
1778223600,24447.65,24456.19,24440.33,24446.67
1778223900,24446.34,24468.14,24410.87,24425.02
1778224200,24423.12,24449.76,24412.15,24425.67
1778224500,24424.9,24443.6,24424.9,24430.61
1778224800,24431.37,24460.68,24428.25,24455.72
1778225100,24456.13,24459.71,24448.39,24458.45
1778225400,24459.18,24467.45,24432.44,24444.61
1778225700,24445.7,24452.57,24436.17,24442.79
1778226000,24442.21,24450.4,24431.03,24450.4
1778226300,24451.52,24464.13,24438.79,24452.92
1778226600,24455.94,24466.3,24434.36,24462.09
1778226900,24462.98,24490.55,24461.23,24488.4
1778227200,24489.1,24492.02,24453.71,24461.53
1778227500,24461.42,24462.24,24426.96,24428.82
1778227800,24427.31,24440.44,24422.36,24426.47
1778228100,24427.56,24457.62,24427.24,24437.21
1778228400,24436.36,24454.72,24430.35,24446.62
1778228700,24445.71,24448.0,24431.42,24432.33
1778229000,24432.36,24442.31,24429.99,24440.55
1778229300,24441.82,24462.51,24441.82,24462.06
1778229600,24460.67,24460.98,24433.73,24435.31
1778229900,24435.52,24446.89,24423.43,24428.79
1778230200,24429.74,24430.78,24415.25,24421.32
1778230500,24420.16,24420.16,24406.27,24412.88
1778230800,24412.33,24458.17,24412.33,24457.38
1778231100,24456.67,24479.82,24455.62,24473.28
1778231400,24471.97,24471.97,24453.19,24471.77
1778231700,24471.54,24471.54,24457.64,24465.43
1778232000,24465.73,24505.5,24462.61,24501.65
1778232300,24501.68,24507.67,24490.43,24497.13
1778232600,24497.33,24501.43,24483.9,24499.19
1778232900,24500.5,24513.52,24500.5,24509.26
1778233200,24508.88,24509.1,24500.85,24504.3
1778233500,24504.14,24508.17,24480.69,24483.05
1778233800,24481.29,24482.61,24436.94,24437.06
1778234100,24440.61,24457.63,24431.95,24448.67
1778234400,24455.06,24464.63,24443.59,24443.59
1778234700,24442.26,24447.76,24432.94,24433.54
1778235000,24433.12,24436.52,24427.99,24435.76
1778235300,24435.21,24443.9,24432.4,24441.32
1778235600,24442.37,24465.52,24438.78,24463.19
1778235900,24463.06,24474.52,24461.54,24461.9
1778236200,24461.63,24476.21,24458.77,24472.0
1778236500,24472.3,24485.67,24468.78,24484.91
1778236800,24484.72,24497.38,24481.78,24497.38
1778237100,24497.31,24497.31,24481.41,24485.74
1778237400,24487.13,24487.13,24472.91,24478.47
1778237700,24478.64,24483.91,24435.08,24483.91
1778238000,24487.34,24495.0,24466.5,24479.87
1778238300,24480.16,24482.97,24469.89,24471.06
1778238600,24471.4,24474.31,24461.32,24471.59
1778238900,24471.76,24480.81,24458.85,24459.91
1778239200,24459.76,24461.31,24443.95,24451.76
1778239500,24451.73,24464.31,24451.67,24457.54
1778239800,24457.16,24459.31,24447.95,24451.56
1778240100,24451.51,24458.46,24442.49,24446.26
1778240400,24443.8,24443.8,24418.84,24419.59
1778240700,24418.01,24418.84,24406.4,24413.69
1778241000,24414.08,24420.39,24410.22,24414.58
1778241300,24415.99,24437.08,24415.99,24435.74
1778241600,24435.29,24441.89,24427.64,24428.07
1778241900,24428.08,24432.49,24421.38,24427.05
1778242200,24427.46,24428.36,24416.63,24428.36
1778242500,24428.23,24434.63,24423.35,24430.61
1778242800,24430.18,24437.5,24427.74,24430.62
1778243100,24430.49,24444.81,24429.81,24443.7
1778243400,24440.86,24464.44,24432.06,24455.69
1778243700,24457.85,24473.48,24449.52,24455.89
1778244000,24455.19,24459.22,24441.67,24441.67
1778244300,24441.97,24445.43,24425.08,24425.08
1778244600,24424.78,24429.01,24412.57,24428.73
1778244900,24428.6,24432.01,24379.5,24400.03
1778245200,24396.22,24422.48,24390.88,24405.96
1778245500,24406.37,24409.63,24388.11,24405.06
1778245800,24405.34,24412.13,24384.87,24392.96
1778246100,24392.55,24419.85,24386.03,24419.16
1778246400,24419.29,24434.42,24418.98,24426.88
1778246700,24427.12,24452.95,24427.12,24448.84
1778247000,24447.52,24459.79,24435.11,24457.8
1778247300,24458.33,24464.9,24423.63,24423.82
1778247600,24423.68,24438.54,24413.99,24437.56
1778247900,24438.41,24472.96,24438.41,24469.97
1778248200,24470.63,24479.53,24455.07,24460.49
1778248500,24460.96,24482.34,24456.68,24482.34
1778248800,24482.49,24485.38,24435.36,24439.97
1778249100,24440.34,24440.34,24409.66,24409.66
1778249400,24409.63,24409.63,24391.08,24400.59
1778249700,24400.78,24410.79,24392.07,24409.73
1778250000,24409.76,24416.5,24395.59,24412.74
1778250300,24412.9,24421.58,24387.41,24387.41
1778250600,24387.89,24388.1,24349.05,24352.55
1778250900,24352.26,24372.48,24338.74,24367.71
1778251200,24367.3,24371.51,24355.28,24359.11
1778251500,24359.68,24362.0,24338.3,24351.62
1778251800,24351.48,24363.95,24347.01,24351.5
1778252100,24352.61,24354.37,24333.45,24341.05
1778252400,24340.93,24342.77,24318.79,24318.79
1778252700,24318.33,24341.08,24318.16,24324.12
1778253000,24323.6,24327.17,24304.43,24307.26
1778253300,24307.03,24309.65,24289.72,24299.71
1778253600,24299.63,24317.61,24298.72,24301.34
1778253900,24299.47,24308.68,24291.74,24308.68
1778482800,24333.31,24351.2,24332.33,24332.4
1778483100,24331.73,24333.14,24305.94,24318.35
1778483400,24318.49,24334.09,24314.97,24321.01
1778483700,24321.52,24340.95,24314.46,24316.73
1778484000,24318.03,24319.68,24305.45,24309.41
1778484300,24308.58,24314.98,24295.18,24298.33
1778484600,24297.92,24313.7,24274.69,24280.16
1778484900,24279.3,24281.85,24265.67,24281.85
1778485200,24282.12,24301.14,24280.05,24295.65
1778485500,24296.25,24302.22,24289.0,24299.03
1778485800,24299.18,24309.73,24298.52,24306.15
1778486100,24305.47,24305.88,24285.37,24293.76
1778486400,24297.6,24302.24,24274.81,24289.77
1778486700,24289.3,24307.83,24281.28,24281.28
1778487000,24281.19,24315.08,24279.96,24310.59
1778487300,24309.46,24333.71,24309.27,24330.35
1778487600,24329.95,24343.59,24314.95,24340.95
1778487900,24341.09,24352.18,24333.01,24334.51
1778488200,24333.81,24354.65,24329.11,24354.04
1778488500,24353.86,24361.58,24347.62,24348.53
1778488800,24349.39,24354.83,24340.25,24343.66
1778489100,24344.21,24344.33,24319.34,24319.81
1778489400,24320.5,24320.7,24300.91,24300.95
1778489700,24301.05,24311.02,24290.41,24290.41
1778490000,24288.54,24289.61,24277.5,24282.38
1778490300,24282.59,24295.82,24279.17,24286.45
1778490600,24286.53,24294.09,24283.62,24283.73
1778490900,24283.75,24298.33,24283.75,24292.44
1778491200,24292.86,24302.2,24290.63,24297.25
1778491500,24294.55,24300.09,24288.72,24297.61
1778491800,24297.8,24318.94,24290.07,24309.35
1778492100,24309.41,24334.25,24308.21,24327.9
1778492400,24327.77,24340.33,24325.35,24339.73
1778492700,24339.6,24355.06,24338.95,24341.03
1778493000,24340.61,24340.97,24328.34,24330.64
1778493300,24330.32,24332.04,24307.9,24307.9
1778493600,24305.31,24316.31,24290.78,24291.59
1778493900,24291.73,24302.0,24281.47,24298.7
1778494200,24298.6,24304.31,24295.54,24297.56
1778494500,24297.48,24299.34,24288.5,24292.9
1778494800,24292.71,24293.57,24279.63,24288.7
1778495100,24288.67,24303.2,24288.67,24298.86
1778495400,24299.24,24311.97,24297.24,24309.06
1778495700,24307.92,24308.49,24280.33,24284.97
1778496000,24285.52,24290.7,24276.7,24289.11
1778496300,24289.25,24298.43,24276.26,24297.89
1778496600,24295.96,24302.27,24291.81,24300.91
1778496900,24300.75,24300.75,24288.73,24295.37
1778497200,24293.16,24313.88,24292.6,24306.77
1778497500,24307.37,24311.85,24292.13,24295.48
1778497800,24296.34,24298.62,24283.15,24292.45
1778498100,24292.09,24293.91,24280.04,24293.91
1778498400,24293.64,24293.64,24278.68,24282.68
1778498700,24282.49,24283.15,24272.8,24280.64
1778499000,24280.95,24295.36,24280.95,24284.64
1778499300,24283.02,24288.06,24272.24,24272.35
1778499600,24272.91,24274.84,24264.51,24264.51
1778499900,24265.1,24269.15,24247.87,24249.24
1778500200,24249.21,24250.89,24220.09,24229.04
1778500500,24228.84,24239.35,24218.81,24239.35
1778500800,24238.67,24240.08,24202.33,24210.51
1778501100,24211.03,24223.65,24206.7,24223.65
1778501400,24223.13,24229.24,24217.66,24219.12
1778501700,24219.06,24235.32,24211.21,24231.35
1778502000,24231.66,24248.55,24225.04,24247.64
1778502300,24246.97,24255.53,24235.43,24255.13
1778502600,24254.59,24274.03,24252.56,24265.15
1778502900,24264.93,24271.98,24262.46,24262.68
1778503200,24262.65,24268.07,24251.39,24251.39
1778503500,24250.66,24259.02,24223.9,24250.16
1778503800,24251.6,24252.38,24235.9,24238.74
1778504100,24238.71,24257.67,24237.34,24257.65
1778504400,24257.79,24280.83,24257.79,24276.91
1778504700,24275.98,24289.18,24275.98,24288.26
1778505000,24288.19,24294.55,24282.08,24291.86
1778505300,24291.73,24297.53,24283.4,24283.5
1778505600,24283.42,24283.42,24272.07,24272.52
1778505900,24272.5,24295.94,24272.09,24291.45
1778506200,24291.12,24324.64,24287.78,24317.32
1778506500,24316.65,24320.81,24304.83,24308.46
1778506800,24309.37,24314.72,24298.14,24303.93
1778507100,24302.68,24337.24,24302.68,24319.44
1778507400,24317.82,24322.23,24312.7,24319.46
1778507700,24319.37,24328.8,24304.78,24313.73
1778508000,24313.56,24313.56,24285.11,24285.49
1778508300,24285.63,24289.88,24276.66,24281.18
1778508600,24280.88,24289.18,24270.24,24289.18
1778508900,24289.09,24317.36,24289.09,24307.49
1778509200,24308.18,24316.6,24302.82,24310.29
1778509500,24310.25,24312.41,24298.22,24302.06
1778509800,24301.78,24301.78,24256.61,24283.17
1778510100,24282.82,24288.3,24270.94,24284.78
1778510400,24285.66,24300.87,24285.15,24290.56
1778510700,24290.69,24304.18,24271.53,24282.37
1778511000,24282.48,24291.78,24276.3,24287.48
1778511300,24288.26,24289.98,24281.81,24289.76
1778511600,24289.93,24301.64,24283.83,24291.56
1778511900,24294.27,24317.75,24284.83,24314.5
1778512200,24313.85,24327.28,24308.99,24321.1
1778512500,24321.86,24327.66,24312.43,24317.53
1778512800,24317.36,24356.85,24316.48,24354.4
1778513100,24353.67,24362.8,24347.49,24356.64
1778569200,24048.25,24048.47,24027.59,24041.95
1778569500,24041.41,24053.09,24017.84,24037.52
1778569800,24036.88,24092.08,24036.59,24089.52
1778570100,24090.69,24110.47,24068.69,24110.46
1778570400,24109.31,24138.49,24106.51,24125.51
1778570700,24125.92,24152.03,24112.16,24148.33
1778571000,24147.88,24181.2,24147.88,24181.2
1778571300,24181.03,24199.52,24177.71,24190.13
1778571600,24190.38,24197.38,24175.1,24175.95
1778571900,24175.74,24184.55,24155.11,24182.82
1778572200,24183.27,24186.06,24156.54,24176.85
1778572500,24176.64,24178.36,24132.2,24132.22
1778572800,24131.96,24136.78,24106.18,24113.87
1778573100,24114.4,24127.91,24107.2,24121.77
1778573400,24119.61,24150.42,24119.05,24136.61
1778573700,24136.8,24156.79,24120.83,24154.85
1778574000,24157.66,24179.15,24157.66,24165.87
1778574300,24165.19,24165.19,24136.48,24146.28
1778574600,24146.15,24160.52,24140.25,24146.25
1778574900,24146.5,24159.56,24135.34,24156.09
1778575200,24155.64,24161.05,24146.18,24155.11
1778575500,24154.65,24182.71,24151.66,24152.04
1778575800,24152.02,24155.26,24133.82,24134.51
1778576100,24133.98,24137.47,24122.11,24137.47
1778576400,24137.24,24147.42,24122.57,24125.53
1778576700,24127.11,24130.15,24106.08,24122.96
1778577000,24123.8,24142.47,24118.62,24141.2
1778577300,24141.18,24147.71,24128.94,24131.95
1778577600,24132.46,24151.76,24127.66,24151.02
1778577900,24150.02,24153.41,24141.07,24149.77
1778578200,24150.44,24210.74,24145.83,24165.65
1778578500,24166.1,24173.59,24148.29,24165.31
1778578800,24165.13,24167.42,24141.25,24141.25
1778579100,24138.93,24144.04,24120.35,24134.04
1778579400,24132.38,24132.38,24093.78,24097.11
1778579700,24097.38,24103.62,24090.03,24100.78
1778580000,24100.64,24121.01,24094.79,24110.26
1778580300,24110.3,24110.3,24097.61,24106.07
1778580600,24105.3,24127.64,24105.13,24108.01
1778580900,24108.2,24109.38,24091.55,24094.15
1778581200,24093.42,24106.93,24092.35,24105.51
1778581500,24105.38,24112.23,24103.33,24110.61
1778581800,24111.12,24113.94,24090.46,24097.24
1778582100,24096.91,24103.09,24085.55,24086.65
1778582400,24086.01,24091.11,24082.67,24089.3
1778582700,24089.09,24092.31,24081.71,24092.31
1778583000,24091.9,24099.38,24074.84,24078.05
1778583300,24078.15,24094.9,24077.0,24094.3
1778583600,24094.42,24096.25,24076.38,24092.41
1778583900,24091.84,24113.89,24076.43,24112.27
1778584200,24112.97,24149.73,24105.67,24107.55
1778584500,24106.72,24107.12,24082.83,24089.98
1778584800,24090.01,24100.64,24085.5,24100.15
1778585100,24100.36,24107.36,24093.6,24097.89
1778585400,24097.78,24102.48,24079.39,24085.33
1778585700,24085.42,24098.67,24080.36,24098.35
1778586000,24098.73,24117.88,24098.73,24113.91
1778586300,24113.46,24113.73,24098.08,24108.02
1778586600,24108.34,24111.38,24090.8,24093.9
1778586900,24094.06,24096.48,24087.7,24092.74
1778587200,24093.71,24101.03,24081.21,24086.32
1778587500,24085.85,24096.42,24055.25,24060.08
1778587800,24060.86,24070.63,24054.66,24066.3
1778588100,24066.68,24090.12,24062.03,24082.56
1778588400,24082.05,24082.05,24058.54,24067.72
1778588700,24067.49,24072.42,24057.88,24070.19
1778589000,24071.44,24088.14,24047.3,24086.6
1778589300,24086.12,24113.27,24079.36,24113.27
1778589600,24112.57,24125.01,24108.88,24116.2
1778589900,24115.97,24141.95,24115.97,24137.55
1778590200,24137.47,24165.01,24134.62,24163.8
1778590500,24162.42,24162.72,24137.74,24139.11
1778590800,24138.86,24141.85,24101.17,24104.39
1778591100,24104.31,24112.06,24095.0,24101.74
1778591400,24100.95,24107.53,24094.38,24097.83
1778591700,24096.99,24101.43,24082.05,24095.08
1778592000,24094.49,24095.54,24073.06,24073.61
1778592300,24071.64,24072.75,24042.01,24050.22
1778592600,24048.41,24061.13,24040.35,24042.53
1778592900,24042.91,24051.32,24030.12,24045.93
1778593200,24046.41,24057.32,24034.33,24035.81
1778593500,24037.06,24052.38,24021.32,24036.98
1778593800,24037.56,24037.56,24019.79,24024.4
1778594100,24023.73,24029.72,24016.18,24025.77
1778594400,24031.31,24037.36,24019.77,24036.19
1778594700,24036.98,24055.99,24036.49,24055.72
1778595000,24055.21,24066.88,24044.61,24063.74
1778595300,24063.85,24070.57,24041.73,24046.22
1778595600,24046.39,24046.39,24024.51,24033.4
1778595900,24033.67,24038.47,24019.13,24038.47
1778596200,24038.74,24039.75,24008.55,24024.45
1778596500,24024.61,24028.38,24017.49,24028.01
1778596800,24027.25,24040.48,24024.78,24030.99
1778597100,24031.18,24032.21,23995.09,23996.52
1778597400,23996.71,23997.98,23979.46,23982.59
1778597700,23982.35,23986.69,23967.91,23969.56
1778598000,23969.36,23979.12,23937.94,23953.63
1778598300,23954.21,23965.88,23945.32,23958.52
1778598600,23957.5,23973.08,23952.62,23956.03
1778598900,23955.72,23960.51,23948.57,23950.51
1778599200,23948.8,23953.64,23926.15,23927.46
1778599500,23927.85,23970.75,23920.7,23970.75
1778655600,24129.57,24175.54,24123.55,24170.26
1778655900,24177.04,24181.05,24131.6,24132.03
1778656200,24134.32,24134.32,24104.78,24126.26
1778656500,24125.69,24151.95,24120.37,24124.48
1778656800,24124.03,24137.7,24117.54,24123.45
1778657100,24122.92,24125.92,24090.56,24094.24
1778657400,24093.74,24138.26,24092.09,24136.07
1778657700,24135.5,24180.08,24132.96,24171.97
1778658000,24171.67,24177.17,24149.03,24153.32
1778658300,24153.45,24159.64,24135.81,24139.35
1778658600,24139.2,24149.95,24118.93,24119.75
1778658900,24118.87,24138.84,24112.77,24138.35
1778659200,24138.73,24160.83,24116.51,24118.9
1778659500,24119.18,24175.37,24118.24,24172.21
1778659800,24173.28,24204.38,24172.63,24203.9
1778660100,24203.39,24226.17,24195.01,24201.39
1778660400,24201.19,24206.97,24194.39,24196.51
1778660700,24196.53,24218.41,24196.14,24214.46
1778661000,24212.66,24214.77,24157.33,24158.58
1778661300,24159.21,24176.22,24159.21,24171.61
1778661600,24171.74,24181.26,24165.73,24170.51
1778661900,24171.24,24171.34,24139.57,24146.36
1778662200,24146.31,24146.31,24131.35,24137.48
1778662500,24137.52,24147.49,24129.32,24146.29
1778662800,24146.21,24164.84,24146.21,24151.59
1778663100,24152.48,24152.67,24120.75,24123.98
1778663400,24124.14,24131.02,24107.25,24110.39
1778663700,24109.92,24125.61,24108.51,24109.03
1778664000,24109.23,24112.63,24092.58,24093.87
1778664300,24094.83,24111.33,24094.35,24100.93
1778664600,24101.12,24104.37,24076.97,24078.72
1778664900,24079.75,24103.52,24079.27,24096.95
1778665200,24096.82,24103.65,24089.84,24099.65
1778665500,24099.98,24112.54,24099.52,24103.87
1778665800,24103.49,24127.33,24103.29,24127.33
1778666100,24129.73,24156.84,24129.73,24150.86
1778666400,24150.56,24154.46,24128.23,24150.56
1778666700,24149.43,24171.36,24148.14,24168.95
1778667000,24169.11,24174.0,24130.44,24136.74
1778667300,24137.51,24145.34,24123.74,24123.74
1778667600,24123.29,24132.58,24106.81,24111.66
1778667900,24111.44,24111.75,24099.48,24101.82
1778668200,24102.23,24125.22,24095.44,24108.22
1778668500,24106.42,24113.86,24102.61,24111.94
1778668800,24111.53,24140.18,24111.32,24139.84
1778669100,24140.35,24147.01,24134.87,24141.04
1778669400,24139.81,24145.08,24133.28,24141.86
1778669700,24141.21,24143.1,24119.76,24119.76
1778670000,24119.68,24133.92,24119.68,24120.19
1778670300,24120.76,24129.24,24107.57,24128.79
1778670600,24129.31,24129.82,24116.05,24121.05
1778670900,24120.08,24130.62,24119.68,24125.64
1778671200,24126.17,24136.73,24120.28,24124.69
1778671500,24124.13,24132.12,24121.98,24132.12
1778671800,24131.98,24166.91,24129.58,24166.11
1778672100,24165.79,24165.79,24153.81,24154.55
1778672400,24154.66,24164.57,24151.24,24162.32
1778672700,24163.39,24187.85,24162.87,24180.17
1778673000,24180.04,24184.1,24176.6,24180.33
1778673300,24178.63,24183.65,24174.51,24181.5
1778673600,24180.56,24190.86,24175.37,24178.41
1778673900,24177.65,24180.55,24166.79,24171.23
1778674200,24170.7,24174.54,24161.48,24163.37
1778674500,24163.8,24164.4,24124.87,24124.97
1778674800,24124.72,24126.64,24098.31,24105.15
1778675100,24105.74,24106.47,24086.31,24096.0
1778675400,24096.1,24097.19,24047.43,24047.7
1778675700,24047.06,24051.23,24015.5,24024.9
1778676000,24024.69,24028.38,24002.46,24028.27
1778676300,24028.49,24046.37,24027.8,24040.5
1778676600,24039.63,24044.98,24028.2,24033.15
1778676900,24034.11,24066.51,24030.51,24058.43
1778677200,24058.06,24089.6,24058.06,24082.63
1778677500,24083.87,24087.99,24071.06,24082.67
1778677800,24082.66,24087.87,24079.42,24083.08
1778678100,24083.38,24092.77,24078.9,24087.55
1778678400,24087.74,24092.48,24070.84,24080.09
1778678700,24079.79,24082.75,24072.46,24074.8
1778679000,24073.44,24079.34,24061.75,24079.34
1778679300,24078.45,24083.8,24063.72,24067.96
1778679600,24068.26,24114.52,24064.99,24098.42
1778679900,24100.02,24110.68,24081.53,24107.52
1778680200,24109.59,24114.02,24086.25,24090.11
1778680500,24089.85,24095.66,24070.77,24091.9
1778680800,24091.37,24121.44,24091.37,24110.6
1778681100,24110.57,24124.53,24105.41,24113.75
1778681400,24113.72,24120.1,24094.93,24098.2
1778681700,24098.01,24104.53,24072.4,24072.4
1778682000,24074.46,24106.74,24073.55,24104.72
1778682300,24104.62,24112.46,24100.55,24103.89
1778682600,24103.73,24126.84,24100.44,24119.13
1778682900,24119.16,24138.46,24116.49,24135.21
1778683200,24134.92,24137.21,24115.97,24127.23
1778683500,24127.29,24148.02,24126.45,24137.83
1778683800,24138.39,24146.27,24134.33,24140.9
1778684100,24140.67,24140.88,24109.2,24111.66
1778684400,24114.07,24118.18,24106.88,24109.22
1778684700,24109.28,24114.12,24094.2,24109.98
1778685000,24110.11,24112.89,24093.26,24098.84
1778685300,24099.03,24105.61,24091.12,24098.27
1778685600,24098.48,24109.5,24097.6,24099.72
1778685900,24100.36,24108.14,24092.26,24102.43
1778742000,24366.42,24393.45,24365.64,24367.82
1778742300,24367.55,24382.05,24358.7,24379.3
1778742600,24378.71,24385.17,24370.6,24381.26
1778742900,24381.53,24403.82,24380.83,24399.31
1778743200,24399.36,24401.96,24375.78,24384.05
1778743500,24384.18,24398.67,24384.18,24396.12
1778743800,24395.89,24402.04,24378.73,24389.72
1778744100,24386.55,24406.12,24383.62,24398.9
1778744400,24399.09,24403.39,24391.47,24394.13
1778744700,24394.42,24401.34,24385.01,24390.1
1778745000,24390.29,24406.4,24380.35,24381.32
1778745300,24381.8,24385.73,24333.13,24334.77
1778745600,24329.74,24355.69,24329.74,24340.03
1778745900,24340.41,24352.43,24330.66,24343.21
1778746200,24344.35,24376.07,24337.41,24376.07
1778746500,24375.87,24389.64,24375.21,24384.35
1778746800,24383.09,24405.4,24382.49,24404.45
1778747100,24405.13,24413.59,24397.06,24410.87
1778747400,24410.91,24431.94,24410.4,24420.06
1778747700,24419.88,24437.1,24418.33,24426.7
1778748000,24426.74,24429.59,24411.95,24419.97
1778748300,24420.65,24422.8,24415.96,24416.88
1778748600,24417.07,24431.67,24414.05,24430.97
1778748900,24431.11,24435.46,24427.27,24428.39
1778749200,24427.94,24436.49,24416.39,24418.55
1778749500,24418.5,24422.38,24409.16,24422.38
1778749800,24422.37,24435.25,24404.33,24420.05
1778750100,24420.28,24437.33,24419.89,24436.84
1778750400,24436.98,24441.92,24432.11,24435.81
1778750700,24436.13,24446.41,24433.83,24443.92
1778751000,24443.81,24450.0,24440.71,24448.56
1778751300,24448.85,24448.85,24391.23,24399.78
1778751600,24399.51,24431.07,24398.73,24430.9
1778751900,24431.8,24461.65,24426.32,24461.65
1778752200,24461.94,24467.41,24452.38,24453.37
1778752500,24453.26,24454.72,24444.8,24448.98
1778752800,24449.17,24464.85,24446.37,24463.1
1778753100,24462.88,24471.07,24461.65,24469.12
1778753400,24471.09,24492.95,24467.95,24475.44
1778753700,24477.16,24485.43,24466.61,24483.56
1778754000,24484.32,24484.39,24470.04,24470.31
1778754300,24469.86,24478.01,24461.36,24461.53
1778754600,24461.11,24463.47,24449.7,24450.2
1778754900,24450.15,24450.68,24433.74,24435.33
1778755200,24434.22,24434.22,24421.94,24428.05
1778755500,24428.99,24439.65,24428.99,24435.74
1778755800,24436.56,24477.06,24433.6,24472.96
1778756100,24475.72,24478.44,24455.88,24456.27
1778756400,24454.09,24461.09,24445.79,24449.7
1778756700,24449.64,24464.2,24436.22,24463.9
1778757000,24463.74,24485.0,24462.86,24472.56
1778757300,24472.24,24474.83,24466.05,24472.2
1778757600,24472.49,24482.29,24470.03,24470.03
1778757900,24466.02,24466.02,24446.49,24451.46
1778758200,24451.76,24465.98,24451.76,24462.65
1778758500,24462.71,24472.08,24459.57,24466.96
1778758800,24467.32,24472.53,24462.01,24464.4
1778759100,24464.46,24474.95,24464.29,24470.95
1778759400,24471.4,24484.3,24468.36,24482.29
1778759700,24482.52,24491.61,24478.43,24478.43
1778760000,24476.38,24486.9,24473.66,24480.7
1778760300,24480.27,24484.46,24474.57,24474.66
1778760600,24474.7,24475.23,24463.51,24466.45
1778760900,24465.47,24473.39,24454.94,24457.01
1778761200,24457.36,24464.41,24451.63,24463.77
1778761500,24463.9,24464.23,24448.95,24449.58
1778761800,24449.44,24456.03,24441.46,24455.22
1778762100,24455.44,24455.44,24437.9,24438.76
1778762400,24439.44,24441.18,24426.91,24426.91
1778762700,24427.36,24428.89,24415.29,24428.4
1778763000,24428.74,24440.95,24426.09,24440.95
1778763300,24441.11,24445.88,24438.45,24444.38
1778763600,24443.31,24443.31,24425.91,24426.87
1778763900,24426.83,24438.94,24423.39,24438.64
1778764200,24439.02,24447.86,24438.35,24441.21
1778764500,24440.95,24442.85,24424.69,24426.66
1778764800,24426.81,24427.39,24412.62,24418.55
1778765100,24418.5,24418.85,24392.29,24392.29
1778765400,24393.4,24406.02,24382.57,24400.84
1778765700,24400.61,24402.11,24378.73,24400.29
1778766000,24401.84,24401.84,24373.3,24379.12
1778766300,24377.93,24382.11,24359.82,24381.34
1778766600,24381.91,24390.73,24360.67,24363.7
1778766900,24363.92,24384.11,24363.59,24369.56
1778767200,24370.55,24409.79,24362.03,24408.98
1778767500,24410.06,24434.23,24408.62,24428.87
1778767800,24428.68,24436.54,24423.94,24427.37
1778768100,24426.92,24455.21,24426.73,24448.06
1778768400,24448.94,24452.72,24429.1,24430.79
1778768700,24430.82,24444.1,24409.67,24444.07
1778769000,24445.61,24461.64,24441.63,24460.61
1778769300,24460.62,24477.93,24459.78,24466.68
1778769600,24466.95,24472.37,24458.0,24461.49
1778769900,24459.96,24468.09,24446.72,24453.39
1778770200,24453.59,24465.55,24446.59,24462.31
1778770500,24461.77,24468.04,24453.89,24455.97
1778770800,24457.73,24471.06,24457.63,24467.29
1778771100,24467.67,24477.98,24465.37,24465.37
1778771400,24465.43,24466.12,24445.92,24451.03
1778771700,24450.74,24453.15,24443.96,24453.15
1778772000,24453.26,24467.49,24451.63,24465.57
1778772300,24465.74,24467.38,24453.16,24453.16
1778828400,24229.29,24237.27,24219.6,24235.27
1778828700,24236.02,24252.14,24226.82,24241.47
1778829000,24241.96,24282.46,24241.71,24282.46
1778829300,24282.64,24297.95,24269.1,24269.64
1778829600,24270.59,24280.46,24256.77,24263.82
1778829900,24264.37,24274.73,24252.66,24263.97
1778830200,24265.99,24276.8,24232.37,24233.26
1778830500,24234.0,24236.96,24204.05,24206.47
1778830800,24205.26,24218.53,24199.2,24209.12
1778831100,24209.72,24210.31,24189.58,24193.34
1778831400,24193.76,24213.87,24181.55,24213.44
1778831700,24213.11,24215.49,24195.14,24199.77
1778832000,24200.66,24204.05,24143.08,24151.94
1778832300,24152.05,24154.63,24126.69,24136.07
1778832600,24135.86,24135.86,24116.42,24128.08
1778832900,24127.74,24127.74,24066.71,24083.48
1778833200,24083.33,24086.09,24060.98,24072.1
1778833500,24072.43,24073.51,24036.17,24038.51
1778833800,24038.6,24038.6,24008.48,24025.2
1778834100,24025.74,24061.52,24018.08,24061.52
1778834400,24062.53,24098.34,24062.53,24089.02
1778834700,24089.4,24091.37,24070.71,24075.4
1778835000,24074.02,24077.21,24064.3,24066.31
1778835300,24066.76,24076.92,24060.59,24074.47
1778835600,24077.03,24080.72,24068.36,24077.58
1778835900,24077.63,24091.42,24068.51,24076.63
1778836200,24077.4,24078.1,24059.48,24069.4
1778836500,24069.3,24069.3,24047.09,24049.24
1778836800,24048.93,24051.57,24033.92,24040.15
1778837100,24040.05,24057.12,24029.05,24057.12
1778837400,24057.31,24058.45,24036.02,24041.14
1778837700,24041.05,24053.37,24040.93,24049.04
1778838000,24049.72,24050.23,24030.5,24036.5
1778838300,24036.53,24038.88,24026.74,24038.21
1778838600,24044.57,24047.33,24019.3,24045.62
1778838900,24048.32,24067.37,24034.98,24053.97
1778839200,24059.06,24061.94,24035.48,24036.15
1778839500,24032.81,24051.07,24029.53,24047.37
1778839800,24047.51,24088.19,24044.07,24081.96
1778840100,24081.43,24082.65,24068.17,24073.91
1778840400,24074.24,24098.45,24072.98,24097.11
1778840700,24096.81,24103.91,24066.39,24066.39
1778841000,24064.65,24073.78,24060.08,24067.65
1778841300,24067.35,24074.42,24038.35,24051.29
1778841600,24050.45,24066.91,24037.61,24065.13
1778841900,24065.68,24124.84,24065.68,24095.89
1778842200,24098.36,24157.48,24093.81,24147.58
1778842500,24147.49,24166.54,24134.9,24159.71
1778842800,24158.2,24158.2,24158.2,24158.2
1778843100,24157.21,24157.21,24080.07,24084.15
1778843400,24084.57,24097.75,24080.42,24097.75
1778843700,24098.43,24104.52,24089.46,24103.11
1778844000,24103.14,24107.0,24070.26,24070.74
1778844300,24070.12,24075.27,24061.12,24070.68
1778844600,24070.2,24075.07,24050.65,24055.63
1778844900,24055.02,24061.64,24039.75,24042.23
1778845200,24042.77,24044.51,24025.87,24030.05
1778845500,24030.16,24036.13,24013.58,24034.28
1778845800,24034.38,24046.92,24028.81,24035.96
1778846100,24035.74,24035.74,24014.74,24016.3
1778846400,24016.38,24016.38,23978.27,23980.33
1778846700,23979.69,23984.44,23965.2,23976.98
1778847000,23977.43,23987.79,23970.98,23971.21
1778847300,23971.13,23981.21,23970.07,23977.36
1778847600,23977.68,23994.93,23961.56,23965.77
1778847900,23965.37,23978.3,23961.37,23974.42
1778848200,23974.18,23974.18,23948.71,23963.46
1778848500,23964.84,23970.64,23954.96,23963.5
1778848800,23963.07,23970.1,23941.95,23941.95
1778849100,23942.19,23951.98,23939.0,23949.53
1778849400,23949.96,23974.84,23945.98,23973.28
1778849700,23973.26,23989.15,23972.66,23985.96
1778850000,23985.77,23992.96,23972.65,23992.6
1778850300,23992.74,23993.32,23966.39,23973.11
1778850600,23971.83,23982.08,23971.77,23975.9
1778850900,23974.5,23993.65,23968.08,23984.81
1778851200,23985.27,24004.21,23984.43,23997.49
1778851500,24000.52,24012.44,23993.63,24003.15
1778851800,24003.08,24020.81,23975.61,24001.55
1778852100,24001.89,24009.28,23987.64,23991.04
1778852400,23989.64,23998.45,23933.98,23934.49
1778852700,23934.78,23944.87,23925.31,23944.87
1778853000,23944.25,23985.42,23928.0,23974.73
1778853300,23974.86,23980.46,23926.59,23931.04
1778853600,23932.3,23952.39,23917.63,23929.89
1778853900,23930.16,23959.92,23925.01,23944.52
1778854200,23944.94,23970.89,23944.21,23964.74
1778854500,23964.53,23995.12,23956.97,23991.74
1778854800,23991.96,24019.02,23991.96,23996.97
1778855100,23996.89,23998.71,23979.26,23991.15
1778855400,23991.61,24000.47,23978.0,23993.34
1778855700,23993.02,24013.41,23991.17,24003.82
1778856000,24003.13,24006.11,23990.43,24005.53
1778856300,24004.88,24007.83,23981.63,23987.21
1778856600,23985.61,23996.31,23959.09,23996.31
1778856900,23997.13,24002.62,23993.21,23994.1
1778857200,23993.11,24002.21,23985.93,23992.75
1778857500,23992.4,24002.4,23985.34,23997.12
1778857800,23997.31,23998.42,23969.17,23973.61
1778858100,23974.32,23977.73,23942.66,23951.57
1778858400,23951.73,23966.42,23946.66,23952.79
1778858700,23952.35,23953.16,23930.0,23953.16
1779087600,23833.11,23840.42,23823.72,23831.74
1779087900,23833.65,23853.66,23817.5,23823.95
1779088200,23822.64,23823.99,23797.33,23805.93
1779088500,23807.22,23837.6,23807.22,23834.0
1779088800,23833.86,23833.86,23799.53,23821.7
1779089100,23821.4,23886.57,23821.4,23885.04
1779089400,23884.52,23898.31,23872.27,23877.73
1779089700,23875.79,23875.87,23838.66,23838.66
1779090000,23839.23,23840.35,23819.27,23833.55
1779090300,23832.86,23861.49,23832.58,23855.94
1779090600,23857.05,23875.66,23848.15,23874.03
1779090900,23874.48,23893.36,23869.82,23874.77
1779091200,23875.87,23898.81,23875.87,23895.89
1779091500,23895.97,23910.37,23895.97,23898.55
1779091800,23898.75,23904.38,23875.74,23904.2
1779092100,23903.01,23907.08,23893.77,23905.45
1779092400,23905.22,23930.84,23905.22,23926.16
1779092700,23926.29,23953.11,23925.08,23943.77
1779093000,23945.6,23972.05,23939.27,23968.14
1779093300,23967.58,23967.58,23952.9,23956.94
1779093600,23957.46,23966.03,23955.49,23961.67
1779093900,23961.54,23981.97,23961.54,23981.21
1779094200,23981.78,24000.02,23980.59,23985.73
1779094500,23982.12,23996.39,23980.93,23992.55
1779094800,23992.67,23999.96,23974.7,23974.7
1779095100,23974.24,23979.82,23967.45,23971.96
1779095400,23971.81,23982.31,23965.25,23975.59
1779095700,23975.87,23992.94,23971.33,23988.4
1779096000,23988.43,24004.64,23988.41,23998.22
1779096300,23997.74,24003.39,23985.88,24000.78
1779096600,24001.95,24011.23,23998.13,24005.37
1779096900,24005.46,24007.39,23981.69,23982.25
1779097200,23982.23,23992.87,23979.18,23992.56
1779097500,23992.75,24005.31,23984.9,24001.81
1779097800,24001.35,24005.74,23976.56,23978.22
1779098100,23977.86,24005.79,23976.64,24005.2
1779098400,24004.82,24016.52,23979.86,23980.26
1779098700,23980.02,23980.02,23949.07,23949.33
1779099000,23949.31,23956.88,23943.59,23944.57
1779099300,23944.95,23970.45,23944.03,23967.67
1779099600,23967.14,23968.16,23958.33,23965.59
1779099900,23965.69,23980.15,23965.31,23980.12
1779100200,23980.4,23989.98,23962.35,23963.83
1779100500,23963.68,23979.13,23962.08,23976.45
1779100800,23976.73,24002.61,23976.73,24002.61
1779101100,24002.74,24023.1,24002.36,24017.86
1779101400,24017.56,24018.31,23993.66,23993.66
1779101700,23993.25,23993.25,23980.85,23984.06
1779102000,23985.02,23985.02,23964.61,23965.59
1779102300,23965.62,23981.74,23950.95,23950.95
1779102600,23951.59,23980.54,23931.29,23980.54
1779102900,23981.65,24019.06,23981.65,24016.28
1779103200,24016.25,24020.5,24009.03,24011.77
1779103500,24012.44,24017.08,23997.32,23999.14
1779103800,23998.84,24065.66,23995.94,24059.39
1779104100,24059.08,24177.97,24057.14,24164.99
1779104400,24167.89,24235.64,24167.89,24202.46
1779104700,24202.38,24202.88,24160.07,24163.01
1779105000,24162.88,24162.88,24138.26,24138.26
1779105300,24138.07,24140.7,24129.24,24138.03
1779105600,24133.01,24160.18,24127.61,24159.62
1779105900,24159.81,24183.47,24159.81,24174.02
1779106200,24173.88,24173.88,24147.68,24149.93
1779106500,24150.01,24159.64,24134.11,24138.7
1779106800,24138.97,24163.38,24135.0,24162.71
1779107100,24162.84,24169.82,24160.86,24165.29
1779107400,24165.19,24214.31,24162.42,24214.31
1779107700,24220.56,24246.38,24216.21,24240.15
1779108000,24240.26,24333.45,24234.61,24326.2
1779108300,24325.46,24360.01,24324.17,24348.8
1779108600,24348.61,24353.85,24327.56,24328.22
1779108900,24328.67,24369.73,24317.65,24369.73
1779109200,24370.05,24381.84,24326.91,24338.56
1779109500,24338.62,24358.11,24329.69,24355.53
1779109800,24353.65,24361.16,24340.65,24359.09
1779110100,24358.77,24358.77,24342.53,24343.55
1779110400,24343.41,24343.97,24327.89,24337.77
1779110700,24338.15,24369.54,24328.78,24337.96
1779111000,24337.24,24356.9,24327.86,24333.2
1779111300,24333.02,24338.39,24313.92,24333.05
1779111600,24333.26,24362.49,24308.16,24312.99
1779111900,24314.51,24390.18,24308.25,24376.4
1779112200,24377.84,24426.97,24377.84,24419.0
1779112500,24419.07,24430.98,24401.73,24405.0
1779112800,24407.72,24408.21,24367.07,24370.14
1779113100,24368.99,24393.61,24335.77,24393.61
1779113400,24393.41,24418.49,24385.22,24391.05
1779113700,24392.62,24426.28,24383.88,24424.92
1779114000,24424.71,24429.74,24377.51,24392.88
1779114300,24392.51,24396.46,24373.69,24379.8
1779114600,24380.36,24385.43,24326.13,24328.08
1779114900,24328.13,24340.6,24302.49,24335.99
1779115200,24336.13,24341.84,24307.08,24326.1
1779115500,24326.37,24329.68,24305.71,24328.82
1779115800,24329.12,24361.05,24326.09,24345.21
1779116100,24343.23,24364.16,24341.38,24349.46
1779116400,24348.37,24353.16,24239.95,24257.03
1779116700,24256.9,24284.76,24247.21,24260.01
1779117000,24259.92,24280.49,24255.01,24270.52
1779117300,24270.23,24287.77,24260.03,24268.32
1779117600,24268.98,24280.63,24250.81,24261.79
1779117900,24261.95,24275.83,24246.39,24246.89
1779174000,24370.5,24398.62,24358.75,24397.72
1779174300,24395.77,24457.26,24393.75,24449.42
1779174600,24450.13,24454.31,24435.37,24448.11
1779174900,24447.86,24447.86,24427.32,24435.81
1779175200,24436.12,24484.6,24436.01,24484.6
1779175500,24482.69,24491.01,24468.17,24488.14
1779175800,24487.86,24504.9,24487.86,24496.62
1779176100,24493.41,24562.09,24493.2,24561.99
1779176400,24561.77,24591.03,24559.46,24583.44
1779176700,24583.98,24628.84,24583.98,24619.86
1779177000,24619.45,24638.49,24619.16,24637.91
1779177300,24638.08,24663.93,24633.43,24640.75
1779177600,24640.27,24649.08,24610.13,24611.51
1779177900,24611.64,24611.82,24557.18,24563.21
1779178200,24563.51,24565.36,24532.49,24562.36
1779178500,24561.98,24595.6,24561.98,24588.76
1779178800,24588.13,24598.51,24554.79,24554.79
1779179100,24553.83,24568.44,24538.26,24566.64
1779179400,24566.48,24614.14,24560.92,24611.54
1779179700,24611.32,24631.23,24609.31,24628.39
1779180000,24628.03,24641.84,24624.58,24633.36
1779180300,24633.66,24642.98,24631.04,24640.3
1779180600,24641.31,24646.14,24635.82,24636.18
1779180900,24635.91,24650.94,24635.91,24646.82
1779181200,24646.13,24646.13,24618.5,24642.4
1779181500,24642.26,24644.0,24630.94,24637.96
1779181800,24636.65,24653.47,24632.83,24639.13
1779182100,24638.94,24640.39,24583.05,24595.74
1779182400,24597.01,24641.42,24597.01,24638.11
1779182700,24638.3,24638.48,24606.73,24608.25
1779183000,24608.8,24614.82,24579.22,24586.59
1779183300,24587.44,24607.0,24581.58,24581.58
1779183600,24581.65,24582.57,24567.41,24581.57
1779183900,24582.47,24590.66,24575.79,24584.71
1779184200,24586.39,24591.5,24578.99,24585.95
1779184500,24585.82,24615.19,24581.25,24614.36
1779184800,24614.07,24624.2,24598.89,24603.34
1779185100,24602.97,24614.71,24600.57,24609.95
1779185400,24610.02,24636.87,24609.7,24635.0
1779185700,24636.07,24636.73,24623.28,24627.35
1779186000,24627.65,24632.98,24615.93,24630.89
1779186300,24631.43,24640.68,24630.59,24634.05
1779186600,24634.26,24669.06,24633.92,24664.6
1779186900,24666.17,24690.81,24639.9,24671.25
1779187200,24672.07,24678.2,24608.43,24615.06
1779187500,24615.39,24638.73,24596.84,24633.95
1779187800,24634.14,24654.82,24632.54,24646.41
1779188100,24652.95,24676.97,24652.95,24658.26
1779188400,24658.7,24664.68,24645.93,24649.52
1779188700,24649.29,24651.45,24635.62,24650.45
1779189000,24650.55,24650.57,24631.11,24633.02
1779189300,24632.13,24632.45,24602.04,24606.78
1779189600,24609.97,24612.0,24596.07,24608.12
1779189900,24608.41,24609.99,24596.08,24604.54
1779190200,24605.27,24612.31,24603.82,24611.62
1779190500,24611.43,24620.94,24602.15,24617.77
1779190800,24617.15,24627.28,24614.8,24616.76
1779191100,24617.03,24617.97,24599.15,24605.95
1779191400,24606.66,24606.66,24580.34,24583.03
1779191700,24583.33,24584.0,24566.34,24566.53
1779192000,24562.49,24590.91,24555.12,24590.91
1779192300,24590.48,24604.18,24586.72,24602.79
1779192600,24602.84,24612.98,24595.61,24610.78
1779192900,24611.08,24627.81,24610.49,24626.59
1779193200,24626.68,24627.42,24611.6,24623.83
1779193500,24623.6,24625.41,24612.99,24614.33
1779193800,24614.82,24630.31,24611.77,24624.37
1779194100,24625.39,24628.26,24620.03,24620.97
1779194400,24620.92,24633.41,24618.31,24630.25
1779194700,24629.36,24633.76,24622.57,24625.76
1779195000,24625.65,24628.34,24607.81,24608.39
1779195300,24610.16,24619.62,24604.13,24612.78
1779195600,24612.97,24624.53,24612.5,24613.21
1779195900,24612.54,24613.55,24543.97,24552.3
1779196200,24552.52,24599.62,24547.82,24597.44
1779196500,24597.63,24600.77,24566.71,24566.71
1779196800,24566.63,24566.63,24520.21,24535.11
1779197100,24536.31,24536.31,24490.55,24496.7
1779197400,24496.04,24505.81,24469.87,24499.01
1779197700,24497.59,24517.22,24484.02,24496.46
1779198000,24495.78,24496.87,24440.41,24448.16
1779198300,24448.54,24472.34,24438.38,24464.01
1779198600,24465.48,24535.86,24465.12,24531.25
1779198900,24531.79,24537.95,24494.32,24494.32
1779199200,24492.78,24532.36,24473.32,24531.91
1779199500,24533.93,24543.74,24474.66,24483.63
1779199800,24482.17,24502.73,24457.44,24458.56
1779200100,24458.89,24467.31,24430.72,24436.14
1779200400,24435.76,24438.62,24374.18,24387.97
1779200700,24387.78,24398.79,24362.28,24381.62
1779201000,24382.5,24406.3,24377.05,24380.37
1779201300,24379.1,24418.72,24375.02,24403.78
1779201600,24403.52,24418.18,24390.97,24397.84
1779201900,24397.13,24407.69,24367.8,24374.22
1779202200,24375.3,24396.76,24360.54,24389.28
1779202500,24389.09,24438.24,24388.96,24438.24
1779202800,24438.66,24463.42,24428.35,24461.73
1779203100,24461.47,24463.4,24435.34,24458.57
1779203400,24458.48,24471.24,24455.75,24470.93
1779203700,24471.1,24478.6,24457.33,24458.24
1779204000,24456.39,24457.55,24423.78,24433.05
1779204300,24433.15,24448.7,24427.97,24434.73
1779260400,24345.32,24358.52,24332.13,24345.57
1779260700,24344.86,24385.96,24343.72,24385.25
1779261000,24385.38,24387.08,24365.46,24365.69
1779261300,24366.91,24377.03,24359.67,24374.3
1779261600,24374.18,24400.82,24374.18,24396.72
1779261900,24396.77,24414.84,24396.77,24412.81
1779262200,24413.08,24416.55,24388.86,24397.0
1779262500,24396.89,24396.89,24357.38,24370.83
1779262800,24370.94,24389.66,24364.3,24387.42
1779263100,24388.28,24389.84,24375.93,24389.84
1779263400,24388.76,24389.2,24346.75,24359.99
1779263700,24360.2,24360.2,24315.62,24315.95
1779264000,24312.52,24342.46,24310.62,24338.1
1779264300,24338.15,24347.13,24305.39,24305.55
1779264600,24305.41,24315.74,24287.67,24314.53
1779264900,24314.47,24316.27,24300.73,24310.63
1779265200,24311.02,24340.67,24295.8,24340.67
1779265500,24340.97,24381.71,24340.05,24381.71
1779265800,24381.93,24406.52,24381.93,24392.05
1779266100,24391.1,24429.58,24388.93,24428.82
1779266400,24428.86,24431.18,24419.13,24428.02
1779266700,24427.79,24448.69,24425.8,24445.37
1779267000,24445.14,24457.21,24440.61,24450.06
1779267300,24450.31,24454.22,24433.79,24436.44
1779267600,24437.3,24455.79,24436.8,24448.75
1779267900,24446.83,24452.78,24444.86,24447.96
1779268200,24448.12,24473.56,24430.56,24431.76
1779268500,24431.66,24460.36,24431.66,24460.07
1779268800,24460.39,24467.34,24454.4,24454.55
1779269100,24454.68,24471.67,24447.95,24469.25
1779269400,24470.05,24480.27,24469.27,24477.36
1779269700,24477.51,24477.51,24468.88,24469.04
1779270000,24469.0,24475.93,24461.87,24474.49
1779270300,24474.46,24482.96,24471.65,24476.35
1779270600,24476.05,24498.02,24473.57,24492.0
1779270900,24492.08,24496.09,24483.05,24493.46
1779271200,24493.21,24512.77,24491.54,24507.71
1779271500,24507.17,24521.44,24507.17,24517.17
1779271800,24518.07,24542.16,24517.52,24542.03
1779272100,24542.29,24546.92,24534.36,24537.47
1779272400,24537.92,24561.65,24537.32,24548.97
1779272700,24548.8,24555.82,24548.8,24553.87
1779273000,24553.65,24568.42,24551.42,24567.97
1779273300,24568.16,24591.53,24567.11,24579.37
1779273600,24579.14,24579.14,24558.93,24561.2
1779273900,24561.58,24573.52,24555.55,24555.55
1779274200,24554.77,24554.77,24546.66,24551.64
1779274500,24552.02,24553.57,24521.68,24523.94
1779274800,24523.81,24524.52,24506.74,24513.64
1779275100,24513.94,24530.11,24513.94,24525.91
1779275400,24525.85,24532.9,24512.6,24512.79
1779275700,24513.03,24526.66,24513.03,24517.61
1779276000,24517.71,24537.77,24512.95,24536.7
1779276300,24536.65,24538.82,24532.29,24535.07
1779276600,24535.54,24542.95,24530.88,24531.69
1779276900,24531.31,24537.27,24528.29,24536.71
1779277200,24537.9,24546.18,24511.37,24524.59
1779277500,24524.89,24530.09,24497.06,24504.03
1779277800,24503.81,24505.27,24491.12,24501.0
1779278100,24501.1,24510.45,24499.61,24507.78
1779278400,24507.14,24525.18,24502.33,24525.18
1779278700,24525.34,24539.18,24524.96,24531.55
1779279000,24531.93,24531.93,24519.8,24529.09
1779279300,24529.23,24536.14,24527.83,24536.14
1779279600,24536.11,24536.21,24528.03,24536.07
1779279900,24537.08,24560.47,24534.26,24554.2
1779280200,24554.88,24563.88,24520.23,24534.09
1779280500,24535.72,24541.74,24513.34,24513.79
1779280800,24513.6,24513.6,24498.06,24501.02
1779281100,24500.9,24505.59,24490.61,24493.57
1779281400,24493.77,24493.77,24478.97,24483.96
1779281700,24485.03,24487.75,24472.86,24473.44
1779282000,24473.35,24476.72,24463.73,24476.49
1779282300,24477.28,24503.2,24477.28,24499.24
1779282600,24499.2,24500.87,24481.54,24489.68
1779282900,24488.79,24490.73,24473.98,24477.69
1779283200,24477.36,24499.01,24477.31,24492.48
1779283500,24492.94,24494.98,24475.15,24481.27
1779283800,24481.02,24481.02,24442.61,24458.39
1779284100,24457.81,24486.44,24442.62,24481.82
1779284400,24482.77,24508.34,24481.53,24504.5
1779284700,24505.46,24546.2,24505.46,24526.37
1779285000,24526.5,24538.67,24512.28,24513.19
1779285300,24514.05,24545.18,24508.36,24541.34
1779285600,24538.44,24545.7,24522.59,24529.44
1779285900,24529.08,24536.93,24485.62,24486.58
1779286200,24487.65,24603.51,24462.39,24552.96
1779286500,24550.41,24724.54,24550.41,24691.63
1779286800,24691.53,24708.0,24643.03,24645.02
1779287100,24645.79,24670.5,24625.77,24655.82
1779287400,24656.11,24694.57,24651.4,24651.4
1779287700,24651.14,24655.42,24620.19,24635.1
1779288000,24634.88,24664.74,24626.71,24662.85
1779288300,24663.69,24670.19,24640.73,24642.31
1779288600,24642.24,24684.25,24631.86,24681.12
1779288900,24679.28,24706.29,24674.17,24674.89
1779289200,24675.35,24692.1,24670.56,24678.08
1779289500,24677.73,24700.44,24677.15,24694.96
1779289800,24692.38,24715.51,24690.38,24697.89
1779290100,24699.53,24885.56,24697.12,24767.46
1779290400,24767.21,24794.22,24751.83,24789.37
1779290700,24789.53,24789.53,24727.34,24727.34
1779346800,24692.21,24729.56,24687.48,24703.63
1779347100,24707.74,24716.75,24687.92,24703.1
1779347400,24703.21,24703.21,24682.01,24682.56
1779347700,24682.66,24684.56,24646.9,24660.92
1779348000,24660.47,24676.87,24653.14,24666.52
1779348300,24665.73,24666.41,24604.7,24607.5
1779348600,24617.53,24643.31,24617.38,24643.31
1779348900,24641.89,24671.84,24641.89,24668.1
1779349200,24667.91,24688.43,24663.31,24685.96
1779349500,24687.32,24726.75,24684.46,24726.75
1779349800,24726.99,24737.01,24721.52,24721.52
1779350100,24721.95,24722.23,24713.05,24717.17
1779350400,24717.09,24749.91,24713.94,24749.91
1779350700,24750.56,24786.98,24745.2,24786.98
1779351000,24787.74,24840.64,24778.67,24825.81
1779351300,24826.03,24859.26,24787.0,24787.0
1779351600,24783.67,24783.84,24760.99,24771.62
1779351900,24771.66,24803.93,24770.44,24803.23
1779352200,24803.91,24806.25,24766.24,24767.33
1779352500,24769.1,24781.93,24756.28,24779.97
1779352800,24780.73,24795.85,24777.64,24792.37
1779353100,24793.54,24794.3,24771.68,24777.64
1779353400,24777.53,24807.44,24776.31,24806.67
1779353700,24806.56,24809.57,24797.05,24802.76
1779354000,24802.69,24807.98,24790.65,24797.84
1779354300,24797.73,24829.99,24794.4,24828.32
1779354600,24828.29,24843.58,24826.29,24837.04
1779354900,24837.0,24853.94,24836.8,24840.46
1779355200,24839.93,24872.27,24837.71,24867.63
1779355500,24868.16,24884.91,24861.0,24880.1
1779355800,24879.96,24885.83,24872.89,24875.02
1779356100,24874.88,24894.63,24873.66,24879.89
1779356400,24879.41,24881.24,24845.1,24845.1
1779356700,24845.32,24858.83,24831.21,24853.62
1779357000,24853.81,24869.35,24853.81,24861.93
1779357300,24862.04,24864.62,24857.73,24861.7
1779357600,24861.89,24868.24,24856.61,24859.7
1779357900,24859.56,24862.93,24849.74,24862.68
1779358200,24863.8,24871.53,24855.78,24868.48
1779358500,24868.2,24875.25,24850.66,24850.66
1779358800,24850.89,24854.68,24841.65,24850.45
1779359100,24850.13,24850.13,24696.75,24701.05
1779359400,24701.16,24701.51,24653.65,24690.82
1779359700,24691.39,24696.81,24618.56,24618.74
1779360000,24617.6,24617.6,24535.9,24594.49
1779360300,24594.98,24599.34,24560.06,24579.94
1779360600,24580.0,24603.47,24556.64,24603.47
1779360900,24604.43,24612.29,24569.47,24570.66
1779361200,24577.74,24611.98,24564.55,24602.39
1779361500,24601.98,24606.58,24591.18,24602.4
1779361800,24602.6,24621.63,24602.6,24604.66
1779362100,24604.07,24613.9,24595.75,24612.19
1779362400,24612.46,24654.02,24612.46,24618.93
1779362700,24619.08,24631.44,24610.3,24624.45
1779363000,24624.97,24635.66,24610.33,24610.33
1779363300,24610.47,24616.29,24586.72,24602.4
1779363600,24604.1,24619.04,24604.06,24614.25
1779363900,24614.2,24626.63,24612.86,24623.19
1779364200,24623.28,24625.25,24610.61,24611.94
1779364500,24611.89,24611.89,24582.36,24593.76
1779364800,24595.49,24615.21,24595.49,24613.9
1779365100,24614.4,24614.7,24587.38,24602.93
1779365400,24603.45,24613.96,24593.43,24599.29
1779365700,24599.42,24609.47,24592.31,24608.96
1779366000,24609.75,24609.75,24555.92,24561.83
1779366300,24561.78,24563.84,24540.05,24552.96
1779366600,24552.76,24602.98,24540.32,24602.98
1779366900,24603.27,24613.58,24586.83,24599.02
1779367200,24597.24,24604.34,24573.96,24574.52
1779367500,24567.96,24584.65,24552.88,24554.21
1779367800,24554.48,24583.61,24548.75,24583.61
1779368100,24583.32,24591.51,24568.42,24580.56
1779368400,24578.02,24618.68,24573.34,24618.09
1779368700,24618.29,24620.51,24592.38,24593.28
1779369000,24593.0,24593.39,24577.29,24585.09
1779369300,24585.17,24598.68,24585.17,24597.57
1779369600,24599.22,24624.24,24598.43,24607.03
1779369900,24606.99,24608.24,24591.01,24600.2
1779370200,24603.09,24609.39,24538.23,24540.4
1779370500,24539.78,24562.72,24539.26,24546.14
1779370800,24545.68,24560.78,24534.79,24553.01
1779371100,24552.63,24596.66,24552.63,24593.17
1779371400,24592.62,24700.75,24590.39,24692.52
1779371700,24692.27,24701.3,24666.94,24685.94
1779372000,24686.43,24702.23,24663.51,24663.87
1779372300,24663.27,24665.85,24645.26,24663.68
1779372600,24665.2,24697.08,24646.58,24660.67
1779372900,24662.56,24662.56,24610.69,24629.65
1779373200,24629.72,24638.71,24611.12,24620.53
1779373500,24620.36,24665.91,24620.36,24657.11
1779373800,24657.3,24672.69,24657.3,24667.08
1779374100,24667.2,24688.22,24667.2,24684.57
1779374400,24684.12,24684.12,24660.79,24666.47
1779374700,24667.43,24678.21,24656.06,24675.83
1779375000,24675.55,24696.3,24675.55,24687.65
1779375300,24687.39,24714.64,24683.46,24711.07
1779375600,24710.55,24718.37,24699.16,24707.04
1779375900,24706.89,24706.89,24649.25,24670.9
1779376200,24671.3,24713.92,24660.87,24684.56
1779376500,24685.23,24697.9,24678.46,24678.46
1779376800,24678.27,24678.27,24649.28,24653.29
1779377100,24653.32,24669.11,24649.9,24655.63
1779433200,24768.49,24789.01,24759.27,24781.29
1779433500,24783.02,24794.28,24772.39,24773.97
1779433800,24773.65,24781.61,24756.86,24757.17
1779434100,24756.79,24796.57,24753.61,24795.55
1779434400,24795.29,24815.02,24791.75,24811.89
1779434700,24812.62,24822.27,24801.04,24804.46
1779435000,24805.03,24807.5,24744.57,24744.57
1779435300,24742.55,24742.55,24713.49,24723.6
1779435600,24723.61,24759.19,24723.34,24735.41
1779435900,24735.57,24739.06,24723.3,24737.54
1779436200,24737.68,24738.0,24720.25,24725.08
1779436500,24724.84,24755.1,24722.61,24754.35
1779436800,24754.25,24773.94,24754.25,24758.77
1779437100,24757.46,24757.48,24719.23,24720.01
1779437400,24720.73,24747.84,24711.28,24747.63
1779437700,24747.91,24786.16,24747.91,24772.9
1779438000,24772.98,24787.71,24747.09,24761.56
1779438300,24761.25,24761.25,24741.29,24755.33
1779438600,24755.9,24764.39,24676.27,24679.01
1779438900,24680.1,24753.54,24680.1,24739.98
1779439200,24740.71,24751.25,24727.68,24746.75
1779439500,24747.42,24752.39,24735.04,24738.82
1779439800,24737.63,24751.22,24732.43,24741.11
1779440100,24740.22,24746.53,24735.35,24739.55
1779440400,24739.63,24739.63,24727.91,24732.37
1779440700,24731.02,24731.02,24706.28,24718.61
1779441000,24718.89,24727.67,24713.48,24717.51
1779441300,24717.65,24742.59,24715.51,24741.04
1779441600,24741.07,24762.53,24741.07,24751.59
1779441900,24752.11,24756.59,24744.85,24749.63
1779442200,24749.85,24751.13,24726.71,24745.04
1779442500,24744.93,24766.22,24742.83,24762.72
1779442800,24762.45,24763.96,24749.08,24749.08
1779443100,24749.53,24768.47,24743.97,24767.02
1779443400,24776.13,24788.76,24757.98,24784.36
1779443700,24787.26,24790.19,24771.18,24779.79
1779444000,24783.9,24783.9,24770.27,24770.49
1779444300,24769.33,24800.97,24768.81,24798.77
1779444600,24798.96,24815.09,24798.96,24803.34
1779444900,24800.56,24805.43,24792.65,24797.52
1779445200,24797.44,24816.02,24797.44,24816.02
1779445500,24816.4,24818.63,24811.14,24811.2
1779445800,24810.9,24813.28,24796.87,24796.87
1779446100,24796.98,24799.63,24790.43,24791.67
1779446400,24791.75,24791.81,24778.53,24786.16
1779446700,24786.73,24790.39,24772.37,24778.5
1779447000,24778.39,24788.42,24773.22,24786.53
1779447300,24784.63,24784.63,24772.48,24779.53
1779447600,24779.35,24787.74,24778.21,24785.76
1779447900,24786.04,24793.62,24775.48,24777.04
1779448200,24776.98,24776.98,24753.51,24757.72
1779448500,24757.85,24758.27,24747.6,24755.26
1779448800,24755.2,24757.11,24747.09,24748.66
1779449100,24748.2,24758.84,24744.81,24755.9
1779449400,24756.03,24768.15,24754.89,24761.19
1779449700,24761.47,24797.65,24761.34,24797.65
1779450000,24797.84,24812.88,24792.14,24811.37
1779450300,24810.86,24849.12,24808.58,24818.36
1779450600,24817.68,24829.63,24816.44,24821.55
1779450900,24818.92,24819.7,24805.68,24805.77
1779451200,24805.96,24828.7,24805.96,24823.72
1779451500,24823.31,24825.77,24816.65,24816.65
1779451800,24817.0,24943.75,24815.15,24902.15
1779452100,24905.11,24918.05,24865.65,24906.73
1779452400,24905.15,24905.15,24864.53,24879.53
1779452700,24879.66,24885.93,24869.47,24870.88
1779453000,24871.1,24875.18,24869.36,24870.51
1779453300,24870.0,24874.65,24855.36,24874.32
1779453600,24873.71,24874.18,24842.86,24858.18
1779453900,24858.04,24872.61,24856.88,24871.19
1779454200,24872.09,24892.06,24860.42,24890.38
1779454500,24890.19,24920.02,24885.65,24913.32
1779454800,24914.29,24922.2,24887.14,24892.94
1779455100,24893.13,24935.8,24891.07,24932.19
1779455400,24931.32,24940.73,24919.48,24922.07
1779455700,24922.43,24939.77,24916.57,24923.91
1779456000,24924.13,24927.02,24912.08,24912.08
1779456300,24912.3,24921.75,24904.08,24904.08
1779456600,24903.72,24921.44,24882.79,24899.79
1779456900,24899.73,24912.4,24897.53,24909.6
1779457200,24909.95,24917.73,24872.66,24915.44
1779457500,24915.87,24933.16,24893.24,24896.43
1779457800,24896.49,24902.51,24875.85,24899.99
1779458100,24900.53,24900.53,24884.14,24888.25
1779458400,24888.76,24888.76,24835.99,24848.19
1779458700,24847.97,24857.51,24838.0,24855.93
1779459000,24855.82,24866.48,24836.91,24845.19
1779459300,24845.45,24857.06,24844.06,24853.83
1779459600,24853.24,24859.53,24835.02,24841.64
1779459900,24842.16,24860.11,24836.56,24860.01
1779460200,24859.63,24864.39,24852.43,24855.15
1779460500,24854.77,24865.74,24854.7,24858.03
1779460800,24857.58,24884.28,24856.79,24883.71
1779461100,24883.82,24901.39,24882.7,24893.01
1779461400,24892.77,24910.3,24889.8,24909.84
1779461700,24909.35,24915.96,24906.43,24909.14
1779462000,24909.08,24920.6,24905.25,24915.87
1779462300,24915.92,24920.8,24902.26,24903.88
1779462600,24903.07,24903.49,24894.35,24901.01
1779462900,24901.32,24913.97,24901.32,24913.53
1779463200,24913.83,24935.03,24913.83,24918.86
1779463500,24918.72,24928.65,24914.94,24925.71
1779692400,25181.27,25191.17,25174.81,25175.33
1779692700,25176.95,25196.52,25162.25,25192.29
1779693000,25191.84,25192.66,25138.02,25142.21
1779693300,25142.0,25142.57,25062.72,25090.26
1779693600,25090.84,25132.75,25082.26,25131.87
1779693900,25131.94,25152.4,25130.28,25143.11
1779694200,25143.0,25210.33,25139.88,25170.4
1779694500,25170.53,25177.59,25144.66,25146.99
1779694800,25146.7,25155.58,25139.69,25152.82
1779695100,25152.91,25164.21,25141.29,25154.02
1779695400,25152.89,25164.33,25150.25,25163.63
1779695700,25164.76,25177.87,25163.84,25176.03
1779696000,25177.75,25177.83,25150.36,25155.23
1779696300,25155.07,25159.05,25146.79,25156.01
1779696600,25156.2,25175.22,25156.2,25172.7
1779696900,25172.94,25175.69,25164.16,25174.65
1779697200,25177.47,25187.6,25174.7,25179.07
1779697500,25179.24,25193.17,25177.51,25189.7
1779697800,25189.95,25189.95,25180.82,25183.29
1779698100,25183.49,25196.08,25183.49,25188.25
1779698400,25188.08,25191.73,25185.72,25189.63
1779698700,25189.52,25197.57,25188.75,25196.67
1779699000,25197.15,25198.73,25184.66,25184.86
1779699300,25184.75,25186.68,25178.59,25183.66
1779699600,25183.6,25190.05,25180.12,25187.59
1779699900,25187.51,25194.22,25187.2,25191.38
1779700200,25191.49,25199.83,25190.97,25196.43
1779700500,25197.5,25211.31,25196.85,25205.24
1779700800,25205.79,25208.41,25197.33,25197.78
1779701100,25197.97,25212.61,25197.41,25210.04
1779701400,25210.02,25231.9,25208.55,25228.76
1779701700,25227.67,25234.33,25222.92,25232.47
1779702000,25232.24,25237.26,25228.78,25230.49
1779702300,25230.28,25239.48,25226.98,25238.79
1779702600,25239.39,25243.78,25238.93,25239.06
1779702900,25238.79,25240.95,25231.52,25231.52
1779703200,25231.38,25231.38,25222.23,25230.38
1779703500,25230.29,25242.32,25229.51,25240.09
1779703800,25240.04,25249.76,25237.55,25242.13
1779704100,25242.02,25267.42,25242.02,25263.24
1779704400,25263.06,25263.06,25253.27,25254.89
1779704700,25255.27,25255.27,25245.88,25245.94
1779705000,25245.75,25246.2,25238.37,25240.08
1779705300,25240.0,25254.83,25240.0,25254.83
1779705600,25254.63,25262.45,25254.63,25260.93
1779705900,25260.39,25260.77,25250.33,25251.77
1779706200,25251.72,25256.02,25249.81,25254.45
1779706500,25254.29,25257.55,25247.7,25248.37
1779706800,25248.53,25253.91,25239.77,25239.98
1779707100,25239.88,25239.88,25224.64,25225.06
1779707400,25224.99,25231.7,25222.45,25231.7
1779707700,25231.49,25248.38,25231.17,25246.7
1779708000,25246.51,25252.72,25245.81,25252.72
1779708300,25252.91,25254.4,25246.49,25248.94
1779708600,25249.17,25269.57,25248.22,25261.3
1779708900,25261.4,25264.48,25257.1,25262.69
1779709200,25262.91,25270.27,25262.75,25268.44
1779709500,25268.25,25292.34,25268.25,25274.67
1779709800,25274.72,25278.65,25265.15,25266.21
1779710100,25266.11,25268.27,25261.21,25267.69
1779710400,25267.85,25267.85,25260.25,25261.91
1779710700,25261.48,25277.32,25261.14,25277.2
1779711000,25277.5,25282.69,25274.94,25277.51
1779711300,25277.41,25280.3,25273.89,25273.99
1779711600,25274.1,25322.79,25272.76,25288.64
1779711900,25292.04,25294.24,25278.0,25278.36
1779712200,25279.65,25282.93,25277.24,25281.31
1779712500,25281.55,25301.83,25281.51,25281.95
1779712800,25281.72,25290.39,25277.17,25290.19
1779713100,25290.17,25293.73,25270.84,25293.25
1779713400,25293.28,25296.85,25290.14,25294.9
1779713700,25295.09,25295.09,25274.14,25274.17
1779714000,25274.11,25275.31,25264.31,25266.64
1779714300,25268.26,25279.07,25267.72,25275.11
1779714600,25275.25,25278.64,25273.66,25276.32
1779714900,25276.05,25276.25,25260.87,25268.75
1779715200,25268.74,25274.16,25266.06,25274.16
1779715500,25273.95,25277.35,25273.15,25276.77
1779715800,25277.55,25287.36,25277.0,25283.53
1779716100,25283.43,25297.28,25283.43,25297.28
1779716400,25297.86,25303.03,25293.68,25302.36
1779716700,25302.06,25305.62,25292.84,25305.07
1779717000,25306.03,25323.24,25305.51,25323.24
1779717300,25323.19,25331.4,25320.51,25320.75
1779717600,25320.28,25335.81,25315.81,25334.77
1779717900,25328.69,25331.92,25323.08,25331.13
1779718200,25331.61,25331.61,25315.37,25315.37
1779718500,25315.64,25329.05,25314.72,25328.75
1779718800,25331.79,25353.32,25331.79,25352.72
1779719100,25354.31,25372.62,25354.22,25371.16
1779719400,25372.02,25374.14,25366.53,25368.25
1779719700,25367.74,25372.47,25353.89,25355.07
1779720000,25354.96,25357.98,25347.31,25351.51
1779720300,25351.44,25365.28,25345.36,25358.71
1779720600,25358.53,25372.87,25351.04,25368.24
1779720900,25368.03,25376.82,25357.1,25363.06
1779721200,25363.51,25366.47,25350.35,25355.75
1779721500,25355.65,25355.65,25344.36,25349.83
1779721800,25350.11,25438.41,25350.07,25406.79
1779722100,25406.51,25412.88,25400.01,25412.88
1779722400,25413.07,25419.64,25390.53,25390.53
1779722700,25390.67,25415.1,25384.44,25394.47
1779778800,25359.75,25361.64,25307.05,25307.05
1779779100,25304.88,25343.5,25299.06,25319.85
1779779400,25319.31,25343.98,25315.95,25341.8
1779779700,25341.97,25343.59,25294.53,25303.87
1779780000,25304.78,25330.28,25294.59,25329.17
1779780300,25329.71,25329.73,25292.51,25292.51
1779780600,25293.34,25293.34,25247.93,25263.85
1779780900,25264.45,25271.74,25256.35,25271.62
1779781200,25271.33,25283.51,25261.15,25273.43
1779781500,25274.32,25308.69,25273.48,25306.18
1779781800,25307.32,25307.32,25252.4,25252.4
1779782100,25252.21,25274.33,25249.81,25272.06
1779782400,25273.29,25281.67,25255.92,25263.21
1779782700,25264.29,25264.44,25221.34,25223.16
1779783000,25223.14,25245.45,25214.51,25215.66
1779783300,25215.48,25237.88,25212.06,25230.73
1779783600,25231.24,25242.17,25221.8,25236.33
1779783900,25236.74,25238.77,25219.67,25220.5
1779784200,25220.37,25220.37,25199.75,25203.59
1779784500,25203.38,25215.31,25193.41,25203.3
1779784800,25201.68,25217.34,25194.98,25216.88
1779785100,25218.03,25218.03,25189.49,25190.46
1779785400,25189.52,25202.33,25186.3,25198.2
1779785700,25198.39,25199.94,25187.87,25190.42
1779786000,25190.28,25207.77,25180.5,25207.77
1779786300,25208.22,25214.38,25188.33,25197.39
1779786600,25197.99,25198.27,25191.23,25193.06
1779786900,25192.54,25218.05,25184.99,25211.07
1779787200,25210.83,25220.66,25200.15,25202.62
1779787500,25203.69,25230.42,25201.37,25230.18
1779787800,25230.56,25241.33,25226.09,25226.24
1779788100,25226.25,25227.9,25212.26,25213.48
1779788400,25213.95,25219.56,25209.05,25210.1
1779788700,25209.21,25214.36,25205.65,25214.36
1779789000,25214.5,25214.5,25202.1,25210.26
1779789300,25210.18,25218.27,25210.06,25215.68
1779789600,25215.77,25215.97,25196.46,25201.99
1779789900,25203.21,25220.33,25201.94,25220.16
1779790200,25219.13,25249.22,25219.13,25246.06
1779790500,25246.33,25250.3,25233.7,25250.3
1779790800,25249.9,25255.11,25242.68,25253.08
1779791100,25252.92,25285.21,25250.77,25270.39
1779791400,25270.2,25289.04,25270.18,25288.32
1779791700,25288.46,25297.5,25276.69,25276.99
1779792000,25276.85,25286.82,25247.8,25256.26
1779792300,25256.39,25256.66,25243.18,25255.44
1779792600,25255.5,25268.64,25254.73,25267.35
1779792900,25267.49,25276.79,25267.49,25275.36
1779793200,25276.1,25279.38,25272.87,25277.97
1779793500,25277.59,25278.43,25270.52,25276.53
1779793800,25276.86,25277.34,25273.06,25273.06
1779794100,25272.63,25273.83,25255.54,25258.12
1779794400,25258.2,25272.16,25256.38,25270.61
1779794700,25270.53,25272.11,25251.16,25252.68
1779795000,25252.59,25253.34,25231.74,25234.87
1779795300,25234.93,25239.13,25216.48,25239.13
1779795600,25239.17,25256.11,25236.86,25255.5
1779795900,25255.16,25267.36,25254.05,25262.98
1779796200,25262.15,25275.12,25261.54,25265.25
1779796500,25265.36,25269.55,25257.54,25258.65
1779796800,25258.94,25262.06,25255.82,25261.09
1779797100,25261.49,25271.43,25230.5,25262.88
1779797400,25262.69,25273.29,25256.86,25269.38
1779797700,25270.06,25280.34,25265.34,25278.99
1779798000,25279.41,25282.15,25269.93,25275.6
1779798300,25275.66,25279.23,25272.45,25276.75
1779798600,25277.28,25277.58,25262.61,25262.61
1779798900,25263.13,25274.9,25261.53,25274.41
1779799200,25274.11,25280.17,25262.5,25262.5
1779799500,25262.23,25267.86,25255.09,25267.37
1779799800,25266.97,25283.99,25266.97,25278.48
1779800100,25278.32,25278.32,25268.83,25270.62
1779800400,25270.48,25270.87,25264.46,25267.75
1779800700,25267.53,25270.61,25262.64,25268.31
1779801000,25267.98,25273.94,25259.5,25272.97
1779801300,25272.78,25277.17,25271.41,25275.73
1779801600,25274.34,25289.97,25272.5,25289.97
1779801900,25289.81,25289.81,25270.38,25272.2
1779802200,25272.87,25273.67,25255.24,25258.43
1779802500,25259.89,25277.17,25254.32,25261.64
1779802800,25261.12,25275.78,25259.14,25273.3
1779803100,25274.4,25283.03,25271.68,25271.68
1779803400,25271.36,25274.95,25218.65,25236.82
1779803700,25237.38,25261.59,25236.34,25258.15
1779804000,25256.98,25266.45,25245.86,25257.58
1779804300,25257.85,25287.47,25254.22,25264.65
1779804600,25264.34,25273.6,25253.77,25268.6
1779804900,25269.27,25276.18,25265.83,25272.21
1779805200,25271.91,25272.27,25255.3,25255.84
1779805500,25256.83,25262.44,25237.7,25248.12
1779805800,25248.48,25252.18,25227.09,25229.1
1779806100,25228.5,25249.46,25216.77,25216.77
1779806400,25216.81,25224.29,25215.56,25223.28
1779806700,25223.12,25243.21,25221.54,25242.29
1779807000,25242.13,25242.51,25218.24,25223.59
1779807300,25224.11,25240.37,25219.05,25239.52
1779807600,25239.99,25241.4,25208.43,25210.35
1779807900,25210.72,25222.43,25206.37,25219.19
1779808200,25219.42,25222.3,25209.51,25212.22
1779808500,25212.34,25213.31,25193.62,25195.95
1779808800,25195.46,25208.27,25195.46,25200.74
1779809100,25200.55,25213.24,25200.15,25204.38
1779865200,25324.81,25332.08,25305.34,25308.09
1779865500,25310.29,25313.56,25291.5,25304.83
1779865800,25305.26,25318.81,25294.01,25318.56
1779866100,25319.96,25361.95,25309.31,25360.22
1779866400,25360.32,25360.45,25333.91,25334.01
1779866700,25333.8,25337.16,25317.5,25333.95
1779867000,25334.18,25348.98,25325.96,25337.04
1779867300,25336.85,25351.37,25324.95,25325.73
1779867600,25325.83,25349.61,25322.7,25338.36
1779867900,25338.3,25346.6,25334.31,25338.91
1779868200,25339.1,25354.91,25331.93,25347.85
1779868500,25348.03,25352.55,25341.59,25342.46
1779868800,25341.98,25367.23,25321.58,25356.14
1779869100,25356.83,25362.43,25346.56,25352.27
1779869400,25351.6,25360.89,25347.25,25350.59
1779869700,25349.27,25350.97,25314.84,25314.86
1779870000,25315.26,25353.72,25314.35,25335.14
1779870300,25334.95,25349.12,25330.41,25346.27
1779870600,25346.81,25350.06,25331.63,25343.14
1779870900,25342.8,25344.31,25327.45,25335.08
1779871200,25335.46,25344.54,25328.28,25331.39
1779871500,25331.36,25336.77,25325.31,25336.68
1779871800,25336.72,25352.44,25334.73,25351.51
1779872100,25351.75,25355.6,25337.64,25337.64
1779872400,25337.2,25363.02,25335.94,25359.59
1779872700,25358.88,25358.88,25341.17,25347.26
1779873000,25347.13,25377.32,25341.95,25374.73
1779873300,25373.18,25382.19,25366.1,25378.87
1779873600,25378.92,25394.81,25357.7,25358.09
1779873900,25357.56,25368.74,25354.46,25359.94
1779874200,25359.96,25369.47,25358.63,25364.66
1779874500,25364.65,25376.26,25361.9,25369.43
1779874800,25369.6,25370.1,25356.46,25364.65
1779875100,25364.84,25367.88,25350.2,25364.4
1779875400,25364.43,25369.46,25357.71,25364.52
1779875700,25364.48,25380.38,25362.18,25362.34
1779876000,25361.57,25361.57,25345.68,25355.54
1779876300,25355.41,25371.11,25350.8,25370.19
1779876600,25370.86,25379.91,25370.86,25378.94
1779876900,25378.32,25378.32,25366.56,25367.97
1779877200,25367.58,25369.03,25354.14,25360.87
1779877500,25360.97,25366.48,25347.26,25350.23
1779877800,25350.53,25350.87,25339.97,25340.83
1779878100,25340.6,25347.55,25324.34,25324.34
1779878400,25322.64,25344.72,25321.06,25338.12
1779878700,25338.42,25353.58,25337.82,25342.0
1779879000,25342.09,25362.96,25342.09,25362.95
1779879300,25363.33,25365.46,25347.28,25353.14
1779879600,25353.21,25359.75,25328.04,25328.04
1779879900,25328.06,25329.19,25308.33,25309.25
1779880200,25309.12,25313.24,25303.76,25310.45
1779880500,25311.77,25319.06,25303.34,25308.96
1779880800,25308.71,25328.51,25308.71,25317.94
1779881100,25317.84,25318.45,25292.52,25292.52
1779881400,25293.06,25293.06,25266.85,25285.4
1779881700,25286.36,25307.23,25286.36,25300.41
1779882000,25300.57,25300.76,25286.89,25293.09
1779882300,25292.89,25294.15,25277.1,25281.67
1779882600,25281.4,25297.85,25281.4,25285.96
1779882900,25283.23,25283.62,25262.29,25263.29
1779883200,25263.35,25263.97,25237.01,25242.23
1779883500,25241.84,25261.67,25241.84,25247.73
1779883800,25247.87,25249.13,25233.31,25236.19
1779884100,25235.49,25297.32,25229.15,25291.06
1779884400,25291.28,25373.95,25280.18,25314.02
1779884700,25313.79,25359.95,25312.62,25351.33
1779885000,25352.94,25359.28,25298.01,25298.16
1779885300,25297.62,25329.26,25289.33,25291.56
1779885600,25291.69,25329.87,25291.69,25329.87
1779885900,25329.6,25329.6,25283.94,25283.94
1779886200,25284.13,25293.65,25277.67,25277.67
1779886500,25277.53,25278.67,25254.93,25262.78
1779886800,25262.6,25284.19,25253.27,25278.58
1779887100,25278.02,25278.73,25265.9,25267.52
1779887400,25266.69,25272.64,25258.33,25272.32
1779887700,25272.31,25273.3,25247.42,25249.68
1779888000,25249.87,25261.05,25248.79,25254.46
1779888300,25254.83,25262.37,25244.89,25251.23
1779888600,25249.34,25263.66,25235.96,25242.0
1779888900,25240.78,25241.72,25214.24,25224.53
1779889200,25224.67,25232.58,25216.91,25222.71
1779889500,25222.03,25247.62,25222.03,25228.7
1779889800,25228.47,25254.73,25220.68,25239.81
1779890100,25239.65,25251.99,25231.12,25251.42
1779890400,25246.34,25262.36,25244.98,25254.01
1779890700,25254.54,25262.7,25226.08,25233.93
1779891000,25233.44,25240.31,25221.61,25226.52
1779891300,25226.19,25230.78,25215.46,25223.92
1779891600,25224.3,25224.48,25179.98,25179.98
1779891900,25180.36,25203.72,25173.4,25203.52
1779892200,25204.14,25210.86,25113.15,25155.33
1779892500,25155.92,25193.13,25148.25,25193.13
1779892800,25192.93,25195.1,25174.42,25175.09
1779893100,25175.47,25203.3,25174.21,25191.34
1779893400,25191.45,25209.72,25190.76,25206.76
1779893700,25207.11,25217.45,25202.27,25214.01
1779894000,25215.34,25233.73,25206.13,25209.35
1779894300,25208.24,25209.64,25189.19,25191.1
1779894600,25191.73,25202.45,25189.52,25199.04
1779894900,25198.58,25204.38,25189.11,25189.39
1779895200,25189.3,25213.87,25189.02,25212.16
1779895500,25211.85,25217.37,25196.04,25216.74
1779951600,25083.77,25116.98,25082.91,25116.98
1779951900,25116.96,25145.66,25111.37,25140.15
1779952200,25140.6,25164.53,25122.23,25143.13
1779952500,25144.19,25154.46,25130.0,25154.33
1779952800,25153.82,25154.36,25136.75,25145.29
1779953100,25145.38,25146.47,25132.69,25146.15
1779953400,25147.07,25153.96,25122.6,25124.4
1779953700,25124.57,25153.91,25118.91,25145.8
1779954000,25145.72,25152.7,25133.28,25134.01
1779954300,25133.87,25135.39,25095.8,25116.35
1779954600,25116.3,25134.06,25109.13,25134.06
1779954900,25133.65,25146.48,25117.67,25146.21
1779955200,25149.16,25172.44,25138.96,25144.09
1779955500,25143.4,25171.91,25130.22,25165.26
1779955800,25164.19,25177.25,25160.61,25169.08
1779956100,25168.16,25172.77,25161.28,25161.36
1779956400,25161.24,25171.11,25152.54,25153.89
1779956700,25153.35,25155.16,25127.56,25142.23
1779957000,25142.76,25147.87,25133.97,25135.88
1779957300,25136.48,25140.36,25124.35,25134.24
1779957600,25133.79,25140.63,25132.19,25138.13
1779957900,25138.02,25145.32,25136.22,25145.32
1779958200,25144.27,25157.05,25141.21,25153.51
1779958500,25153.37,25161.57,25151.99,25161.57
1779958800,25161.85,25178.65,25160.07,25167.9
1779959100,25168.39,25174.08,25142.71,25142.71
1779959400,25142.93,25161.26,25142.93,25161.26
1779959700,25161.12,25170.33,25151.72,25167.83
1779960000,25168.05,25174.87,25157.56,25171.73
1779960300,25171.66,25176.46,25151.01,25155.65
1779960600,25156.03,25156.03,25133.18,25135.56
1779960900,25135.42,25143.03,25113.94,25114.33
1779961200,25114.24,25121.47,25113.22,25117.86
1779961500,25117.67,25147.17,25116.57,25146.35
1779961800,25146.63,25153.55,25134.39,25136.68
1779962100,25136.49,25138.45,25124.72,25127.34
1779962400,25126.98,25137.61,25118.32,25118.77
1779962700,25119.17,25128.0,25106.4,25124.29
1779963000,25125.11,25130.54,25114.02,25122.2
1779963300,25121.82,25125.38,25099.83,25102.01
1779963600,25101.79,25112.32,25085.3,25093.81
1779963900,25094.26,25109.13,25086.92,25092.66
1779964200,25092.22,25100.66,25087.51,25093.85
1779964500,25093.1,25093.1,25067.57,25078.13
1779964800,25077.33,25084.81,25066.16,25070.11
1779965100,25069.69,25080.68,25064.5,25075.89
1779965400,25075.59,25076.25,25011.85,25063.09
1779965700,25063.3,25063.57,25033.9,25040.41
1779966000,25040.06,25063.8,25036.48,25046.23
1779966300,25046.01,25047.81,25035.14,25043.88
1779966600,25044.04,25055.64,25038.14,25044.64
1779966900,25044.37,25055.96,25044.16,25049.31
1779967200,25049.69,25057.77,25047.57,25056.97
1779967500,25057.2,25066.44,25056.01,25059.28
1779967800,25059.34,25069.17,25055.26,25065.87
1779968100,25065.77,25066.04,25044.14,25044.6
1779968400,25044.41,25061.52,25043.78,25060.57
1779968700,25059.86,25060.61,25038.12,25040.57
1779969000,25040.45,25044.73,25035.26,25035.26
1779969300,25035.83,25043.26,25032.92,25033.27
1779969600,25032.61,25034.44,25015.88,25018.31
1779969900,25018.61,25024.23,25014.84,25019.1
1779970200,25019.01,25035.09,25017.71,25035.02
1779970500,25035.56,25038.08,25026.28,25026.28
1779970800,25025.96,25027.2,24994.9,24999.93
1779971100,25001.41,25021.32,25001.41,25021.32
1779971400,25021.42,25035.41,25020.29,25028.36
1779971700,25028.4,25053.18,25028.4,25048.14
1779972000,25049.13,25059.24,25047.7,25056.97
1779972300,25057.42,25074.02,25053.21,25060.81
1779972600,25061.26,25069.8,25059.13,25060.58
1779972900,25060.88,25075.27,25055.39,25072.83
1779973200,25072.91,25096.84,25072.91,25090.38
1779973500,25090.32,25090.94,25046.37,25046.68
1779973800,25045.79,25053.36,25042.72,25044.6
1779974100,25044.18,25047.06,25038.68,25041.19
1779974400,25041.57,25041.57,25022.2,25023.23
1779974700,25026.58,25030.86,25013.85,25016.23
1779975000,25015.44,25023.71,25008.05,25013.15
1779975300,25012.26,25012.26,24973.25,24976.5
1779975600,24977.88,25029.23,24974.44,25029.13
1779975900,25028.78,25043.99,25017.37,25018.81
1779976200,25017.75,25044.01,24999.93,25001.9
1779976500,25001.38,25041.28,24999.08,25041.28
1779976800,25042.33,25050.29,25018.06,25023.8
1779977100,25023.52,25024.35,25003.67,25006.25
1779977400,25005.19,25244.71,25001.19,25191.97
1779977700,25187.07,25197.17,25139.14,25139.15
1779978000,25139.99,25142.9,25120.13,25127.53
1779978300,25127.14,25129.95,25109.08,25123.23
1779978600,25125.1,25134.29,25087.46,25087.54
1779978900,25087.16,25098.15,25077.88,25090.58
1779979200,25090.37,25122.06,25089.87,25103.67
1779979500,25102.67,25106.29,25052.85,25075.82
1779979800,25077.43,25088.23,25061.12,25061.8
1779980100,25062.47,25063.85,25016.79,25048.41
1779980400,25048.23,25076.16,25045.85,25076.16
1779980700,25077.83,25090.44,25069.2,25071.68
1779981000,25071.08,25082.16,25065.81,25078.26
1779981300,25078.35,25078.79,25050.97,25054.89
1779981600,25054.97,25072.13,25052.15,25072.05
1779981900,25071.39,25100.65,25071.39,25098.52
1780038000,25126.35,25145.38,25107.32,25108.24
1780038300,25104.62,25162.12,25104.62,25156.4
1780038600,25153.31,25158.45,25135.14,25141.86
1780038900,25140.55,25146.51,25114.75,25115.38
1780039200,25114.67,25122.35,25085.04,25101.92
1780039500,25101.56,25124.37,25081.57,25121.61
1780039800,25121.38,25131.25,25108.36,25122.84
1780040100,25123.01,25133.14,25105.75,25122.22
1780040400,25121.03,25129.31,25113.95,25121.91
1780040700,25120.71,25141.02,25115.8,25137.71
1780041000,25137.49,25163.74,25133.7,25162.35
1780041300,25162.02,25171.0,25162.02,25167.59
1780041600,25178.51,25185.11,25154.84,25154.84
1780041900,25155.32,25163.54,25144.93,25153.25
1780042200,25153.5,25178.21,25151.89,25167.36
1780042500,25167.11,25170.82,25163.98,25164.56
1780042800,25164.81,25170.56,25154.92,25159.84
1780043100,25159.73,25173.99,25154.69,25171.12
1780043400,25170.3,25175.18,25157.15,25157.92
1780043700,25157.79,25171.4,25152.65,25153.27
1780044000,25154.16,25160.67,25150.59,25157.15
1780044300,25156.96,25158.66,25137.75,25138.06
1780044600,25138.29,25142.59,25119.16,25135.57
1780044900,25135.12,25141.43,25126.13,25126.13
1780045200,25125.57,25142.21,25114.41,25134.3
1780045500,25134.1,25145.14,25129.69,25145.14
1780045800,25145.16,25163.24,25142.4,25152.26
1780046100,25151.93,25180.16,25145.45,25180.16
1780046400,25179.93,25183.04,25159.2,25160.63
1780046700,25160.3,25175.07,25154.57,25169.71
1780047000,25169.74,25178.91,25166.54,25178.01
1780047300,25178.1,25189.02,25175.48,25181.39
1780047600,25181.58,25184.83,25175.18,25178.03
1780047900,25178.48,25198.73,25177.57,25194.29
1780048200,25201.39,25201.39,25163.66,25167.46
1780048500,25171.81,25175.8,25158.5,25159.07
1780048800,25165.11,25165.11,25147.68,25147.81
1780049100,25147.14,25149.74,25118.45,25119.04
1780049400,25119.07,25129.64,25108.72,25122.37
1780049700,25122.67,25141.4,25121.06,25140.32
1780050000,25139.87,25157.67,25139.87,25151.23
1780050300,25151.24,25153.19,25130.42,25131.85
1780050600,25131.17,25131.88,25119.07,25128.56
1780050900,25128.86,25141.63,25128.32,25133.02
1780051200,25132.64,25142.5,25128.43,25142.45
1780051500,25142.32,25146.12,25136.94,25142.27
1780051800,25142.54,25152.56,25141.32,25148.24
1780052100,25145.25,25145.46,25137.87,25141.82
1780052400,25138.68,25138.97,25125.67,25127.83
1780052700,25127.97,25133.6,25115.12,25133.6
1780053000,25133.46,25143.13,25129.6,25136.27
1780053300,25136.13,25145.24,25133.21,25143.2
1780053600,25143.19,25148.67,25120.62,25121.07
1780053900,25120.88,25129.85,25097.6,25097.6
1780054200,25097.47,25097.47,25065.61,25074.39
1780054500,25075.41,25086.13,25070.23,25085.85
1780054800,25087.34,25101.17,25087.34,25088.24
1780055100,25086.91,25099.41,25085.0,25086.88
1780055400,25087.15,25090.6,25040.45,25078.78
1780055700,25078.25,25096.43,25077.4,25096.4
1780056000,25096.34,25100.19,25075.06,25075.06
1780056300,25075.03,25082.91,25065.64,25079.8
1780056600,25079.61,25112.23,25079.61,25110.27
1780056900,25110.4,25120.83,25104.43,25112.45
1780057200,25111.76,25112.09,25101.19,25110.11
1780057500,25108.8,25110.88,25099.9,25110.45
1780057800,25109.01,25119.48,25083.2,25115.76
1780058100,25115.22,25115.76,25102.26,25106.15
1780058400,25106.14,25113.93,25094.77,25113.93
1780058700,25113.36,25114.83,25093.31,25098.65
1780059000,25098.81,25116.62,25098.78,25115.36
1780059300,25115.2,25116.45,25108.11,25110.73
1780059600,25110.6,25137.47,25108.11,25137.47
1780059900,25136.76,25139.98,25115.58,25118.06
1780060200,25117.91,25129.26,25114.17,25115.06
1780060500,25114.42,25115.47,25095.06,25095.06
1780060800,25094.87,25096.65,25079.63,25087.04
1780061100,25089.66,25090.2,25066.52,25081.98
1780061400,25081.92,25095.75,25055.44,25056.9
1780061700,25057.94,25072.81,25047.57,25070.76
1780062000,25071.32,25087.38,25056.95,25067.72
1780062300,25067.83,25072.94,25058.58,25069.62
1780062600,25069.43,25091.58,25063.85,25081.78
1780062900,25081.33,25083.47,25055.31,25056.63
1780063200,25056.85,25063.37,25045.63,25059.36
1780063500,25059.92,25066.96,25044.41,25049.0
1780063800,25048.46,25076.42,25046.68,25066.74
1780064100,25066.36,25066.49,25048.2,25060.95
1780064400,25061.85,25090.48,25059.99,25076.35
1780064700,25074.49,25084.21,25064.35,25081.85
1780065000,25082.15,25117.09,25081.25,25115.8
1780065300,25115.84,25116.17,25084.93,25085.29
1780065600,25085.13,25093.11,25080.04,25089.7
1780065900,25089.23,25097.6,25072.5,25089.34
1780066200,25088.76,25195.11,25086.91,25158.07
1780066500,25158.13,25178.33,25153.64,25153.7
1780066800,25152.78,25165.82,25146.33,25154.63
1780067100,25154.77,25174.12,25141.38,25161.92
1780067400,25162.0,25197.91,25159.6,25193.52
1780067700,25193.51,25204.13,25168.1,25168.28
1780068000,25168.44,25197.37,25159.66,25190.02
1780068300,25190.41,25190.41,25123.97,25123.97
1780297200,25083.24,25138.71,25082.34,25132.44
1780297500,25132.02,25149.97,25105.09,25145.55
1780297800,25144.3,25153.45,25116.43,25129.19
1780298100,25130.53,25139.23,25118.91,25133.95
1780298400,25134.41,25135.93,25113.77,25116.6
1780298700,25117.64,25125.7,25106.66,25119.93
1780299000,25119.7,25126.65,25100.99,25104.67
1780299300,25105.35,25121.28,25100.3,25115.09
1780299600,25116.32,25118.5,25091.02,25101.08
1780299900,25100.41,25112.82,25089.65,25108.95
1780300200,25109.01,25121.46,25104.04,25120.0
1780300500,25120.19,25138.01,25117.73,25132.44
1780300800,25133.77,25186.02,25132.0,25163.03
1780301100,25162.99,25174.69,25158.73,25171.69
1780301400,25171.82,25175.45,25152.68,25154.37
1780301700,25153.62,25153.93,25129.06,25134.83
1780302000,25135.37,25143.34,25119.91,25130.37
1780302300,25130.99,25147.36,25130.99,25143.68
1780302600,25144.28,25146.74,25103.55,25112.2
1780302900,25112.37,25127.49,25111.02,25126.59
1780303200,25126.97,25149.76,25126.46,25149.76
1780303500,25150.1,25151.84,25124.99,25149.49
1780303800,25149.3,25156.98,25144.31,25148.31
1780304100,25148.3,25152.68,25145.4,25149.15
1780304400,25150.83,25176.87,25150.83,25175.84
1780304700,25176.88,25185.52,25170.89,25180.2
1780305000,25180.39,25196.3,25178.94,25195.46
1780305300,25195.99,25195.99,25180.5,25189.94
1780305600,25190.0,25193.18,25172.03,25181.83
1780305900,25181.96,25207.6,25178.16,25207.6
1780306200,25207.84,25216.85,25202.95,25209.77
1780306500,25209.74,25210.24,25175.74,25176.21
1780306800,25176.19,25180.72,25162.48,25163.31
1780307100,25163.76,25164.35,25145.1,25147.35
1780307400,25146.0,25154.47,25137.2,25137.2
1780307700,25136.9,25139.5,25122.22,25139.02
1780308000,25139.93,25151.56,25131.35,25138.47
1780308300,25136.3,25164.65,25135.48,25163.71
1780308600,25163.94,25179.95,25163.94,25171.13
1780308900,25171.26,25172.78,25163.98,25166.45
1780309200,25166.99,25180.91,25165.15,25180.68
1780309500,25181.27,25195.97,25180.42,25189.03
1780309800,25188.9,25203.68,25188.9,25197.97
1780310100,25196.89,25202.2,25192.6,25201.04
1780310400,25199.87,25205.81,25189.7,25205.14
1780310700,25205.69,25218.28,25201.75,25217.98
1780311000,25217.62,25243.04,25213.2,25243.04
1780311300,25242.45,25254.88,25210.63,25210.63
1780311600,25210.93,25229.19,25210.21,25210.49
1780311900,25210.77,25210.77,25180.39,25183.46
1780312200,25183.65,25191.32,25177.82,25188.11
1780312500,25188.71,25196.24,25186.75,25187.83
1780312800,25189.03,25197.36,25179.63,25195.8
1780313100,25194.91,25198.5,25186.37,25196.52
1780313400,25195.41,25206.38,25191.58,25204.91
1780313700,25205.46,25245.68,25205.46,25245.68
1780314000,25245.79,25245.79,25229.21,25232.31
1780314300,25231.4,25232.83,25216.65,25225.19
1780314600,25225.21,25229.35,25209.9,25212.65
1780314900,25213.19,25240.33,25213.19,25235.53
1780315200,25236.07,25246.73,25229.67,25246.73
1780315500,25246.59,25252.89,25232.06,25240.19
1780315800,25239.5,25247.06,25223.92,25224.2
1780316100,25224.01,25231.18,25213.44,25218.1
1780316400,25218.73,25239.34,25216.09,25238.33
1780316700,25238.63,25260.01,25238.32,25252.47
1780317000,25252.44,25253.41,25234.77,25241.77
1780317300,25241.24,25261.4,25238.51,25250.88
1780317600,25249.88,25282.63,25244.53,25281.3
1780317900,25280.14,25301.73,25274.98,25300.05
1780318200,25300.94,25300.94,25270.67,25276.21
1780318500,25276.35,25277.56,25259.19,25265.66
1780318800,25267.82,25267.82,25223.07,25228.91
1780319100,25228.58,25237.19,25207.29,25223.29
1780319400,25223.12,25226.86,24978.45,25053.37
1780319700,25052.64,25111.23,25050.45,25084.0
1780320000,25084.29,25084.29,25005.23,25013.96
1780320300,25013.42,25019.04,24999.0,25017.91
1780320600,25015.16,25015.29,24961.6,24972.1
1780320900,24972.11,25024.91,24972.11,25020.62
1780321200,25017.4,25023.18,24983.11,25011.14
1780321500,25010.94,25032.1,24994.72,25004.04
1780321800,25005.24,25012.77,24942.3,24958.25
1780322100,24954.33,24956.06,24923.79,24930.77
1780322400,24935.72,24960.51,24901.77,24952.83
1780322700,24953.3,24986.73,24942.8,24986.73
1780323000,24987.13,24994.64,24961.83,24985.99
1780323300,24985.5,25040.92,24945.86,24955.51
1780323600,24955.74,24970.79,24931.57,24944.69
1780323900,24945.31,24972.47,24930.64,24960.67
1780324200,24961.59,24997.26,24949.28,24953.15
1780324500,24952.96,24956.8,24930.64,24950.29
1780324800,24950.83,24978.74,24949.1,24967.01
1780325100,24967.63,24968.99,24941.03,24943.97
1780325400,24943.51,24950.63,24930.48,24934.18
1780325700,24934.14,24934.49,24915.75,24920.97
1780326000,24921.29,24963.52,24907.94,24961.75
1780326300,24960.96,24986.12,24935.7,24966.38
1780326600,24968.04,24993.6,24966.13,24982.49
1780326900,24982.4,24989.82,24962.28,24966.15
1780327200,24965.95,24995.01,24965.54,24989.93
1780327500,24990.05,25003.21,24982.1,24995.86
1780383600,25197.9,25215.04,25193.49,25213.95
1780383900,25215.1,25217.83,25192.58,25214.37
1780384200,25213.92,25233.89,25207.31,25227.54
1780384500,25227.47,25255.96,25226.81,25255.15
1780384800,25255.2,25258.08,25231.28,25231.89
1780385100,25232.84,25236.19,25214.8,25223.17
1780385400,25222.22,25247.54,25214.89,25247.08
1780385700,25246.4,25257.69,25241.14,25248.82
1780386000,25249.04,25270.22,25248.87,25268.13
1780386300,25267.94,25273.22,25252.46,25273.22
1780386600,25272.48,25305.76,25266.35,25304.99
1780386900,25305.07,25322.38,25301.82,25320.99
1780387200,25323.12,25362.83,25323.12,25361.67
1780387500,25361.18,25361.88,25342.44,25347.82
1780387800,25348.66,25348.66,25324.38,25324.38
1780388100,25324.06,25335.43,25320.29,25320.29
1780388400,25319.72,25320.91,25295.28,25298.07
1780388700,25299.66,25299.95,25275.79,25275.79
1780389000,25275.49,25282.03,25263.12,25264.5
1780389300,25264.41,25266.35,25248.79,25265.87
1780389600,25265.73,25280.73,25264.69,25268.8
1780389900,25269.37,25279.35,25266.18,25271.35
1780390200,25270.58,25284.47,25264.13,25264.24
1780390500,25264.09,25267.9,25259.48,25264.04
1780390800,25264.75,25271.11,25250.99,25253.51
1780391100,25254.18,25267.15,25251.15,25267.15
1780391400,25267.25,25276.05,25260.51,25266.96
1780391700,25267.06,25274.31,25258.53,25259.43
1780392000,25259.73,25259.73,25233.86,25240.41
1780392300,25242.95,25253.31,25237.91,25246.29
1780392600,25246.37,25249.79,25232.6,25234.34
1780392900,25234.16,25236.63,25206.1,25212.13
1780393200,25201.65,25234.24,25199.93,25234.24
1780393500,25234.43,25263.05,25234.43,25263.05
1780393800,25263.8,25273.37,25257.72,25264.98
1780394100,25265.84,25270.1,25241.28,25247.72
1780394400,25246.19,25246.36,25225.27,25236.15
1780394700,25236.49,25255.91,25236.49,25255.91
1780395000,25256.19,25263.21,25255.02,25256.1
1780395300,25256.55,25270.96,25255.43,25270.96
1780395600,25270.66,25274.14,25266.15,25266.15
1780395900,25265.66,25265.66,25253.72,25260.16
1780396200,25259.82,25263.88,25252.0,25252.0
1780396500,25253.32,25253.32,25232.37,25241.39
1780396800,25240.6,25253.85,25240.6,25253.85
1780397100,25253.99,25268.48,25252.96,25252.96
1780397400,25252.89,25256.06,25238.85,25246.21
1780397700,25246.32,25249.16,25233.52,25235.02
1780398000,25233.99,25233.99,25213.44,25213.63
1780398300,25213.17,25222.4,25205.7,25211.91
1780398600,25213.17,25221.7,25209.21,25210.84
1780398900,25209.95,25216.14,25197.1,25211.33
1780399200,25211.47,25217.51,25203.93,25209.14
1780399500,25208.81,25228.98,25205.71,25220.66
1780399800,25220.63,25220.63,25192.39,25194.09
1780400100,25193.91,25198.85,25188.16,25194.07
1780400400,25193.87,25213.98,25191.91,25191.91
1780400700,25192.06,25197.46,25187.57,25193.7
1780401000,25194.46,25200.04,25190.81,25198.05
1780401300,25197.67,25215.53,25197.67,25210.05
1780401600,25209.44,25209.59,25182.81,25185.16
1780401900,25184.85,25199.09,25178.68,25198.15
1780402200,25198.52,25220.04,25198.27,25207.88
1780402500,25208.1,25214.99,25191.35,25191.58
1780402800,25190.93,25196.04,25170.06,25174.19
1780403100,25174.75,25193.94,25174.75,25192.12
1780403400,25193.3,25193.31,25171.2,25185.13
1780403700,25184.72,25189.81,25160.43,25161.48
1780404000,25162.03,25179.03,25162.03,25174.65
1780404300,25171.57,25175.32,25156.47,25160.11
1780404600,25161.41,25167.65,25148.01,25148.01
1780404900,25147.91,25149.4,25140.99,25145.88
1780405200,25147.15,25148.31,25124.66,25145.5
1780405500,25146.42,25154.83,25089.24,25115.4
1780405800,25114.44,25130.6,25106.97,25114.05
1780406100,25114.81,25117.61,25093.88,25107.71
1780406400,25109.09,25130.52,25107.6,25129.73
1780406700,25129.32,25130.98,25118.45,25120.37
1780407000,25118.47,25149.65,25117.7,25123.23
1780407300,25122.58,25128.46,25093.76,25105.34
1780407600,25104.53,25120.52,25100.81,25109.82
1780407900,25110.82,25125.81,25095.58,25105.48
1780408200,25105.85,25109.67,25081.35,25084.19
1780408500,25083.94,25083.94,25061.66,25074.56
1780408800,25073.91,25094.2,25064.0,25091.06
1780409100,25091.43,25108.4,25080.3,25089.42
1780409400,25089.81,25119.7,25086.01,25112.54
1780409700,25112.78,25115.27,25091.33,25103.0
1780410000,25104.03,25108.38,25067.74,25072.26
1780410300,25072.14,25091.84,25067.68,25081.48
1780410600,25080.5,25086.13,25074.6,25076.02
1780410900,25076.48,25114.2,25076.41,25109.48
1780411200,25108.89,25122.36,25107.48,25118.94
1780411500,25118.78,25133.85,25118.78,25133.51
1780411800,25133.34,25136.16,25116.88,25131.47
1780412100,25131.5,25134.38,25106.95,25107.8
1780412400,25108.01,25109.8,25084.76,25095.17
1780412700,25095.25,25106.15,25088.44,25097.33
1780413000,25098.3,25099.9,25085.27,25091.33
1780413300,25091.11,25105.22,25082.48,25102.71
1780413600,25103.39,25122.24,25103.39,25114.66
1780413900,25114.98,25126.95,25110.48,25117.09
1780470000,24912.31,24965.37,24906.51,24958.24
1780470300,24959.51,24967.98,24939.63,24950.33
1780470600,24950.22,24951.38,24926.9,24950.95
1780470900,24951.72,24973.15,24943.16,24948.47
1780471200,24949.35,24953.17,24927.68,24930.62
1780471500,24930.46,24941.16,24919.04,24940.61
1780471800,24939.95,24944.92,24901.25,24913.12
1780472100,24913.63,24933.22,24913.52,24916.03
1780472400,24916.11,24916.11,24885.71,24885.91
1780472700,24885.52,24903.25,24882.1,24889.78
1780473000,24889.81,24934.01,24889.81,24929.8
1780473300,24928.69,24953.39,24923.12,24953.39
1780473600,24951.85,24955.68,24934.02,24935.71
1780473900,24936.27,24951.07,24923.85,24938.42
1780474200,24937.7,24960.11,24937.59,24944.73
1780474500,24944.16,24952.06,24919.82,24930.6
1780474800,24929.35,24929.92,24911.25,24913.41
1780475100,24913.5,24929.84,24912.14,24927.77
1780475400,24928.89,24944.77,24914.05,24944.77
1780475700,24944.64,24957.11,24943.55,24951.01
1780476000,24949.84,24965.01,24944.81,24947.96
1780476300,24947.21,24953.83,24935.52,24945.18
1780476600,24944.63,24953.4,24929.39,24933.66
1780476900,24933.03,24940.8,24928.59,24931.87
1780477200,24931.98,24934.43,24911.86,24915.37
1780477500,24915.57,24938.29,24912.0,24931.51
1780477800,24930.75,24947.02,24916.64,24919.31
1780478100,24918.94,24919.13,24892.86,24899.32
1780478400,24898.88,24906.12,24879.02,24879.51
1780478700,24879.32,24889.18,24873.85,24876.05
1780479000,24875.23,24887.97,24862.37,24879.73
1780479300,24879.47,24896.14,24874.78,24884.01
1780479600,24883.82,24888.08,24873.94,24874.46
1780479900,24874.31,24877.55,24856.31,24864.57
1780480200,24864.38,24869.38,24857.68,24857.7
1780480500,24857.53,24860.33,24846.21,24851.09
1780480800,24850.58,24850.58,24832.41,24842.98
1780481100,24842.11,24928.69,24842.11,24890.16
1780481400,24890.49,24905.5,24889.59,24905.42
1780481700,24904.62,24904.62,24879.39,24881.39
1780482000,24881.65,24883.77,24867.59,24878.5
1780482300,24879.82,24905.0,24877.33,24904.2
1780482600,24904.73,24909.26,24896.68,24901.85
1780482900,24902.35,24902.58,24881.65,24881.65
1780483200,24881.57,24881.57,24860.38,24862.32
1780483500,24862.7,24864.85,24844.98,24846.58
1780483800,24846.85,24871.38,24846.85,24870.27
1780484100,24870.46,24891.44,24870.46,24876.05
1780484400,24875.9,24886.63,24871.56,24872.03
1780484700,24873.89,24875.11,24861.87,24867.71
1780485000,24867.63,24877.74,24862.85,24877.19
1780485300,24878.34,24882.07,24868.7,24880.63
1780485600,24880.53,24896.58,24878.09,24893.22
1780485900,24894.69,24926.13,24894.69,24922.27
1780486200,24921.21,24926.32,24912.92,24919.22
1780486500,24917.32,24917.32,24903.86,24911.45
1780486800,24911.17,24922.93,24908.4,24922.65
1780487100,24922.56,24929.17,24918.56,24921.8
1780487400,24922.18,24936.08,24917.27,24917.27
1780487700,24916.66,24918.86,24905.64,24912.86
1780488000,24913.04,24920.42,24901.76,24918.99
1780488300,24918.95,24925.51,24903.55,24905.58
1780488600,24905.75,24923.13,24901.4,24919.36
1780488900,24919.14,24919.63,24895.01,24905.36
1780489200,24904.82,24910.82,24892.1,24898.41
1780489500,24898.6,24901.49,24880.76,24880.76
1780489800,24879.4,24880.59,24867.03,24874.52
1780490100,24874.97,24878.66,24858.86,24878.63
1780490400,24878.68,24888.88,24873.78,24886.03
1780490700,24886.16,24909.66,24882.87,24909.42
1780491000,24908.84,24912.81,24902.12,24902.12
1780491300,24901.24,24901.73,24884.22,24895.2
1780491600,24894.8,24904.07,24886.36,24902.47
1780491900,24902.27,24915.32,24899.68,24902.55
1780492200,24902.39,24904.71,24893.55,24899.14
1780492500,24898.73,24899.69,24875.43,24885.08
1780492800,24884.12,24892.53,24878.64,24887.5
1780493100,24887.33,24889.3,24863.92,24875.03
1780493400,24877.12,24877.12,24844.28,24857.66
1780493700,24857.38,24869.41,24849.63,24869.02
1780494000,24869.33,24869.54,24824.41,24827.67
1780494300,24827.33,24834.79,24807.68,24812.62
1780494600,24812.46,24865.29,24812.46,24865.29
1780494900,24867.5,24876.2,24851.18,24865.92
1780495200,24865.3,24878.17,24849.68,24849.94
1780495500,24849.54,24849.54,24830.4,24831.56
1780495800,24831.62,24831.62,24811.84,24818.47
1780496100,24819.15,24835.77,24762.09,24783.23
1780496400,24783.0,24806.69,24767.68,24806.06
1780496700,24806.07,24815.72,24799.13,24811.79
1780497000,24811.92,24812.07,24785.91,24785.91
1780497300,24786.75,24801.1,24782.86,24790.73
1780497600,24789.43,24789.58,24761.96,24772.08
1780497900,24771.43,24783.38,24765.31,24779.63
1780498200,24779.92,24813.08,24778.47,24809.18
1780498500,24809.66,24817.28,24793.34,24796.4
1780498800,24797.46,24813.9,24789.46,24806.42
1780499100,24805.59,24806.32,24788.36,24793.83
1780499400,24793.97,24801.37,24777.65,24778.28
1780499700,24777.98,24810.41,24773.09,24808.25
1780500000,24808.01,24814.16,24796.45,24800.89
1780500300,24801.11,24815.89,24795.06,24814.42
1780556400,24849.43,24870.77,24830.63,24862.19
1780556700,24861.67,24870.9,24839.5,24859.27
1780557000,24859.8,24879.55,24853.65,24878.72
1780557300,24875.44,24908.98,24874.96,24907.55
1780557600,24907.65,24908.24,24879.25,24889.95
1780557900,24889.56,24909.59,24883.07,24909.47
1780558200,24908.2,24932.14,24905.41,24932.14
1780558500,24931.74,24946.37,24930.73,24940.95
1780558800,24941.4,24947.07,24916.64,24926.75
1780559100,24927.5,24946.15,24925.43,24933.09
1780559400,24933.56,24949.72,24922.99,24939.24
1780559700,24939.28,24946.26,24938.91,24946.26
1780560000,24944.71,24947.93,24930.41,24938.45
1780560300,24937.94,24957.67,24927.47,24957.07
1780560600,24958.45,24974.36,24947.7,24947.7
1780560900,24947.5,24961.24,24944.27,24950.76
1780561200,24950.57,24952.21,24923.56,24945.65
1780561500,24946.61,24959.52,24933.3,24957.42
1780561800,24958.26,25001.02,24956.3,24964.69
1780562100,24963.96,24965.35,24942.31,24947.76
1780562400,24947.39,24947.77,24928.97,24934.17
1780562700,24934.7,24935.93,24910.15,24911.63
1780563000,24911.27,24918.95,24894.04,24894.86
1780563300,24894.63,24899.27,24885.66,24886.22
1780563600,24886.39,24886.52,24864.01,24874.77
1780563900,24872.45,24873.37,24857.58,24864.41
1780564200,24863.83,24866.71,24843.91,24858.86
1780564500,24858.32,24874.83,24856.53,24867.87
1780564800,24867.33,24882.6,24863.12,24864.02
1780565100,24863.87,24885.04,24861.88,24876.29
1780565400,24875.57,24882.88,24870.46,24880.14
1780565700,24880.33,24913.46,24878.63,24913.28
1780566000,24912.96,24930.25,24909.52,24929.17
1780566300,24929.36,24959.25,24926.9,24950.3
1780566600,24950.13,24957.83,24944.09,24951.92
1780566900,24951.51,24969.11,24951.51,24963.29
1780567200,24962.85,24962.91,24925.67,24930.03
1780567500,24929.84,24934.53,24917.64,24922.55
1780567800,24921.86,24934.71,24917.5,24924.36
1780568100,24924.32,24924.95,24904.26,24919.38
1780568400,24918.5,24927.75,24911.15,24917.41
1780568700,24917.55,24925.05,24901.22,24902.06
1780569000,24902.03,24905.7,24883.02,24885.15
1780569300,24884.56,24884.56,24862.06,24862.55
1780569600,24862.25,24890.71,24858.65,24890.59
1780569900,24890.52,24894.86,24883.6,24888.61
1780570200,24888.12,24889.51,24865.61,24889.51
1780570500,24889.33,24908.77,24886.47,24908.77
1780570800,24910.69,24939.33,24910.69,24937.81
1780571100,24938.04,24938.04,24913.69,24914.46
1780571400,24914.33,24920.21,24905.85,24914.83
1780571700,24915.02,24937.96,24909.1,24936.03
1780572000,24936.84,24944.65,24922.97,24940.52
1780572300,24941.09,24956.97,24936.23,24940.11
1780572600,24941.7,24950.32,24926.15,24926.15
1780572900,24926.74,24926.74,24897.17,24919.06
1780573200,24918.11,24921.17,24899.91,24907.95
1780573500,24908.33,24934.91,24898.24,24934.81
1780573800,24933.86,24960.1,24933.71,24937.54
1780574100,24936.97,24949.83,24934.49,24949.69
1780574400,24952.61,24959.25,24936.77,24937.25
1780574700,24937.1,24955.48,24928.98,24936.42
1780575000,24932.58,24944.64,24920.61,24942.2
1780575300,24941.97,24952.24,24936.56,24945.75
1780575600,24946.18,24956.71,24943.51,24953.93
1780575900,24954.23,24967.86,24949.68,24966.6
1780576200,24966.82,24985.57,24952.01,24956.05
1780576500,24956.56,24986.89,24954.98,24984.86
1780576800,24984.89,24994.83,24980.24,24991.7
1780577100,24992.38,24992.38,24973.48,24984.4
1780577400,24983.93,25000.19,24976.88,24987.8
1780577700,24986.37,24986.7,24963.91,24975.34
1780578000,24971.33,24988.1,24970.49,24988.1
1780578300,24988.17,24999.02,24983.09,24999.02
1780578600,24998.66,25001.0,24978.75,24982.28
1780578900,24982.01,25003.83,24980.3,24998.71
1780579200,24998.63,25009.02,24990.47,24992.83
1780579500,24993.73,25000.2,24981.23,24992.84
1780579800,24993.08,24996.73,24945.54,24946.91
1780580100,24946.96,24957.01,24936.7,24938.09
1780580400,24939.21,24951.33,24925.42,24942.77
1780580700,24942.49,24975.74,24942.11,24975.74
1780581000,24974.35,24974.69,24952.84,24965.02
1780581300,24962.88,24968.33,24947.94,24959.9
1780581600,24958.89,24975.08,24947.95,24948.87
1780581900,24948.89,24965.03,24927.82,24937.99
1780582200,24937.91,24968.86,24937.91,24968.86
1780582500,24968.3,24988.12,24965.58,24968.23
1780582800,24967.54,24970.72,24956.53,24959.16
1780583100,24959.66,24959.66,24935.91,24936.59
1780583400,24934.8,24939.12,24910.28,24938.36
1780583700,24937.9,24941.87,24919.87,24935.14
1780584000,24935.21,24939.68,24908.42,24919.52
1780584300,24919.12,24928.93,24904.54,24907.23
1780584600,24907.02,24915.67,24900.36,24908.75
1780584900,24908.92,24927.05,24897.2,24897.5
1780585200,24897.31,24897.31,24875.25,24877.97
1780585500,24878.79,24906.25,24870.45,24900.16
1780585800,24901.16,24925.11,24895.98,24923.82
1780586100,24923.59,24932.56,24918.7,24924.29
1780586400,24925.96,24929.03,24912.59,24912.81
1780586700,24913.73,24926.5,24909.71,24916.02
1780642800,24881.87,24898.8,24874.63,24892.03
1780643100,24892.58,24902.76,24863.13,24882.41
1780643400,24882.71,24887.97,24853.05,24857.63
1780643700,24857.19,24861.94,24820.53,24826.73
1780644000,24828.06,24878.47,24818.01,24869.41
1780644300,24869.46,24872.03,24854.51,24866.69
1780644600,24867.59,24893.36,24861.66,24893.36
1780644900,24893.55,24894.91,24879.21,24879.81
1780645200,24880.14,24901.85,24874.59,24901.15
1780645500,24904.71,24930.0,24901.86,24927.26
1780645800,24926.96,24946.67,24915.8,24929.2
1780646100,24929.17,24944.11,24908.16,24908.16
1780646400,24908.75,24911.27,24875.56,24878.39
1780646700,24879.14,24889.06,24868.77,24880.09
1780647000,24884.64,24905.16,24884.64,24900.83
1780647300,24900.21,24900.4,24879.98,24887.92
1780647600,24887.95,24915.78,24871.77,24912.63
1780647900,24912.07,24932.23,24911.78,24932.19
1780648200,24936.14,24939.34,24921.53,24922.26
1780648500,24922.22,24937.33,24920.69,24936.73
1780648800,24936.92,24954.93,24928.28,24928.32
1780649100,24928.34,24930.34,24915.46,24929.81
1780649400,24929.6,24932.19,24915.67,24931.13
1780649700,24931.24,24941.4,24924.87,24941.4
1780650000,24943.19,24945.54,24933.81,24936.13
1780650300,24936.5,24956.97,24934.95,24953.98
1780650600,24953.31,25024.05,24949.64,24993.19
1780650900,24993.45,24995.41,24967.75,24984.45
1780651200,24984.64,24987.63,24971.78,24973.93
1780651500,24973.64,24979.32,24962.16,24964.88
1780651800,24964.48,24996.51,24957.61,24972.63
1780652100,24972.25,24972.25,24955.33,24963.73
1780652400,24962.7,24968.88,24955.06,24956.08
1780652700,24955.49,24974.63,24955.02,24965.95
1780653000,24958.94,24990.04,24946.66,24990.04
1780653300,24985.7,24995.73,24981.16,24994.32
1780653600,24991.64,24995.49,24971.5,24977.74
1780653900,24977.15,24979.09,24968.7,24976.59
1780654200,24977.06,24982.47,24975.77,24980.99
1780654500,24981.36,24996.89,24981.12,24995.27
1780654800,24996.16,25001.56,24990.24,24990.69
1780655100,24990.89,24991.13,24983.39,24985.42
1780655400,24986.0,24990.46,24978.23,24989.52
1780655700,24988.02,24998.36,24987.24,24995.38
1780656000,24995.86,25004.44,24992.55,25004.44
1780656300,25004.9,25014.1,25003.03,25010.5
1780656600,25010.57,25013.76,24999.78,25002.82
1780656900,25002.07,25004.21,24993.45,24993.45
1780657200,24993.01,24997.56,24982.19,24997.51
1780657500,24997.24,25017.02,24997.24,25014.49
1780657800,25014.4,25018.9,25011.65,25011.65
1780658100,25011.56,25011.56,24980.22,24987.72
1780658400,24988.15,24993.46,24945.72,24973.45
1780658700,24973.5,24999.96,24973.5,24999.96
1780659000,24998.83,25008.77,24991.88,25007.87
1780659300,25008.16,25008.16,24982.74,24991.14
1780659600,24990.83,24996.22,24989.97,24991.82
1780659900,24992.12,25001.12,24987.94,24993.09
1780660200,24992.5,25006.42,24991.36,25003.09
1780660500,25002.95,25005.8,24993.87,24995.82
1780660800,24995.63,24999.63,24990.57,24995.8
1780661100,24996.0,25007.73,24993.77,24994.45
1780661400,24994.73,24996.29,24983.59,24987.19
1780661700,24986.67,24991.06,24972.76,24972.76
1780662000,24972.31,24973.33,24956.61,24958.06
1780662300,24957.92,24962.0,24944.2,24951.58
1780662600,24951.14,24996.0,24930.52,24930.74
1780662900,24929.74,24934.64,24910.21,24934.64
1780663200,24934.03,24945.33,24928.64,24942.18
1780663500,24942.82,24950.25,24938.55,24938.68
1780663800,24938.74,24939.76,24909.7,24911.05
1780664100,24911.0,24918.59,24897.82,24905.38
1780664400,24905.61,24926.99,24901.69,24926.99
1780664700,24925.62,24950.74,24910.29,24949.96
1780665000,24948.36,24958.42,24938.51,24945.76
1780665300,24943.63,24950.84,24926.68,24926.68
1780665600,24926.69,24942.28,24906.65,24908.1
1780665900,24908.38,24919.61,24907.29,24910.67
1780666200,24907.84,24912.58,24877.11,24880.64
1780666500,24881.02,24882.43,24839.55,24866.35
1780666800,24864.73,24871.31,24828.3,24834.0
1780667100,24833.81,24838.81,24804.62,24806.13
1780667400,24807.58,24834.25,24801.92,24830.14
1780667700,24829.54,24830.68,24793.79,24811.05
1780668000,24811.89,24863.97,24800.56,24830.87
1780668300,24830.17,24851.92,24793.13,24822.85
1780668600,24822.63,24832.06,24796.25,24802.76
1780668900,24803.07,24824.49,24794.78,24806.47
1780669200,24806.28,24808.25,24766.06,24778.86
1780669500,24779.24,24801.65,24774.57,24799.99
1780669800,24801.73,24834.62,24801.4,24834.55
1780670100,24833.01,24833.2,24794.69,24805.26
1780670400,24804.29,24829.31,24801.02,24825.96
1780670700,24825.6,24832.99,24817.84,24828.82
1780671000,24829.04,24839.51,24825.03,24831.14
1780671300,24830.85,24835.3,24812.94,24816.45
1780671600,24816.18,24822.53,24806.8,24819.35
1780671900,24819.16,24820.74,24786.45,24787.12
1780672200,24786.77,24798.24,24777.67,24789.64
1780672500,24789.53,24797.86,24781.99,24794.46
1780672800,24795.52,24808.48,24769.99,24778.29
1780673100,24777.72,24789.07,24770.43,24774.46
1780902000,24447.32,24475.05,24427.48,24468.05
1780902300,24468.51,24468.51,24439.61,24446.41
1780902600,24447.06,24473.35,24433.68,24452.1
1780902900,24452.46,24495.13,24426.61,24491.09
1780903200,24492.24,24520.54,24488.48,24519.29
1780903500,24520.43,24561.47,24518.47,24548.08
1780903800,24548.05,24562.04,24530.73,24537.28
1780904100,24537.96,24551.41,24513.47,24535.4
1780904400,24534.65,24561.27,24530.28,24561.27
1780904700,24561.21,24593.79,24561.08,24579.5
1780905000,24577.71,24584.7,24551.35,24551.4
1780905300,24551.43,24558.0,24532.59,24532.62
1780905600,24532.95,24537.1,24514.17,24537.1
1780905900,24538.08,24555.34,24531.01,24544.44
1780906200,24544.96,24544.96,24512.34,24530.21
1780906500,24530.02,24541.18,24514.19,24540.84
1780906800,24540.89,24540.89,24490.43,24507.16
1780907100,24506.94,24522.58,24499.73,24509.54
1780907400,24510.01,24535.68,24505.89,24524.38
1780907700,24524.84,24527.71,24507.86,24516.55
1780908000,24516.35,24517.26,24493.48,24508.83
1780908300,24509.02,24530.7,24509.02,24529.34
1780908600,24529.12,24543.1,24515.56,24520.79
1780908900,24519.77,24541.85,24513.0,24530.72
1780909200,24531.3,24563.9,24530.88,24560.94
1780909500,24561.56,24563.5,24536.05,24538.61
1780909800,24538.01,24562.4,24530.6,24561.44
1780910100,24561.63,24570.62,24554.44,24570.62
1780910400,24571.48,24589.62,24571.48,24579.8
1780910700,24579.25,24579.25,24561.87,24569.86
1780911000,24569.1,24574.41,24559.6,24559.64
1780911300,24559.16,24644.09,24554.13,24587.89
1780911600,24587.57,24622.19,24587.24,24619.4
1780911900,24618.24,24635.6,24615.03,24628.18
1780912200,24627.11,24632.18,24617.45,24620.51
1780912500,24620.69,24622.91,24609.33,24620.9
1780912800,24620.96,24623.43,24580.7,24604.51
1780913100,24605.05,24639.83,24604.63,24623.08
1780913400,24623.36,24630.84,24621.0,24623.89
1780913700,24623.7,24630.16,24597.46,24597.46
1780914000,24597.37,24601.86,24587.15,24593.4
1780914300,24593.29,24599.5,24587.11,24599.5
1780914600,24598.14,24704.17,24597.03,24661.41
1780914900,24660.01,24660.58,24637.05,24656.68
1780915200,24656.83,24669.57,24651.19,24657.24
1780915500,24657.38,24657.77,24629.04,24631.38
1780915800,24631.22,24636.36,24620.48,24624.32
1780916100,24624.18,24625.29,24605.81,24609.19
1780916400,24609.61,24609.61,24584.0,24591.47
1780916700,24591.09,24603.73,24590.05,24603.73
1780917000,24603.26,24676.04,24602.82,24674.59
1780917300,24679.56,24732.6,24667.8,24681.04
1780917600,24680.85,24700.82,24677.28,24697.29
1780917900,24696.64,24706.39,24696.3,24701.13
1780918200,24702.07,24716.81,24698.13,24708.1
1780918500,24708.16,24714.37,24700.82,24709.78
1780918800,24709.95,24709.95,24684.36,24685.28
1780919100,24684.95,24688.7,24655.39,24663.78
1780919400,24664.46,24674.44,24659.6,24664.09
1780919700,24664.12,24668.92,24657.97,24662.36
1780920000,24662.3,24696.34,24660.18,24683.38
1780920300,24683.68,24699.32,24677.59,24698.03
1780920600,24697.89,24699.83,24665.21,24665.8
1780920900,24665.85,24682.32,24661.39,24681.64
1780921200,24681.61,24690.94,24675.69,24681.6
1780921500,24681.53,24682.96,24661.09,24672.94
1780921800,24673.16,24680.3,24668.25,24670.69
1780922100,24671.07,24677.49,24661.66,24667.84
1780922400,24649.46,24688.23,24649.46,24658.73
1780922700,24658.92,24659.33,24642.43,24649.59
1780923000,24649.37,24649.84,24634.74,24648.8
1780923300,24648.72,24660.13,24644.69,24652.49
1780923600,24651.81,24676.19,24651.81,24659.2
1780923900,24658.75,24659.08,24640.86,24654.64
1780924200,24651.35,24656.99,24643.09,24647.37
1780924500,24647.09,24652.22,24641.47,24645.65
1780924800,24645.82,24679.46,24645.79,24665.49
1780925100,24666.65,24666.65,24653.58,24660.92
1780925400,24659.34,24688.34,24645.32,24645.32
1780925700,24644.67,24674.75,24638.21,24660.96
1780926000,24661.35,24670.8,24643.46,24647.2
1780926300,24649.2,24680.75,24648.7,24679.74
1780926600,24680.01,24702.03,24669.12,24688.69
1780926900,24688.86,24696.96,24674.0,24676.34
1780927200,24673.9,24679.85,24655.94,24662.35
1780927500,24661.57,24670.84,24653.59,24655.38
1780927800,24654.87,24656.58,24638.83,24653.22
1780928100,24652.69,24653.39,24617.13,24617.42
1780928400,24616.97,24621.73,24605.29,24615.32
1780928700,24615.37,24630.63,24608.91,24619.97
1780929000,24619.25,24627.16,24607.31,24615.18
1780929300,24615.12,24656.23,24614.07,24643.86
1780929600,24644.32,24651.11,24626.8,24651.11
1780929900,24651.06,24674.62,24629.37,24629.37
1780930200,24629.15,24648.89,24629.02,24648.89
1780930500,24649.78,24671.87,24647.54,24671.8
1780930800,24672.96,24676.71,24662.79,24666.88
1780931100,24666.64,24676.76,24660.08,24666.73
1780931400,24666.92,24667.82,24652.12,24662.7
1780931700,24662.65,24675.22,24646.74,24669.19
1780932000,24668.91,24680.31,24665.0,24678.32
1780932300,24678.38,24678.55,24639.53,24641.66
1780988400,24589.29,24617.4,24586.68,24616.33
1780988700,24616.87,24653.97,24600.2,24653.54
1780989000,24653.81,24656.02,24610.65,24610.65
1780989300,24609.54,24610.1,24585.14,24590.35
1780989600,24590.6,24617.66,24583.61,24585.33
1780989900,24585.53,24586.52,24539.0,24567.65
1780990200,24567.72,24603.4,24567.72,24592.14
1780990500,24591.93,24622.71,24589.64,24622.71
1780990800,24622.26,24643.91,24620.73,24637.88
1780991100,24640.92,24668.25,24640.92,24663.19
1780991400,24662.89,24687.91,24642.33,24661.54
1780991700,24661.64,24667.16,24646.91,24667.16
1780992000,24670.6,24689.86,24654.49,24676.75
1780992300,24677.32,24705.22,24674.92,24690.92
1780992600,24690.85,24723.37,24690.03,24704.38
1780992900,24703.48,24725.55,24703.48,24717.25
1780993200,24719.16,24725.71,24712.7,24713.82
1780993500,24713.04,24714.21,24697.09,24712.62
1780993800,24712.33,24721.0,24701.99,24702.53
1780994100,24702.46,24716.8,24685.1,24713.99
1780994400,24713.92,24729.5,24713.8,24728.85
1780994700,24734.58,24744.37,24727.17,24739.25
1780995000,24739.14,24746.62,24728.66,24746.55
1780995300,24747.07,24751.66,24743.19,24744.53
1780995600,24744.47,24766.31,24740.48,24766.31
1780995900,24766.15,24775.27,24763.63,24774.58
1780996200,24774.8,24787.41,24774.45,24785.66
1780996500,24786.04,24788.29,24775.91,24783.84
1780996800,24783.66,24787.28,24779.74,24781.36
1780997100,24782.53,24783.23,24762.97,24762.97
1780997400,24762.61,24763.59,24741.02,24749.1
1780997700,24748.72,24785.64,24748.72,24780.45
1780998000,24780.58,24804.58,24780.58,24804.49
1780998300,24804.11,24807.1,24793.4,24795.59
1780998600,24796.1,24796.99,24785.49,24791.25
1780998900,24791.48,24794.16,24783.72,24791.58
1780999200,24792.14,24802.89,24781.75,24793.46
1780999500,24793.87,24805.28,24751.31,24784.21
1780999800,24783.29,24817.75,24783.29,24814.52
1781000100,24814.71,24814.71,24800.62,24800.89
1781000400,24800.67,24805.93,24794.44,24800.65
1781000700,24801.32,24820.95,24800.48,24819.06
1781001000,24819.13,24820.84,24796.5,24796.5
1781001300,24796.31,24796.61,24782.84,24783.53
1781001600,24783.07,24785.94,24777.28,24780.53
1781001900,24780.66,24789.36,24777.02,24779.08
1781002200,24781.41,24804.21,24777.31,24781.22
1781002500,24781.09,24785.35,24775.51,24784.07
1781002800,24783.77,24786.95,24772.67,24772.67
1781003100,24772.35,24793.38,24771.62,24783.64
1781003400,24783.45,24783.45,24761.93,24763.26
1781003700,24763.2,24771.79,24758.17,24771.52
1781004000,24770.84,24788.35,24768.43,24773.89
1781004300,24774.28,24779.47,24763.98,24767.12
1781004600,24765.36,24776.71,24760.57,24765.05
1781004900,24765.15,24766.23,24752.0,24753.87
1781005200,24754.26,24763.18,24754.02,24757.71
1781005500,24754.35,24760.19,24730.38,24731.02
1781005800,24730.72,24737.93,24719.13,24722.3
1781006100,24722.58,24730.19,24719.97,24730.19
1781006400,24729.09,24733.98,24712.6,24712.75
1781006700,24712.56,24725.1,24710.98,24719.51
1781007000,24720.05,24727.55,24716.5,24717.04
1781007300,24716.85,24716.85,24701.7,24710.87
1781007600,24711.06,24711.9,24701.02,24703.72
1781007900,24703.58,24720.08,24703.52,24715.34
1781008200,24715.53,24741.94,24715.53,24735.22
1781008500,24735.37,24751.25,24733.08,24737.77
1781008800,24738.59,24741.27,24733.51,24738.33
1781009100,24738.43,24740.37,24722.31,24722.31
1781009400,24720.3,24731.1,24717.05,24727.15
1781009700,24726.91,24755.58,24725.49,24746.47
1781010000,24755.87,24758.39,24733.6,24747.97
1781010300,24747.83,24791.18,24747.83,24775.39
1781010600,24775.34,24788.21,24766.25,24768.33
1781010900,24768.52,24771.24,24758.17,24766.89
1781011200,24766.93,24774.89,24752.79,24756.2
1781011500,24755.24,24761.99,24749.69,24757.3
1781011800,24756.29,24775.55,24752.83,24762.54
1781012100,24763.37,24767.39,24738.25,24743.56
1781012400,24744.11,24760.43,24741.5,24757.48
1781012700,24758.07,24812.6,24756.97,24803.42
1781013000,24803.72,24806.21,24778.16,24782.26
1781013300,24782.34,24787.3,24763.4,24769.51
1781013600,24771.06,24790.66,24766.74,24774.01
1781013900,24774.29,24785.52,24760.07,24769.96
1781014200,24769.39,24770.52,24722.58,24724.33
1781014500,24723.93,24735.71,24648.89,24663.11
1781014800,24662.41,24716.46,24656.44,24714.17
1781015100,24713.58,24721.44,24694.21,24700.35
1781015400,24701.47,24732.02,24686.64,24713.96
1781015700,24713.77,24713.89,24682.78,24692.94
1781016000,24693.19,24704.66,24659.13,24659.13
1781016300,24658.43,24660.13,24558.62,24560.1
1781016600,24560.79,24598.38,24556.38,24594.51
1781016900,24594.86,24612.82,24567.81,24612.82
1781017200,24616.63,24630.17,24583.35,24583.35
1781017500,24583.05,24596.8,24565.81,24596.8
1781017800,24596.5,24603.61,24562.44,24569.19
1781018100,24568.89,24570.87,24542.45,24547.43
1781018400,24548.48,24554.35,24484.67,24486.1
1781018700,24485.88,24500.23,24419.73,24420.01
1781074800,24507.4,24517.48,24489.42,24489.42
1781075100,24489.03,24490.45,24448.63,24478.38
1781075400,24477.43,24494.16,24466.39,24479.53
1781075700,24479.0,24494.56,24449.51,24453.81
1781076000,24455.07,24456.72,24433.15,24434.68
1781076300,24435.14,24440.54,24420.13,24429.31
1781076600,24429.5,24454.72,24429.35,24440.9
1781076900,24440.81,24449.35,24421.34,24425.1
1781077200,24425.06,24435.66,24420.96,24434.71
1781077500,24434.95,24445.34,24422.13,24441.53
1781077800,24443.8,24450.73,24425.93,24436.48
1781078100,24436.79,24457.71,24436.79,24450.09
1781078400,24450.7,24455.32,24410.17,24415.2
1781078700,24415.27,24439.49,24414.88,24439.49
1781079000,24441.43,24449.26,24405.59,24405.77
1781079300,24405.59,24407.96,24384.37,24386.27
1781079600,24386.84,24388.18,24361.48,24368.83
1781079900,24369.2,24380.75,24360.74,24377.0
1781080200,24377.38,24380.55,24362.18,24364.89
1781080500,24364.53,24374.99,24358.84,24369.51
1781080800,24369.44,24370.48,24331.37,24335.22
1781081100,24335.45,24341.1,24304.53,24315.18
1781081400,24314.1,24337.51,24314.05,24327.68
1781081700,24327.65,24327.91,24308.82,24314.31
1781082000,24313.63,24317.99,24291.37,24293.81
1781082300,24294.03,24304.87,24287.41,24292.01
1781082600,24292.57,24318.09,24252.89,24252.89
1781082900,24252.68,24267.44,24237.29,24248.44
1781083200,24248.14,24261.2,24242.12,24261.2
1781083500,24261.58,24302.05,24259.97,24301.08
1781083800,24301.54,24320.92,24299.73,24315.08
1781084100,24315.7,24339.04,24313.28,24322.97
1781084400,24323.56,24324.78,24273.45,24283.85
1781084700,24284.27,24284.77,24266.97,24280.25
1781085000,24280.11,24293.66,24272.62,24289.0
1781085300,24288.85,24305.39,24288.3,24305.39
1781085600,24306.46,24307.92,24267.12,24268.68
1781085900,24267.65,24268.7,24250.31,24255.13
1781086200,24254.56,24254.56,24237.48,24238.66
1781086500,24238.73,24239.09,24225.05,24227.89
1781086800,24227.69,24255.82,24218.1,24252.43
1781087100,24252.72,24262.67,24248.9,24258.88
1781087400,24259.0,24280.63,24248.56,24248.56
1781087700,24248.28,24255.99,24238.0,24255.42
1781088000,24255.25,24256.23,24246.96,24254.79
1781088300,24254.98,24267.54,24251.94,24258.37
1781088600,24258.6,24260.68,24233.96,24236.97
1781088900,24237.16,24257.96,24229.86,24243.94
1781089200,24244.23,24250.53,24098.67,24099.94
1781089500,24099.51,24115.89,24043.52,24113.61
1781089800,24116.03,24147.47,24116.03,24134.8
1781090100,24134.74,24169.62,24134.74,24150.5
1781090400,24151.04,24210.04,24151.04,24189.64
1781090700,24184.68,24184.68,24074.56,24154.92
1781091000,24154.97,24183.97,24146.42,24175.99
1781091300,24175.48,24181.3,24166.56,24167.65
1781091600,24167.38,24203.01,24167.38,24198.16
1781091900,24199.55,24217.98,24190.27,24206.35
1781092200,24206.41,24233.01,24206.1,24218.69
1781092500,24218.76,24226.85,24211.91,24225.63
1781092800,24227.3,24236.41,24224.3,24227.13
1781093100,24227.33,24243.05,24215.88,24215.88
1781093400,24214.72,24244.26,24202.61,24222.29
1781093700,24210.11,24243.83,24207.15,24214.05
1781094000,24214.78,24236.32,24214.78,24234.41
1781094300,24234.71,24259.64,24234.71,24256.52
1781094600,24257.75,24314.86,24257.75,24302.74
1781094900,24303.15,24315.42,24289.76,24303.74
1781095200,24304.96,24322.29,24299.42,24310.84
1781095500,24310.44,24324.35,24305.65,24314.44
1781095800,24314.19,24326.44,24302.81,24324.99
1781096100,24324.69,24324.69,24290.77,24291.09
1781096400,24291.02,24293.89,24273.3,24273.46
1781096700,24272.62,24282.37,24250.5,24282.37
1781097000,24282.34,24284.3,24259.63,24259.63
1781097300,24259.98,24273.43,24256.93,24269.0
1781097600,24268.94,24280.22,24263.35,24278.29
1781097900,24279.09,24279.09,24261.7,24275.03
1781098200,24276.0,24287.21,24242.88,24248.89
1781098500,24248.13,24310.75,24245.26,24303.3
1781098800,24306.6,24354.93,24304.07,24354.93
1781099100,24355.59,24358.28,24339.22,24344.42
1781099400,24345.6,24347.19,24314.9,24333.51
1781099700,24332.78,24346.42,24325.55,24338.4
1781100000,24339.5,24340.57,24318.71,24318.89
1781100300,24319.27,24329.29,24308.14,24320.73
1781100600,24321.53,24347.15,24313.64,24314.3
1781100900,24312.04,24314.99,24283.22,24300.38
1781101200,24300.37,24319.94,24294.11,24318.85
1781101500,24318.71,24322.08,24299.86,24306.56
1781101800,24305.82,24317.26,24288.81,24317.26
1781102100,24317.23,24317.23,24288.13,24295.04
1781102400,24295.21,24311.9,24273.96,24273.96
1781102700,24273.06,24291.15,24267.93,24274.56
1781103000,24274.18,24284.25,24255.39,24258.42
1781103300,24258.76,24268.47,24233.06,24245.61
1781103600,24245.66,24277.22,24238.3,24255.33
1781103900,24255.87,24259.45,24240.55,24243.18
1781104200,24243.34,24250.39,24225.17,24229.53
1781104500,24229.18,24229.18,24200.45,24216.1
1781104800,24215.13,24244.17,24214.22,24235.42
1781105100,24236.0,24243.16,24216.09,24216.09
1781161200,24205.16,24214.64,24196.57,24209.16
1781161500,24207.29,24209.56,24178.05,24197.42
1781161800,24196.75,24197.27,24155.9,24195.31
1781162100,24195.36,24212.79,24174.88,24201.96
1781162400,24199.32,24213.94,24198.4,24203.48
1781162700,24204.08,24207.26,24182.75,24205.33
1781163000,24207.55,24244.19,24207.55,24236.91
1781163300,24234.13,24242.13,24224.97,24231.03
1781163600,24230.47,24230.47,24212.99,24226.26
1781163900,24227.36,24232.16,24178.22,24178.22
1781164200,24177.58,24201.4,24172.46,24193.43
1781164500,24192.98,24196.4,24165.46,24168.46
1781164800,24167.98,24218.08,24167.76,24208.63
1781165100,24208.21,24227.1,24206.92,24224.77
1781165400,24224.83,24260.89,24224.17,24253.36
1781165700,24253.68,24254.03,24221.83,24221.94
1781166000,24222.38,24222.38,24192.01,24211.18
1781166300,24211.22,24222.94,24198.09,24200.44
1781166600,24200.01,24203.9,24187.9,24196.64
1781166900,24196.16,24211.72,24186.75,24206.45
1781167200,24207.51,24211.7,24191.27,24202.91
1781167500,24202.96,24209.99,24193.96,24199.61
1781167800,24196.6,24198.43,24182.89,24190.48
1781168100,24191.07,24222.34,24185.57,24211.47
1781168400,24211.74,24220.54,24200.58,24217.54
1781168700,24217.77,24219.56,24198.35,24201.51
1781169000,24199.98,24205.19,24175.59,24194.86
1781169300,24194.59,24228.41,24191.66,24221.0
1781169600,24220.74,24223.2,24209.74,24216.52
1781169900,24216.21,24217.8,24210.06,24212.18
1781170200,24211.87,24216.33,24201.05,24206.03
1781170500,24207.38,24209.1,24192.42,24200.59
1781170800,24200.14,24232.3,24198.9,24230.49
1781171100,24231.85,24246.33,24229.43,24240.41
1781171400,24241.35,24255.11,24241.35,24254.46
1781171700,24253.92,24272.26,24249.5,24255.01
1781172000,24254.05,24270.08,24247.1,24250.69
1781172300,24250.79,24262.7,24250.79,24260.97
1781172600,24260.67,24280.6,24260.67,24279.42
1781172900,24279.93,24280.98,24263.25,24264.19
1781173200,24264.75,24272.78,24262.67,24272.78
1781173500,24273.67,24278.15,24246.72,24246.72
1781173800,24246.46,24262.12,24246.46,24261.01
1781174100,24261.26,24266.12,24257.87,24265.76
1781174400,24266.58,24277.96,24262.81,24262.81
1781174700,24262.59,24268.68,24260.31,24263.54
1781175000,24264.3,24286.33,24264.3,24281.9
1781175300,24282.0,24282.0,24254.02,24255.21
1781175600,24255.32,24266.09,24255.32,24260.21
1781175900,24260.08,24262.72,24228.95,24232.85
1781176200,24233.03,24244.36,24229.52,24242.72
1781176500,24243.25,24246.57,24238.22,24245.07
1781176800,24245.15,24248.46,24235.9,24247.59
1781177100,24247.81,24262.35,24243.47,24252.12
1781177400,24251.81,24290.04,24251.81,24264.53
1781177700,24264.07,24275.71,24260.95,24274.65
1781178000,24274.2,24278.54,24265.9,24273.0
1781178300,24272.45,24275.91,24269.87,24270.11
1781178600,24269.35,24275.95,24266.6,24271.78
1781178900,24271.39,24275.38,24267.56,24267.56
1781179200,24268.16,24270.51,24250.13,24250.13
1781179500,24249.31,24257.24,24235.99,24255.87
1781179800,24255.82,24258.82,24247.13,24256.99
1781180100,24261.57,24263.0,24237.27,24237.66
1781180400,24237.86,24243.85,24080.64,24131.61
1781180700,24131.96,24160.54,24131.96,24144.15
1781181000,24145.25,24165.6,24088.32,24116.96
1781181300,24117.12,24146.32,24112.38,24137.75
1781181600,24139.62,24198.04,24122.22,24173.87
1781181900,24172.47,24205.09,24157.74,24200.49
1781182200,24201.2,24216.41,24191.55,24215.92
1781182500,24215.38,24225.27,24199.74,24211.71
1781182800,24211.64,24211.64,24171.56,24188.24
1781183100,24188.41,24191.02,24166.4,24171.35
1781183400,24170.95,24179.38,24159.36,24175.29
1781183700,24176.43,24195.53,24175.61,24191.79
1781184000,24192.17,24200.04,24188.12,24188.44
1781184300,24188.5,24202.41,24186.11,24195.33
1781184600,24196.61,24226.01,24189.21,24206.77
1781184900,24206.48,24234.73,24198.16,24228.19
1781185200,24227.47,24237.76,24212.68,24227.13
1781185500,24226.96,24288.58,24223.63,24270.56
1781185800,24272.81,24319.03,24271.67,24303.54
1781186100,24304.2,24321.86,24295.9,24298.99
1781186400,24297.97,24327.69,24291.31,24305.45
1781186700,24304.52,24304.52,24273.97,24273.97
1781187000,24273.99,24273.99,24227.17,24230.27
1781187300,24230.73,24242.33,24218.58,24223.03
1781187600,24223.09,24258.73,24219.62,24243.86
1781187900,24243.99,24243.99,24214.86,24231.78
1781188200,24231.64,24248.76,24224.43,24245.0
1781188500,24245.04,24264.55,24237.62,24258.39
1781188800,24258.69,24275.17,24258.69,24268.86
1781189100,24268.65,24276.94,24253.09,24254.09
1781189400,24253.9,24258.71,24238.37,24240.21
1781189700,24240.45,24240.81,24194.57,24199.66
1781190000,24200.63,24236.92,24192.03,24235.0
1781190300,24235.3,24255.58,24205.13,24239.63
1781190600,24239.72,24276.08,24239.65,24268.15
1781190900,24267.17,24271.35,24229.4,24236.43
1781191200,24236.34,24257.51,24231.93,24243.64
1781191500,24243.45,24252.82,24209.79,24209.79
1781247600,24549.25,24558.59,24520.08,24538.63
1781247900,24537.91,24556.96,24517.65,24552.47
1781248200,24552.72,24554.35,24514.77,24519.94
1781248500,24519.39,24519.94,24492.88,24517.26
1781248800,24518.54,24557.54,24515.9,24554.5
1781249100,24552.8,24553.24,24505.39,24505.39
1781249400,24504.71,24543.72,24502.3,24521.13
1781249700,24521.07,24559.01,24521.07,24542.58
1781250000,24545.34,24559.84,24541.57,24559.29
1781250300,24559.74,24576.27,24557.6,24571.43
1781250600,24573.7,24596.61,24571.98,24594.26
1781250900,24593.96,24735.27,24593.96,24646.33
1781251200,24646.81,24687.79,24640.47,24665.26
1781251500,24665.86,24709.34,24662.09,24707.81
1781251800,24707.42,24715.02,24695.94,24695.94
1781252100,24695.71,24753.89,24685.32,24718.19
1781252400,24716.98,24748.18,24693.51,24733.59
1781252700,24733.76,24736.52,24708.73,24710.12
1781253000,24710.35,24724.67,24688.21,24690.24
1781253300,24690.81,24690.81,24650.07,24650.35
1781253600,24650.02,24651.9,24622.97,24625.51
1781253900,24626.06,24626.06,24591.7,24622.74
1781254200,24622.79,24632.59,24612.35,24630.52
1781254500,24629.32,24630.3,24620.91,24622.29
1781254800,24621.91,24658.54,24621.91,24654.47
1781255100,24654.62,24661.84,24639.44,24639.44
1781255400,24638.72,24670.31,24631.11,24670.31
1781255700,24670.51,24690.15,24665.1,24671.1
1781256000,24671.28,24682.7,24664.91,24666.89
1781256300,24667.3,24686.44,24659.61,24678.54
1781256600,24678.88,24695.91,24674.88,24695.04
1781256900,24698.52,24702.91,24684.43,24686.57
1781257200,24685.41,24690.25,24670.41,24673.37
1781257500,24673.34,24673.34,24652.88,24654.69
1781257800,24655.1,24675.98,24655.1,24673.76
1781258100,24677.51,24690.05,24665.86,24665.86
1781258400,24669.62,24669.62,24654.16,24654.94
1781258700,24654.93,24672.86,24651.08,24668.01
1781259000,24668.31,24668.36,24615.79,24628.43
1781259300,24628.89,24634.74,24613.03,24615.5
1781259600,24615.14,24615.14,24588.33,24606.18
1781259900,24604.99,24604.99,24556.42,24565.92
1781260200,24567.41,24599.88,24558.03,24577.79
1781260500,24577.72,24589.88,24573.9,24584.57
1781260800,24584.76,24597.58,24584.76,24592.71
1781261100,24593.99,24595.52,24585.89,24586.03
1781261400,24585.35,24587.71,24579.61,24587.71
1781261700,24587.76,24601.5,24580.51,24586.37
1781262000,24588.14,24601.38,24588.14,24597.24
1781262300,24597.05,24597.05,24584.32,24587.78
1781262600,24587.66,24602.37,24587.56,24597.07
1781262900,24599.04,24610.17,24598.97,24607.02
1781263200,24607.93,24627.33,24607.5,24626.4
1781263500,24626.1,24632.31,24624.16,24627.47
1781263800,24627.63,24637.46,24609.09,24609.09
1781264100,24609.04,24612.04,24586.78,24586.95
1781264400,24587.15,24609.94,24586.76,24605.23
1781264700,24605.14,24612.03,24586.6,24586.6
1781265000,24586.68,24594.77,24585.43,24590.77
1781265300,24591.37,24596.64,24574.93,24579.08
1781265600,24578.78,24581.61,24534.21,24539.97
1781265900,24539.19,24554.11,24538.97,24548.85
1781266200,24548.82,24554.0,24532.66,24534.04
1781266500,24534.28,24534.89,24515.96,24525.15
1781266800,24525.75,24526.67,24503.18,24505.41
1781267100,24505.51,24512.23,24494.0,24494.0
1781267400,24493.8,24506.68,24492.68,24500.0
1781267700,24500.22,24506.62,24489.03,24491.58
1781268000,24491.88,24492.12,24475.16,24479.08
1781268300,24479.28,24492.93,24474.79,24492.55
1781268600,24492.47,24498.03,24474.62,24475.06
1781268900,24475.3,24481.12,24452.2,24467.3
1781269200,24467.87,24483.12,24465.72,24483.12
1781269500,24482.92,24512.72,24482.3,24509.27
1781269800,24509.18,24524.83,24507.33,24521.44
1781270100,24520.92,24531.23,24516.34,24530.63
1781270400,24531.22,24549.12,24530.98,24544.02
1781270700,24544.48,24554.86,24531.13,24544.22
1781271000,24543.32,24547.4,24498.32,24502.45
1781271300,24502.92,24531.47,24499.01,24522.3
1781271600,24521.47,24522.23,24421.82,24446.91
1781271900,24447.91,24467.43,24440.84,24466.35
1781272200,24466.46,24485.99,24456.47,24482.04
1781272500,24482.49,24513.14,24479.73,24500.86
1781272800,24503.81,24531.52,24503.23,24512.57
1781273100,24512.92,24534.54,24503.03,24529.59
1781273400,24529.67,24534.4,24511.44,24514.03
1781273700,24513.52,24541.49,24511.18,24521.21
1781274000,24518.6,24528.87,24482.11,24498.64
1781274300,24498.84,24509.78,24491.6,24502.1
1781274600,24502.78,24521.0,24501.63,24516.75
1781274900,24516.13,24549.0,24514.97,24539.7
1781275200,24539.86,24543.73,24503.42,24507.1
1781275500,24506.88,24519.44,24493.61,24501.31
1781275800,24501.03,24611.11,24487.18,24602.18
1781276100,24602.16,24634.12,24599.28,24626.0
1781276400,24625.18,24629.92,24587.42,24595.29
1781276700,24594.93,24613.3,24592.82,24609.94
1781277000,24609.97,24625.18,24607.58,24613.65
1781277300,24613.95,24634.21,24613.95,24623.12
1781277600,24622.54,24631.07,24604.38,24628.57
1781277900,24628.19,24632.08,24608.66,24614.04
1781506800,25068.37,25085.8,25055.52,25080.04
1781507100,25079.09,25085.15,25051.36,25067.71
1781507400,25065.59,25069.93,25051.35,25056.15
1781507700,25055.47,25084.88,25050.35,25077.96
1781508000,25074.25,25082.0,25054.68,25069.74
1781508300,25069.99,25085.17,25055.61,25075.31
1781508600,25074.34,25085.67,25039.41,25052.48
1781508900,25051.95,25069.16,25048.26,25063.61
1781509200,25063.56,25075.21,25048.15,25048.15
1781509500,25047.77,25075.8,25045.68,25056.34
1781509800,25056.87,25075.58,25056.87,25063.83
1781510100,25063.48,25064.33,25023.23,25024.18
1781510400,25023.18,25043.39,25013.14,25024.44
1781510700,25023.67,25023.67,24987.95,24998.01
1781511000,24998.15,25004.57,24981.09,24987.96
1781511300,24988.64,25000.28,24979.04,24979.04
1781511600,24978.74,25000.22,24974.26,24993.17
1781511900,24992.52,25025.97,24992.46,25020.39
1781512200,25019.87,25019.87,24991.53,24992.09
1781512500,24991.36,24991.61,24966.64,24982.97
1781512800,24983.12,24995.0,24978.96,24978.96
1781513100,24979.56,24983.77,24957.81,24958.98
1781513400,24959.21,24959.83,24942.02,24946.23
1781513700,24946.29,24959.4,24941.45,24947.8
1781514000,24948.02,24951.74,24937.13,24947.58
1781514300,24947.42,24951.73,24936.8,24938.82
1781514600,24938.68,24949.63,24934.58,24935.35
1781514900,24934.82,24935.04,24924.1,24929.66
1781515200,24930.21,24930.21,24901.89,24902.3
1781515500,24902.22,24919.41,24899.58,24914.61
1781515800,24914.09,24930.08,24912.44,24927.97
1781516100,24928.24,24928.89,24916.63,24916.63
1781516400,24916.93,24923.42,24903.33,24903.67
1781516700,24903.48,24916.89,24903.37,24908.26
1781517000,24907.81,24923.65,24907.32,24916.48
1781517300,24915.71,24930.48,24912.43,24925.13
1781517600,24924.9,24938.32,24913.32,24938.09
1781517900,24938.31,24952.29,24938.31,24952.29
1781518200,24951.99,24953.83,24932.4,24935.2
1781518500,24936.0,24946.33,24933.64,24938.66
1781518800,24938.12,24943.85,24926.73,24943.41
1781519100,24943.1,24957.0,24941.27,24950.78
1781519400,24951.27,24953.4,24937.71,24938.02
1781519700,24938.15,24938.84,24920.9,24926.42
1781520000,24926.87,24938.5,24926.61,24933.31
1781520300,24933.83,24937.1,24921.96,24925.53
1781520600,24925.07,24932.05,24924.31,24931.84
1781520900,24931.28,24947.34,24930.42,24944.92
1781521200,24944.5,24957.05,24941.67,24941.71
1781521500,24941.55,24949.04,24938.91,24943.74
1781521800,24943.69,24957.36,24940.44,24957.28
1781522100,24957.06,24961.86,24945.96,24950.09
1781522400,24950.03,24961.45,24948.0,24961.3
1781522700,24962.2,24969.14,24958.79,24965.41
1781523000,24966.13,24973.53,24959.89,24960.15
1781523300,24959.93,24959.93,24943.42,24945.18
1781523600,24945.41,24962.35,24945.41,24952.49
1781523900,24953.03,24956.19,24943.57,24944.46
1781524200,24944.86,24970.39,24944.3,24969.06
1781524500,24968.86,24969.14,24963.12,24963.8
1781524800,24964.03,24971.97,24957.5,24971.26
1781525100,24971.21,24984.84,24968.67,24975.28
1781525400,24975.16,24988.75,24975.16,24978.02
1781525700,24977.83,24979.74,24971.75,24973.98
1781526000,24974.49,24982.7,24961.11,24981.49
1781526300,24980.77,24981.7,24969.04,24969.52
1781526600,24969.54,24976.08,24964.21,24964.42
1781526900,24964.88,24971.66,24962.47,24965.99
1781527200,24965.51,24974.59,24959.73,24967.81
1781527500,24968.82,24982.68,24965.37,24982.13
1781527800,24982.73,24987.06,24972.91,24986.22
1781528100,24986.68,24994.28,24984.3,24987.8
1781528400,24987.96,24994.61,24980.34,24983.91
1781528700,24983.72,24992.6,24980.41,24983.8
1781529000,24982.99,24984.6,24977.14,24983.23
1781529300,24983.03,24986.29,24972.93,24984.0
1781529600,24983.81,25003.24,24983.18,24995.0
1781529900,24994.82,24996.31,24981.34,24990.31
1781530200,24988.45,24992.09,24971.74,24984.49
1781530500,24985.51,25011.75,24985.51,24992.75
1781530800,24991.83,24991.83,24962.88,24978.76
1781531100,24979.05,24979.05,24946.07,24950.39
1781531400,24949.67,24955.54,24945.74,24948.45
1781531700,24948.9,24950.54,24917.93,24921.2
1781532000,24921.97,24924.45,24900.72,24921.49
1781532300,24921.63,24934.96,24915.31,24931.22
1781532600,24930.12,24932.7,24903.58,24907.98
1781532900,24907.63,24914.43,24894.29,24900.13
1781533200,24900.8,24921.28,24893.73,24916.79
1781533500,24916.26,24933.51,24916.16,24922.52
1781533800,24923.16,24940.85,24923.16,24929.74
1781534100,24929.89,24952.79,24929.89,24950.69
1781534400,24952.34,24970.29,24949.4,24958.72
1781534700,24958.6,24964.52,24940.22,24940.22
1781535000,24940.61,24942.26,24922.63,24923.37
1781535300,24923.27,24938.1,24915.59,24931.76
1781535600,24934.82,24936.01,24920.34,24932.15
1781535900,24931.92,24942.7,24910.7,24911.94
1781536200,24911.01,24917.04,24888.28,24888.44
1781536500,24888.56,24898.21,24882.01,24886.5
1781536800,24887.53,24908.89,24887.53,24894.53
1781537100,24895.05,24908.1,24893.99,24904.3
1781593200,24942.73,24949.07,24938.7,24946.34
1781593500,24945.52,24955.37,24941.02,24951.35
1781593800,24951.44,24958.81,24940.14,24950.31
1781594100,24950.64,24951.88,24915.25,24925.95
1781594400,24925.62,24925.62,24907.17,24917.87
1781594700,24918.99,24930.01,24915.55,24927.02
1781595000,24926.77,24935.94,24903.92,24904.16
1781595300,24903.62,24925.54,24900.73,24924.73
1781595600,24924.09,24926.19,24911.57,24922.16
1781595900,24921.57,24943.62,24921.36,24943.62
1781596200,24943.24,24976.19,24942.55,24974.01
1781596500,24974.6,24998.1,24974.6,24989.5
1781596800,24989.78,25012.54,24979.44,25009.71
1781597100,25010.22,25047.82,25009.22,25036.27
1781597400,25036.05,25053.5,25033.26,25052.66
1781597700,25053.62,25071.16,25053.27,25068.36
1781598000,25067.99,25082.6,25064.48,25075.16
1781598300,25075.28,25110.28,25075.28,25106.86
1781598600,25107.43,25109.32,25081.3,25086.82
1781598900,25086.95,25087.11,25064.09,25066.27
1781599200,25065.95,25079.2,25058.57,25070.19
1781599500,25070.28,25081.14,25064.45,25074.27
1781599800,25075.63,25089.18,25064.51,25089.18
1781600100,25089.12,25096.14,25085.35,25093.11
1781600400,25092.88,25095.09,25075.72,25080.14
1781600700,25079.85,25093.38,25079.85,25091.63
1781601000,25091.33,25092.0,25075.59,25078.02
1781601300,25077.72,25078.74,25064.2,25064.75
1781601600,25064.73,25082.92,25062.7,25080.41
1781601900,25080.36,25083.8,25076.14,25081.3
1781602200,25081.07,25095.53,25080.98,25082.93
1781602500,25081.78,25086.04,25073.08,25077.21
1781602800,25076.36,25077.45,25051.31,25053.49
1781603100,25053.29,25056.86,25043.06,25044.5
1781603400,25044.72,25069.03,25044.72,25068.3
1781603700,25068.5,25081.47,25060.82,25078.91
1781604000,25079.04,25086.94,25079.04,25079.95
1781604300,25079.85,25087.9,25079.77,25086.75
1781604600,25086.1,25087.99,25062.86,25066.47
1781604900,25067.37,25073.84,25063.01,25066.04
1781605200,25065.94,25068.38,25054.5,25055.7
1781605500,25054.45,25054.45,25039.97,25045.12
1781605800,25045.01,25065.88,25044.81,25063.77
1781606100,25067.0,25068.62,25057.33,25062.73
1781606400,25062.41,25068.28,25057.48,25062.74
1781606700,25062.47,25063.51,25047.08,25049.6
1781607000,25050.41,25052.91,25045.73,25049.42
1781607300,25047.94,25056.64,25047.4,25051.45
1781607600,25049.53,25050.39,25025.26,25025.39
1781607900,25025.5,25034.26,25017.6,25018.13
1781608200,25018.41,25020.53,25009.62,25014.58
1781608500,25014.22,25017.51,25005.16,25005.54
1781608800,25005.24,25017.48,25002.99,25006.76
1781609100,25008.12,25014.82,25006.09,25014.82
1781609400,25014.52,25018.94,25000.8,25003.31
1781609700,25003.08,25005.44,24996.27,25002.56
1781610000,25002.4,25014.7,24999.08,25012.25
1781610300,25012.78,25019.45,25011.66,25015.88
1781610600,25015.68,25015.68,24996.96,24998.28
1781610900,24998.35,25013.89,24998.35,25010.73
1781611200,25010.59,25020.06,25008.06,25008.84
1781611500,25008.8,25034.8,25007.29,25032.32
1781611800,25032.52,25050.38,25030.77,25049.64
1781612100,25049.87,25054.92,25038.54,25041.88
1781612400,25042.41,25042.41,25007.75,25016.36
1781612700,25016.65,25020.12,25005.96,25012.92
1781613000,25012.7,25027.48,25009.12,25027.48
1781613300,25027.93,25039.45,25023.2,25039.45
1781613600,25039.39,25039.39,24991.72,24995.93
1781613900,24995.52,25008.95,24988.62,24989.48
1781614200,24990.07,25002.87,24983.78,24985.64
1781614500,24985.6,24991.53,24979.25,24983.7
1781614800,24981.61,24986.29,24972.38,24974.18
1781615100,24974.23,24980.5,24969.18,24979.13
1781615400,24978.89,24983.22,24967.77,24977.94
1781615700,24977.67,24981.31,24961.37,24968.55
1781616000,24968.71,24980.6,24968.71,24979.54
1781616300,24979.4,24983.86,24969.86,24983.86
1781616600,24985.36,24985.92,24941.57,24946.59
1781616900,24945.66,24955.75,24929.84,24941.89
1781617200,24941.88,24956.14,24938.13,24949.83
1781617500,24950.37,24955.69,24940.6,24942.19
1781617800,24942.38,24973.29,24942.06,24968.35
1781618100,24969.18,24985.37,24966.69,24980.59
1781618400,24979.73,24981.9,24952.89,24954.53
1781618700,24954.74,24956.59,24934.15,24934.96
1781619000,24935.24,24947.63,24932.73,24941.93
1781619300,24942.76,24942.76,24908.89,24912.4
1781619600,24911.88,24938.53,24911.88,24936.01
1781619900,24935.43,24949.59,24933.67,24933.89
1781620200,24932.9,24937.5,24918.23,24926.97
1781620500,24927.31,24958.33,24927.31,24957.1
1781620800,24956.59,24967.77,24951.11,24953.83
1781621100,24953.84,24953.84,24927.08,24933.48
1781621400,24933.78,24938.45,24918.19,24927.22
1781621700,24927.7,24941.32,24925.66,24931.16
1781622000,24930.75,24938.08,24903.44,24903.44
1781622300,24903.35,24920.36,24902.01,24917.32
1781622600,24917.53,24928.28,24912.37,24927.06
1781622900,24927.17,24931.65,24922.69,24927.38
1781623200,24927.74,24932.09,24918.58,24925.33
1781623500,24926.35,24929.96,24913.92,24915.94
1781679600,24816.96,24825.48,24804.09,24824.42
1781679900,24825.0,24869.96,24825.0,24869.96
1781680200,24869.86,24875.88,24854.26,24857.06
1781680500,24856.34,24856.34,24820.18,24827.74
1781680800,24828.06,24842.04,24813.77,24819.74
1781681100,24820.99,24825.84,24814.11,24825.47
1781681400,24823.04,24832.23,24797.75,24802.69
1781681700,24802.35,24832.27,24802.35,24832.27
1781682000,24830.92,24839.38,24827.48,24829.45
1781682300,24829.35,24834.49,24825.45,24829.79
1781682600,24828.76,24847.7,24828.76,24845.06
1781682900,24845.03,24857.61,24828.7,24833.61
1781683200,24831.94,24834.42,24823.8,24828.14
1781683500,24828.2,24838.05,24826.4,24833.33
1781683800,24832.84,24837.45,24818.02,24818.02
1781684100,24818.03,24822.69,24799.45,24802.77
1781684400,24801.85,24815.71,24792.84,24814.94
1781684700,24815.25,24827.25,24814.09,24816.78
1781685000,24816.08,24818.28,24784.85,24795.67
1781685300,24795.06,24803.06,24778.22,24778.22
1781685600,24778.38,24795.85,24763.53,24789.45
1781685900,24789.65,24806.42,24787.82,24794.94
1781686200,24795.23,24827.15,24795.19,24824.49
1781686500,24824.74,24834.71,24822.51,24829.11
1781686800,24829.08,24848.33,24825.76,24837.16
1781687100,24836.6,24848.9,24832.36,24840.61
1781687400,24841.13,24858.78,24840.85,24858.53
1781687700,24859.18,24864.47,24856.24,24860.01
1781688000,24860.03,24869.18,24855.66,24869.18
1781688300,24869.53,24878.52,24868.68,24872.26
1781688600,24872.45,24882.74,24872.45,24872.75
1781688900,24872.72,24873.37,24865.0,24870.33
1781689200,24870.31,24888.81,24867.46,24888.81
1781689500,24889.6,24901.21,24885.69,24898.12
1781689800,24897.89,24901.68,24888.09,24899.73
1781690100,24899.55,24915.19,24897.33,24914.33
1781690400,24914.39,24914.67,24887.44,24891.95
1781690700,24892.36,24902.36,24887.83,24900.99
1781691000,24902.05,24913.83,24891.63,24913.83
1781691300,24914.06,24917.66,24907.98,24907.98
1781691600,24907.9,24926.34,24906.85,24921.07
1781691900,24920.87,24921.89,24905.08,24909.17
1781692200,24909.46,24918.84,24907.03,24913.9
1781692500,24914.25,24922.29,24912.52,24922.29
1781692800,24922.37,24935.77,24919.25,24934.57
1781693100,24934.65,24937.76,24931.71,24937.76
1781693400,24937.73,24953.15,24937.73,24942.06
1781693700,24942.29,24950.84,24939.94,24943.11
1781694000,24943.27,24950.15,24930.47,24930.47
1781694300,24929.78,24955.92,24929.78,24949.83
1781694600,24950.06,24956.48,24950.06,24952.58
1781694900,24952.42,24952.42,24928.95,24928.95
1781695200,24928.91,24938.3,24928.6,24937.68
1781695500,24937.11,24943.06,24925.73,24938.1
1781695800,24938.7,24938.7,24900.23,24900.36
1781696100,24900.35,24904.53,24889.27,24892.79
1781696400,24893.36,24902.45,24893.36,24898.77
1781696700,24897.87,24905.91,24883.1,24885.43
1781697000,24884.4,24884.4,24869.2,24873.35
1781697300,24873.49,24873.51,24856.74,24859.34
1781697600,24859.2,24880.23,24859.2,24879.1
1781697900,24879.32,24893.46,24875.24,24885.38
1781698200,24885.18,24890.96,24879.5,24882.29
1781698500,24882.17,24882.73,24874.27,24877.74
1781698800,24877.61,24877.8,24862.2,24863.26
1781699100,24862.58,24866.25,24860.43,24865.29
1781699400,24864.67,24882.22,24864.21,24882.03
1781699700,24881.8,24890.29,24876.81,24888.59
1781700000,24888.5,24896.42,24882.0,24894.65
1781700300,24894.61,24901.26,24881.32,24884.85
1781700600,24885.18,24895.34,24884.4,24886.06
1781700900,24886.0,24887.46,24873.21,24873.72
1781701200,24872.3,24896.84,24871.88,24879.39
1781701500,24878.03,24879.46,24857.34,24861.1
1781701800,24861.03,24865.51,24850.31,24858.19
1781702100,24858.14,24867.66,24856.48,24865.32
1781702400,24865.13,24868.09,24853.29,24860.43
1781702700,24861.03,24861.86,24848.94,24852.71
1781703000,24852.51,24857.32,24827.1,24831.99
1781703300,24828.08,24841.99,24824.94,24838.69
1781703600,24839.78,24866.79,24837.55,24861.64
1781703900,24861.74,24891.48,24861.74,24876.92
1781704200,24876.4,24892.45,24871.19,24875.58
1781704500,24876.53,24876.83,24861.41,24867.56
1781704800,24867.18,24867.18,24833.53,24841.12
1781705100,24841.82,24850.15,24831.87,24849.83
1781705400,24849.61,24855.41,24836.91,24851.27
1781705700,24851.72,24880.47,24851.58,24877.61
1781706000,24875.66,24903.67,24872.57,24900.36
1781706300,24899.79,24918.99,24896.59,24917.43
1781706600,24917.53,24926.6,24899.89,24904.4
1781706900,24904.0,24924.55,24900.65,24917.63
1781707200,24917.57,24941.5,24907.74,24938.03
1781707500,24938.51,24942.04,24826.12,24887.42
1781707800,24887.83,24903.55,24880.2,24896.07
1781708100,24895.84,24897.06,24876.55,24881.92
1781708400,24882.52,24894.25,24880.98,24889.51
1781708700,24888.87,24899.37,24878.9,24880.79
1781709000,24880.85,24901.52,24877.31,24899.35
1781709300,24899.66,24919.3,24896.41,24906.88
1781709600,24906.53,24924.25,24903.35,24915.99
1781709900,24916.33,24931.68,24907.7,24931.68
1781766000,24996.54,24998.34,24982.89,24990.33
1781766300,24992.56,25013.23,24991.11,25013.23
1781766600,25014.63,25021.41,24989.55,24995.86
1781766900,24994.61,24996.55,24978.76,24996.55
1781767200,24997.45,25034.3,24995.58,25032.05
1781767500,25031.37,25059.37,25025.33,25054.38
1781767800,25054.0,25055.44,25026.84,25039.89
1781768100,25040.69,25046.44,25028.83,25033.55
1781768400,25033.36,25037.1,24995.37,24997.48
1781768700,24997.22,25006.28,24979.73,25006.28
1781769000,25005.73,25006.96,24958.82,24960.91
1781769300,24961.1,24987.21,24956.3,24985.73
1781769600,24984.87,25008.39,24981.73,24988.39
1781769900,24988.51,24996.92,24970.13,24987.99
1781770200,24987.85,24991.59,24973.31,24982.2
1781770500,24981.46,24986.55,24944.38,24944.38
1781770800,24944.32,24944.83,24918.71,24928.3
1781771100,24927.62,24934.68,24920.64,24922.11
1781771400,24919.46,24919.46,24894.54,24894.71
1781771700,24894.48,24901.42,24890.02,24894.52
1781772000,24895.92,24900.0,24875.74,24885.93
1781772300,24885.49,24885.49,24872.15,24877.19
1781772600,24877.46,24882.2,24857.0,24873.84
1781772900,24874.57,24886.49,24860.1,24860.1
1781773200,24860.12,24868.41,24840.27,24868.41
1781773500,24867.7,24907.28,24867.17,24899.06
1781773800,24899.03,24916.71,24888.0,24911.5
1781774100,24911.64,24934.14,24910.33,24929.61
1781774400,24930.24,24934.23,24924.22,24934.23
1781774700,24934.31,24954.56,24933.67,24948.54
1781775000,24946.35,24951.93,24935.94,24940.44
1781775300,24939.88,24952.88,24930.54,24944.42
1781775600,24944.54,24948.85,24931.53,24946.11
1781775900,24944.98,24969.47,24944.98,24969.47
1781776200,24969.2,24997.48,24969.2,24996.96
1781776500,24997.26,24999.06,24970.33,24970.6
1781776800,24970.07,24970.07,24936.72,24950.77
1781777100,24951.29,24962.37,24947.86,24955.42
1781777400,24955.17,24968.12,24946.09,24966.34
1781777700,24965.66,24985.48,24965.66,24984.19
1781778000,24984.71,24989.64,24973.18,24978.97
1781778300,24978.78,24988.77,24970.42,24975.32
1781778600,24975.5,24981.66,24953.24,24959.84
1781778900,24959.61,24963.85,24950.07,24958.11
1781779200,24957.97,24962.64,24922.91,24922.91
1781779500,24922.8,24947.38,24922.8,24942.02
1781779800,24942.78,24950.56,24928.67,24936.62
1781780100,24937.0,24940.66,24929.23,24933.34
1781780400,24934.0,24934.92,24925.51,24930.53
1781780700,24930.21,24931.06,24878.59,24883.46
1781781000,24883.84,24898.57,24872.51,24898.45
1781781300,24898.5,24901.66,24887.22,24893.43
1781781600,24892.9,24907.42,24885.92,24907.42
1781781900,24907.81,24928.07,24904.15,24925.11
1781782200,24925.68,24940.04,24922.08,24933.53
1781782500,24932.63,24932.91,24918.42,24925.05
1781782800,24924.67,24927.04,24901.87,24925.58
1781783100,24926.18,24932.7,24906.52,24912.38
1781783400,24912.3,24945.93,24912.3,24939.73
1781783700,24939.17,24940.24,24925.3,24937.45
1781784000,24937.6,24952.21,24935.48,24950.16
1781784300,24949.94,24958.1,24945.13,24947.56
1781784600,24946.91,24970.74,24944.84,24969.6
1781784900,24969.46,24982.85,24969.46,24978.23
1781785200,24977.64,24986.17,24966.28,24973.72
1781785500,24974.32,24980.01,24963.51,24967.38
1781785800,24967.21,24980.09,24966.77,24976.07
1781786100,24976.3,24985.56,24969.56,24980.8
1781786400,24980.87,24999.05,24980.87,24992.21
1781786700,24992.49,25020.58,24991.43,25018.06
1781787000,25018.77,25020.46,25011.16,25013.89
1781787300,25013.79,25033.02,25013.38,25022.73
1781787600,25021.47,25027.56,24997.43,25006.08
1781787900,25006.51,25041.91,25006.51,25031.79
1781788200,25031.34,25038.24,25026.99,25029.87
1781788500,25030.06,25035.54,25021.77,25031.04
1781788800,25030.01,25039.0,25022.69,25023.07
1781789100,25023.01,25028.07,25002.5,25002.5
1781789400,25003.09,25014.03,24988.12,24996.1
1781789700,24996.09,25007.9,24948.41,24948.41
1781790000,24946.69,24959.51,24920.2,24959.51
1781790300,24958.97,24968.21,24942.29,24955.2
1781790600,24955.95,24963.77,24944.93,24960.32
1781790900,24960.46,24971.63,24925.62,24943.22
1781791200,24943.93,24965.53,24936.34,24965.06
1781791500,24966.83,24984.99,24964.77,24981.99
1781791800,24982.05,24984.43,24972.47,24981.94
1781792100,24981.22,25017.12,24978.94,25013.85
1781792400,25014.92,25019.71,24999.66,24999.66
1781792700,24999.44,25001.5,24978.95,24987.6
1781793000,24988.66,25005.59,24975.16,25005.23
1781793300,25005.51,25025.08,25002.27,25016.42
1781793600,25016.45,25017.35,24997.5,25009.84
1781793900,25009.54,25034.68,25007.46,25029.85
1781794200,25028.75,25037.17,25011.17,25015.19
1781794500,25015.38,25039.41,25009.37,25036.95
1781794800,25037.5,25057.06,25032.38,25053.44
1781795100,25053.17,25053.17,25024.58,25026.93
1781795400,25025.83,25032.75,25017.04,25017.04
1781795700,25016.4,25027.72,24999.92,25011.57
1781796000,25011.76,25034.18,25011.5,25027.73
1781796300,25027.86,25047.39,25025.13,25030.86
1781852400,25075.33,25075.94,25055.28,25064.06
1781852700,25064.36,25083.59,25060.47,25074.97
1781853000,25073.91,25080.47,25063.17,25080.47
1781853300,25080.64,25092.74,25069.6,25077.67
1781853600,25077.91,25101.34,25060.94,25101.28
1781853900,25101.64,25115.1,25098.74,25098.74
1781854200,25098.44,25112.42,25082.53,25087.99
1781854500,25089.16,25117.43,25084.21,25117.43
1781854800,25117.98,25145.39,25114.92,25143.85
1781855100,25145.13,25151.23,25135.66,25142.56
1781855400,25142.63,25150.99,25136.03,25137.48
1781855700,25137.54,25160.64,25137.54,25155.04
1781856000,25153.91,25161.05,25138.11,25143.2
1781856300,25143.18,25153.35,25133.71,25145.4
1781856600,25145.46,25148.26,25129.11,25147.17
1781856900,25146.5,25173.02,25146.05,25161.74
1781857200,25161.45,25169.01,25155.13,25164.95
1781857500,25164.64,25167.64,25151.79,25156.43
1781857800,25156.88,25156.88,25116.53,25116.97
1781858100,25116.8,25125.86,25112.56,25125.7
1781858400,25125.22,25132.91,25111.75,25127.64
1781858700,25127.93,25133.74,25121.4,25133.24
1781859000,25133.54,25133.54,25103.75,25107.67
1781859300,25108.74,25126.41,25107.64,25122.76
1781859600,25122.26,25130.15,25103.22,25108.33
1781859900,25108.29,25115.3,25100.46,25101.82
1781860200,25101.63,25107.72,25085.17,25087.76
1781860500,25087.88,25090.84,25079.25,25089.0
1781860800,25088.86,25092.26,25073.39,25076.86
1781861100,25076.23,25079.89,25060.76,25075.09
1781861400,25074.44,25092.0,25071.1,25091.81
1781861700,25092.2,25113.01,25091.37,25112.9
1781862000,25112.94,25116.38,25094.35,25095.23
1781862300,25095.77,25111.7,25089.41,25099.55
1781862600,25105.22,25130.65,25104.46,25127.06
1781862900,25123.8,25136.29,25104.63,25104.63
1781863200,25105.91,25119.67,25103.08,25106.99
1781863500,25106.32,25121.02,25095.37,25121.02
1781863800,25120.83,25121.49,25100.13,25101.64
1781864100,25100.57,25108.86,25094.17,25100.85
1781864400,25100.99,25105.44,25078.61,25078.61
1781864700,25078.35,25079.98,25067.35,25067.35
1781865000,25067.91,25067.91,25045.56,25055.55
1781865300,25056.23,25062.67,25017.24,25017.35
1781865600,25018.94,25047.13,25017.98,25046.44
1781865900,25046.3,25064.92,25044.98,25045.78
1781866200,25046.3,25067.97,25038.82,25059.55
1781866500,25059.85,25059.91,25040.09,25044.32
1781866800,25044.54,25044.54,25041.33,25041.33
1781867100,25041.06,25060.4,25041.06,25053.95
1781867400,25053.98,25055.42,25042.82,25045.27
1781867700,25045.35,25048.76,25032.75,25034.37
1781868000,25033.91,25039.73,25028.46,25029.79
1781868300,25029.18,25034.41,25019.28,25022.54
1781868600,25022.27,25023.49,25014.5,25017.33
1781868900,25018.2,25030.91,25016.5,25030.58
1781869200,25030.91,25040.36,25030.83,25037.91
1781869500,25036.42,25047.77,25032.48,25040.65
1781869800,25040.37,25040.37,25014.33,25016.38
1781870100,25015.52,25044.42,25012.08,25043.55
1781870400,25043.74,25044.94,25018.6,25019.66
1781870700,25020.18,25025.07,25016.26,25021.76
1781871000,25021.82,25023.83,24994.89,24994.89
1781871300,24994.14,24994.14,24973.83,24983.32
1781871600,24983.01,24990.1,24982.02,24985.49
1781871900,24985.51,25004.7,24985.51,24993.09
1781872200,24991.97,24994.52,24986.82,24991.38
1781872500,24991.47,24992.27,24956.15,24964.57
1781872800,24964.03,24975.45,24951.54,24974.69
1781873100,24975.02,24981.2,24964.64,24965.0
1781873400,24965.91,25044.87,24965.91,25038.92
1781873700,25038.73,25061.87,25033.7,25057.42
1781874000,25059.09,25090.78,25058.86,25059.81
1781874300,25059.46,25062.83,25036.8,25061.31
1781874600,25061.23,25061.23,25041.24,25043.69
1781874900,25043.98,25045.04,25025.34,25033.96
1781875200,25033.73,25055.18,25033.17,25055.18
1781875500,25054.88,25064.11,25049.48,25064.1
1781875800,25064.28,25065.16,25029.12,25029.59
1781876100,25029.61,25048.4,25029.61,25033.02
1781876400,25032.25,25035.13,25016.69,25022.35
1781876700,25023.57,25042.06,25019.02,25041.8
1781877000,25042.26,25054.12,25037.51,25048.32
1781877300,25048.49,25060.62,25047.21,25050.08
1781877600,25049.95,25052.07,25034.4,25051.92
1781877900,25052.07,25055.16,25038.92,25054.22
1781878200,25054.82,25057.84,25046.79,25057.38
1781878500,25057.43,25067.81,25053.9,25063.58
1781878800,25064.11,25077.44,25058.88,25067.34
1781879100,25067.46,25075.17,25063.62,25070.73
1781879400,25070.81,25078.73,25064.62,25065.28
1781879700,25065.24,25074.08,25054.99,25060.65
1781880000,25061.13,25067.28,25047.84,25048.08
1781880300,25048.16,25048.16,25030.73,25035.92
1781880600,25035.81,25042.52,25026.49,25026.85
1781880900,25026.8,25043.92,25026.36,25031.09
1781881200,25031.78,25047.44,25027.06,25041.5
1781881500,25040.42,25045.6,25031.11,25045.05
1781881800,25044.75,25058.01,25043.33,25054.38
1781882100,25054.34,25055.09,25029.27,25029.27
1781882400,25029.38,25040.45,25018.62,25021.54
1781882700,25021.85,25025.5,25016.74,25019.03
1782111600,25035.93,25051.3,25019.11,25031.15
1782111900,25031.14,25067.06,25027.47,25061.97
1782112200,25064.85,25072.12,25035.27,25049.98
1782112500,25049.82,25065.29,25048.55,25051.61
1782112800,25051.79,25071.16,25036.63,25046.74
1782113100,25047.39,25061.85,25043.5,25061.85
1782113400,25062.36,25082.78,25041.34,25053.69
1782113700,25053.36,25069.18,25045.21,25045.21
1782114000,25045.35,25046.78,25000.84,25008.5
1782114300,25008.63,25012.93,24989.03,25011.29
1782114600,25011.92,25015.74,24985.36,24986.88
1782114900,24987.36,25009.44,24985.16,25009.44
1782115200,25008.59,25012.23,24979.42,24987.07
1782115500,24987.16,24988.42,24972.07,24985.05
1782115800,24987.77,24992.39,24969.02,24987.86
1782116100,24987.76,24988.57,24965.46,24967.02
1782116400,24966.91,24989.73,24965.99,24988.2
1782116700,24988.07,24999.95,24980.81,24981.65
1782117000,24982.1,24983.54,24952.16,24958.98
1782117300,24958.66,24983.03,24958.42,24982.04
1782117600,24981.89,24989.61,24972.42,24977.45
1782117900,24977.5,24978.12,24944.59,24953.85
1782118200,24954.09,24960.58,24950.13,24958.11
1782118500,24958.22,24959.8,24948.03,24950.63
1782118800,24950.57,24950.94,24933.05,24943.75
1782119100,24943.45,24959.61,24942.39,24958.12
1782119400,24958.28,24969.78,24945.03,24966.19
1782119700,24967.83,24973.3,24955.28,24958.17
1782120000,24958.2,24960.95,24941.43,24942.74
1782120300,24943.11,24947.59,24931.35,24947.59
1782120600,24947.68,24954.45,24942.17,24949.05
1782120900,24948.16,24950.42,24926.21,24926.21
1782121200,24925.13,24934.19,24922.98,24929.32
1782121500,24928.84,24941.77,24925.36,24926.06
1782121800,24925.98,24925.98,24910.88,24918.35
1782122100,24918.28,24923.24,24904.23,24904.48
1782122400,24905.03,24921.33,24896.19,24921.15
1782122700,24921.09,24937.64,24921.09,24926.76
1782123000,24926.63,24933.21,24918.32,24928.52
1782123300,24928.14,24936.23,24927.39,24930.29
1782123600,24929.7,24932.73,24923.72,24931.15
1782123900,24930.12,24932.48,24924.75,24925.98
1782124200,24927.06,24928.89,24917.05,24919.48
1782124500,24919.62,24939.9,24919.62,24929.76
1782124800,24932.43,24935.7,24927.22,24927.6
1782125100,24927.58,24933.2,24915.29,24919.4
1782125400,24919.91,24927.36,24916.0,24926.44
1782125700,24926.65,24928.63,24915.74,24915.74
1782126000,24915.66,24940.61,24914.4,24939.86
1782126300,24939.51,24966.22,24938.85,24959.55
1782126600,24958.72,24959.15,24939.32,24948.12
1782126900,24948.17,24951.15,24942.39,24942.65
1782127200,24942.18,24950.92,24942.18,24946.88
1782127500,24946.05,24966.35,24946.05,24965.81
1782127800,24965.48,24981.37,24960.63,24981.16
1782128100,24981.1,24987.63,24974.31,24975.91
1782128400,24976.45,24993.25,24974.31,24987.28
1782128700,24989.25,24989.25,24979.77,24985.3
1782129000,24985.82,24990.61,24978.83,24989.8
1782129300,24989.43,24999.79,24988.74,24999.11
1782129600,24998.95,25000.83,24990.66,24994.14
1782129900,24993.95,24999.19,24980.0,24981.53
1782130200,24982.2,24997.42,24979.37,24997.42
1782130500,24997.29,24999.11,24986.4,24998.89
1782130800,24999.37,25027.09,24999.23,25026.95
1782131100,25027.22,25027.73,25012.24,25024.94
1782131400,25025.18,25027.36,25014.32,25015.11
1782131700,25015.78,25029.19,25013.34,25026.98
1782132000,25027.01,25029.19,25013.36,25020.44
1782132300,25021.27,25023.19,25011.58,25015.26
1782132600,25015.8,25024.46,25015.8,25019.8
1782132900,25019.61,25033.27,25019.61,25023.37
1782133200,25023.17,25071.54,25023.17,25056.55
1782133500,25056.28,25059.23,25029.99,25032.85
1782133800,25033.04,25052.7,25032.02,25049.34
1782134100,25049.36,25058.4,25043.65,25050.74
1782134400,25050.63,25074.54,25049.48,25070.02
1782134700,25070.21,25093.84,25070.21,25082.05
1782135000,25082.59,25120.85,25082.4,25116.99
1782135300,25116.85,25116.85,25102.15,25108.52
1782135600,25109.41,25113.58,25083.02,25104.22
1782135900,25103.92,25129.24,25097.96,25124.12
1782136200,25125.11,25138.69,25121.72,25138.69
1782136500,25138.51,25151.65,25129.27,25149.68
1782136800,25150.21,25152.35,25124.13,25138.59
1782137100,25138.23,25168.7,25134.21,25168.22
1782137400,25168.73,25176.21,25151.77,25155.2
1782137700,25154.73,25154.81,25136.74,25140.62
1782138000,25140.54,25156.47,25136.13,25145.96
1782138300,25145.69,25148.21,25122.72,25122.72
1782138600,25122.44,25127.4,25110.27,25125.22
1782138900,25125.41,25133.17,25113.69,25131.28
1782139200,25130.48,25132.37,25108.96,25108.96
1782139500,25109.24,25126.9,25104.88,25107.29
1782139800,25106.71,25109.88,25084.93,25088.2
1782140100,25088.34,25122.16,25083.9,25112.72
1782140400,25112.99,25125.31,25112.99,25118.17
1782140700,25118.34,25118.34,25091.31,25101.4
1782141000,25102.61,25138.55,25102.01,25132.77
1782141300,25133.15,25133.87,25115.31,25119.69
1782141600,25118.77,25127.0,25115.95,25126.49
1782141900,25126.41,25148.99,25120.65,25148.99
1782198000,24835.56,24855.01,24825.93,24852.72
1782198300,24853.92,24869.4,24843.27,24865.84
1782198600,24864.27,24873.54,24845.64,24849.32
1782198900,24847.69,24847.69,24807.87,24814.21
1782199200,24814.61,24829.03,24788.18,24793.59
1782199500,24793.99,24818.61,24774.5,24814.66
1782199800,24814.18,24854.7,24801.6,24854.7
1782200100,24855.19,24858.49,24831.82,24853.37
1782200400,24852.9,24856.51,24825.93,24828.86
1782200700,24829.01,24839.02,24814.17,24835.66
1782201000,24834.48,24834.48,24813.54,24814.94
1782201300,24814.91,24814.99,24769.69,24790.4
1782201600,24790.7,24797.03,24758.36,24758.36
1782201900,24758.59,24772.27,24757.86,24772.27
1782202200,24774.78,24781.88,24753.23,24765.17
1782202500,24767.23,24780.08,24750.2,24750.2
1782202800,24750.54,24751.39,24732.43,24735.0
1782203100,24735.22,24745.89,24728.57,24744.97
1782203400,24746.19,24778.87,24740.9,24770.81
1782203700,24770.86,24789.88,24770.0,24780.29
1782204000,24782.1,24798.33,24760.98,24768.79
1782204300,24768.49,24769.09,24738.27,24751.44
1782204600,24750.93,24766.83,24748.03,24760.25
1782204900,24760.44,24773.05,24755.46,24772.64
1782205200,24773.78,24787.05,24762.68,24763.66
1782205500,24763.15,24781.47,24756.82,24767.3
1782205800,24767.96,24800.19,24762.64,24794.85
1782206100,24795.51,24803.61,24777.08,24786.2
1782206400,24786.39,24812.47,24783.7,24812.47
1782206700,24812.42,24816.74,24808.43,24811.91
1782207000,24811.67,24817.15,24801.95,24812.92
1782207300,24813.16,24823.82,24802.39,24804.34
1782207600,24802.6,24823.57,24795.45,24823.57
1782207900,24823.43,24834.06,24821.99,24830.64
1782208200,24831.18,24843.68,24828.23,24838.72
1782208500,24837.51,24860.18,24837.16,24852.78
1782208800,24852.72,24886.65,24852.72,24880.08
1782209100,24880.41,24883.34,24872.25,24878.4
1782209400,24878.13,24881.19,24869.14,24873.21
1782209700,24873.33,24885.03,24868.38,24882.72
1782210000,24882.94,24913.9,24877.86,24894.39
1782210300,24893.48,24893.48,24879.31,24883.43
1782210600,24883.97,24890.22,24869.16,24871.27
1782210900,24870.85,24875.77,24853.08,24860.38
1782211200,24860.86,24860.86,24837.67,24848.52
1782211500,24849.11,24865.21,24849.11,24860.79
1782211800,24861.99,24863.93,24843.49,24844.26
1782212100,24844.32,24855.86,24841.39,24854.53
1782212400,24854.64,24875.26,24854.64,24862.65
1782212700,24862.44,24862.44,24838.21,24846.11
1782213000,24845.95,24866.1,24845.57,24865.84
1782213300,24866.13,24866.43,24849.77,24862.08
1782213600,24861.76,24925.92,24860.84,24872.22
1782213900,24871.85,24878.66,24863.98,24868.12
1782214200,24867.73,24876.36,24861.28,24869.48
1782214500,24869.78,24870.57,24860.51,24870.05
1782214800,24869.97,24901.97,24869.97,24899.09
1782215100,24898.78,24900.43,24885.89,24896.14
1782215400,24896.34,24907.03,24890.84,24906.28
1782215700,24906.19,24913.2,24900.76,24903.51
1782216000,24904.11,24904.11,24891.95,24896.48
1782216300,24896.33,24915.48,24896.33,24915.1
1782216600,24915.05,24926.52,24900.52,24905.62
1782216900,24905.42,24912.1,24893.52,24906.13
1782217200,24906.21,24906.21,24879.89,24883.17
1782217500,24883.38,24890.16,24874.35,24889.56
1782217800,24889.3,24894.45,24862.07,24864.97
1782218100,24861.27,24885.97,24860.14,24885.78
1782218400,24885.48,24914.09,24882.18,24912.88
1782218700,24912.75,24919.49,24897.43,24904.9
1782219000,24904.84,24909.44,24893.51,24894.27
1782219300,24894.33,24910.57,24892.97,24905.82
1782219600,24906.45,24907.12,24883.69,24890.37
1782219900,24889.18,24890.21,24872.16,24876.01
1782220200,24877.07,24888.49,24874.33,24882.1
1782220500,24881.42,24889.8,24877.19,24882.27
1782220800,24882.07,24889.14,24876.77,24880.91
1782221100,24881.4,24881.4,24857.0,24866.98
1782221400,24868.68,24904.47,24854.62,24889.4
1782221700,24891.07,24891.07,24858.25,24880.14
1782222000,24878.17,24904.47,24868.6,24889.84
1782222300,24890.22,24919.29,24877.55,24909.39
1782222600,24909.9,24925.73,24908.56,24924.18
1782222900,24924.45,24943.28,24917.83,24942.13
1782223200,24943.14,24959.85,24932.88,24956.49
1782223500,24956.3,24967.99,24944.61,24966.75
1782223800,24965.69,24975.39,24953.1,24970.31
1782224100,24971.53,24985.59,24965.62,24975.33
1782224400,24974.61,24988.71,24970.83,24975.86
1782224700,24975.58,24983.93,24963.74,24980.21
1782225000,24976.49,24978.69,24942.01,24943.4
1782225300,24942.36,24959.48,24940.39,24944.65
1782225600,24943.87,24958.72,24934.47,24952.61
1782225900,24952.86,24955.02,24922.56,24933.24
1782226200,24934.56,24961.9,24931.16,24947.86
1782226500,24948.45,24958.37,24940.27,24954.71
1782226800,24954.87,24972.46,24950.44,24967.45
1782227100,24967.37,24970.83,24952.47,24970.53
1782227400,24971.26,24974.4,24961.03,24974.07
1782227700,24974.26,24977.83,24945.73,24948.55
1782228000,24947.82,24954.48,24941.0,24941.8
1782228300,24943.13,24946.44,24929.57,24935.92
1782284400,24790.7,24796.37,24779.51,24789.19
1782284700,24790.56,24800.66,24763.61,24766.68
1782285000,24767.34,24774.93,24752.81,24755.93
1782285300,24755.67,24787.72,24745.48,24773.77
1782285600,24773.57,24791.48,24757.6,24772.33
1782285900,24772.52,24772.65,24738.79,24743.75
1782286200,24743.46,24752.77,24720.83,24723.46
1782286500,24724.89,24725.62,24669.45,24679.86
1782286800,24679.72,24715.55,24672.9,24715.55
1782287100,24715.42,24753.48,24713.68,24742.76
1782287400,24746.27,24756.39,24700.53,24700.57
1782287700,24700.5,24701.27,24685.29,24698.48
1782288000,24698.72,24727.0,24698.54,24726.43
1782288300,24726.85,24734.01,24706.62,24723.6
1782288600,24723.62,24730.46,24699.67,24730.02
1782288900,24729.96,24735.95,24706.36,24707.4
1782289200,24707.26,24710.42,24696.27,24707.76
1782289500,24707.72,24707.99,24686.32,24700.04
1782289800,24700.47,24719.41,24690.71,24700.31
1782290100,24700.97,24712.0,24696.24,24699.15
1782290400,24699.29,24713.79,24696.21,24713.24
1782290700,24713.34,24715.6,24691.31,24696.36
1782291000,24695.8,24715.0,24693.37,24706.62
1782291300,24707.57,24710.76,24693.3,24699.09
1782291600,24699.72,24702.81,24683.4,24686.86
1782291900,24687.0,24694.36,24674.31,24686.02
1782292200,24686.18,24703.38,24678.47,24700.45
1782292500,24700.1,24702.65,24665.31,24676.49
1782292800,24677.29,24687.81,24669.99,24682.57
1782293100,24682.03,24709.38,24679.62,24684.39
1782293400,24684.46,24697.42,24679.9,24694.1
1782293700,24692.9,24692.9,24668.33,24673.63
1782294000,24673.98,24674.2,24649.57,24649.86
1782294300,24649.92,24665.13,24646.08,24650.61
1782294600,24651.44,24671.46,24647.54,24647.54
1782294900,24647.4,24658.93,24645.58,24655.63
1782295200,24656.33,24656.47,24619.85,24637.88
1782295500,24638.22,24648.86,24637.48,24641.16
1782295800,24641.51,24650.22,24631.09,24647.04
1782296100,24646.91,24668.7,24645.18,24666.28
1782296400,24666.22,24671.9,24651.46,24652.02
1782296700,24652.15,24673.72,24652.15,24671.06
1782297000,24670.5,24671.7,24654.77,24656.39
1782297300,24657.07,24660.04,24637.11,24637.11
1782297600,24637.17,24658.97,24636.58,24652.31
1782297900,24652.17,24666.39,24652.17,24661.05
1782298200,24660.33,24660.9,24637.54,24644.45
1782298500,24643.78,24648.02,24633.58,24633.82
1782298800,24634.06,24659.22,24634.06,24638.13
1782299100,24638.58,24653.95,24634.73,24650.48
1782299400,24651.05,24652.33,24632.11,24632.11
1782299700,24631.47,24632.11,24616.84,24616.84
1782300000,24616.67,24627.18,24606.33,24627.16
1782300300,24627.69,24646.51,24625.22,24640.38
1782300600,24640.19,24653.91,24639.67,24644.81
1782300900,24644.36,24648.25,24628.72,24628.96
1782301200,24629.16,24632.38,24622.25,24630.62
1782301500,24631.74,24667.69,24629.43,24667.1
1782301800,24667.22,24667.77,24649.96,24651.82
1782302100,24651.45,24664.01,24644.28,24663.45
1782302400,24663.54,24672.3,24654.74,24665.34
1782302700,24665.2,24665.34,24646.37,24654.27
1782303000,24654.45,24669.85,24645.55,24667.89
1782303300,24667.61,24691.81,24666.14,24691.81
1782303600,24691.67,24692.52,24671.82,24681.72
1782303900,24683.0,24684.48,24673.31,24679.25
1782304200,24679.05,24680.76,24658.3,24661.82
1782304500,24662.45,24666.4,24652.37,24662.53
1782304800,24661.98,24662.81,24641.23,24649.59
1782305100,24649.25,24655.59,24637.84,24640.95
1782305400,24641.83,24644.71,24629.21,24635.84
1782305700,24635.91,24635.91,24619.34,24630.08
1782306000,24630.52,24645.29,24626.31,24640.54
1782306300,24640.94,24649.58,24628.49,24631.14
1782306600,24630.42,24632.34,24610.66,24610.66
1782306900,24611.0,24626.65,24597.64,24625.79
1782307200,24626.09,24626.09,24593.48,24606.33
1782307500,24606.3,24634.94,24606.3,24632.33
1782307800,24631.72,24643.72,24609.72,24641.29
1782308100,24641.88,24664.5,24633.64,24636.52
1782308400,24636.74,24637.72,24598.3,24629.1
1782308700,24629.58,24639.46,24617.83,24639.46
1782309000,24636.33,24691.99,24636.33,24680.12
1782309300,24678.88,24679.91,24652.86,24653.49
1782309600,24656.35,24668.93,24635.98,24635.98
1782309900,24636.55,24657.86,24633.22,24657.86
1782310200,24657.95,24666.75,24633.46,24639.62
1782310500,24637.7,24640.79,24616.09,24639.16
1782310800,24638.68,24655.39,24628.82,24644.76
1782311100,24644.38,24654.39,24632.5,24640.05
1782311400,24639.84,24674.28,24639.51,24669.26
1782311700,24666.92,24679.47,24656.12,24656.12
1782312000,24655.83,24677.67,24655.83,24676.98
1782312300,24676.71,24703.08,24673.17,24695.81
1782312600,24695.74,24709.89,24685.45,24686.2
1782312900,24686.04,24710.93,24676.75,24705.23
1782313200,24705.02,24708.17,24681.69,24688.49
1782313500,24689.17,24689.56,24657.86,24664.51
1782313800,24665.08,24667.4,24651.62,24662.34
1782314100,24662.18,24688.89,24657.11,24687.76
1782314400,24686.73,24705.85,24683.38,24693.81
1782314700,24693.64,24721.41,24691.42,24713.51
1782370800,24810.0,24812.63,24768.92,24769.47
1782371100,24767.72,24810.58,24761.72,24807.24
1782371400,24807.25,24815.85,24800.7,24814.42
1782371700,24815.63,24844.29,24815.63,24830.04
1782372000,24830.54,24833.28,24821.31,24829.37
1782372300,24828.58,24828.84,24809.03,24815.2
1782372600,24815.36,24830.6,24812.63,24820.91
1782372900,24821.18,24840.27,24820.51,24839.49
1782373200,24839.33,24841.73,24822.87,24825.86
1782373500,24825.68,24839.25,24820.89,24833.02
1782373800,24833.26,24838.57,24829.07,24831.79
1782374100,24831.12,24859.24,24830.14,24859.24
1782374400,24858.91,24874.89,24847.5,24857.68
1782374700,24858.5,24874.11,24857.15,24869.81
1782375000,24869.97,24873.34,24852.89,24854.8
1782375300,24855.36,24857.05,24826.08,24846.44
1782375600,24846.63,24865.27,24844.66,24852.75
1782375900,24852.89,24865.73,24851.58,24858.17
1782376200,24857.74,24877.66,24855.0,24872.03
1782376500,24871.51,24895.18,24869.6,24891.6
1782376800,24891.12,24897.18,24887.93,24887.93
1782377100,24887.79,24890.22,24876.62,24882.3
1782377400,24883.08,24886.01,24874.47,24879.53
1782377700,24879.66,24884.5,24871.63,24877.77
1782378000,24877.57,24892.02,24876.62,24892.02
1782378300,24892.27,24906.2,24892.27,24899.46
1782378600,24898.16,24914.01,24889.92,24911.88
1782378900,24911.68,24915.31,24887.25,24887.3
1782379200,24887.21,24895.25,24885.18,24890.23
1782379500,24890.62,24891.84,24882.99,24889.27
1782379800,24888.9,24888.9,24876.4,24877.4
1782380100,24877.78,24909.88,24876.03,24905.13
1782380400,24904.99,24904.99,24893.86,24900.77
1782380700,24901.15,24902.74,24890.94,24896.12
1782381000,24896.82,24914.73,24890.51,24913.3
1782381300,24913.5,24916.97,24902.98,24910.72
1782381600,24911.33,24923.3,24903.41,24923.3
1782381900,24923.25,24925.1,24919.08,24919.08
1782382200,24919.27,24919.27,24900.37,24900.65
1782382500,24900.44,24910.84,24897.82,24898.57
1782382800,24897.44,24913.79,24889.32,24911.92
1782383100,24911.28,24919.69,24907.9,24911.71
1782383400,24912.7,24912.92,24896.1,24908.48
1782383700,24908.41,24917.67,24906.29,24916.31
1782384000,24916.58,24920.99,24907.33,24908.74
1782384300,24907.33,24924.51,24905.26,24924.4
1782384600,24925.0,24929.82,24924.09,24924.96
1782384900,24925.02,24925.94,24919.43,24925.16
1782385200,24925.69,24925.69,24913.14,24918.63
1782385500,24918.57,24919.26,24897.57,24902.23
1782385800,24902.51,24907.79,24898.04,24898.13
1782386100,24897.09,24897.15,24889.28,24891.15
1782386400,24890.81,24891.31,24866.3,24869.93
1782386700,24869.95,24873.38,24863.65,24872.62
1782387000,24872.9,24886.4,24868.71,24886.1
1782387300,24886.38,24896.53,24885.72,24896.49
1782387600,24896.64,24899.28,24889.1,24899.15
1782387900,24898.73,24913.54,24898.73,24913.18
1782388200,24913.68,24920.89,24910.57,24910.84
1782388500,24910.9,24919.07,24909.08,24910.88
1782388800,24911.12,24919.51,24911.12,24913.27
1782389100,24913.15,24947.54,24913.15,24938.58
1782389400,24938.51,24943.83,24930.87,24940.11
1782389700,24940.25,24943.15,24932.54,24942.61
1782390000,24944.29,24945.28,24930.47,24937.78
1782390300,24937.64,24937.89,24920.24,24920.76
1782390600,24919.86,24979.29,24919.86,24979.03
1782390900,24979.0,24986.63,24971.6,24971.6
1782391200,24972.07,24977.63,24959.75,24964.16
1782391500,24964.28,24986.94,24964.21,24986.26
1782391800,24986.77,24993.3,24983.47,24992.62
1782392100,24992.55,24996.1,24976.68,24980.97
1782392400,24980.2,24995.94,24975.75,24993.0
1782392700,24993.73,24994.7,24977.65,24989.95
1782393000,24989.88,24996.48,24987.48,24987.48
1782393300,24988.37,24990.38,24972.5,24978.29
1782393600,24978.05,24985.12,24972.1,24974.71
1782393900,24974.74,24996.93,24974.74,24996.48
1782394200,24996.1,25009.8,24972.69,24974.85
1782394500,24975.51,24996.25,24971.19,24992.85
1782394800,24990.54,24992.86,24935.64,24936.43
1782395100,24936.53,24940.64,24877.71,24905.31
1782395400,24904.35,24918.02,24862.57,24866.33
1782395700,24866.58,24874.8,24842.67,24846.19
1782396000,24847.6,24930.9,24847.6,24903.09
1782396300,24905.85,25009.54,24905.85,24983.04
1782396600,24984.04,25031.63,24983.76,25007.98
1782396900,25007.62,25067.74,24995.59,25067.51
1782397200,25067.95,25088.28,25044.77,25050.03
1782397500,25049.84,25067.13,25047.98,25061.08
1782397800,25060.29,25086.11,25057.18,25074.17
1782398100,25074.04,25084.69,25059.99,25080.66
1782398400,25081.03,25083.9,25048.65,25048.92
1782398700,25049.49,25052.54,25023.71,25045.18
1782399000,25045.38,25072.88,25043.04,25071.5
1782399300,25071.23,25072.35,25044.24,25053.66
1782399600,25054.15,25064.07,25038.92,25064.07
1782399900,25063.59,25069.69,25010.0,25015.64
1782400200,25015.85,25015.85,24976.0,24982.85
1782400500,24982.88,24982.88,24958.27,24980.95
1782400800,24981.34,25019.14,24978.55,25016.34
1782401100,25016.53,25016.53,24990.69,24995.69
1782457200,24848.51,24856.48,24822.81,24826.16
1782457500,24828.67,24829.66,24797.96,24798.77
1782457800,24798.73,24844.49,24797.68,24832.94
1782458100,24833.51,24836.81,24817.85,24830.35
1782458400,24829.61,24850.23,24824.85,24850.23
1782458700,24850.34,24857.58,24842.39,24853.94
1782459000,24854.12,24869.63,24852.25,24852.35
1782459300,24852.45,24855.27,24837.81,24845.54
1782459600,24845.46,24845.46,24795.75,24802.48
1782459900,24802.62,24807.73,24792.23,24797.01
1782460200,24797.76,24819.75,24794.33,24817.7
1782460500,24818.18,24820.61,24808.16,24818.81
1782460800,24818.91,24824.35,24786.49,24786.49
1782461100,24786.61,24815.48,24776.12,24809.03
1782461400,24808.97,24808.97,24777.28,24783.07
1782461700,24786.79,24803.86,24782.13,24788.07
1782462000,24788.04,24797.38,24776.62,24796.48
1782462300,24796.06,24818.37,24792.93,24808.82
1782462600,24807.83,24807.83,24769.48,24769.48
1782462900,24771.19,24785.81,24767.52,24780.48
1782463200,24781.02,24793.78,24764.41,24767.81
1782463500,24767.96,24774.99,24752.75,24752.75
1782463800,24752.69,24757.28,24737.54,24737.54
1782464100,24736.19,24752.29,24725.95,24750.81
1782464400,24751.05,24751.05,24712.76,24715.9
1782464700,24716.29,24728.73,24699.58,24700.48
1782465000,24700.0,24730.08,24693.72,24724.92
1782465300,24724.95,24733.27,24699.47,24711.29
1782465600,24711.05,24717.13,24695.03,24695.35
1782465900,24695.56,24707.79,24687.98,24702.9
1782466200,24702.76,24702.76,24681.93,24689.9
1782466500,24689.77,24707.34,24689.66,24697.29
1782466800,24697.67,24725.37,24697.39,24706.7
1782467100,24707.66,24724.16,24705.81,24714.25
1782467400,24712.85,24727.11,24702.43,24702.43
1782467700,24699.01,24718.08,24693.54,24706.96
1782468000,24705.27,24711.03,24676.59,24687.78
1782468300,24686.84,24706.53,24686.42,24696.02
1782468600,24696.13,24711.25,24694.35,24694.89
1782468900,24694.85,24696.91,24681.47,24690.44
1782469200,24690.17,24691.81,24672.53,24673.16
1782469500,24672.23,24692.41,24668.25,24691.29
1782469800,24689.49,24690.06,24676.53,24677.75
1782470100,24677.89,24682.27,24669.7,24677.55
1782470400,24677.41,24678.05,24669.0,24675.63
1782470700,24675.45,24693.59,24675.45,24681.05
1782471000,24681.22,24694.36,24675.82,24691.08
1782471300,24691.76,24693.77,24674.52,24681.52
1782471600,24681.57,24699.2,24677.09,24694.66
1782471900,24694.03,24709.11,24693.82,24708.13
1782472200,24708.4,24716.67,24705.58,24709.89
1782472500,24708.94,24708.94,24692.19,24701.53
1782472800,24700.6,24700.86,24685.83,24696.48
1782473100,24696.0,24696.26,24683.66,24690.34
1782473400,24689.96,24692.01,24678.39,24686.91
1782473700,24686.43,24696.75,24677.76,24679.14
1782474000,24679.22,24688.09,24665.16,24669.68
1782474300,24669.27,24683.65,24669.25,24681.45
1782474600,24681.14,24689.2,24672.26,24674.11
1782474900,24674.24,24678.76,24664.86,24669.51
1782475200,24669.71,24671.62,24658.06,24663.09
1782475500,24662.7,24680.51,24662.7,24679.31
1782475800,24679.17,24688.63,24668.14,24688.63
1782476100,24688.7,24707.4,24675.28,24678.93
1782476400,24678.98,24687.28,24669.38,24683.55
1782476700,24683.71,24694.29,24683.71,24693.69
1782477000,24693.85,24704.37,24688.71,24691.47
1782477300,24691.36,24691.36,24662.97,24664.1
1782477600,24664.26,24670.18,24644.67,24652.95
1782477900,24652.9,24654.18,24625.65,24626.13
1782478200,24626.24,24639.81,24626.24,24639.36
1782478500,24639.22,24644.75,24633.59,24635.06
1782478800,24634.83,24639.71,24611.26,24623.42
1782479100,24625.09,24640.82,24623.67,24627.16
1782479400,24627.13,24628.98,24616.56,24624.8
1782479700,24624.87,24625.23,24547.7,24568.44
1782480000,24570.26,24613.23,24569.54,24596.44
1782480300,24595.54,24605.15,24586.35,24604.97
1782480600,24605.32,24646.11,24598.09,24614.92
1782480900,24615.4,24631.82,24600.42,24618.78
1782481200,24618.44,24637.19,24614.12,24631.42
1782481500,24631.56,24654.81,24617.48,24636.91
1782481800,24636.53,24661.16,24630.59,24638.5
1782482100,24639.68,24661.91,24637.78,24655.94
1782482400,24655.54,24679.88,24655.18,24673.3
1782482700,24672.54,24696.71,24668.92,24693.5
1782483000,24693.74,24698.32,24675.06,24679.0
1782483300,24678.04,24688.06,24661.35,24663.48
1782483600,24663.4,24687.58,24663.4,24681.93
1782483900,24681.89,24690.17,24674.94,24675.0
1782484200,24675.46,24681.93,24658.57,24660.42
1782484500,24659.56,24659.74,24639.1,24645.06
1782484800,24644.7,24650.02,24632.11,24632.87
1782485100,24631.92,24643.45,24625.85,24631.01
1782485400,24630.13,24636.15,24616.06,24616.06
1782485700,24616.23,24617.96,24597.36,24611.05
1782486000,24611.35,24636.94,24606.7,24608.64
1782486300,24613.79,24630.46,24600.21,24626.97
1782486600,24626.82,24628.34,24590.73,24595.24
1782486900,24595.48,24611.86,24594.76,24607.76
1782487200,24606.86,24636.88,24604.24,24636.46
1782487500,24636.95,24681.66,24636.03,24681.51
1782716400,24724.34,24725.81,24693.38,24715.09
1782716700,24715.48,24721.64,24688.96,24714.12
1782717000,24713.77,24729.03,24706.07,24724.89
1782717300,24725.06,24735.81,24717.83,24718.79
1782717600,24720.23,24729.79,24717.78,24723.63
1782717900,24723.06,24744.51,24712.13,24734.65
1782718200,24734.44,24746.37,24723.0,24732.52
1782718500,24731.66,24746.94,24725.53,24746.38
1782718800,24745.94,24762.24,24745.53,24750.61
1782719100,24750.23,24750.23,24712.96,24720.54
1782719400,24720.48,24750.32,24720.48,24744.63
1782719700,24744.42,24752.11,24744.14,24745.97
1782720000,24746.35,24759.82,24736.01,24744.63
1782720300,24744.18,24744.95,24718.17,24731.8
1782720600,24731.86,24735.43,24715.36,24735.18
1782720900,24735.82,24737.51,24716.44,24723.05
1782721200,24722.87,24723.2,24709.08,24714.73
1782721500,24714.86,24724.56,24681.94,24681.94
1782721800,24680.64,24687.44,24666.89,24683.82
1782722100,24683.68,24700.13,24678.63,24679.63
1782722400,24679.41,24681.93,24653.92,24666.06
1782722700,24666.52,24680.41,24661.67,24665.55
1782723000,24664.15,24672.36,24659.25,24661.16
1782723300,24661.4,24663.78,24648.61,24650.33
1782723600,24648.99,24670.42,24646.26,24669.56
1782723900,24669.54,24682.32,24661.46,24663.91
1782724200,24663.86,24678.13,24663.38,24677.37
1782724500,24677.51,24691.75,24671.81,24690.59
1782724800,24690.96,24701.98,24688.63,24691.72
1782725100,24691.87,24712.0,24688.75,24711.91
1782725400,24711.7,24716.77,24702.97,24704.28
1782725700,24704.62,24708.6,24688.3,24701.89
1782726000,24702.57,24702.99,24689.7,24690.63
1782726300,24690.76,24694.61,24677.5,24682.15
1782726600,24682.62,24691.46,24668.58,24676.48
1782726900,24676.0,24687.63,24670.85,24685.99
1782727200,24686.04,24687.09,24675.27,24681.18
1782727500,24681.28,24684.02,24671.68,24680.58
1782727800,24680.89,24683.6,24670.82,24672.15
1782728100,24671.92,24672.41,24650.84,24668.14
1782728400,24667.86,24671.5,24656.71,24659.53
1782728700,24658.95,24675.07,24657.98,24675.07
1782729000,24676.68,24680.92,24663.1,24672.84
1782729300,24672.54,24685.24,24664.78,24684.99
1782729600,24686.21,24693.06,24681.71,24685.24
1782729900,24685.83,24687.45,24661.39,24679.05
1782730200,24679.21,24695.07,24679.21,24684.78
1782730500,24684.81,24693.31,24680.39,24680.39
1782730800,24680.97,24690.34,24677.21,24678.76
1782731100,24679.02,24689.79,24679.02,24684.41
1782731400,24684.27,24695.18,24676.28,24678.42
1782731700,24678.5,24682.54,24669.34,24673.87
1782732000,24674.0,24675.14,24654.4,24659.22
1782732300,24658.8,24668.58,24658.78,24663.29
1782732600,24663.15,24696.78,24653.62,24659.96
1782732900,24660.22,24660.22,24639.8,24639.96
1782733200,24640.47,24657.84,24636.81,24655.59
1782733500,24655.65,24675.7,24655.54,24669.53
1782733800,24669.55,24691.26,24667.91,24689.13
1782734100,24689.06,24696.07,24685.15,24694.55
1782734400,24694.08,24700.63,24684.11,24698.26
1782734700,24698.13,24705.04,24693.17,24702.77
1782735000,24702.97,24710.69,24701.72,24708.16
1782735300,24708.19,24713.37,24706.97,24710.8
1782735600,24711.05,24711.17,24694.26,24701.68
1782735900,24701.75,24709.38,24693.79,24694.03
1782736200,24693.98,24694.25,24678.81,24694.25
1782736500,24694.44,24709.23,24676.04,24680.84
1782736800,24680.66,24684.66,24667.42,24678.99
1782737100,24678.47,24696.74,24678.38,24689.58
1782737400,24689.57,24701.29,24685.96,24697.0
1782737700,24697.01,24707.25,24696.27,24706.43
1782738000,24706.67,24720.23,24703.96,24718.74
1782738300,24718.32,24721.43,24705.85,24708.86
1782738600,24708.8,24716.35,24706.37,24715.35
1782738900,24714.72,24719.33,24708.94,24711.37
1782739200,24711.23,24714.33,24700.28,24704.4
1782739500,24705.6,24718.67,24697.31,24718.14
1782739800,24718.27,24719.45,24692.84,24698.88
1782740100,24701.12,24709.33,24684.58,24704.97
1782740400,24705.53,24716.22,24699.94,24713.71
1782740700,24714.61,24722.76,24703.05,24703.05
1782741000,24702.98,24721.59,24685.45,24686.05
1782741300,24686.42,24687.8,24647.66,24670.66
1782741600,24672.99,24672.99,24650.9,24654.94
1782741900,24651.09,24651.19,24615.33,24637.37
1782742200,24637.77,24641.9,24584.77,24584.77
1782742500,24584.6,24615.39,24574.64,24611.39
1782742800,24611.25,24644.26,24602.42,24640.41
1782743100,24638.81,24672.69,24638.81,24660.15
1782743400,24657.52,24666.06,24645.31,24654.52
1782743700,24654.38,24657.2,24615.23,24616.09
1782744000,24616.28,24630.67,24615.94,24623.6
1782744300,24623.65,24625.78,24589.64,24598.74
1782744600,24598.68,24609.18,24587.26,24603.38
1782744900,24602.85,24602.85,24581.46,24593.67
1782745200,24594.75,24595.3,24556.78,24589.95
1782745500,24590.19,24602.68,24588.38,24591.67
1782745800,24591.54,24615.54,24584.85,24615.54
1782746100,24616.12,24625.94,24608.19,24618.82
1782746400,24618.1,24635.24,24614.48,24616.84
1782746700,24617.21,24648.28,24617.0,24639.7
1782802800,24815.22,24842.58,24815.22,24834.32
1782803100,24835.91,24864.86,24828.62,24839.19
1782803400,24840.05,24841.74,24794.84,24803.04
1782803700,24803.1,24842.9,24799.15,24837.97
1782804000,24837.75,24842.97,24827.58,24842.78
1782804300,24842.83,24851.26,24833.43,24841.57
1782804600,24841.78,24859.45,24836.69,24852.57
1782804900,24851.97,24874.63,24851.68,24855.74
1782805200,24855.85,24861.03,24848.62,24858.92
1782805500,24858.88,24864.37,24839.07,24845.68
1782805800,24845.77,24845.77,24808.26,24814.79
1782806100,24814.64,24819.69,24801.94,24808.55
1782806400,24808.29,24830.3,24808.29,24823.48
1782806700,24821.77,24829.83,24809.54,24811.75
1782807000,24811.54,24827.8,24811.54,24822.94
1782807300,24822.82,24838.69,24814.34,24837.47
1782807600,24836.99,24869.14,24836.07,24854.87
1782807900,24854.78,24864.15,24851.26,24861.58
1782808200,24861.29,24867.92,24839.39,24839.52
1782808500,24839.69,24840.67,24823.45,24827.88
1782808800,24826.97,24830.04,24813.48,24824.71
1782809100,24824.52,24832.85,24819.07,24821.0
1782809400,24821.06,24828.23,24808.83,24827.8
1782809700,24828.08,24831.15,24821.05,24821.88
1782810000,24822.1,24864.79,24820.87,24864.77
1782810300,24864.81,24866.11,24847.26,24851.04
1782810600,24851.16,24860.11,24846.26,24851.5
1782810900,24851.92,24859.45,24849.34,24854.36
1782811200,24854.03,24871.37,24852.79,24871.37
1782811500,24871.21,24881.61,24871.21,24875.89
1782811800,24875.82,24883.1,24867.48,24881.41
1782812100,24881.28,24897.5,24881.28,24895.13
1782812400,24896.0,24916.85,24895.37,24914.44
1782812700,24914.18,24927.74,24911.34,24927.74
1782813000,24927.59,24937.93,24913.97,24913.97
1782813300,24917.31,24927.83,24908.73,24908.73
1782813600,24918.98,24921.31,24906.45,24917.49
1782813900,24916.4,24937.38,24915.21,24935.96
1782814200,24936.92,24937.89,24921.68,24924.83
1782814500,24924.71,24958.8,24924.63,24956.98
1782814800,24957.09,24961.52,24949.53,24950.84
1782815100,24950.36,24977.74,24950.36,24976.82
1782815400,24976.02,24983.11,24969.84,24975.32
1782815700,24975.84,24976.82,24967.17,24970.4
1782816000,24970.53,24984.91,24967.48,24981.33
1782816300,24980.47,24980.47,24966.72,24970.83
1782816600,24970.23,24977.17,24954.5,24972.17
1782816900,24972.03,24985.6,24969.65,24980.97
1782817200,24980.78,24981.53,24966.96,24981.35
1782817500,24981.43,25002.1,24981.19,24997.78
1782817800,24997.64,25001.78,24991.75,24996.81
1782818100,24996.7,25011.55,24995.56,25002.37
1782818400,25003.13,25011.15,24997.81,25007.85
1782818700,25008.04,25009.0,24993.73,24995.87
1782819000,24994.85,25015.35,24994.85,25004.36
1782819300,25004.68,25016.95,25004.68,25015.73
1782819600,25014.67,25024.27,25011.03,25011.54
1782819900,25011.59,25020.5,25010.33,25013.07
1782820200,25013.13,25013.68,24998.31,25009.73
1782820500,25009.76,25009.85,24991.06,24991.26
1782820800,24990.88,24993.15,24968.98,24976.24
1782821100,24976.31,24976.37,24961.08,24968.28
1782821400,24967.8,24969.71,24960.23,24961.96
1782821700,24961.7,24962.86,24939.63,24949.69
1782822000,24949.82,24953.24,24934.91,24938.58
1782822300,24938.57,24939.04,24924.39,24924.58
1782822600,24924.97,24928.19,24895.69,24908.7
1782822900,24908.07,24916.6,24907.44,24915.56
1782823200,24915.66,24943.65,24915.66,24942.57
1782823500,24942.99,24945.9,24934.1,24945.9
1782823800,24945.42,24965.01,24940.54,24957.65
1782824100,24957.36,24957.36,24933.96,24946.88
1782824400,24946.97,24951.91,24916.89,24917.47
1782824700,24917.95,24919.71,24901.95,24905.64
1782825000,24905.92,24905.92,24891.59,24900.56
1782825300,24900.28,24906.99,24891.94,24906.74
1782825600,24906.79,24907.3,24894.37,24901.91
1782825900,24901.82,24903.4,24887.53,24893.71
1782826200,24893.87,24918.47,24885.51,24890.46
1782826500,24890.73,24912.76,24880.96,24904.35
1782826800,24904.38,24931.88,24903.18,24924.59
1782827100,24924.31,24929.26,24908.0,24919.5
1782827400,24918.64,24947.72,24918.46,24933.2
1782827700,24933.94,24947.97,24928.75,24941.11
1782828000,24940.54,24947.19,24924.24,24931.43
1782828300,24931.31,24937.86,24917.17,24918.09
1782828600,24917.67,24941.2,24907.12,24939.94
1782828900,24939.72,24954.85,24937.8,24948.94
1782829200,24948.74,24955.97,24937.66,24937.66
1782829500,24937.52,24939.16,24929.38,24932.08
1782829800,24932.46,24955.59,24931.13,24937.39
1782830100,24937.25,24948.67,24933.05,24935.09
1782830400,24935.07,24935.58,24920.89,24923.89
1782830700,24923.07,24923.71,24894.71,24903.27
1782831000,24903.43,24920.15,24903.29,24905.36
1782831300,24905.54,24922.83,24903.37,24917.3
1782831600,24916.75,24942.62,24914.85,24942.62
1782831900,24942.49,24990.69,24942.49,24986.91
1782832200,24986.99,25000.57,24983.09,24997.3
1782832500,24998.3,24998.62,24957.26,24957.94
1782832800,24959.04,24983.69,24957.71,24978.16
1782833100,24978.27,24996.47,24974.55,24980.05
1782889200,25028.93,25038.14,25014.54,25025.24
1782889500,25025.64,25048.95,25016.05,25016.05
1782889800,25020.61,25022.94,24961.91,24969.49
1782890100,24963.48,24974.07,24955.61,24963.93
1782890400,24964.79,24992.03,24964.79,24991.82
1782890700,24987.67,24988.84,24970.96,24978.31
1782891000,24978.35,24990.09,24961.96,24982.8
1782891300,24982.77,24999.08,24972.65,24997.92
1782891600,24998.71,25010.85,24993.99,25010.85
1782891900,25010.88,25022.85,25003.93,25021.87
1782892200,25021.76,25029.96,25017.91,25029.96
1782892500,25029.9,25053.77,25029.74,25053.77
1782892800,25054.28,25054.92,25032.4,25032.4
1782893100,25032.54,25049.38,25017.9,25049.19
1782893400,25048.86,25066.4,25042.73,25064.74
1782893700,25062.99,25082.23,25057.23,25079.42
1782894000,25079.18,25081.8,25054.42,25056.25
1782894300,25056.06,25069.07,25055.22,25069.07
1782894600,25069.15,25073.21,25050.14,25072.08
1782894900,25072.55,25094.95,25072.36,25093.92
1782895200,25093.64,25093.64,25079.83,25086.99
1782895500,25085.9,25085.9,25052.76,25052.76
1782895800,25052.82,25055.57,25047.77,25052.73
1782896100,25053.02,25068.19,25049.33,25067.91
1782896400,25068.68,25071.73,25051.38,25054.7
1782896700,25054.84,25056.17,25038.57,25050.04
1782897000,25050.89,25060.39,25040.25,25055.77
1782897300,25055.56,25058.9,25042.26,25044.06
1782897600,25044.4,25079.28,25043.51,25074.92
1782897900,25074.98,25084.47,25061.9,25084.05
1782898200,25084.83,25095.66,25080.01,25088.37
1782898500,25090.04,25093.99,25079.2,25091.42
1782898800,25089.4,25091.06,25078.83,25081.59
1782899100,25081.05,25090.22,25075.8,25085.48
1782899400,25085.18,25089.14,25078.5,25086.13
1782899700,25085.98,25085.98,25074.95,25083.4
1782900000,25082.81,25083.92,25056.17,25057.47
1782900300,25057.62,25058.93,25031.77,25053.23
1782900600,25053.5,25064.41,25045.21,25064.41
1782900900,25065.77,25080.25,25063.23,25065.09
1782901200,25065.79,25077.95,25061.57,25070.81
1782901500,25070.62,25082.02,25070.25,25081.73
1782901800,25081.57,25083.96,25072.89,25077.38
1782902100,25077.1,25078.29,25063.78,25065.63
1782902400,25065.43,25068.21,25052.87,25064.46
1782902700,25063.1,25071.61,25059.29,25065.52
1782903000,25065.01,25074.8,25060.51,25062.62
1782903300,25062.86,25076.67,25057.5,25070.92
1782903600,25071.03,25085.44,25067.23,25070.67
1782903900,25070.43,25075.29,25056.47,25058.66
1782904200,25058.52,25060.63,25052.14,25053.94
1782904500,25053.37,25066.18,25053.37,25059.64
1782904800,25059.21,25063.57,25042.67,25047.71
1782905100,25047.55,25047.69,25034.86,25041.0
1782905400,25040.89,25043.16,25014.57,25016.13
1782905700,25015.89,25020.01,25012.27,25016.71
1782906000,25016.5,25024.37,25007.48,25023.82
1782906300,25023.32,25025.37,25003.69,25004.76
1782906600,25005.54,25007.29,24989.56,24991.05
1782906900,24991.13,24996.48,24990.02,24993.85
1782907200,24994.06,25001.06,24973.35,24977.26
1782907500,24976.41,24997.05,24967.81,24997.05
1782907800,24996.76,25007.25,24992.86,25002.84
1782908100,25003.03,25014.12,24991.59,25012.87
1782908400,25012.99,25014.39,24993.48,25009.04
1782908700,25008.02,25013.46,25006.44,25012.82
1782909000,25013.39,25024.55,24996.54,24997.01
1782909300,24995.73,24997.26,24972.96,24989.99
1782909600,24989.7,25004.16,24979.92,24982.23
1782909900,24982.35,24985.98,24967.2,24970.69
1782910200,24970.07,24990.21,24963.39,24965.38
1782910500,24965.47,24968.57,24944.49,24944.97
1782910800,24944.73,24944.73,24909.58,24914.93
1782911100,24914.96,24919.78,24903.03,24903.03
1782911400,24903.27,24917.65,24887.0,24896.78
1782911700,24897.08,24945.16,24895.93,24931.55
1782912000,24932.89,24933.37,24905.32,24922.38
1782912300,24922.46,24955.73,24914.9,24955.13
1782912600,24954.38,24974.75,24927.02,24929.32
1782912900,24929.02,24956.57,24921.19,24945.58
1782913200,24944.9,24975.19,24942.35,24973.33
1782913500,24971.99,24990.01,24965.29,24983.62
1782913800,24982.95,25005.17,24982.31,24993.75
1782914100,24993.66,24998.62,24972.69,24983.2
1782914400,24983.54,25007.18,24973.24,24999.4
1782914700,25000.68,25002.17,24984.17,24986.63
1782915000,24988.75,25002.2,24984.78,24995.06
1782915300,24995.54,25015.1,24986.72,25014.78
1782915600,25014.45,25015.94,25000.42,25011.42
1782915900,25011.58,25018.29,25004.43,25009.19
1782916200,25009.64,25010.72,24989.18,24999.5
1782916500,24999.42,24999.42,24973.78,24978.47
1782916800,24978.0,24982.74,24959.95,24978.38
1782917100,24977.72,24989.78,24958.53,24983.63
1782917400,24983.83,25001.61,24983.41,24994.6
1782917700,24995.38,24996.05,24975.05,24982.06
1782918000,24981.68,25006.61,24980.64,25005.36
1782918300,25005.17,25005.17,24990.25,25000.31
1782918600,25000.39,25017.21,25000.0,25007.15
1782918900,25006.2,25022.56,25005.31,25018.51
1782919200,25018.61,25027.34,25003.93,25016.84
1782919500,25016.79,25069.69,25016.79,25068.5
1782975600,25025.13,25029.25,24994.64,25024.82
1782975900,25024.99,25043.0,25014.96,25035.6
1782976200,25035.31,25051.51,25027.97,25033.44
1782976500,25032.74,25075.0,25031.63,25074.57
1782976800,25075.16,25102.85,25075.0,25098.12
1782977100,25098.65,25103.94,25080.6,25088.01
1782977400,25088.27,25092.74,25076.5,25084.94
1782977700,25085.52,25111.14,25085.44,25109.13
1782978000,25109.04,25140.86,25108.73,25133.41
1782978300,25133.46,25137.13,25114.77,25119.86
1782978600,25118.69,25125.71,25087.71,25092.63
1782978900,25092.04,25110.94,25089.91,25110.94
1782979200,25112.11,25115.66,25096.78,25105.24
1782979500,25106.86,25123.97,25102.68,25120.77
1782979800,25120.64,25134.05,25111.19,25111.38
1782980100,25113.76,25119.53,25103.94,25106.28
1782980400,25106.18,25119.52,25099.28,25104.27
1782980700,25104.78,25124.54,25102.41,25107.29
1782981000,25107.21,25136.29,25101.94,25133.44
1782981300,25133.75,25159.54,25130.27,25143.15
1782981600,25142.86,25145.68,25130.29,25135.06
1782981900,25132.87,25165.11,25132.65,25165.11
1782982200,25165.68,25166.83,25150.08,25150.81
1782982500,25150.62,25163.72,25147.48,25149.8
1782982800,25149.85,25158.56,25137.14,25156.43
1782983100,25156.52,25157.65,25135.93,25155.6
1782983400,25155.55,25163.56,25150.46,25159.26
1782983700,25159.69,25187.09,25153.38,25182.15
1782984000,25181.85,25195.55,25179.77,25181.82
1782984300,25181.64,25181.64,25166.27,25178.9
1782984600,25178.8,25189.13,25178.8,25183.19
1782984900,25183.5,25186.48,25175.1,25180.08
1782985200,25179.44,25194.09,25173.34,25189.69
1782985500,25188.01,25188.6,25173.16,25174.01
1782985800,25174.07,25199.27,25174.05,25198.0
1782986100,25197.25,25198.65,25176.75,25183.69
1782986400,25183.33,25183.33,25162.43,25177.0
1782986700,25176.72,25179.61,25168.17,25168.86
1782987000,25167.54,25175.62,25165.82,25171.52
1782987300,25171.59,25194.63,25170.96,25193.04
1782987600,25193.22,25198.1,25188.74,25194.22
1782987900,25193.98,25213.44,25192.5,25212.97
1782988200,25214.86,25247.89,25214.86,25238.52
1782988500,25238.25,25253.88,25237.56,25253.88
1782988800,25253.11,25258.14,25247.67,25253.74
1782989100,25253.93,25273.06,25253.93,25262.67
1782989400,25264.33,25273.11,25252.46,25269.94
1782989700,25269.78,25290.0,25268.23,25283.59
1782990000,25283.06,25292.49,25274.71,25275.71
1782990300,25275.68,25279.63,25266.59,25277.92
1782990600,25278.03,25287.35,25274.8,25283.23
1782990900,25283.57,25286.51,25276.56,25284.0
1782991200,25283.89,25286.47,25274.68,25283.84
1782991500,25283.67,25291.04,25279.18,25288.04
1782991800,25287.52,25293.99,25284.6,25285.77
1782992100,25286.05,25292.35,25279.63,25290.42
1782992400,25290.66,25292.46,25281.6,25285.09
1782992700,25284.95,25300.93,25284.95,25299.68
1782993000,25298.64,25311.9,25297.25,25301.19
1782993300,25301.46,25309.37,25301.14,25305.35
1782993600,25304.27,25323.28,25296.68,25320.27
1782993900,25320.39,25335.1,25317.2,25330.89
1782994200,25331.47,25339.69,25326.41,25339.15
1782994500,25339.31,25344.28,25330.04,25334.79
1782994800,25334.6,25355.37,25332.44,25345.91
1782995100,25346.03,25351.41,25319.86,25344.92
1782995400,25344.65,25401.43,25344.65,25390.38
1782995700,25391.18,25425.11,25390.51,25424.56
1782996000,25424.61,25466.9,25423.61,25464.79
1782996300,25465.56,25469.36,25449.06,25454.95
1782996600,25456.53,25466.17,25440.75,25443.07
1782996900,25443.93,25443.93,25420.35,25440.36
1782997200,25441.04,25456.04,25433.98,25454.17
1782997500,25454.01,25454.84,25438.66,25453.28
1782997800,25452.82,25468.22,25443.47,25445.84
1782998100,25445.55,25465.2,25438.1,25461.52
1782998400,25463.31,25490.67,25460.74,25486.82
1782998700,25485.27,25517.02,25480.76,25504.94
1782999000,25504.17,25527.63,25499.79,25522.39
1782999300,25522.68,25557.85,25522.68,25553.27
1782999600,25553.99,25581.62,25546.7,25579.56
1782999900,25578.95,25622.75,25577.65,25621.74
1783000200,25621.96,25655.82,25621.96,25630.05
1783000500,25629.4,25643.76,25623.56,25637.86
1783000800,25637.72,25638.03,25599.79,25600.27
1783001100,25599.86,25620.3,25592.53,25605.44
1783001400,25606.04,25646.49,25599.68,25635.05
1783001700,25635.59,25643.47,25612.94,25621.56
1783002000,25621.51,25622.18,25600.54,25606.63
1783002300,25604.72,25612.71,25588.62,25596.35
1783002600,25595.63,25624.46,25586.5,25602.29
1783002900,25602.9,25625.65,25602.76,25619.22
1783003200,25618.93,25620.25,25584.83,25587.7
1783003500,25588.15,25609.84,25574.66,25580.41
1783003800,25580.98,25602.48,25580.03,25601.22
1783004100,25600.82,25630.32,25600.8,25629.16
1783004400,25631.69,25641.2,25615.47,25615.47
1783004700,25613.96,25615.7,25576.18,25591.67
1783005000,25591.6,25618.7,25586.07,25596.83
1783005300,25596.6,25604.06,25563.76,25564.69
1783005600,25564.55,25581.52,25559.27,25571.17
1783005900,25570.7,25594.91,25545.08,25545.08
1783062000,25763.97,25784.61,25757.54,25780.73
1783062300,25781.44,25809.79,25775.87,25807.94
1783062600,25809.02,25809.02,25784.49,25784.49
1783062900,25784.9,25784.9,25752.91,25761.78
1783063200,25763.41,25779.71,25737.95,25744.58
1783063500,25743.28,25759.7,25740.69,25747.05
1783063800,25746.96,25750.25,25714.78,25714.78
1783064100,25714.69,25729.29,25712.38,25714.4
1783064400,25711.72,25718.5,25697.96,25697.96
1783064700,25697.45,25697.45,25681.01,25685.35
1783065000,25685.63,25712.21,25685.63,25709.76
1783065300,25710.83,25719.48,25688.06,25688.06
1783065600,25687.3,25690.56,25676.8,25683.31
1783065900,25683.6,25694.54,25680.56,25687.1
1783066200,25685.9,25718.84,25685.59,25712.94
1783066500,25713.52,25737.03,25710.1,25730.16
1783066800,25727.4,25733.55,25709.73,25721.0
1783067100,25720.9,25729.35,25713.23,25713.23
1783067400,25712.75,25718.49,25689.02,25692.72
1783067700,25692.96,25708.0,25685.53,25690.67
1783068000,25691.19,25694.09,25676.75,25678.02
1783068300,25678.71,25683.32,25656.65,25657.23
1783068600,25656.67,25659.09,25640.99,25642.69
1783068900,25642.99,25643.21,25629.13,25629.25
1783069200,25629.53,25630.41,25612.43,25612.98
1783069500,25611.92,25627.66,25611.69,25618.31
1783069800,25617.83,25631.39,25617.51,25627.88
1783070100,25627.97,25645.36,25627.8,25643.06
1783070400,25643.15,25658.2,25640.26,25640.26
1783070700,25640.53,25648.27,25629.22,25631.57
1783071000,25631.14,25641.69,25627.92,25630.33
1783071300,25630.91,25634.97,25623.01,25630.97
1783071600,25630.58,25653.18,25628.95,25652.33
1783071900,25652.36,25666.78,25648.99,25664.17
1783072200,25668.55,25671.9,25642.15,25644.3
1783072500,25647.36,25660.43,25641.64,25653.72
1783072800,25658.01,25658.01,25640.65,25650.97
1783073100,25650.96,25657.94,25648.89,25657.94
1783073400,25658.13,25678.63,25656.61,25669.93
1783073700,25669.74,25673.65,25660.59,25666.16
1783074000,25665.4,25670.08,25663.23,25668.4
1783074300,25668.81,25682.37,25667.43,25679.76
1783074600,25679.59,25689.5,25679.59,25688.33
1783074900,25688.09,25704.73,25687.7,25704.05
1783075200,25703.77,25704.36,25688.7,25694.98
1783075500,25694.57,25706.39,25694.57,25702.28
1783075800,25702.58,25702.58,25689.56,25691.1
1783076100,25691.14,25702.01,25688.17,25700.1
1783076400,25698.49,25699.91,25689.5,25692.62
1783076700,25692.54,25692.89,25674.89,25678.23
1783077000,25678.37,25687.47,25676.82,25676.82
1783077300,25677.34,25683.58,25674.69,25679.8
1783077600,25680.15,25683.18,25673.89,25673.89
1783077900,25672.21,25672.41,25657.69,25659.07
1783078200,25659.63,25672.66,25657.53,25670.53
1783078500,25670.25,25673.01,25665.34,25665.34
1783078800,25665.4,25679.77,25661.9,25679.3
1783079100,25678.59,25695.65,25678.01,25695.65
1783079400,25695.09,25701.56,25691.55,25699.35
1783079700,25699.54,25712.03,25699.54,25708.95
1783080000,25709.99,25719.73,25709.69,25714.46
1783080300,25712.38,25724.0,25712.38,25714.37
1783080600,25714.5,25719.19,25710.88,25715.27
1783080900,25715.62,25715.62,25707.28,25707.28
1783081200,25707.91,25707.91,25700.33,25702.49
1783081500,25702.11,25706.07,25701.31,25705.51
1783081800,25705.27,25722.63,25705.27,25719.39
1783082100,25719.11,25731.12,25715.18,25731.12
1783082400,25731.44,25737.56,25725.44,25730.65
1783082700,25730.6,25746.21,25730.6,25742.16
1783083000,25742.64,25743.64,25723.9,25727.77
1783083300,25727.81,25746.4,25727.81,25744.34
1783083600,25745.07,25771.44,25743.72,25761.99
1783083900,25761.42,25761.66,25751.73,25751.73
1783084200,25751.7,25757.4,25741.47,25754.52
1783084500,25754.32,25763.82,25753.46,25762.01
1783084800,25761.06,25768.37,25754.84,25758.29
1783085100,25758.42,25758.61,25744.58,25746.01
1783085400,25745.91,25748.96,25738.25,25743.38
1783085700,25742.57,25754.3,25732.13,25733.61
1783086000,25733.7,25749.71,25725.88,25748.96
1783086300,25748.37,25766.62,25748.37,25752.93
1783086600,25752.79,25763.29,25743.64,25758.07
1783086900,25757.73,25778.99,25756.98,25769.01
1783087200,25769.2,25783.93,25768.91,25780.48
1783087500,25786.11,25787.62,25775.82,25780.33
1783087800,25780.26,25781.69,25772.25,25774.91
1783088100,25774.88,25783.36,25759.33,25761.38
1783088400,25760.63,25762.62,25753.52,25754.69
1783088700,25754.06,25756.64,25737.82,25748.74
1783089000,25748.54,25761.11,25743.73,25748.84
1783089300,25749.04,25774.48,25748.08,25773.76
1783089600,25774.24,25789.05,25771.72,25775.41
1783089900,25774.84,25791.68,25771.4,25787.01
1783090200,25787.17,25802.44,25787.06,25801.26
1783090500,25801.48,25817.05,25800.13,25805.65
1783090800,25805.78,25809.32,25793.83,25793.83
1783091100,25794.07,25803.08,25791.15,25796.81
1783091400,25796.24,25814.72,25794.2,25812.83
1783091700,25813.07,25826.78,25812.61,25814.27
1783092000,25814.0,25818.92,25790.88,25791.94
1783092300,25791.91,25802.3,25789.75,25797.18
1783321200,25811.9,25813.06,25758.03,25776.99
1783321500,25776.23,25796.98,25776.23,25787.58
1783321800,25787.2,25799.44,25774.45,25794.86
1783322100,25795.82,25812.89,25791.87,25802.69
1783322400,25802.64,25814.64,25794.03,25812.71
1783322700,25812.9,25829.68,25809.85,25820.84
1783323000,25820.36,25841.14,25813.17,25837.79
1783323300,25837.93,25846.16,25834.17,25834.98
1783323600,25834.65,25855.92,25834.65,25852.69
1783323900,25852.23,25875.84,25851.99,25874.11
1783324200,25874.06,25888.5,25873.75,25879.6
1783324500,25879.41,25900.1,25868.81,25887.8
1783324800,25888.11,25893.69,25884.22,25884.22
1783325100,25884.34,25894.43,25877.75,25879.66
1783325400,25878.58,25878.96,25847.85,25848.23
1783325700,25848.3,25857.53,25837.38,25857.53
1783326000,25858.05,25865.11,25857.92,25863.42
1783326300,25862.99,25876.29,25860.47,25871.26
1783326600,25871.72,25873.3,25849.33,25849.33
1783326900,25849.38,25854.16,25827.57,25831.23
1783327200,25831.52,25839.08,25825.08,25834.78
1783327500,25833.84,25834.18,25825.77,25831.32
1783327800,25831.62,25838.7,25827.98,25833.42
1783328100,25832.32,25834.71,25827.2,25832.15
1783328400,25832.11,25832.11,25797.54,25801.81
1783328700,25801.76,25810.16,25800.25,25808.4
1783329000,25808.78,25823.27,25808.43,25811.87
1783329300,25811.68,25823.62,25811.68,25821.54
1783329600,25821.4,25841.63,25818.51,25841.02
1783329900,25842.13,25857.29,25841.87,25855.07
1783330200,25854.32,25854.85,25837.38,25838.9
1783330500,25839.51,25852.88,25839.51,25850.8
1783330800,25850.75,25859.49,25849.91,25852.45
1783331100,25853.64,25853.64,25833.12,25839.16
1783331400,25838.97,25855.33,25837.01,25851.43
1783331700,25851.23,25851.82,25840.97,25846.79
1783332000,25846.05,25850.5,25831.71,25831.85
1783332300,25832.32,25832.52,25826.77,25832.12
1783332600,25831.45,25841.73,25830.75,25838.61
1783332900,25838.48,25838.48,25825.77,25831.54
1783333200,25831.41,25840.87,25828.52,25828.52
1783333500,25828.29,25831.7,25822.37,25824.55
1783333800,25824.61,25827.8,25819.85,25821.54
1783334100,25821.06,25821.06,25808.01,25811.21
1783334400,25811.07,25811.33,25793.58,25793.83
1783334700,25793.88,25796.66,25790.03,25795.76
1783335000,25795.61,25800.5,25793.32,25796.24
1783335300,25796.3,25806.61,25792.69,25792.83
1783335600,25792.73,25792.73,25781.77,25786.71
1783335900,25786.46,25788.71,25779.27,25780.35
1783336200,25780.48,25781.57,25774.55,25777.63
1783336500,25777.87,25780.01,25764.99,25765.92
1783336800,25765.18,25769.59,25756.2,25766.56
1783337100,25765.99,25770.17,25761.23,25769.08
1783337400,25767.14,25773.7,25756.17,25773.7
1783337700,25773.79,25780.7,25771.76,25776.68
1783338000,25775.69,25791.89,25775.55,25791.89
1783338300,25792.18,25797.37,25787.83,25788.6
1783338600,25788.29,25788.91,25763.7,25768.21
1783338900,25768.15,25772.86,25758.16,25764.54
1783339200,25764.0,25772.88,25751.56,25765.19
1783339500,25765.6,25767.53,25752.81,25766.23
1783339800,25767.98,25772.39,25762.59,25768.15
1783340100,25768.39,25779.5,25768.39,25779.0
1783340400,25779.1,25780.07,25761.88,25763.28
1783340700,25762.96,25763.35,25747.28,25747.28
1783341000,25747.04,25754.43,25741.64,25744.76
1783341300,25744.73,25755.11,25739.11,25755.11
1783341600,25754.72,25756.95,25746.32,25753.77
1783341900,25754.95,25762.17,25754.95,25758.71
1783342200,25758.85,25760.26,25742.93,25749.91
1783342500,25750.62,25752.52,25741.18,25744.26
1783342800,25744.4,25744.4,25723.64,25724.74
1783343100,25725.77,25734.81,25714.79,25715.9
1783343400,25711.98,25720.44,25707.59,25707.72
1783343700,25706.65,25712.8,25698.56,25705.1
1783344000,25705.5,25721.09,25704.81,25720.31
1783344300,25721.04,25727.39,25714.4,25727.22
1783344600,25725.87,25740.05,25723.51,25736.15
1783344900,25737.12,25745.33,25720.87,25729.56
1783345200,25729.45,25749.75,25721.13,25747.88
1783345500,25748.29,25754.97,25732.42,25749.96
1783345800,25749.97,25761.99,25736.66,25754.87
1783346100,25754.31,25772.64,25736.68,25769.62
1783346400,25770.71,25777.29,25761.85,25765.6
1783346700,25765.41,25782.74,25760.74,25781.06
1783347000,25780.94,25790.7,25759.37,25781.87
1783347300,25781.76,25788.17,25767.88,25774.44
1783347600,25774.94,25791.12,25774.14,25783.18
1783347900,25784.35,25798.08,25783.74,25794.1
1783348200,25794.75,25795.72,25776.77,25781.82
1783348500,25781.9,25794.51,25779.49,25783.6
1783348800,25784.08,25801.5,25782.11,25800.41
1783349100,25801.18,25801.18,25791.56,25793.49
1783349400,25793.36,25811.24,25793.12,25802.8
1783349700,25802.73,25809.11,25790.54,25807.47
1783350000,25809.49,25815.45,25797.39,25800.86
1783350300,25801.09,25807.19,25796.46,25805.06
1783350600,25804.87,25807.39,25781.48,25790.05
1783350900,25789.86,25797.12,25786.86,25790.75
1783351200,25791.39,25807.4,25791.05,25805.34
1783351500,25805.31,25832.87,25802.91,25832.39
1783407600,25770.45,25796.94,25758.87,25778.45
1783407900,25776.09,25786.02,25758.28,25769.41
1783408200,25770.54,25795.1,25765.57,25767.61
1783408500,25766.89,25788.01,25759.55,25768.52
1783408800,25767.99,25790.73,25758.69,25777.12
1783409100,25777.54,25806.82,25777.35,25804.32
1783409400,25799.98,25811.97,25786.97,25801.5
1783409700,25801.35,25804.54,25778.67,25789.53
1783410000,25789.22,25789.3,25770.42,25774.62
1783410300,25773.67,25777.32,25763.92,25765.8
1783410600,25765.53,25769.22,25752.46,25768.24
1783410900,25769.98,25786.45,25766.94,25783.84
1783411200,25783.46,25787.46,25765.88,25773.11
1783411500,25772.7,25781.58,25764.3,25766.94
1783411800,25765.88,25792.52,25762.02,25788.87
1783412100,25789.01,25801.89,25789.01,25792.22
1783412400,25792.48,25799.24,25790.44,25797.17
1783412700,25796.93,25798.16,25763.77,25769.85
1783413000,25770.09,25771.18,25758.56,25765.33
1783413300,25765.19,25765.88,25738.47,25743.71
1783413600,25743.81,25751.82,25739.48,25743.27
1783413900,25743.65,25747.67,25735.64,25735.64
1783414200,25735.35,25742.02,25728.92,25731.47
1783414500,25732.03,25732.03,25713.33,25713.33
1783414800,25713.7,25714.97,25699.49,25713.86
1783415100,25714.1,25728.66,25714.1,25718.41
1783415400,25718.33,25718.33,25698.6,25700.08
1783415700,25699.12,25730.52,25699.12,25727.55
1783416000,25727.86,25730.51,25721.17,25721.61
1783416300,25721.58,25727.67,25714.26,25714.41
1783416600,25715.29,25719.39,25698.59,25698.59
1783416900,25697.75,25697.75,25687.11,25694.02
1783417200,25694.21,25708.42,25692.5,25703.29
1783417500,25703.76,25703.83,25688.05,25697.18
1783417800,25696.71,25705.3,25690.08,25698.65
1783418100,25698.27,25699.75,25686.68,25695.06
1783418400,25694.59,25705.95,25692.69,25703.89
1783418700,25704.2,25711.51,25693.18,25693.18
1783419000,25693.14,25697.89,25675.56,25679.03
1783419300,25678.84,25709.37,25676.28,25702.91
1783419600,25702.76,25706.69,25686.73,25686.79
1783419900,25686.65,25686.65,25669.42,25670.36
1783420200,25669.06,25676.61,25664.45,25668.54
1783420500,25668.93,25671.69,25656.86,25667.18
1783420800,25667.17,25674.19,25666.25,25668.77
1783421100,25668.91,25670.04,25650.92,25656.51
1783421400,25656.27,25665.87,25654.22,25655.7
1783421700,25656.22,25671.72,25652.06,25667.09
1783422000,25666.74,25668.37,25655.95,25662.77
1783422300,25663.05,25673.34,25660.1,25664.26
1783422600,25666.55,25671.61,25658.2,25658.37
1783422900,25658.65,25673.74,25653.87,25672.34
1783423200,25672.73,25676.25,25663.45,25663.45
1783423500,25663.17,25664.13,25645.79,25651.46
1783423800,25651.22,25654.56,25643.26,25643.59
1783424100,25643.54,25654.17,25641.08,25645.27
1783424400,25644.42,25651.52,25638.79,25648.8
1783424700,25648.97,25650.72,25631.67,25632.91
1783425000,25632.53,25638.98,25621.38,25634.62
1783425300,25634.8,25651.53,25632.43,25642.83
1783425600,25643.24,25654.41,25638.05,25641.63
1783425900,25641.59,25657.21,25637.89,25642.7
1783426200,25642.94,25655.75,25642.94,25644.35
1783426500,25644.45,25673.26,25641.5,25668.7
1783426800,25668.46,25677.49,25658.06,25676.36
1783427100,25677.17,25691.49,25677.17,25681.18
1783427400,25680.7,25682.69,25668.78,25679.4
1783427700,25680.21,25704.67,25677.71,25696.34
1783428000,25694.46,25695.59,25675.19,25681.45
1783428300,25681.26,25683.7,25654.98,25654.98
1783428600,25654.44,25656.48,25636.49,25639.24
1783428900,25638.47,25658.93,25638.47,25657.3
1783429200,25656.06,25659.23,25647.52,25647.52
1783429500,25647.48,25654.42,25640.93,25645.31
1783429800,25645.7,25676.04,25642.16,25668.1
1783430100,25667.35,25667.64,25653.63,25655.77
1783430400,25655.69,25668.43,25652.79,25660.93
1783430700,25661.15,25671.99,25644.87,25647.15
1783431000,25645.97,25658.51,25629.99,25631.61
1783431300,25629.48,25633.53,25613.55,25621.83
1783431600,25620.72,25642.78,25612.34,25637.79
1783431900,25637.08,25638.59,25593.36,25594.08
1783432200,25594.38,25598.97,25568.21,25577.91
1783432500,25576.52,25576.94,25542.07,25556.64
1783432800,25555.93,25556.09,25517.41,25524.37
1783433100,25524.25,25545.33,25516.28,25529.41
1783433400,25529.57,25529.57,25496.01,25497.35
1783433700,25495.93,25527.27,25486.87,25526.48
1783434000,25526.19,25534.75,25496.73,25508.6
1783434300,25508.47,25528.64,25498.79,25526.33
1783434600,25526.79,25534.81,25502.0,25502.0
1783434900,25502.44,25505.01,25487.09,25501.35
1783435200,25501.59,25514.38,25485.18,25494.98
1783435500,25495.91,25506.59,25486.95,25498.23
1783435800,25497.97,25507.02,25487.92,25492.44
1783436100,25493.32,25520.72,25493.21,25518.29
1783436400,25518.82,25518.82,25493.62,25494.6
1783436700,25496.21,25506.62,25483.06,25502.0
1783437000,25503.19,25513.75,25497.15,25500.35
1783437300,25500.25,25502.91,25487.69,25488.03
1783437600,25487.85,25495.24,25481.8,25484.35
1783437900,25483.58,25492.01,25475.49,25492.01
1783494000,25274.94,25280.16,25231.14,25243.0
1783494300,25242.67,25244.4,25186.24,25193.3
1783494600,25193.62,25224.47,25183.63,25216.41
1783494900,25216.19,25230.45,25158.12,25160.72
1783495200,25160.73,25189.42,25154.24,25179.57
1783495500,25179.81,25199.51,25166.13,25199.51
1783495800,25199.97,25232.95,25199.97,25212.29
1783496100,25214.49,25216.26,25189.76,25190.39
1783496400,25189.43,25210.49,25188.34,25210.3
1783496700,25210.49,25227.34,25206.4,25223.03
1783497000,25222.66,25224.27,25191.06,25199.94
1783497300,25199.4,25204.11,25189.92,25197.4
1783497600,25200.59,25202.88,25175.8,25177.14
1783497900,25177.37,25189.73,25165.87,25183.03
1783498200,25182.31,25196.92,25159.23,25168.53
1783498500,25168.69,25176.66,25016.71,25068.36
1783498800,25068.22,25084.37,25019.43,25022.48
1783499100,25022.73,25024.21,24976.64,24980.25
1783499400,24979.99,24982.08,24950.21,24957.68
1783499700,24958.05,24960.9,24924.17,24925.45
1783500000,24924.76,24931.59,24902.61,24913.7
1783500300,24912.8,24929.95,24895.17,24902.56
1783500600,24902.99,24918.18,24887.2,24893.34
1783500900,24893.31,24921.73,24893.16,24903.43
1783501200,24904.32,24904.48,24884.27,24903.57
1783501500,24903.74,24903.74,24856.67,24865.34
1783501800,24865.71,24875.99,24837.06,24837.21
1783502100,24834.29,24855.13,24830.17,24840.29
1783502400,24842.36,24871.86,24841.2,24851.13
1783502700,24850.9,24876.34,24842.48,24870.62
1783503000,24870.1,24898.21,24847.1,24896.73
1783503300,24896.84,24917.46,24879.55,24891.89
1783503600,24891.76,24892.19,24850.71,24873.24
1783503900,24876.84,24887.04,24864.98,24880.82
1783504200,24879.66,24894.38,24869.16,24881.15
1783504500,24880.61,24880.61,24854.61,24859.3
1783504800,24860.48,24865.16,24839.02,24847.76
1783505100,24848.78,24867.45,24840.74,24867.02
1783505400,24866.82,24871.91,24844.7,24859.67
1783505700,24860.29,24877.98,24857.52,24876.77
1783506000,24878.29,24896.17,24878.29,24881.41
1783506300,24881.23,24888.93,24869.05,24884.17
1783506600,24884.0,24921.02,24878.05,24921.02
1783506900,24922.88,24959.21,24922.88,24955.51
1783507200,24955.93,24959.37,24942.67,24948.53
1783507500,24948.93,24956.28,24925.14,24926.91
1783507800,24926.4,24941.01,24923.22,24940.1
1783508100,24940.29,24948.79,24936.4,24941.15
1783508400,24941.34,24941.34,24922.32,24928.94
1783508700,24928.88,24952.68,24927.43,24932.4
1783509000,24932.94,24943.98,24932.72,24940.06
1783509300,24939.69,24939.83,24920.51,24935.1
1783509600,24934.93,24934.93,24903.94,24907.02
1783509900,24907.74,24930.24,24906.76,24930.24
1783510200,24929.52,24942.26,24914.47,24942.26
1783510500,24942.37,24957.52,24926.08,24929.31
1783510800,24929.37,25077.2,24929.37,25007.17
1783511100,25007.94,25021.84,25000.89,25001.1
1783511400,25002.15,25003.97,24985.82,24999.92
1783511700,24999.89,25010.35,24992.72,24994.89
1783512000,24995.0,24995.92,24963.11,24972.63
1783512300,24972.82,25018.13,24972.6,25013.44
1783512600,25013.3,25036.16,25012.95,25023.91
1783512900,25024.15,25037.03,25017.03,25034.46
1783513200,25034.09,25034.09,25006.41,25006.41
1783513500,25005.31,25023.84,24996.0,25023.11
1783513800,25021.17,25032.26,25018.09,25024.57
1783514100,25024.66,25050.73,25024.66,25046.66
1783514400,25045.54,25045.54,25028.5,25041.69
1783514700,25041.79,25048.31,25037.66,25042.35
1783515000,25041.81,25050.91,25037.19,25045.89
1783515300,25045.28,25062.05,24997.57,24997.57
1783515600,24997.02,25033.65,24995.5,25033.64
1783515900,25034.74,25034.74,25008.34,25026.95
1783516200,25027.49,25058.62,25019.99,25055.44
1783516500,25056.19,25057.48,25027.99,25029.17
1783516800,25028.69,25028.76,25014.71,25017.43
1783517100,25017.24,25017.24,24968.38,24971.59
1783517400,24974.1,25017.09,24974.1,25007.9
1783517700,25008.95,25030.38,24988.98,25029.78
1783518000,25029.22,25065.71,25027.66,25059.77
1783518300,25059.08,25085.34,25044.39,25047.19
1783518600,25045.93,25061.12,25030.58,25030.58
1783518900,25030.28,25048.27,25018.2,25036.79
1783519200,25037.07,25037.9,25017.62,25032.41
1783519500,25031.84,25056.08,25017.58,25034.29
1783519800,25033.06,25035.58,25005.68,25011.8
1783520100,25010.91,25010.91,24980.01,24994.43
1783520400,24994.24,25030.96,24991.45,25024.81
1783520700,25024.87,25034.2,24980.33,24989.94
1783521000,24989.47,24995.38,24959.94,24972.3
1783521300,24972.58,24975.7,24949.66,24964.22
1783521600,24964.57,24970.74,24953.54,24965.37
1783521900,24965.02,24965.51,24937.51,24937.81
1783522200,24937.95,24962.78,24935.35,24951.83
1783522500,24948.89,24960.04,24937.81,24942.48
1783522800,24942.97,24947.98,24923.44,24936.95
1783523100,24935.84,24946.22,24917.05,24918.71
1783523400,24918.85,24918.85,24884.7,24890.29
1783523700,24888.45,24896.46,24869.09,24881.38
1783524000,24879.83,24890.89,24860.2,24868.08
1783524300,24867.24,24878.96,24854.7,24864.89
1783580400,25097.48,25103.78,25069.92,25069.92
1783580700,25069.63,25070.78,25045.01,25048.02
1783581000,25047.98,25063.11,25033.68,25047.72
1783581300,25048.0,25050.43,25011.43,25012.56
1783581600,25013.46,25018.33,24995.29,25014.15
1783581900,25013.85,25027.1,25007.49,25011.22
1783582200,25010.64,25042.63,25008.38,25034.51
1783582500,25033.73,25037.35,25021.94,25030.01
1783582800,25030.23,25062.61,25021.44,25062.61
1783583100,25062.89,25070.66,25052.71,25053.69
1783583400,25053.28,25055.68,25032.53,25032.53
1783583700,25032.37,25032.37,25010.61,25031.68
1783584000,25031.36,25032.08,25013.61,25021.08
1783584300,25021.16,25021.74,25004.88,25012.39
1783584600,25012.64,25036.56,25012.64,25021.88
1783584900,25021.67,25022.02,24987.19,24988.89
1783585200,24989.38,24990.0,24971.91,24971.91
1783585500,24971.95,24974.97,24957.58,24967.39
1783585800,24967.67,24970.81,24937.33,24938.9
1783586100,24939.18,24949.02,24924.71,24931.89
1783586400,24932.42,24945.33,24923.38,24941.41
1783586700,24942.0,24957.0,24918.79,24924.88
1783587000,24925.21,24950.33,24920.86,24946.45
1783587300,24946.59,24952.46,24926.8,24937.03
1783587600,24936.79,24944.38,24920.35,24938.57
1783587900,24938.19,24946.76,24936.28,24937.82
1783588200,24938.39,24954.5,24938.27,24950.93
1783588500,24951.12,24960.2,24945.06,24953.84
1783588800,24953.7,24966.18,24946.87,24953.45
1783589100,24954.6,24956.58,24944.92,24948.37
1783589400,24949.23,24950.08,24916.66,24917.92
1783589700,24919.72,24935.83,24908.67,24934.36
1783590000,24934.6,24935.2,24901.93,24923.72
1783590300,24924.04,24938.28,24922.74,24923.56
1783590600,24924.8,24955.37,24924.8,24947.44
1783590900,24948.0,24959.8,24944.63,24951.99
1783591200,24950.65,24958.25,24942.66,24954.2
1783591500,24954.14,24956.96,24946.87,24951.43
1783591800,24950.95,24962.44,24945.4,24952.61
1783592100,24952.21,24964.95,24950.09,24960.77
1783592400,24960.86,24974.98,24959.06,24963.53
1783592700,24963.38,24963.38,24945.96,24948.67
1783593000,24949.02,24949.08,24927.45,24933.49
1783593300,24934.38,24943.34,24932.93,24938.66
1783593600,24938.95,24940.01,24914.57,24921.77
1783593900,24921.8,24922.78,24895.84,24901.26
1783594200,24899.62,24899.62,24867.32,24878.59
1783594500,24879.17,24911.94,24872.63,24911.94
1783594800,24911.83,24926.34,24909.16,24921.98
1783595100,24921.91,24924.46,24906.67,24921.45
1783595400,24923.65,24949.8,24923.65,24948.7
1783595700,24948.65,24948.8,24923.99,24923.99
1783596000,24924.03,24936.68,24910.81,24913.28
1783596300,24913.13,24925.26,24910.35,24917.78
1783596600,24918.26,24928.9,24910.45,24925.94
1783596900,24925.8,24949.38,24919.21,24948.6
1783597200,24948.25,24953.9,24936.17,24945.94
1783597500,24946.13,24959.21,24935.6,24953.98
1783597800,24954.3,24970.29,24952.34,24955.83
1783598100,24955.8,24960.09,24946.98,24952.28
1783598400,24952.22,24959.34,24944.94,24948.59
1783598700,24949.62,24970.5,24940.26,24967.05
1783599000,24966.67,24971.4,24960.74,24967.13
1783599300,24967.42,24970.94,24955.4,24961.07
1783599600,24960.83,24964.48,24945.16,24964.15
1783599900,24964.55,24972.85,24964.2,24972.58
1783600200,24972.28,24987.5,24971.17,24981.89
1783600500,24983.77,25009.93,24983.77,25009.93
1783600800,25010.59,25016.39,24989.74,24993.41
1783601100,24993.22,24993.22,24976.84,24989.39
1783601400,24989.32,25006.55,24989.32,25005.56
1783601700,25005.59,25006.71,24987.72,25004.42
1783602000,25003.97,25037.84,25002.41,25033.15
1783602300,25033.34,25049.09,25029.06,25048.5
1783602600,25047.94,25047.99,25035.09,25042.05
1783602900,25042.29,25050.11,25029.84,25040.54
1783603200,25040.62,25040.62,25023.94,25027.17
1783603500,25029.06,25033.87,25017.9,25030.01
1783603800,25029.88,25031.6,24994.21,25023.24
1783604100,25023.17,25039.62,25005.47,25005.89
1783604400,25004.79,25020.48,24981.85,25019.01
1783604700,25018.96,25036.31,25018.96,25036.15
1783605000,25036.96,25065.61,25027.34,25063.53
1783605300,25063.58,25066.27,25041.62,25047.13
1783605600,25048.74,25064.13,25042.68,25045.04
1783605900,25044.13,25052.93,25035.98,25036.6
1783606200,25036.9,25050.09,25021.42,25041.95
1783606500,25040.82,25040.82,25015.75,25026.06
1783606800,25026.42,25032.14,25004.95,25028.6
1783607100,25029.33,25052.75,25027.09,25048.13
1783607400,25048.07,25080.55,25048.07,25073.45
1783607700,25073.32,25078.05,25055.82,25065.06
1783608000,25065.92,25071.03,25048.55,25056.31
1783608300,25056.25,25072.01,25046.41,25049.27
1783608600,25049.41,25064.17,25040.55,25064.17
1783608900,25063.65,25096.96,25063.6,25096.96
1783609200,25097.79,25107.46,25096.32,25100.43
1783609500,25101.8,25117.54,25101.34,25117.42
1783609800,25117.48,25126.81,25116.32,25126.05
1783610100,25120.61,25127.76,25107.77,25108.6
1783610400,25108.38,25114.34,25099.35,25103.23
1783610700,25102.4,25117.38,25093.85,25107.87
1783666800,25081.19,25086.86,25071.61,25084.73
1783667100,25084.63,25136.58,25084.63,25136.58
1783667400,25136.43,25138.4,25115.98,25130.5
1783667700,25130.22,25154.01,25118.12,25152.94
1783668000,25153.87,25169.01,25150.18,25165.58
1783668300,25166.12,25166.98,25150.56,25161.01
1783668600,25163.4,25195.83,25163.4,25181.79
1783668900,25181.53,25194.97,25171.73,25194.16
1783669200,25194.46,25195.02,25153.77,25153.77
1783669500,25154.15,25154.17,25103.97,25112.9
1783669800,25112.14,25116.01,25094.83,25102.17
1783670100,25102.88,25124.57,25098.29,25124.14
1783670400,25123.58,25152.85,25120.69,25128.95
1783670700,25128.81,25160.36,25121.17,25158.62
1783671000,25158.38,25166.08,25151.87,25156.34
1783671300,25157.46,25160.43,25133.29,25145.75
1783671600,25146.01,25146.06,25095.37,25109.75
1783671900,25109.54,25115.09,25098.27,25106.94
1783672200,25106.67,25108.06,25087.66,25108.06
1783672500,25107.54,25114.51,25096.72,25104.68
1783672800,25104.73,25111.81,25099.02,25108.05
1783673100,25107.59,25107.84,25079.97,25083.96
1783673400,25084.34,25089.29,25067.98,25075.88
1783673700,25076.22,25085.96,25072.12,25085.47
1783674000,25085.42,25094.5,25063.67,25079.74
1783674300,25080.07,25082.45,25057.83,25067.61
1783674600,25067.78,25097.61,25064.65,25093.84
1783674900,25094.38,25124.67,25094.22,25121.83
1783675200,25122.75,25123.24,25103.42,25104.73
1783675500,25104.48,25108.36,25087.7,25095.23
1783675800,25095.1,25095.2,25080.33,25084.43
1783676100,25084.73,25085.54,25068.9,25074.11
1783676400,25073.92,25080.99,25069.53,25080.76
1783676700,25080.93,25100.4,25080.16,25095.44
1783677000,25100.97,25123.72,25099.63,25109.93
1783677300,25114.0,25114.0,25081.3,25085.68
1783677600,25087.56,25106.17,25083.55,25104.76
1783677900,25104.96,25114.61,25104.39,25111.09
1783678200,25111.23,25124.28,25111.23,25119.99
1783678500,25118.86,25125.19,25117.36,25124.74
1783678800,25125.55,25127.99,25110.23,25125.83
1783679100,25125.85,25134.01,25122.48,25131.1
1783679400,25131.34,25151.44,25129.18,25150.66
1783679700,25150.08,25159.18,25150.08,25151.39
1783680000,25151.22,25153.09,25132.36,25140.09
1783680300,25139.55,25142.98,25133.4,25139.07
1783680600,25138.77,25139.48,25119.81,25123.88
1783680900,25123.74,25139.46,25123.55,25139.26
1783681200,25138.6,25144.68,25127.25,25131.77
1783681500,25132.32,25141.37,25131.1,25134.72
1783681800,25134.98,25144.05,25129.49,25141.03
1783682100,25141.31,25152.04,25141.31,25148.11
1783682400,25148.4,25152.96,25138.55,25141.32
1783682700,25141.86,25141.86,25124.13,25128.68
1783683000,25128.29,25128.29,25095.79,25103.31
1783683300,25102.75,25103.85,25098.34,25103.47
1783683600,25104.05,25114.07,25101.5,25111.28
1783683900,25112.13,25122.77,25111.76,25116.17
1783684200,25116.14,25120.06,25104.39,25105.17
1783684500,25104.63,25106.78,25094.08,25104.25
1783684800,25105.59,25108.18,25085.36,25085.62
1783685100,25085.11,25090.9,25073.25,25086.33
1783685400,25086.48,25183.04,25086.19,25152.73
1783685700,25152.21,25153.76,25121.5,25121.59
1783686000,25121.27,25124.58,25110.85,25124.58
1783686300,25124.87,25136.04,25121.02,25121.35
1783686600,25120.69,25122.15,25101.92,25106.63
1783686900,25107.11,25116.76,25097.82,25116.66
1783687200,25116.75,25121.33,25110.92,25114.13
1783687500,25114.36,25127.49,25114.25,25123.75
1783687800,25123.47,25128.86,25121.03,25127.51
1783688100,25127.37,25129.4,25121.32,25128.67
1783688400,25128.05,25138.12,25120.71,25125.66
1783688700,25125.77,25135.93,25125.77,25130.53
1783689000,25130.4,25142.26,25127.92,25141.86
1783689300,25142.72,25153.39,25141.2,25147.24
1783689600,25147.31,25151.38,25145.23,25145.97
1783689900,25145.15,25146.2,25134.89,25139.0
1783690200,25141.02,25160.09,25119.86,25122.65
1783690500,25122.78,25127.0,25105.28,25109.42
1783690800,25109.46,25110.55,25097.25,25099.27
1783691100,25098.56,25119.66,25097.93,25118.66
1783691400,25116.85,25124.84,25105.45,25116.68
1783691700,25117.23,25117.23,25096.71,25096.71
1783692000,25096.22,25120.42,25092.82,25112.4
1783692300,25112.85,25123.48,25101.19,25122.86
1783692600,25123.01,25123.21,25100.73,25110.29
1783692900,25109.69,25128.04,25103.22,25120.29
1783693200,25120.17,25126.07,25096.53,25098.19
1783693500,25098.01,25110.17,25093.85,25093.85
1783693800,25093.8,25104.09,24937.52,25047.7
1783694100,25048.17,25075.68,25045.03,25060.37
1783694400,25061.47,25068.19,25053.55,25064.82
1783694700,25064.35,25069.0,25054.04,25066.62
1783695000,25067.57,25069.67,25055.31,25064.62
1783695300,25064.58,25067.52,25036.34,25042.38
1783695600,25043.2,25045.98,25016.23,25020.57
1783695900,25019.89,25027.82,25012.37,25021.73
1783696200,25021.12,25035.37,25014.84,25032.29
1783696500,25032.31,25068.79,25032.31,25059.37
1783696800,25060.15,25072.16,25050.96,25064.66
1783697100,25064.84,25084.31,25064.19,25083.53
1783926000,24963.8,25013.61,24963.8,25012.62
1783926300,25012.73,25031.61,25005.06,25023.47
1783926600,25023.8,25046.97,25022.43,25044.44
1783926900,25045.03,25052.02,25012.04,25012.04
1783927200,25012.08,25043.09,25012.08,25043.09
1783927500,25043.65,25058.63,25037.95,25048.58
1783927800,25048.2,25053.53,25015.46,25032.4
1783928100,25032.46,25047.03,25028.51,25039.8
1783928400,25041.05,25057.74,25032.4,25041.03
1783928700,25041.63,25047.65,25036.93,25036.93
1783929000,25037.17,25061.88,25030.2,25061.88
1783929300,25062.08,25067.46,25053.05,25067.46
1783929600,25069.28,25078.64,25049.94,25055.46
1783929900,25055.52,25078.48,25055.34,25066.28
1783930200,25068.27,25088.53,25067.82,25082.23
1783930500,25082.37,25098.33,25082.37,25098.19
1783930800,25097.74,25097.86,25086.93,25092.4
1783931100,25092.5,25102.99,25091.73,25093.01
1783931400,25092.15,25098.95,25086.07,25094.05
1783931700,25094.43,25105.99,25094.31,25098.71
1783932000,25098.1,25100.19,25088.73,25091.59
1783932300,25091.02,25097.01,25086.1,25094.77
1783932600,25094.32,25114.05,25094.22,25113.91
1783932900,25113.72,25114.03,25103.72,25111.78
1783933200,25113.75,25119.91,25109.46,25111.86
1783933500,25111.98,25113.73,25095.35,25100.14
1783933800,25100.25,25100.25,25093.21,25096.95
1783934100,25096.89,25106.32,25092.1,25106.32
1783934400,25106.19,25118.04,25101.5,25117.85
1783934700,25117.79,25143.54,25117.27,25142.84
1783935000,25141.8,25144.01,25134.58,25140.4
1783935300,25140.58,25152.05,25138.98,25152.05
1783935600,25153.79,25154.58,25137.66,25141.44
1783935900,25141.58,25151.38,25141.58,25149.52
1783936200,25150.64,25150.64,25136.85,25142.55
1783936500,25142.73,25149.57,25139.72,25146.58
1783936800,25146.52,25150.71,25127.63,25131.58
1783937100,25131.64,25131.83,25113.43,25114.27
1783937400,25113.73,25120.61,25113.73,25118.63
1783937700,25118.58,25119.6,25106.62,25108.45
1783938000,25108.26,25108.26,25086.95,25086.95
1783938300,25086.8,25086.8,25074.31,25078.28
1783938600,25078.47,25079.74,25066.24,25073.59
1783938900,25073.86,25099.73,25073.86,25099.57
1783939200,25099.92,25104.46,25091.61,25100.37
1783939500,25101.12,25116.18,25101.12,25110.9
1783939800,25111.23,25111.23,25095.33,25097.52
1783940100,25097.24,25101.17,25094.28,25100.58
1783940400,25102.04,25114.39,25099.96,25112.54
1783940700,25112.33,25130.58,25107.71,25124.06
1783941000,25123.87,25124.73,25102.59,25105.97
1783941300,25106.25,25115.04,25096.77,25096.77
1783941600,25096.68,25108.62,25095.63,25108.62
1783941900,25108.33,25123.09,25106.55,25120.78
1783942200,25119.81,25124.93,25117.72,25123.62
1783942500,25125.06,25127.03,25111.16,25111.53
1783942800,25112.19,25120.3,25107.95,25120.3
1783943100,25120.24,25122.94,25106.37,25110.55
1783943400,25110.93,25117.93,25093.0,25098.24
1783943700,25098.34,25098.34,25088.11,25095.63
1783944000,25095.76,25098.04,25079.25,25083.15
1783944300,25083.25,25096.83,25077.13,25096.83
1783944600,25097.72,25114.1,25068.13,25071.58
1783944900,25071.45,25094.43,25071.45,25093.93
1783945200,25093.33,25093.33,25079.9,25082.1
1783945500,25081.83,25081.83,25075.07,25077.8
1783945800,25078.21,25078.3,25069.53,25071.39
1783946100,25071.84,25071.84,25056.87,25058.53
1783946400,25058.88,25065.69,25052.36,25062.63
1783946700,25062.87,25085.38,25062.87,25084.71
1783947000,25084.04,25099.78,25082.96,25097.0
1783947300,25097.2,25121.35,25095.54,25118.97
1783947600,25119.1,25127.26,25118.41,25118.89
1783947900,25119.32,25122.76,25110.07,25112.93
1783948200,25113.17,25113.71,25105.57,25110.54
1783948500,25109.59,25109.59,25078.17,25080.65
1783948800,25079.46,25095.2,25077.94,25092.54
1783949100,25094.01,25100.95,25089.09,25094.71
1783949400,25093.71,25117.88,25093.53,25102.84
1783949700,25104.61,25112.4,25094.34,25102.18
1783950000,25101.99,25113.92,25088.23,25100.33
1783950300,25100.09,25100.09,25063.72,25073.28
1783950600,25073.17,25100.44,25063.71,25099.45
1783950900,25099.13,25130.23,25092.09,25122.52
1783951200,25123.31,25130.6,25080.69,25096.75
1783951500,25097.23,25098.98,25081.59,25097.22
1783951800,25097.09,25114.73,25084.31,25110.13
1783952100,25109.15,25114.41,24978.52,25038.39
1783952400,25039.45,25066.36,25012.37,25063.94
1783952700,25063.81,25084.53,25056.66,25080.48
1783953000,25080.42,25090.82,25079.31,25085.54
1783953300,25086.11,25090.98,25066.96,25074.71
1783953600,25074.78,25079.62,25056.79,25064.1
1783953900,25064.19,25097.65,25056.77,25097.01
1783954200,25097.43,25115.28,25097.3,25099.82
1783954500,25099.89,25122.85,25099.83,25119.38
1783954800,25119.41,25124.35,25093.88,25093.88
1783955100,25094.07,25107.49,25089.52,25104.7
1783955400,25105.48,25126.92,25102.59,25109.43
1783955700,25109.81,25109.81,25086.11,25097.91
1783956000,25099.86,25100.3,25070.88,25084.21
1783956300,25084.93,25091.6,25069.98,25090.38
1784012400,24932.62,24980.32,24928.57,24978.47
1784012700,24978.45,25017.79,24973.64,25011.71
1784013000,25011.37,25011.64,24981.82,25005.32
1784013300,25005.39,25016.43,24989.32,24990.94
1784013600,24991.81,25010.11,24960.19,24984.75
1784013900,24984.34,25003.55,24983.35,24997.6
1784014200,24996.95,24999.15,24960.53,24989.19
1784014500,24989.68,24989.68,24971.85,24981.31
1784014800,24981.17,24982.89,24934.2,24936.35
1784015100,24936.51,24944.22,24905.07,24944.15
1784015400,24945.2,24974.19,24945.14,24971.18
1784015700,24971.11,24980.84,24956.76,24980.24
1784016000,24983.06,25008.03,24955.76,24975.98
1784016300,24976.17,24979.57,24934.12,24947.85
1784016600,24947.53,24972.9,24941.32,24968.49
1784016900,24968.7,24982.41,24968.7,24980.46
1784017200,24980.59,24981.83,24948.82,24953.21
1784017500,24952.72,24980.22,24944.57,24980.16
1784017800,24980.47,24989.67,24968.1,24972.08
1784018100,24971.41,24971.41,24952.68,24954.57
1784018400,24954.32,24971.24,24950.42,24960.95
1784018700,24961.25,24961.25,24938.49,24939.58
1784019000,24939.4,24969.38,24935.49,24968.63
1784019300,24968.24,24975.18,24942.67,24942.67
1784019600,24942.56,24959.88,24933.48,24959.88
1784019900,24960.02,24966.81,24946.84,24966.67
1784020200,24966.91,24993.83,24965.08,24993.83
1784020500,24993.89,24993.89,24958.79,24969.32
1784020800,24971.11,24976.43,24970.06,24975.72
1784021100,24975.52,24978.22,24952.75,24952.75
1784021400,24953.08,24958.54,24947.34,24948.4
1784021700,24947.97,24964.3,24945.17,24963.85
1784022000,24964.14,24964.82,24958.2,24964.56
1784022300,24963.73,25004.74,24963.73,25001.4
1784022600,25001.48,25010.87,24997.69,25000.59
1784022900,25000.65,25001.03,24988.09,24994.78
1784023200,24994.75,25017.39,24994.75,25016.34
1784023500,25016.7,25018.93,25001.2,25013.11
1784023800,25013.07,25015.94,24981.23,24990.22
1784024100,24990.32,25005.95,24990.32,24999.76
1784024400,24999.9,25003.22,24995.07,25000.75
1784024700,25000.99,25004.67,24978.18,24987.13
1784025000,24987.06,24989.5,24959.18,24966.82
1784025300,24966.91,24998.63,24965.77,24990.68
1784025600,24990.25,24990.25,24954.79,24957.73
1784025900,24957.92,24967.73,24947.77,24961.38
1784026200,24961.92,24961.92,24934.41,24934.74
1784026500,24934.2,24953.43,24921.24,24952.9
1784026800,24952.95,24952.95,24903.0,24914.18
1784027100,24913.88,24927.29,24905.05,24908.02
1784027400,24910.01,24927.61,24888.62,24925.44
1784027700,24924.25,24934.48,24920.8,24922.88
1784028000,24922.56,24943.02,24916.32,24942.39
1784028300,24942.32,24952.45,24935.84,24941.12
1784028600,24940.82,24950.08,24931.4,24942.49
1784028900,24942.12,24942.54,24920.33,24920.93
1784029200,24920.33,24923.0,24902.5,24909.97
1784029500,24908.19,24916.72,24892.85,24908.03
1784029800,24908.0,24926.68,24906.74,24910.34
1784030100,24910.78,24918.37,24895.63,24918.37
1784030400,24918.91,24920.2,24871.83,24888.55
1784030700,24888.47,24897.94,24883.7,24886.16
1784031000,24886.19,24900.55,24869.25,24896.53
1784031300,24896.6,24896.6,24879.71,24893.12
1784031600,24891.99,24909.09,24889.54,24906.66
1784031900,24907.15,24937.4,24906.22,24937.4
1784032200,24938.07,25102.6,24938.05,25016.0
1784032500,25016.24,25019.46,24984.92,24988.74
1784032800,24988.98,24994.64,24974.76,24984.56
1784033100,24987.09,24987.09,24949.67,24967.19
1784033400,24967.57,24980.85,24960.83,24976.84
1784033700,24976.79,25000.27,24976.79,24988.12
1784034000,24988.8,25007.61,24982.44,24993.41
1784034300,24994.24,25030.61,24992.4,25017.47
1784034600,25017.69,25034.04,25017.69,25030.93
1784034900,25030.03,25030.03,25003.01,25003.01
1784035200,25003.2,25015.51,24999.19,25010.86
1784035500,25013.2,25036.91,25009.64,25036.91
1784035800,25037.23,25049.53,25007.45,25020.35
1784036100,25021.58,25074.28,25017.86,25071.6
1784036400,25071.77,25088.79,25058.58,25088.79
1784036700,25088.85,25096.71,25065.75,25070.35
1784037000,25070.29,25102.43,25070.23,25095.03
1784037300,25094.44,25109.24,25089.03,25105.23
1784037600,25105.69,25105.9,25072.91,25075.72
1784037900,25073.12,25082.65,25062.62,25072.94
1784038200,25072.97,25077.14,25051.17,25070.19
1784038500,25068.45,25086.01,25041.33,25082.03
1784038800,25081.93,25089.89,25071.3,25086.75
1784039100,25086.78,25110.34,25081.36,25105.95
1784039400,25106.43,25204.68,25096.81,25143.95
1784039700,25143.81,25149.75,25136.52,25136.52
1784040000,25136.47,25153.77,25132.64,25141.04
1784040300,25140.74,25140.74,25120.12,25120.92
1784040600,25121.11,25136.59,25108.96,25136.59
1784040900,25138.14,25145.63,25131.12,25131.12
1784041200,25130.94,25179.4,25104.12,25148.84
1784041500,25149.22,25173.7,25143.66,25165.45
1784041800,25163.78,25171.24,25157.66,25165.0
1784042100,25164.46,25167.24,25132.49,25132.49
1784042400,25131.63,25146.98,25123.9,25136.56
1784042700,25136.86,25155.76,25135.07,25146.74
1784098800,24970.05,24970.05,24937.84,24937.84
1784099100,24937.56,24945.06,24904.34,24924.17
1784099400,24923.23,24942.57,24923.23,24934.24
1784099700,24934.19,24942.39,24911.38,24912.7
1784100000,24912.23,24915.47,24886.82,24887.22
1784100300,24887.01,24888.09,24839.23,24862.91
1784100600,24862.02,24879.73,24849.17,24871.25
1784100900,24871.46,24879.66,24857.67,24874.1
1784101200,24874.73,24903.07,24869.56,24898.17
1784101500,24900.04,24902.01,24879.31,24899.73
1784101800,24900.1,24921.81,24899.99,24915.87
1784102100,24915.64,24923.71,24908.19,24916.75
1784102400,24918.29,24927.55,24909.12,24915.88
1784102700,24915.87,24917.53,24907.12,24910.4
1784103000,24910.55,24947.17,24903.43,24947.16
1784103300,24947.32,24973.86,24947.32,24973.86
1784103600,24974.45,24977.5,24938.87,24951.02
1784103900,24950.68,24984.47,24942.33,24983.2
1784104200,24983.38,24995.08,24979.36,24989.6
1784104500,24989.98,25014.0,24989.98,25011.33
1784104800,25011.2,25018.84,24993.74,24998.04
1784105100,24998.43,25020.43,24998.43,25003.11
1784105400,25003.37,25009.5,24997.28,24997.28
1784105700,24996.77,25006.16,24986.77,25006.16
1784106000,25005.12,25015.71,24999.2,25012.87
1784106300,25013.16,25028.91,25012.74,25028.91
1784106600,25028.93,25034.68,25026.37,25033.33
1784106900,25032.11,25034.86,25015.37,25015.47
1784107200,25015.09,25023.03,25010.1,25020.54
1784107500,25020.04,25023.26,25010.89,25015.28
1784107800,25015.21,25015.23,24986.2,24989.52
1784108100,24990.05,24991.08,24972.9,24973.0
1784108400,24972.81,25001.57,24971.76,24992.65
1784108700,24992.06,24993.79,24957.92,24961.37
1784109000,24961.24,24965.8,24945.7,24946.72
1784109300,24947.74,24951.81,24941.05,24943.9
1784109600,24944.03,24976.02,24941.75,24976.02
1784109900,24975.16,24979.68,24967.05,24972.39
1784110200,24972.68,24978.17,24967.5,24976.76
1784110500,24977.03,24987.58,24973.03,24984.96
1784110800,24984.72,24984.97,24965.71,24965.71
1784111100,24965.6,24967.63,24943.75,24955.7
1784111400,24956.02,24965.91,24948.0,24951.92
1784111700,24952.24,24971.5,24952.24,24964.57
1784112000,24964.44,24965.12,24948.81,24948.81
1784112300,24947.92,24951.98,24940.12,24951.7
1784112600,24951.88,24955.59,24943.62,24952.2
1784112900,24952.66,24954.65,24938.32,24940.37
1784113200,24939.41,24941.05,24928.21,24933.91
1784113500,24934.18,24937.8,24927.6,24934.1
1784113800,24934.03,24934.8,24916.82,24934.29
1784114100,24934.66,24945.42,24933.96,24940.43
1784114400,24940.62,24950.72,24939.91,24940.24
1784114700,24940.43,24949.51,24930.39,24931.07
1784115000,24932.27,24951.42,24924.82,24951.36
1784115300,24951.16,24964.97,24950.03,24963.85
1784115600,24963.19,24973.91,24962.24,24968.26
1784115900,24967.57,24967.57,24959.94,24959.94
1784116200,24960.07,24980.89,24960.07,24980.35
1784116500,24979.68,25005.44,24978.24,25002.93
1784116800,25003.52,25006.25,24988.6,24988.9
1784117100,24987.6,24991.86,24979.04,24989.64
1784117400,24989.11,25009.7,24987.95,25009.65
1784117700,25009.79,25020.22,25007.24,25018.42
1784118000,25018.28,25018.46,24996.81,25002.58
1784118300,25002.29,25006.37,24994.78,24997.48
1784118600,24997.35,25024.85,24997.35,25011.08
1784118900,25010.55,25023.24,25003.3,25020.63
1784119200,25019.75,25023.32,25011.59,25022.51
1784119500,25022.89,25030.87,25019.07,25030.33
1784119800,25030.57,25032.07,25008.53,25009.38
1784120100,25009.39,25023.43,25009.39,25017.26
1784120400,25017.64,25035.32,25013.53,25034.88
1784120700,25034.69,25037.71,25023.32,25025.21
1784121000,25025.23,25025.3,24997.32,24997.35
1784121300,24996.94,25010.26,24990.7,25010.05
1784121600,25009.86,25023.01,25008.88,25019.5
1784121900,25019.45,25023.38,25005.61,25010.97
1784122200,25012.25,25051.13,25012.25,25043.24
1784122500,25042.26,25050.6,25010.16,25011.06
1784122800,25010.87,25010.87,24981.95,24985.58
1784123100,24985.53,24986.78,24961.79,24964.72
1784123400,24965.94,24987.01,24955.81,24986.88
1784123700,24986.42,25031.57,24985.45,25016.53
1784124000,25017.35,25031.73,25004.73,25012.19
1784124300,25011.7,25025.89,25010.99,25020.48
1784124600,25020.44,25027.05,25009.49,25023.68
1784124900,25024.19,25051.48,25023.05,25044.67
1784125200,25043.91,25055.48,25012.85,25019.4
1784125500,25019.47,25042.5,25010.78,25034.57
1784125800,25036.0,25046.39,25025.25,25045.78
1784126100,25045.22,25048.41,25027.04,25027.4
1784126400,25027.15,25034.65,25011.92,25011.92
1784126700,25012.08,25017.88,24993.64,25009.3
1784127000,25009.49,25028.11,25001.3,25024.04
1784127300,25026.55,25036.42,25018.62,25036.32
1784127600,25034.74,25036.12,25013.26,25015.32
1784127900,25015.62,25035.42,25011.72,25029.84
1784128200,25029.8,25032.83,24998.95,24999.41
1784128500,24998.77,25018.69,24993.62,25015.26
1784128800,25014.75,25015.91,24992.42,25003.38
1784129100,25003.88,25020.97,25000.97,25020.07
1784185200,25018.95,25021.51,24971.85,25021.51
1784185500,25021.32,25021.32,24975.56,24989.97
1784185800,24991.36,24992.5,24910.79,24910.79
1784186100,24910.76,24922.3,24895.78,24901.19
1784186400,24900.71,24949.23,24900.04,24945.22
1784186700,24946.31,24964.88,24936.94,24945.37
1784187000,24949.9,24953.99,24914.67,24914.67
1784187300,24914.22,24914.22,24882.07,24884.55
1784187600,24884.46,24908.11,24880.17,24895.31
1784187900,24895.5,24897.98,24869.77,24875.55
1784188200,24876.21,24881.74,24862.12,24867.81
1784188500,24868.08,24872.7,24848.39,24868.56
1784188800,24869.61,24896.52,24863.96,24896.01
1784189100,24893.85,24893.85,24858.89,24858.89
1784189400,24858.7,24858.7,24838.27,24838.27
1784189700,24838.41,24842.91,24821.01,24836.99
1784190000,24839.7,24886.03,24839.7,24879.56
1784190300,24879.8,24896.78,24879.12,24892.62
1784190600,24895.07,24904.7,24884.71,24898.42
1784190900,24898.39,24911.14,24889.11,24889.48
1784191200,24889.41,24915.09,24887.09,24901.37
1784191500,24901.18,24939.97,24901.18,24937.78
1784191800,24936.58,24936.81,24904.61,24905.0
1784192100,24905.95,24914.74,24903.87,24909.41
1784192400,24908.21,24930.19,24905.22,24926.79
1784192700,24926.3,24929.07,24901.94,24902.68
1784193000,24902.75,24945.97,24901.3,24937.24
1784193300,24937.66,24945.65,24921.29,24924.23
1784193600,24924.82,24932.27,24895.39,24895.39
1784193900,24894.31,24896.6,24873.38,24878.9
1784194200,24880.8,24897.68,24874.74,24876.44
1784194500,24878.08,24879.0,24850.7,24854.8
1784194800,24854.95,24866.33,24851.02,24860.61
1784195100,24860.82,24861.23,24843.3,24845.89
1784195400,24845.94,24865.88,24838.86,24865.88
1784195700,24870.09,24870.09,24847.98,24858.33
1784196000,24857.96,24863.88,24845.29,24853.01
1784196300,24853.25,24880.06,24852.12,24875.34
1784196600,24875.32,24875.32,24846.14,24846.86
1784196900,24847.04,24848.31,24832.8,24837.49
1784197200,24836.62,24844.87,24818.04,24821.07
1784197500,24820.69,24842.41,24815.67,24842.41
1784197800,24843.67,24850.29,24831.38,24837.42
1784198100,24837.23,24852.89,24836.22,24836.22
1784198400,24835.73,24841.85,24832.07,24841.85
1784198700,24842.31,24855.66,24842.31,24846.47
1784199000,24846.77,24849.86,24837.84,24849.21
1784199300,24849.13,24849.28,24827.26,24834.04
1784199600,24834.25,24834.68,24813.73,24817.46
1784199900,24816.37,24839.29,24813.99,24835.83
1784200200,24835.43,24835.43,24807.17,24809.57
1784200500,24810.11,24810.6,24788.29,24800.18
1784200800,24800.56,24823.16,24800.18,24823.16
1784201100,24822.79,24825.14,24794.85,24796.98
1784201400,24798.0,24798.52,24773.4,24781.36
1784201700,24781.1,24789.0,24766.72,24776.57
1784202000,24776.24,24797.42,24765.03,24787.74
1784202300,24787.93,24796.63,24708.88,24708.88
1784202600,24697.23,24762.02,24696.17,24762.02
1784202900,24762.09,24778.38,24761.4,24772.02
1784203200,24770.52,24797.34,24762.1,24785.02
1784203500,24784.79,24786.23,24760.33,24766.12
1784203800,24766.47,24766.47,24753.29,24756.13
1784204100,24756.04,24771.58,24744.57,24771.58
1784204400,24771.65,24778.32,24731.95,24735.87
1784204700,24735.73,24736.62,24713.14,24732.25
1784205000,24732.98,24736.64,24715.33,24731.1
1784205300,24731.29,24732.86,24708.53,24711.53
1784205600,24711.49,24713.82,24702.44,24705.65
1784205900,24706.02,24739.46,24702.32,24728.94
1784206200,24728.99,24758.69,24728.94,24755.33
1784206500,24755.98,24756.26,24735.38,24735.95
1784206800,24735.6,24751.69,24728.85,24749.48
1784207100,24749.51,24760.84,24744.72,24757.1
1784207400,24757.6,24789.94,24756.8,24785.66
1784207700,24785.43,24790.51,24760.92,24765.2
1784208000,24765.08,24771.83,24761.81,24763.59
1784208300,24763.78,24776.12,24760.58,24771.46
1784208600,24769.31,24778.89,24727.83,24743.09
1784208900,24743.6,24768.33,24742.29,24747.07
1784209200,24746.8,24762.85,24730.73,24759.45
1784209500,24757.77,24772.27,24742.72,24753.03
1784209800,24753.07,24796.42,24751.56,24777.39
1784210100,24777.99,24785.52,24763.12,24777.07
1784210400,24777.99,24794.1,24771.74,24786.22
1784210700,24787.75,24796.93,24777.33,24781.96
1784211000,24781.39,24824.52,24779.78,24807.69
1784211300,24807.61,24816.87,24802.36,24816.41
1784211600,24816.52,24816.52,24786.7,24790.87
1784211900,24789.81,24799.11,24777.11,24789.72
1784212200,24789.65,24789.65,24776.93,24777.18
1784212500,24777.56,24801.5,24777.56,24783.92
1784212800,24783.88,24792.65,24777.89,24789.12
1784213100,24789.07,24798.44,24784.39,24791.17
1784213400,24790.59,24822.58,24788.32,24815.22
1784213700,24815.41,24823.53,24808.13,24818.69
1784214000,24818.31,24827.85,24810.99,24826.5
1784214300,24826.76,24842.46,24823.7,24842.46
1784214600,24841.71,24853.96,24841.15,24852.69
1784214900,24852.6,24858.27,24842.45,24849.28
1784215200,24848.71,24862.95,24843.68,24861.45
1784215500,24861.56,24879.63,24861.34,24863.53
1784271600,24755.09,24768.5,24753.61,24760.11
1784271900,24760.63,24772.57,24718.25,24734.8
1784272200,24733.97,24776.76,24733.97,24757.93
1784272500,24759.15,24800.06,24757.6,24778.81
1784272800,24779.38,24780.02,24743.97,24761.31
1784273100,24761.26,24794.91,24761.26,24790.62
1784273400,24792.54,24802.72,24782.04,24796.99
1784273700,24796.39,24804.77,24781.52,24801.29
1784274000,24801.15,24820.32,24792.35,24818.86
1784274300,24819.08,24838.93,24812.14,24835.72
1784274600,24835.24,24839.73,24820.14,24834.77
1784274900,24834.96,24835.7,24801.87,24812.17
1784275200,24812.63,24850.75,24809.08,24840.47
1784275500,24840.28,24840.28,24810.0,24810.0
1784275800,24810.07,24810.07,24778.75,24802.83
1784276100,24802.61,24802.96,24760.45,24762.6
1784276400,24762.73,24766.61,24731.97,24739.14
1784276700,24739.37,24754.82,24721.5,24741.46
1784277000,24741.33,24746.51,24720.95,24721.05
1784277300,24721.46,24724.23,24692.51,24699.81
1784277600,24701.08,24728.75,24699.53,24728.75
1784277900,24728.41,24737.4,24720.84,24727.68
1784278200,24727.93,24732.49,24704.18,24720.16
1784278500,24719.69,24737.65,24710.97,24720.06
1784278800,24723.78,24723.94,24672.99,24687.49
1784279100,24688.61,24696.1,24662.94,24667.36
1784279400,24667.46,24701.68,24664.17,24699.71
1784279700,24697.35,24697.35,24676.27,24685.97
1784280000,24686.22,24693.78,24671.94,24692.95
1784280300,24692.68,24716.4,24692.68,24716.09
1784280600,24717.29,24717.33,24693.1,24695.64
1784280900,24695.36,24704.08,24673.65,24676.46
1784281200,24676.65,24676.65,24651.34,24654.65
1784281500,24654.59,24671.36,24654.59,24663.7
1784281800,24659.49,24686.99,24659.29,24679.44
1784282100,24674.02,24691.88,24668.31,24691.88
1784282400,24688.33,24705.16,24682.19,24700.12
1784282700,24700.36,24732.91,24699.89,24716.54
1784283000,24716.72,24728.29,24703.53,24722.82
1784283300,24723.11,24749.87,24721.89,24736.89
1784283600,24736.0,24742.25,24727.84,24738.24
1784283900,24738.01,24757.37,24737.66,24752.19
1784284200,24752.28,24782.14,24751.27,24777.66
1784284500,24777.89,24792.71,24773.41,24778.91
1784284800,24777.27,24791.43,24771.07,24773.77
1784285100,24773.91,24793.29,24771.48,24790.18
1784285400,24790.87,24794.6,24768.32,24773.45
1784285700,24773.17,24789.23,24764.49,24766.53
1784286000,24768.53,24769.24,24768.53,24769.24
1784286300,24769.49,24769.59,24734.58,24735.14
1784286600,24734.59,24747.09,24734.45,24739.6
1784286900,24739.02,24757.17,24730.6,24754.2
1784287200,24753.38,24753.94,24734.08,24738.22
1784287500,24739.89,24746.86,24736.65,24740.38
1784287800,24741.45,24749.15,24733.09,24748.94
1784288100,24749.42,24769.65,24749.05,24763.22
1784288400,24763.68,24777.14,24758.98,24759.26
1784288700,24760.69,24784.03,24758.64,24779.83
1784289000,24785.24,24800.05,24777.71,24797.35
1784289300,24797.2,24798.59,24790.18,24793.04
1784289600,24793.83,24807.09,24784.71,24785.73
1784289900,24785.81,24787.99,24760.48,24765.94
1784290200,24766.15,24776.43,24765.85,24774.43
1784290500,24776.29,24790.84,24768.61,24768.61
1784290800,24768.51,24773.52,24757.64,24769.96
1784291100,24770.53,24792.05,24770.2,24776.85
1784291400,24776.89,24792.94,24772.78,24788.68
1784291700,24788.55,24798.19,24783.89,24798.18
1784292000,24798.04,24803.59,24791.81,24800.36
1784292300,24799.08,24805.81,24782.53,24782.53
1784292600,24782.4,24793.8,24777.32,24784.99
1784292900,24785.48,24785.91,24762.94,24765.29
1784293200,24765.43,24765.43,24732.76,24740.24
1784293500,24740.52,24743.86,24726.97,24728.38
1784293800,24728.57,24728.57,24709.16,24714.86
1784294100,24714.54,24732.44,24710.89,24716.58
1784294400,24717.22,24719.84,24695.86,24712.33
1784294700,24712.91,24731.04,24712.14,24720.27
1784295000,24721.32,24754.17,24721.32,24731.09
1784295300,24731.01,24747.77,24722.99,24732.78
1784295600,24734.05,24773.19,24733.18,24744.19
1784295900,24743.68,24793.55,24740.81,24791.15
1784296200,24789.79,24794.23,24773.29,24781.21
1784296500,24780.79,24802.11,24776.52,24799.93
1784296800,24800.73,24810.03,24769.17,24782.97
1784297100,24782.21,24791.53,24767.59,24784.26
1784297400,24784.21,24792.04,24775.39,24777.14
1784297700,24777.42,24795.22,24770.22,24775.36
1784298000,24775.52,24793.77,24772.94,24787.52
1784298300,24788.61,24793.44,24778.47,24785.42
1784298600,24783.78,24785.03,24769.07,24769.37
1784298900,24769.14,24800.88,24769.14,24788.4
1784299200,24788.65,24790.56,24767.65,24775.07
1784299500,24775.0,24801.69,24763.22,24794.77
1784299800,24795.96,24821.41,24791.91,24803.61
1784300100,24803.54,24821.19,24792.97,24796.2
1784300400,24797.6,24801.92,24773.79,24787.92
1784300700,24788.04,24796.23,24769.71,24769.9
1784301000,24770.06,24780.67,24762.74,24778.04
1784301300,24778.44,24799.69,24771.98,24797.77
1784301600,24799.39,24806.24,24787.88,24801.45
1784301900,24801.74,24830.24,24798.17,24828.51
1784530800,24769.15,24801.45,24754.67,24787.51
1784531100,24788.49,24793.43,24751.13,24770.25
1784531400,24769.88,24794.41,24764.7,24794.41
1784531700,24794.19,24797.39,24756.14,24763.84
1784532000,24763.93,24803.79,24763.56,24787.49
1784532300,24787.69,24827.88,24786.89,24827.08
1784532600,24829.37,24877.51,24829.37,24876.51
1784532900,24876.41,24881.36,24850.55,24857.45
1784533200,24857.54,24885.74,24855.33,24885.74
1784533500,24885.78,24906.55,24861.38,24861.66
1784533800,24861.29,24862.78,24833.64,24837.87
1784534100,24838.4,24864.37,24836.42,24857.53
1784534400,24858.61,24867.89,24851.91,24851.91
1784534700,24851.97,24858.68,24838.61,24857.61
1784535000,24857.48,24885.08,24856.93,24884.87
1784535300,24884.95,24898.38,24883.7,24888.98
1784535600,24888.93,24891.73,24873.56,24891.73
1784535900,24891.21,24903.95,24890.01,24903.14
1784536200,24903.07,24910.32,24890.55,24891.45
1784536500,24891.28,24900.09,24878.53,24897.41
1784536800,24897.31,24905.66,24883.91,24884.42
1784537100,24884.72,24886.19,24876.01,24883.22
1784537400,24883.1,24884.92,24873.49,24884.39
1784537700,24884.97,24908.95,24884.39,24907.78
1784538000,24907.92,24910.61,24891.54,24892.09
1784538300,24892.68,24892.68,24878.66,24884.2
1784538600,24884.39,24898.55,24884.39,24891.33
1784538900,24890.81,24916.09,24890.81,24901.2
1784539200,24895.01,24913.86,24894.69,24906.07
1784539500,24905.93,24912.16,24905.07,24910.79
1784539800,24908.65,24928.27,24907.12,24927.61
1784540100,24928.12,24933.33,24925.71,24933.33
1784540400,24933.03,24943.93,24930.94,24938.14
1784540700,24938.63,24939.03,24911.53,24911.53
1784541000,24911.45,24913.84,24900.51,24911.87
1784541300,24912.11,24920.98,24904.5,24920.07
1784541600,24920.3,24922.9,24913.44,24918.94
1784541900,24918.66,24918.95,24900.92,24905.04
1784542200,24904.85,24910.6,24894.73,24897.27
1784542500,24897.28,24897.28,24867.02,24881.85
1784542800,24882.08,24901.59,24880.44,24898.94
1784543100,24898.86,24901.39,24889.29,24892.51
1784543400,24891.48,24894.16,24870.36,24873.91
1784543700,24874.15,24874.84,24842.18,24845.89
1784544000,24845.95,24845.95,24822.94,24833.74
1784544300,24833.44,24835.68,24824.58,24828.89
1784544600,24829.0,24852.17,24820.37,24849.79
1784544900,24849.27,24863.94,24848.76,24854.82
1784545200,24855.62,24884.85,24855.62,24884.85
1784545500,24884.37,24888.05,24880.92,24882.44
1784545800,24882.4,24885.26,24868.36,24872.8
1784546100,24871.91,24883.8,24863.76,24878.96
1784546400,24879.11,24882.19,24872.77,24879.95
1784546700,24880.19,24880.19,24870.75,24878.05
1784547000,24877.95,24974.53,24873.24,24957.83
1784547300,24957.91,24970.41,24950.86,24966.08
1784547600,24966.62,24973.08,24942.88,24949.05
1784547900,24949.27,24951.65,24919.07,24919.34
1784548200,24919.4,24936.34,24907.2,24935.91
1784548500,24935.98,24953.27,24935.9,24942.18
1784548800,24941.59,24942.36,24840.52,24854.72
1784549100,24855.61,24876.61,24855.01,24873.64
1784549400,24872.93,24890.97,24859.4,24890.94
1784549700,24891.21,24899.82,24883.63,24887.35
1784550000,24887.65,24889.88,24870.93,24878.36
1784550300,24878.03,24897.1,24872.62,24896.58
1784550600,24896.67,24911.36,24880.54,24887.74
1784550900,24887.38,24912.67,24881.78,24907.77
1784551200,24907.63,24913.32,24883.66,24885.98
1784551500,24885.57,24894.99,24882.16,24891.07
1784551800,24890.7,24891.18,24849.78,24851.51
1784552100,24851.44,24852.01,24829.68,24835.77
1784552400,24835.88,24843.55,24814.95,24832.48
1784552700,24832.25,24837.68,24819.47,24831.98
1784553000,24832.15,24838.11,24802.68,24802.68
1784553300,24801.77,24821.61,24795.61,24821.32
1784553600,24821.52,24838.12,24821.03,24834.96
1784553900,24835.11,24841.99,24826.51,24834.42
1784554200,24836.4,24848.17,24825.53,24832.2
1784554500,24832.38,24837.39,24814.36,24824.47
1784554800,24826.07,24827.64,24789.31,24797.36
1784555100,24795.74,24796.8,24760.85,24781.11
1784555400,24781.62,24787.94,24764.88,24781.42
1784555700,24781.17,24790.42,24769.01,24789.63
1784556000,24789.67,24805.02,24783.16,24794.49
1784556300,24794.39,24802.18,24781.47,24784.29
1784556600,24784.97,24801.92,24763.38,24797.57
1784556900,24798.55,24814.16,24778.08,24782.88
1784557200,24783.3,24804.24,24774.33,24802.01
1784557500,24802.17,24827.13,24801.01,24824.02
1784557800,24826.39,24828.16,24813.54,24821.78
1784558100,24821.49,24845.06,24816.89,24844.02
1784558400,24843.82,24851.09,24830.72,24839.36
1784558700,24838.47,24850.24,24830.83,24835.83
1784559000,24834.25,24846.9,24832.61,24839.04
1784559300,24836.72,24838.34,24804.67,24825.92
1784559600,24827.21,24854.87,24810.83,24843.42
1784559900,24840.03,24880.48,24823.03,24870.93
1784560200,24871.4,24871.81,24849.48,24852.69
1784560500,24852.45,24864.04,24844.32,24856.54
1784560800,24856.84,24873.21,24851.58,24853.5
1784561100,24850.68,24869.51,24850.61,24858.88
1784617200,24922.1,24933.45,24901.72,24902.16
1784617500,24901.09,24917.25,24889.64,24889.64
1784617800,24890.27,24895.92,24863.86,24876.25
1784618100,24877.73,24901.79,24867.02,24901.79
1784618400,24900.68,24907.63,24880.19,24886.82
1784618700,24887.11,24891.22,24848.2,24858.3
1784619000,24857.11,24863.06,24822.53,24863.06
1784619300,24864.47,24877.98,24858.81,24877.98
1784619600,24878.72,24885.39,24859.1,24859.1
1784619900,24859.06,24859.06,24843.27,24858.41
1784620200,24861.18,24878.49,24856.42,24875.15
1784620500,24873.83,24877.71,24864.42,24877.39
1784620800,24876.92,24876.92,24853.11,24855.02
1784621100,24855.26,24859.67,24849.24,24854.37
1784621400,24853.89,24863.06,24837.36,24863.06
1784621700,24863.02,24878.81,24855.78,24878.81
1784622000,24879.07,24884.75,24876.42,24876.42
1784622300,24876.36,24880.58,24856.24,24862.1
1784622600,24861.21,24870.13,24856.82,24863.58
1784622900,24862.84,24880.49,24862.25,24879.48
1784623200,24878.79,24904.72,24874.28,24904.6
1784623500,24903.84,24903.99,24879.11,24891.1
1784623800,24891.61,24899.77,24885.2,24896.76
1784624100,24897.06,24897.71,24881.21,24883.73
1784624400,24883.41,24906.82,24883.21,24906.06
1784624700,24906.62,24928.55,24905.96,24924.36
1784625000,24924.47,24932.66,24924.47,24927.19
1784625300,24927.26,24953.83,24927.26,24947.27
1784625600,24946.71,24951.88,24935.96,24937.12
1784625900,24937.08,24938.36,24911.72,24918.17
1784626200,24918.04,24951.29,24915.21,24949.27
1784626500,24949.22,24949.22,24931.62,24937.04
1784626800,24937.77,24938.76,24913.18,24930.7
1784627100,24930.68,24960.52,24930.68,24954.12
1784627400,24954.49,24954.75,24937.71,24947.21
1784627700,24947.15,24950.6,24921.78,24928.55
1784628000,24929.03,24960.41,24929.03,24946.32
1784628300,24946.18,24959.25,24935.42,24956.64
1784628600,24958.07,24989.0,24950.47,24955.03
1784628900,24954.93,24966.79,24947.62,24963.99
1784629200,24963.68,24969.4,24961.78,24963.88
1784629500,24963.73,24967.21,24956.05,24958.14
1784629800,24958.2,24971.26,24953.49,24971.26
1784630100,24970.62,24981.47,24961.08,24962.84
1784630400,24962.9,24965.63,24947.91,24962.57
1784630700,24962.42,24962.88,24951.49,24953.83
1784631000,24953.59,24957.87,24939.08,24950.49
1784631300,24949.65,24949.96,24930.64,24930.64
1784631600,24930.61,24935.49,24907.96,24908.28
1784631900,24907.79,24911.88,24899.46,24907.53
1784632200,24907.44,24908.38,24881.26,24891.19
1784632500,24891.0,24892.21,24872.56,24873.8
1784632800,24873.94,24875.86,24867.15,24873.46
1784633100,24873.98,24889.28,24867.07,24889.28
1784633400,24888.86,24903.99,24881.46,24887.86
1784633700,24888.24,24910.69,24888.24,24908.13
1784634000,24908.9,24910.8,24886.43,24890.91
1784634300,24891.23,24903.25,24891.23,24900.52
1784634600,24900.48,24902.04,24884.29,24891.46
1784634900,24891.32,24897.81,24887.09,24897.81
1784635200,24899.38,24908.59,24899.38,24901.75
1784635500,24901.91,24907.23,24896.93,24903.41
1784635800,24902.25,24906.83,24896.99,24903.46
1784636100,24903.32,24905.96,24870.9,24877.9
1784636400,24877.91,24882.84,24872.49,24880.83
1784636700,24880.7,24881.23,24845.99,24846.32
1784637000,24846.62,24883.08,24845.76,24883.08
1784637300,24882.17,24882.17,24867.29,24873.01
1784637600,24872.92,24872.92,24828.57,24852.09
1784637900,24852.39,24877.02,24851.79,24875.5
1784638200,24874.13,24895.37,24873.56,24894.04
1784638500,24892.48,24903.12,24889.8,24899.01
1784638800,24899.25,24899.25,24871.17,24883.13
1784639100,24882.18,24883.46,24867.32,24867.54
1784639400,24867.83,24881.16,24867.83,24873.92
1784639700,24873.62,24882.42,24870.9,24879.31
1784640000,24879.16,24887.34,24867.25,24869.99
1784640300,24872.06,24877.78,24850.43,24864.8
1784640600,24866.9,24896.67,24865.38,24892.23
1784640900,24891.54,24905.28,24845.13,24846.29
1784641200,24845.52,24848.55,24817.34,24825.74
1784641500,24824.94,24849.24,24819.42,24842.65
1784641800,24842.18,24848.85,24819.04,24842.29
1784642100,24842.51,24847.43,24823.87,24830.68
1784642400,24831.21,24878.62,24831.06,24875.43
1784642700,24875.34,24885.56,24870.55,24885.56
1784643000,24884.79,24903.86,24883.98,24897.96
1784643300,24897.58,24909.04,24884.52,24903.32
1784643600,24904.27,24925.56,24902.17,24922.56
1784643900,24922.21,24937.34,24921.71,24923.07
1784644200,24922.99,24942.27,24922.99,24934.84
1784644500,24932.11,24942.39,24924.92,24930.87
1784644800,24930.09,24952.15,24929.08,24946.47
1784645100,24945.93,24965.21,24945.37,24959.25
1784645400,24959.41,24971.07,24957.14,24969.91
1784645700,24970.15,24974.02,24957.65,24963.63
1784646000,24964.96,24967.49,24945.32,24961.48
1784646300,24961.45,24977.86,24960.06,24972.69
1784646600,24972.33,24976.18,24968.14,24968.14
1784646900,24968.06,24977.53,24968.06,24972.79
1784647200,24972.12,25005.17,24970.22,24988.54
1784647500,24988.84,24998.27,24988.11,24991.23
1784703600,25001.31,25024.5,24992.98,25022.88
1784703900,25022.74,25025.73,24985.39,24987.12
1784704200,24986.83,25001.03,24984.27,24999.16
1784704500,24999.47,25025.67,24999.0,25017.79
1784704800,25016.35,25035.05,25010.66,25034.85
1784705100,25035.22,25080.31,25022.96,25068.44
1784705400,25068.73,25069.55,25029.27,25029.27
1784705700,25025.86,25025.86,24998.88,25016.23
1784706000,25015.76,25019.89,24993.7,25013.25
1784706300,25013.31,25051.18,25010.28,25025.37
1784706600,25024.38,25043.13,25018.05,25040.69
1784706900,25041.77,25069.27,25041.77,25061.03
1784707200,25063.79,25126.95,25061.32,25126.95
1784707500,25127.98,25148.08,25123.78,25123.78
1784707800,25123.6,25126.81,25093.42,25114.28
1784708100,25112.34,25136.55,25111.06,25136.49
1784708400,25136.32,25155.29,25126.83,25131.64
1784708700,25132.64,25149.99,25131.57,25149.99
1784709000,25149.75,25183.38,25149.75,25178.21
1784709300,25177.13,25180.44,25168.32,25170.6
1784709600,25170.06,25171.16,25140.04,25142.13
1784709900,25143.06,25169.23,25142.56,25168.38
1784710200,25167.47,25170.33,25152.52,25160.38
1784710500,25160.39,25173.6,25152.89,25172.34
1784710800,25171.93,25196.68,25167.85,25196.6
1784711100,25196.24,25212.16,25185.22,25211.8
1784711400,25210.84,25212.9,25201.76,25203.66
1784711700,25203.58,25236.29,25203.07,25235.58
1784712000,25235.07,25239.61,25215.01,25224.57
1784712300,25224.87,25226.08,25197.63,25200.19
1784712600,25200.33,25200.33,25161.66,25161.66
1784712900,25161.92,25165.27,25147.03,25151.37
1784713200,25151.12,25151.19,25121.71,25124.2
1784713500,25124.41,25141.6,25118.95,25134.57
1784713800,25133.95,25135.74,25114.37,25121.09
1784714100,25123.13,25163.59,25123.13,25163.59
1784714400,25163.24,25192.92,25163.24,25192.92
1784714700,25194.3,25201.61,25190.05,25190.05
1784715000,25189.81,25197.1,25183.61,25186.69
1784715300,25185.98,25207.37,25185.98,25207.37
1784715600,25208.17,25271.34,25208.17,25260.17
1784715900,25259.83,25262.83,25242.2,25253.02
1784716200,25252.78,25256.03,25190.07,25200.12
1784716500,25199.57,25204.13,25150.1,25150.1
1784716800,25151.38,25161.08,25134.85,25143.18
1784717100,25143.87,25153.28,25131.82,25152.14
1784717400,25152.67,25167.09,25140.1,25144.92
1784717700,25144.55,25144.95,25126.43,25128.72
1784718000,25127.53,25127.53,25082.3,25087.3
1784718300,25086.11,25104.92,25069.88,25101.75
1784718600,25105.57,25116.36,25081.28,25084.81
1784718900,25084.33,25084.76,25054.96,25061.09
1784719200,25060.95,25093.92,25058.44,25086.72
1784719500,25086.48,25087.62,25067.71,25073.93
1784719800,25075.66,25093.1,25065.09,25089.69
1784720100,25090.64,25105.94,25087.86,25100.34
1784720400,25100.1,25101.14,25047.86,25068.65
1784720700,25068.17,25100.31,25065.7,25090.84
1784721000,25090.78,25091.75,25064.45,25068.44
1784721300,25068.67,25086.96,25053.4,25060.06
1784721600,25059.82,25070.98,25052.66,25052.66
1784721900,25052.64,25073.65,25047.0,25064.48
1784722200,25064.42,25091.95,25060.9,25090.43
1784722500,25090.67,25096.52,25078.76,25086.23
1784722800,25086.47,25098.38,25079.97,25093.7
1784723100,25093.33,25125.47,25093.33,25125.02
1784723400,25125.8,25159.81,25119.92,25153.21
1784723700,25153.44,25167.52,25141.0,25141.0
1784724000,25140.87,25170.03,25139.99,25165.47
1784724300,25165.9,25176.85,25149.27,25149.96
1784724600,25149.87,25159.62,25132.49,25158.43
1784724900,25158.97,25169.85,25100.5,25139.67
1784725200,25139.74,25184.06,25139.74,25180.98
1784725500,25181.57,25183.03,25165.76,25174.96
1784725800,25175.04,25184.67,25163.44,25166.02
1784726100,25165.78,25201.05,25163.93,25201.05
1784726400,25201.33,25201.33,25180.26,25180.26
1784726700,25180.68,25194.55,25177.05,25192.96
1784727000,25193.61,25208.49,25167.75,25168.67
1784727300,25169.41,25173.43,25131.96,25146.03
1784727600,25144.31,25145.32,25121.2,25143.25
1784727900,25146.7,25174.9,25146.7,25174.9
1784728200,25175.09,25185.77,25161.85,25184.19
1784728500,25183.85,25211.26,25181.59,25189.5
1784728800,25188.81,25192.59,25167.76,25189.14
1784729100,25189.44,25198.85,25168.89,25175.67
1784729400,25176.32,25181.57,25169.47,25173.01
1784729700,25173.2,25174.51,25147.45,25159.39
1784730000,25159.31,25171.25,25150.42,25165.14
1784730300,25166.75,25172.89,25156.37,25164.68
1784730600,25165.98,25176.93,25156.8,25170.19
1784730900,25170.25,25176.65,25158.61,25162.18
1784731200,25162.63,25172.29,25151.82,25153.19
1784731500,25152.75,25164.74,25147.69,25154.46
1784731800,25154.94,25176.21,25136.84,25172.29
1784732100,25170.92,25172.82,25163.41,25172.06
1784732400,25171.87,25177.58,25160.88,25175.77
1784732700,25175.47,25188.5,25169.97,25174.91
1784733000,25174.19,25175.04,25162.04,25165.7
1784733300,25165.41,25169.44,25156.82,25157.25
1784733600,25157.19,25177.57,25156.86,25167.35
1784733900,25167.31,25182.24,25166.79,25171.71
1784790000,24994.05,25030.85,24994.05,25005.69
1784790300,25007.27,25007.66,24960.92,24960.92
1784790600,24961.49,24962.22,24909.03,24945.47
1784790900,24945.44,24951.77,24925.94,24948.06
1784791200,24947.93,24949.86,24924.68,24927.18
1784791500,24927.92,24979.15,24927.03,24965.77
1784791800,24965.48,24971.39,24938.14,24959.25
1784792100,24959.21,24970.22,24949.9,24955.92
1784792400,24956.0,24969.97,24946.01,24959.91
1784792700,24960.01,24960.45,24926.33,24943.95
1784793000,24945.46,24977.4,24942.22,24972.42
1784793300,24973.46,25000.54,24973.16,24986.06
1784793600,24986.49,24992.81,24968.58,24978.11
1784793900,24979.07,25031.72,24978.74,25031.72
1784794200,25032.15,25040.77,25007.52,25008.61
1784794500,25008.41,25041.72,25006.85,25039.33
1784794800,25040.34,25049.4,25023.98,25035.75
1784795100,25035.59,25063.5,25032.23,25055.33
1784795400,25055.25,25072.04,25049.34,25052.78
1784795700,25052.92,25058.97,25028.9,25028.9
1784796000,25029.0,25036.35,25016.38,25016.92
1784796300,25016.2,25019.02,25004.2,25013.49
1784796600,25013.63,25023.32,25002.7,25017.08
1784796900,25016.97,25032.33,25013.19,25032.33
1784797200,25032.05,25069.7,25026.42,25069.7
1784797500,25068.58,25074.28,25050.19,25050.95
1784797800,25051.42,25063.74,25042.09,25042.09
1784798100,25042.23,25048.26,25030.61,25030.61
1784798400,25030.34,25032.09,25011.25,25013.29
1784798700,25013.13,25015.27,24998.77,25003.05
1784799000,25003.33,25010.79,24984.47,24985.06
1784799300,24985.17,24997.23,24982.51,24994.79
1784799600,24995.21,25012.88,24993.64,25010.63
1784799900,25010.29,25026.16,25010.29,25022.63
1784800200,25021.69,25021.69,24998.06,25000.88
1784800500,25000.38,25003.09,24985.32,24992.88
1784800800,24992.91,25003.09,24985.52,24997.93
1784801100,24997.5,25000.9,24972.69,24975.38
1784801400,24974.66,24977.74,24968.09,24969.44
1784801700,24969.55,24979.08,24963.79,24975.22
1784802000,24974.48,24986.69,24964.96,24983.84
1784802300,24984.25,25001.95,24983.7,24984.54
1784802600,24984.28,25010.69,24983.47,25007.42
1784802900,25007.48,25022.39,25007.46,25015.29
1784803200,25014.41,25020.38,24996.17,25001.76
1784803500,25002.03,25041.72,25001.95,25041.66
1784803800,25042.03,25048.84,25033.4,25047.84
1784804100,25047.51,25048.45,25028.04,25028.09
1784804400,25027.7,25027.7,24997.48,25003.03
1784804700,25003.11,25003.88,24986.61,24996.88
1784805000,24996.95,25000.29,24988.61,24993.55
1784805300,24993.49,25002.39,24976.9,24978.45
1784805600,24978.52,24978.94,24966.5,24978.69
1784805900,24978.92,24987.72,24963.37,24970.63
1784806200,24970.65,24974.5,24953.79,24963.93
1784806500,24964.93,24964.93,24935.75,24942.54
1784806800,24942.34,24952.61,24934.32,24945.18
1784807100,24946.73,24969.98,24941.82,24969.2
1784807400,24970.09,25027.19,24969.22,25001.66
1784807700,25001.23,25005.12,24987.83,25002.84
1784808000,25002.52,25003.56,24985.94,24988.35
1784808300,24989.41,24996.57,24971.39,24971.68
1784808600,24971.84,24976.14,24958.69,24963.36
1784808900,24963.31,24985.81,24932.65,24949.62
1784809200,24949.54,24959.98,24939.87,24948.13
1784809500,24947.92,24947.92,24933.14,24945.77
1784809800,24946.01,24946.01,24915.5,24931.66
1784810100,24932.61,24933.93,24895.09,24902.19
1784810400,24902.56,24904.71,24861.63,24873.39
1784810700,24872.55,24875.87,24854.9,24871.82
1784811000,24871.9,24876.75,24852.89,24855.72
1784811300,24855.75,24868.75,24831.85,24844.22
1784811600,24844.8,24848.11,24806.4,24817.2
1784811900,24817.36,24817.36,24775.49,24786.35
1784812200,24786.98,24812.32,24785.19,24806.21
1784812500,24807.28,24807.28,24791.53,24797.46
1784812800,24798.17,24804.94,24772.5,24772.5
1784813100,24774.77,24775.68,24746.17,24754.36
1784813400,24756.22,24811.79,24755.04,24811.79
1784813700,24813.28,24841.52,24804.55,24831.02
1784814000,24831.77,24873.62,24825.16,24856.68
1784814300,24856.33,24860.03,24827.92,24843.4
1784814600,24846.38,24868.41,24827.17,24868.41
1784814900,24868.65,24876.83,24820.62,24820.62
1784815200,24821.22,24853.75,24814.19,24847.26
1784815500,24847.15,24865.55,24789.54,24812.4
1784815800,24814.06,24857.91,24805.98,24844.4
1784816100,24844.67,24860.96,24828.88,24831.48
1784816400,24832.13,24843.93,24820.63,24829.28
1784816700,24828.99,24848.81,24817.24,24848.81
1784817000,24845.51,24851.82,24801.77,24807.28
1784817300,24807.34,24836.54,24789.61,24830.06
1784817600,24831.13,24831.13,24785.27,24789.96
1784817900,24790.05,24797.19,24758.09,24762.4
1784818200,24763.53,24771.15,24749.78,24759.31
1784818500,24759.21,24798.21,24757.78,24792.88
1784818800,24792.07,24798.56,24777.16,24784.03
1784819100,24786.38,24792.04,24761.16,24765.24
1784819400,24765.46,24765.46,24741.2,24751.44
1784819700,24751.19,24762.83,24743.39,24750.82
1784820000,24746.96,24757.25,24707.93,24727.49
1784820300,24726.9,24726.9,24696.59,24709.11
1784876400,24830.41,24848.39,24821.67,24836.37
1784876700,24836.55,24869.34,24822.56,24868.92
1784877000,24870.11,24892.51,24859.73,24891.97
1784877300,24891.14,24910.56,24879.66,24908.85
1784877600,24908.88,24926.02,24894.96,24917.35
1784877900,24917.16,24946.96,24911.0,24915.02
1784878200,24913.98,24920.01,24898.13,24910.55
1784878500,24910.87,24920.02,24893.55,24904.93
1784878800,24905.04,24908.97,24885.67,24896.73
1784879100,24897.33,24911.52,24891.17,24895.1
1784879400,24895.04,24903.7,24882.34,24899.59
1784879700,24899.57,24903.66,24883.67,24888.7
1784880000,24884.78,24884.97,24861.82,24875.32
1784880300,24875.59,24897.99,24864.57,24891.1
1784880600,24891.16,24899.76,24875.93,24895.82
1784880900,24896.06,24911.57,24884.44,24893.39
1784881200,24893.7,24911.07,24892.19,24909.74
1784881500,24909.76,24940.34,24904.58,24940.34
1784881800,24936.49,24969.8,24936.49,24962.12
1784882100,24961.39,24972.22,24952.22,24967.31
1784882400,24967.43,24971.51,24938.45,24944.61
1784882700,24944.37,24965.88,24942.08,24945.2
1784883000,24946.61,24954.56,24938.39,24940.34
1784883300,24940.75,24945.38,24937.01,24941.72
1784883600,24941.07,24959.23,24935.24,24958.41
1784883900,24957.82,24979.74,24957.58,24977.88
1784884200,24978.26,24981.27,24959.03,24964.35
1784884500,24964.37,24977.15,24955.69,24964.4
1784884800,24965.19,24983.47,24963.57,24978.05
1784885100,24977.12,24980.06,24968.45,24974.65
1784885400,24974.78,24991.32,24966.92,24989.04
1784885700,24988.75,25004.55,24987.89,25004.55
1784886000,25004.2,25005.96,24986.12,24986.18
1784886300,24986.89,24999.1,24986.89,24994.28
1784886600,24997.32,25004.57,24994.13,24996.82
1784886900,24997.84,25006.07,24993.85,24994.92
1784887200,24997.07,24997.07,24982.41,24982.96
1784887500,24983.08,24991.71,24972.39,24973.64
1784887800,24974.5,24975.62,24953.41,24963.03
1784888100,24962.71,24963.22,24951.62,24952.39
1784888400,24949.75,24958.49,24942.12,24956.36
1784888700,24955.79,24961.17,24951.79,24961.17
1784889000,24961.03,24979.79,24955.69,24955.98
1784889300,24955.37,24964.31,24951.6,24964.25
1784889600,24964.41,24970.44,24963.51,24966.68
1784889900,24966.15,24977.73,24966.15,24974.0
1784890200,24974.3,24975.74,24960.0,24961.92
1784890500,24961.03,24972.06,24960.12,24961.06
1784890800,24959.97,24986.32,24959.44,24969.97
1784891100,24966.49,24974.35,24941.59,24945.56
1784891400,24945.94,24956.36,24939.01,24952.02
1784891700,24952.61,24953.46,24942.0,24945.04
1784892000,24944.66,24944.66,24926.55,24940.21
1784892300,24939.91,24940.08,24926.48,24935.07
1784892600,24935.17,24947.64,24935.17,24946.76
1784892900,24946.94,24947.08,24925.31,24926.59
1784893200,24926.46,24934.1,24917.84,24927.94
1784893500,24927.83,24934.88,24924.51,24929.28
1784893800,24929.09,24933.38,24915.84,24930.93
1784894100,24930.78,24981.26,24930.25,24972.63
1784894400,24971.13,24971.13,24945.92,24945.92
1784894700,24946.31,24967.89,24939.42,24967.8
1784895000,24967.9,24982.04,24966.47,24980.95
1784895300,24981.14,24987.34,24974.82,24975.86
1784895600,24976.05,24976.05,24952.58,24955.11
1784895900,24955.49,24956.48,24927.55,24954.01
1784896200,24953.96,24966.82,24945.64,24954.15
1784896500,24953.18,24956.5,24946.67,24951.97
1784896800,24951.67,24953.48,24933.3,24933.3
1784897100,24934.61,24942.59,24923.32,24929.97
1784897400,24929.38,24933.24,24917.09,24917.5
1784897700,24916.51,24918.01,24905.74,24909.74
1784898000,24909.88,24936.25,24909.88,24922.12
1784898300,24923.86,24926.17,24912.81,24915.61
1784898600,24915.02,24928.32,24913.71,24922.72
1784898900,24922.61,24941.76,24920.89,24939.13
1784899200,24939.72,24952.65,24938.92,24949.79
1784899500,24950.78,24970.47,24947.66,24967.93
1784899800,24962.53,24976.32,24953.12,24962.6
1784900100,24962.64,24986.16,24956.36,24972.68
1784900400,24972.61,24980.94,24942.87,24950.0
1784900700,24948.72,24997.35,24945.99,24994.05
1784901000,24994.3,24997.08,24959.74,24960.38
1784901300,24960.57,24960.61,24941.32,24950.18
1784901600,24949.73,24986.0,24943.28,24960.9
1784901900,24960.8,24987.07,24954.76,24982.13
1784902200,24981.33,25001.12,24981.33,24993.71
1784902500,24993.64,24999.37,24973.21,24986.49
1784902800,24986.61,24988.48,24970.04,24975.06
1784903100,24974.77,24986.48,24965.16,24968.94
1784903400,24968.24,24981.79,24963.97,24976.86
1784903700,24976.27,24990.0,24951.28,24951.91
1784904000,24952.56,24972.66,24952.56,24958.79
1784904300,24958.95,24965.89,24942.64,24965.89
1784904600,24965.29,24980.11,24963.97,24971.63
1784904900,24972.01,25000.98,24972.01,24996.51
1784905200,24997.1,25000.76,24986.33,24986.54
1784905500,24986.6,24995.11,24981.74,24984.08
1784905800,24983.89,25051.49,24978.03,25051.13
1784906100,25050.69,25078.73,25047.19,25058.62
1784906400,25057.73,25074.62,25057.62,25066.65
1784906700,25067.23,25097.43,25065.74,25090.89
1785135600,25459.32,25471.9,25451.2,25471.9
1785135900,25472.39,25472.39,25409.47,25415.57
1785136200,25415.32,25438.64,25392.38,25438.55
1785136500,25437.44,25454.57,25432.31,25446.1
1785136800,25446.39,25455.55,25430.27,25432.12
1785137100,25432.66,25433.49,25392.72,25406.18
1785137400,25404.27,25421.46,25384.76,25421.46
1785137700,25422.15,25439.08,25418.09,25418.09
1785138000,25417.63,25426.14,25406.37,25424.89
1785138300,25424.0,25440.97,25420.37,25431.39
1785138600,25432.44,25450.26,25432.38,25438.66
1785138900,25438.28,25443.86,25387.07,25387.07
1785139200,25386.26,25395.79,25365.52,25379.21
1785139500,25375.48,25389.86,25372.32,25388.28
1785139800,25389.17,25412.72,25385.8,25411.77
1785140100,25412.49,25414.58,25399.12,25404.93
1785140400,25403.69,25424.11,25401.23,25411.83
1785140700,25413.06,25448.15,25412.33,25446.15
1785141000,25446.68,25456.2,25432.64,25443.64
1785141300,25442.64,25462.88,25438.87,25455.92
1785141600,25455.53,25490.35,25455.53,25490.18
1785141900,25491.43,25501.97,25480.49,25482.38
1785142200,25482.58,25501.35,25480.1,25500.81
1785142500,25500.35,25502.53,25485.85,25498.87
1785142800,25499.21,25500.38,25472.29,25476.24
1785143100,25475.68,25501.69,25475.38,25495.01
1785143400,25494.57,25500.73,25475.78,25477.66
1785143700,25477.93,25482.71,25475.57,25478.78
1785144000,25478.71,25488.02,25475.83,25487.96
1785144300,25488.2,25505.87,25483.47,25483.53
1785144600,25484.27,25490.66,25477.38,25487.4
1785144900,25487.03,25492.13,25476.67,25476.67
1785145200,25476.86,25476.86,25460.02,25468.37
1785145500,25468.66,25485.52,25461.89,25478.74
1785145800,25481.52,25492.55,25477.16,25489.86
1785146100,25491.29,25494.61,25473.11,25473.15
1785146400,25473.05,25474.47,25467.71,25472.71
1785146700,25472.34,25480.32,25466.59,25466.59
1785147000,25466.52,25484.81,25456.56,25484.81
1785147300,25484.75,25503.53,25483.55,25496.78
1785147600,25496.69,25498.62,25490.09,25494.86
1785147900,25496.77,25507.79,25460.28,25507.42
1785148200,25507.59,25511.72,25497.1,25499.59
1785148500,25499.09,25516.44,25499.09,25513.8
1785148800,25512.95,25514.94,25504.03,25505.05
1785149100,25504.92,25524.95,25504.31,25518.44
1785149400,25518.42,25521.02,25511.07,25511.07
1785149700,25511.01,25513.59,25499.29,25500.73
1785150000,25500.16,25520.39,25500.16,25508.23
1785150300,25507.73,25520.52,25505.08,25515.19
1785150600,25515.22,25516.19,25505.84,25513.02
1785150900,25513.29,25513.47,25498.95,25501.21
1785151200,25501.18,25510.45,25498.52,25510.0
1785151500,25509.72,25522.99,25504.76,25504.76
1785151800,25502.93,25523.51,25500.19,25522.09
1785152100,25522.19,25531.41,25519.67,25520.73
1785152400,25520.79,25526.57,25502.54,25523.24
1785152700,25523.53,25536.53,25523.53,25526.91
1785153000,25526.63,25536.57,25523.21,25534.79
1785153300,25534.65,25536.04,25521.33,25521.33
1785153600,25521.24,25535.65,25510.65,25532.26
1785153900,25532.07,25534.22,25522.56,25522.7
1785154200,25522.65,25522.65,25490.75,25491.76
1785154500,25491.53,25502.86,25485.6,25491.74
1785154800,25491.78,25500.42,25483.44,25500.42
1785155100,25500.11,25503.75,25495.16,25499.53
1785155400,25498.97,25506.24,25486.64,25504.73
1785155700,25504.84,25521.78,25502.54,25518.98
1785156000,25518.83,25521.59,25498.45,25502.72
1785156300,25503.21,25507.43,25496.49,25497.61
1785156600,25497.3,25497.67,25483.08,25486.66
1785156900,25486.53,25505.37,25484.81,25505.37
1785157200,25507.06,25514.26,25485.97,25490.3
1785157500,25490.15,25501.89,25478.81,25499.54
1785157800,25499.58,25513.97,25499.58,25506.66
1785158100,25506.79,25510.57,25495.02,25499.22
1785158400,25498.98,25512.76,25498.98,25508.27
1785158700,25508.4,25516.46,25498.97,25503.49
1785159000,25495.53,25504.09,25466.11,25502.13
1785159300,25501.74,25529.49,25497.98,25520.62
1785159600,25521.29,25540.02,25509.44,25509.44
1785159900,25509.63,25560.4,25499.61,25554.16
1785160200,25553.39,25555.9,25517.04,25519.74
1785160500,25519.64,25522.35,25469.61,25472.05
1785160800,25472.47,25502.13,25463.97,25491.27
1785161100,25490.59,25493.3,25464.45,25469.9
1785161400,25469.5,25469.5,25440.63,25457.4
1785161700,25457.56,25476.01,25449.79,25456.03
1785162000,25454.92,25472.66,25445.98,25455.75
1785162300,25455.55,25455.55,25426.92,25427.52
1785162600,25426.39,25432.9,25396.87,25422.21
1785162900,25420.45,25436.01,25407.17,25432.99
1785163200,25434.45,25434.45,25392.21,25404.01
1785163500,25403.0,25436.84,25403.0,25432.33
1785163800,25432.09,25445.46,25424.55,25441.42
1785164100,25441.54,25472.4,25439.21,25471.13
1785164400,25470.76,25471.2,25451.81,25458.39
1785164700,25459.26,25459.26,25428.41,25432.13
1785165000,25431.94,25446.11,25418.82,25441.59
1785165300,25440.59,25453.6,25414.76,25429.0
1785165600,25429.51,25448.25,25418.76,25418.76
1785165900,25419.14,25429.13,25412.82,25426.61
1785222000,25496.13,25498.47,25455.49,25455.49
1785222300,25455.32,25486.57,25436.36,25479.54
1785222600,25477.87,25488.88,25467.7,25484.52
1785222900,25486.83,25529.0,25481.86,25519.28
1785223200,25519.43,25548.73,25517.99,25536.09
1785223500,25535.96,25553.47,25519.78,25519.78
1785223800,25521.24,25522.76,25465.87,25517.21
1785224100,25517.07,25519.91,25499.98,25519.07
1785224400,25519.36,25522.76,25484.49,25485.24
1785224700,25484.78,25494.22,25472.74,25477.53
1785225000,25476.74,25492.75,25471.35,25486.21
1785225300,25486.14,25494.9,25473.27,25473.88
1785225600,25472.89,25487.42,25453.68,25483.03
1785225900,25484.55,25499.28,25470.28,25474.54
1785226200,25473.58,25473.91,25449.59,25451.92
1785226500,25452.39,25472.99,25429.74,25449.22
1785226800,25449.36,25464.21,25428.84,25463.24
1785227100,25462.84,25462.84,25448.42,25450.44
1785227400,25450.53,25455.41,25431.43,25455.41
1785227700,25455.3,25474.59,25454.79,25474.48
1785228000,25475.34,25496.93,25474.41,25496.93
1785228300,25496.84,25510.61,25492.78,25501.17
1785228600,25500.79,25513.23,25489.87,25490.01
1785228900,25489.94,25490.83,25475.77,25489.33
1785229200,25489.3,25493.03,25482.28,25487.23
1785229500,25486.67,25503.4,25481.99,25495.35
1785229800,25495.28,25507.41,25490.35,25497.48
1785230100,25497.62,25510.97,25497.59,25510.97
1785230400,25510.6,25515.15,25507.68,25513.9
1785230700,25513.94,25526.07,25510.39,25525.77
1785231000,25526.17,25526.63,25513.93,25521.77
1785231300,25521.2,25535.32,25515.31,25530.78
1785231600,25530.75,25531.81,25516.05,25516.05
1785231900,25516.02,25522.57,25515.2,25521.29
1785232200,25521.35,25528.52,25521.35,25523.08
1785232500,25523.53,25527.08,25510.23,25511.58
1785232800,25511.49,25519.81,25504.78,25508.14
1785233100,25507.99,25508.58,25488.06,25493.88
1785233400,25493.64,25501.75,25489.53,25495.87
1785233700,25496.11,25501.66,25491.87,25499.67
1785234000,25499.81,25499.87,25468.61,25468.61
1785234300,25468.5,25469.27,25454.87,25468.05
1785234600,25469.31,25469.31,25448.23,25453.58
1785234900,25452.87,25452.93,25430.87,25442.78
1785235200,25442.57,25442.7,25430.61,25440.13
1785235500,25440.33,25445.23,25429.71,25429.71
1785235800,25429.08,25456.31,25429.08,25455.83
1785236100,25456.41,25459.35,25448.51,25448.57
1785236400,25448.46,25448.46,25429.14,25435.7
1785236700,25435.67,25435.99,25411.65,25416.47
1785237000,25417.47,25419.99,25404.03,25410.34
1785237300,25409.44,25444.96,25405.72,25434.59
1785237600,25434.2,25435.08,25398.46,25398.46
1785237900,25399.26,25399.26,25383.39,25384.01
1785238200,25384.35,25384.35,25371.31,25371.7
1785238500,25371.93,25403.17,25370.0,25370.0
1785238800,25369.67,25369.67,25347.37,25367.89
1785239100,25367.09,25383.83,25366.34,25380.38
1785239400,25380.65,25391.85,25378.18,25379.99
1785239700,25379.75,25403.03,25369.69,25401.39
1785240000,25401.53,25411.21,25391.04,25411.09
1785240300,25411.57,25423.16,25398.7,25399.75
1785240600,25399.55,25400.59,25383.9,25387.46
1785240900,25386.69,25393.26,25382.27,25386.59
1785241200,25386.76,25388.15,25369.2,25379.89
1785241500,25380.09,25387.13,25368.96,25370.98
1785241800,25370.51,25383.64,25347.8,25363.33
1785242100,25363.83,25370.89,25350.99,25354.97
1785242400,25354.3,25366.56,25349.84,25350.41
1785242700,25350.3,25361.52,25344.64,25354.2
1785243000,25354.16,25358.75,25340.7,25351.46
1785243300,25351.6,25360.55,25333.55,25339.84
1785243600,25341.08,25341.91,25312.8,25315.47
1785243900,25315.72,25328.5,25308.19,25327.51
1785244200,25327.53,25328.95,25311.82,25316.3
1785244500,25316.58,25329.28,25310.82,25311.14
1785244800,25311.45,25318.38,25309.59,25315.55
1785245100,25315.45,25328.1,25307.17,25323.62
1785245400,25321.62,25357.16,25314.43,25357.16
1785245700,25356.5,25367.78,25336.29,25345.51
1785246000,25345.27,25368.14,25341.72,25361.31
1785246300,25361.07,25376.72,25332.7,25357.13
1785246600,25358.13,25373.74,25334.86,25346.87
1785246900,25346.8,25354.23,25336.18,25351.93
1785247200,25352.01,25381.61,25348.84,25376.33
1785247500,25378.71,25403.17,25376.61,25387.88
1785247800,25388.09,25400.65,25380.62,25385.71
1785248100,25386.46,25398.63,25381.52,25392.3
1785248400,25391.82,25410.67,25380.69,25397.33
1785248700,25398.78,25409.78,25391.92,25405.24
1785249000,25406.58,25408.28,25379.63,25379.63
1785249300,25379.78,25414.92,25379.28,25394.07
1785249600,25394.02,25406.6,25392.58,25400.25
1785249900,25399.87,25409.91,25378.24,25409.8
1785250200,25408.26,25418.74,25401.11,25410.35
1785250500,25410.28,25413.71,25387.98,25390.92
1785250800,25390.52,25400.91,25365.45,25369.53
1785251100,25369.29,25390.83,25369.14,25390.57
1785251400,25390.27,25446.85,25390.27,25437.66
1785251700,25439.15,25488.86,25438.1,25482.5
1785252000,25485.03,25508.98,25485.03,25489.6
1785252300,25490.12,25491.28,25467.88,25489.74
1785308400,25551.97,25554.2,25530.72,25538.79
1785308700,25538.32,25553.74,25535.45,25550.2
1785309000,25549.73,25565.1,25531.55,25541.32
1785309300,25541.15,25545.7,25527.43,25527.43
1785309600,25527.53,25534.43,25505.77,25520.49
1785309900,25519.04,25520.94,25498.3,25520.34
1785310200,25522.2,25528.68,25515.08,25525.81
1785310500,25525.58,25534.97,25513.67,25533.22
1785310800,25532.68,25537.04,25519.27,25519.27
1785311100,25519.56,25529.99,25504.79,25525.4
1785311400,25524.33,25524.33,25489.11,25489.11
1785311700,25489.14,25512.22,25480.76,25483.5
1785312000,25483.45,25483.45,25451.1,25455.4
1785312300,25455.13,25476.88,25449.58,25468.0
1785312600,25468.22,25475.81,25427.9,25431.11
1785312900,25430.51,25449.05,25425.53,25435.8
1785313200,25436.57,25441.09,25389.41,25389.53
1785313500,25389.01,25390.65,25359.71,25370.76
1785313800,25371.72,25441.53,25371.48,25428.33
1785314100,25428.67,25429.54,25391.35,25391.35
1785314400,25391.23,25406.93,25381.05,25404.73
1785314700,25404.54,25426.89,25402.32,25426.89
1785315000,25426.78,25438.19,25421.14,25424.96
1785315300,25424.33,25446.39,25424.02,25431.18
1785315600,25431.32,25433.15,25403.29,25413.21
1785315900,25413.31,25421.97,25396.67,25396.67
1785316200,25397.18,25403.5,25386.08,25403.26
1785316500,25402.7,25403.05,25367.92,25377.35
1785316800,25377.22,25377.22,25357.65,25370.95
1785317100,25371.24,25374.26,25345.21,25353.6
1785317400,25353.12,25370.62,25336.39,25351.89
1785317700,25351.52,25369.57,25343.06,25350.14
1785318000,25350.2,25378.76,25350.2,25373.92
1785318300,25373.68,25391.81,25373.68,25387.9
1785318600,25388.4,25390.21,25376.64,25379.88
1785318900,25381.18,25382.97,25365.79,25372.81
1785319200,25372.95,25389.61,25356.19,25389.18
1785319500,25388.1,25396.43,25360.77,25384.17
1785319800,25384.71,25402.88,25380.86,25399.2
1785320100,25398.99,25415.46,25398.7,25415.46
1785320400,25415.39,25424.99,25407.24,25408.87
1785320700,25409.94,25433.17,25399.75,25433.13
1785321000,25433.24,25439.41,25425.88,25426.38
1785321300,25426.46,25438.25,25421.21,25435.1
1785321600,25440.85,25477.5,25431.8,25476.96
1785321900,25477.02,25485.56,25459.88,25473.36
1785322200,25473.05,25476.91,25442.34,25448.67
1785322500,25448.78,25452.5,25434.46,25451.25
1785322800,25452.5,25480.45,25452.5,25473.26
1785323100,25472.57,25490.11,25453.16,25482.58
1785323400,25482.55,25503.03,25482.55,25487.29
1785323700,25487.2,25509.93,25480.46,25501.43
1785324000,25500.73,25505.39,25490.88,25491.13
1785324300,25491.55,25522.53,25490.89,25516.98
1785324600,25516.3,25520.77,25503.72,25508.73
1785324900,25508.39,25521.6,25504.34,25508.66
1785325200,25508.8,25515.15,25497.53,25509.07
1785325500,25509.1,25534.95,25507.55,25534.92
1785325800,25534.86,25536.66,25527.47,25535.15
1785326100,25535.06,25556.4,25533.05,25555.62
1785326400,25555.9,25569.9,25550.75,25569.9
1785326700,25570.04,25571.45,25540.43,25541.86
1785327000,25541.81,25554.22,25524.3,25531.24
1785327300,25531.78,25535.68,25443.73,25474.72
1785327600,25474.74,25496.32,25469.01,25484.15
1785327900,25484.22,25523.0,25482.35,25496.08
1785328200,25496.87,25520.4,25481.68,25520.4
1785328500,25521.18,25529.39,25505.78,25511.33
1785328800,25511.03,25513.09,25491.62,25507.5
1785329100,25507.36,25508.22,25481.56,25501.97
1785329400,25502.06,25514.81,25492.42,25502.56
1785329700,25502.37,25511.62,25489.83,25497.54
1785330000,25496.3,25507.64,25479.65,25493.33
1785330300,25492.37,25512.71,25488.74,25512.71
1785330600,25512.43,25524.32,25504.5,25508.46
1785330900,25508.73,25516.48,25488.35,25488.35
1785331200,25488.73,25513.24,25486.89,25513.13
1785331500,25512.03,25525.96,25506.3,25521.35
1785331800,25520.13,25536.4,25509.96,25517.84
1785332100,25519.42,25522.85,25499.64,25516.5
1785332400,25516.73,25516.73,25486.25,25489.41
1785332700,25487.98,25503.75,25484.18,25484.22
1785333000,25484.36,25490.89,25461.63,25486.86
1785333300,25487.56,25500.39,25456.28,25497.69
1785333600,25499.12,25524.31,25490.12,25520.28
1785333900,25520.52,25536.61,25498.31,25504.34
1785334200,25504.21,25520.61,25485.17,25497.05
1785334500,25497.17,25522.6,25489.87,25490.15
1785334800,25491.75,25507.86,25485.03,25493.03
1785335100,25494.13,25494.13,25462.2,25463.42
1785335400,25463.04,25480.73,25456.77,25475.08
1785335700,25475.37,25476.49,25464.16,25469.53
1785336000,25469.91,25470.82,25432.77,25439.95
1785336300,25440.65,25463.47,25440.65,25456.44
1785336600,25456.6,25480.98,25456.6,25476.59
1785336900,25477.13,25478.79,25446.35,25462.96
1785337200,25462.37,25474.22,25451.01,25467.53
1785337500,25469.04,25483.3,25467.88,25482.41
1785337800,25483.32,25497.44,25479.44,25487.69
1785338100,25487.55,25487.55,25460.57,25461.51
1785338400,25460.82,25476.61,25459.38,25467.2
1785338700,25467.23,25469.66,25441.47,25447.88
1785395100,25487.45,25494.6,25359.07,25385.07
1785395400,25385.51,25420.99,25374.08,25380.11
1785395700,25380.66,25386.26,25341.44,25350.58
1785396000,25350.72,25356.15,25309.67,25356.13
1785396300,25356.27,25380.07,25343.71,25367.26
1785396600,25367.45,25375.59,25326.01,25326.88
1785396900,25326.93,25329.78,25303.11,25329.78
1785397200,25330.32,25360.85,25329.65,25358.99
1785397500,25360.24,25387.17,25360.24,25387.17
1785397800,25387.58,25420.51,25385.23,25391.79
1785398100,25390.91,25393.38,25380.72,25383.14
1785398400,25383.27,25383.35,25358.88,25380.71
1785398700,25382.76,25414.49,25373.71,25407.46
1785399000,25409.12,25436.71,25408.06,25420.27
1785399300,25420.4,25421.17,25402.87,25402.87
1785399600,25402.2,25435.54,25395.03,25435.3
1785399900,25435.39,25451.81,25433.87,25439.77
1785400200,25439.12,25462.61,25437.93,25453.61
1785400500,25453.22,25453.22,25421.76,25426.68
1785400800,25426.71,25442.67,25423.8,25433.22
1785401100,25432.47,25447.33,25428.13,25428.13
1785401400,25428.09,25428.72,25412.24,25420.91
1785401700,25420.78,25437.56,25411.1,25436.31
1785402000,25436.44,25477.83,25433.49,25476.6
1785402300,25475.94,25491.79,25471.08,25491.77
1785402600,25491.46,25510.04,25483.55,25498.75
1785402900,25498.72,25502.4,25489.48,25499.56
1785403200,25500.42,25509.36,25496.1,25506.11
1785403500,25506.14,25512.8,25492.9,25495.98
1785403800,25496.5,25499.29,25465.15,25491.11
1785404100,25490.95,25508.39,25489.19,25489.45
1785404400,25489.32,25492.18,25474.68,25481.59
1785404700,25482.06,25497.63,25480.2,25489.03
1785405000,25490.67,25491.35,25473.05,25475.41
1785405300,25475.13,25475.13,25418.62,25419.83
1785405600,25419.14,25439.01,25412.84,25422.08
1785405900,25419.67,25440.89,25418.1,25440.04
1785406200,25439.91,25447.15,25400.26,25413.68
1785406500,25413.81,25431.86,25413.31,25430.67
1785406800,25430.91,25457.88,25429.37,25445.86
1785407100,25445.99,25461.11,25440.93,25446.76
1785407400,25446.93,25469.67,25445.8,25469.54
1785407700,25469.81,25492.51,25469.52,25476.48
1785408000,25476.24,25497.66,25472.57,25479.0
1785408300,25478.2,25485.58,25460.81,25461.4
1785408600,25461.23,25471.67,25455.09,25455.71
1785408900,25455.9,25466.67,25445.93,25450.72
1785409200,25450.36,25479.36,25449.47,25476.35
1785409500,25476.7,25498.2,25475.92,25497.09
1785409800,25497.28,25498.29,25489.06,25497.96
1785410100,25498.46,25520.1,25493.15,25514.97
1785410400,25516.26,25525.91,25514.92,25525.26
1785410700,25525.0,25530.02,25513.27,25517.61
1785411000,25519.51,25532.5,25498.69,25498.82
1785411300,25498.66,25512.5,25498.66,25505.35
1785411600,25504.65,25526.18,25493.2,25518.95
1785411900,25519.32,25530.68,25514.31,25524.81
1785412200,25524.27,25544.36,25523.14,25543.56
1785412500,25543.08,25549.43,25530.94,25533.28
1785412800,25533.07,25540.85,25518.12,25534.51
1785413100,25536.21,25543.57,25526.99,25531.12
1785413400,25530.85,25538.45,25514.44,25521.87
1785413700,25520.41,25533.46,25509.37,25524.05
1785414000,25524.92,25545.88,25515.66,25543.06
1785414300,25543.34,25552.14,25523.47,25528.1
1785414600,25525.35,25530.89,25485.59,25499.44
1785414900,25499.25,25523.16,25498.56,25505.58
1785415200,25506.17,25512.24,25489.82,25511.14
1785415500,25510.9,25518.64,25493.18,25494.94
1785415800,25495.53,25505.12,25489.6,25498.4
1785416100,25497.87,25515.27,25496.91,25510.85
1785416400,25511.51,25543.23,25511.51,25539.59
1785416700,25539.26,25577.01,25533.03,25560.95
1785417000,25560.82,25562.07,25535.51,25542.09
1785417300,25545.52,25557.18,25525.8,25534.02
1785417600,25533.03,25553.57,25522.58,25552.81
1785417900,25552.41,25590.74,25550.99,25590.74
1785418200,25590.56,25611.4,25568.82,25570.0
1785418500,25570.54,25571.12,25537.61,25537.9
1785418800,25537.71,25539.23,25514.05,25524.06
1785419100,25525.88,25578.07,25525.88,25575.08
1785419400,25576.52,25619.12,25573.69,25618.3
1785419700,25618.4,25631.27,25609.15,25627.72
1785420000,25629.13,25631.13,25591.7,25596.85
1785420300,25596.73,25611.99,25587.47,25609.77
1785420600,25610.2,25626.36,25595.8,25607.71
1785420900,25608.22,25628.4,25592.68,25619.81
1785421200,25620.27,25640.96,25612.24,25616.24
1785421500,25616.21,25648.34,25608.62,25640.86
1785421800,25640.91,25648.63,25630.4,25635.56
1785422100,25634.88,25639.23,25622.71,25634.38
1785422400,25635.61,25647.2,25627.03,25637.07
1785422700,25637.0,25651.16,25616.66,25616.66
1785423000,25616.02,25618.83,25598.54,25609.25
1785423300,25609.17,25619.59,25592.48,25611.7
1785423600,25611.75,25615.08,25584.19,25590.5
1785423900,25589.67,25614.53,25577.14,25612.0
1785424200,25612.29,25612.49,25566.33,25567.03
1785424500,25566.61,25592.7,25560.9,25592.16
1785424800,25593.46,25605.78,25583.45,25583.6
1785425100,25583.63,25595.35,25568.06,25574.62
1785481200,25709.37,25717.5,25699.51,25708.45
1785481500,25711.13,25799.95,25705.78,25796.29
1785481800,25795.61,25823.52,25777.69,25807.99
1785482100,25808.58,25837.47,25784.27,25837.47
1785482400,25837.36,25847.76,25829.5,25843.83
1785482700,25845.07,25887.15,25845.07,25878.13
1785483000,25877.65,25891.51,25867.95,25869.48
1785483300,25868.76,25878.65,25850.89,25860.18
1785483600,25857.36,25875.54,25856.13,25874.48
1785483900,25874.32,25878.93,25866.67,25869.46
1785484200,25869.05,25873.21,25849.23,25865.3
1785484500,25865.92,25890.7,25865.42,25879.07
1785484800,25877.99,25877.99,25846.64,25851.04
1785485100,25851.87,25859.5,25824.93,25828.33
1785485400,25827.2,25847.98,25819.77,25844.23
1785485700,25844.68,25887.03,25844.68,25886.07
1785486000,25886.6,25886.6,25865.56,25870.09
1785486300,25871.1,25880.8,25867.6,25872.73
1785486600,25872.4,25872.4,25857.03,25865.22
1785486900,25865.23,25871.16,25839.83,25841.71
1785487200,25841.14,25849.19,25831.53,25837.88
1785487500,25838.14,25846.11,25831.4,25844.33
1785487800,25843.42,25848.06,25830.34,25839.65
1785488100,25840.27,25850.02,25838.32,25847.93
1785488400,25846.65,25849.03,25812.02,25812.02
1785488700,25812.31,25812.31,25790.42,25798.47
1785489000,25798.9,25835.86,25798.9,25835.68
1785489300,25835.75,25854.35,25835.57,25853.3
1785489600,25853.86,25854.93,25831.42,25833.79
1785489900,25833.91,25847.67,25831.85,25831.85
1785490200,25830.7,25835.06,25804.65,25805.14
1785490500,25805.5,25815.97,25790.41,25799.11
1785490800,25798.46,25808.43,25793.29,25805.63
1785491100,25805.4,25818.14,25799.47,25818.14
1785491400,25820.52,25832.59,25806.16,25808.3
1785491700,25812.63,25812.63,25789.17,25797.16
1785492000,25800.09,25800.09,25787.1,25789.65
1785492300,25789.46,25800.39,25783.12,25783.12
1785492600,25783.74,25798.22,25771.13,25797.56
1785492900,25797.69,25800.32,25788.07,25800.23
1785493200,25800.04,25820.78,25800.04,25804.16
1785493500,25803.87,25813.06,25803.13,25805.35
1785493800,25808.44,25822.14,25799.03,25805.71
1785494100,25805.58,25813.15,25802.82,25806.89
1785494400,25806.98,25822.88,25806.79,25817.62
1785494700,25817.69,25820.0,25811.1,25815.08
1785495000,25816.21,25819.56,25796.04,25796.04
1785495300,25795.32,25796.83,25780.08,25784.08
1785495600,25782.21,25801.98,25782.21,25800.72
1785495900,25800.24,25800.67,25769.12,25772.45
1785496200,25772.64,25772.64,25760.0,25760.0
1785496500,25760.43,25762.85,25739.75,25762.09
1785496800,25762.22,25765.82,25745.78,25749.19
1785497100,25749.4,25752.66,25733.09,25735.81
1785497400,25735.94,25735.94,25707.87,25708.85
1785497700,25708.34,25712.48,25683.12,25686.2
1785498000,25686.24,25691.77,25682.23,25685.72
1785498300,25686.05,25706.51,25675.36,25702.35
1785498600,25701.48,25704.53,25687.02,25702.82
1785498900,25703.36,25718.62,25703.36,25718.62
1785499200,25716.2,25716.52,25691.4,25692.47
1785499500,25692.33,25698.23,25682.89,25696.64
1785499800,25696.69,25698.13,25680.69,25680.69
1785500100,25679.9,25680.93,25672.42,25677.12
1785500400,25676.79,25681.91,25666.56,25681.68
1785500700,25684.68,25692.1,25672.44,25672.44
1785501000,25672.25,25681.75,25632.43,25668.73
1785501300,25669.21,25671.93,25649.77,25650.9
1785501600,25650.61,25662.21,25646.52,25661.46
1785501900,25662.25,25663.69,25654.24,25657.05
1785502200,25656.92,25661.86,25641.98,25653.74
1785502500,25653.04,25654.02,25627.27,25640.14
1785502800,25640.33,25654.5,25635.66,25648.24
1785503100,25647.32,25649.59,25632.92,25635.55
1785503400,25635.84,25647.98,25630.35,25637.95
1785503700,25638.08,25657.28,25638.08,25648.71
1785504000,25648.67,25665.11,25646.27,25664.42
1785504300,25663.63,25667.56,25641.34,25649.44
1785504600,25651.91,25652.53,25622.54,25636.86
1785504900,25636.22,25644.09,25603.88,25603.88
1785505200,25604.93,25619.27,25595.61,25598.55
1785505500,25598.79,25600.54,25572.33,25593.06
1785505800,25591.11,25595.45,25565.04,25578.88
1785506100,25581.15,25612.5,25576.13,25591.18
1785506400,25590.32,25605.77,25575.81,25575.81
1785506700,25576.25,25587.47,25549.53,25572.53
1785507000,25572.66,25578.76,25552.4,25569.33
1785507300,25570.28,25600.85,25551.52,25588.22
1785507600,25590.18,25616.95,25589.42,25609.63
1785507900,25609.96,25641.8,25609.96,25629.82
1785508200,25631.01,25637.44,25616.04,25625.76
1785508500,25625.57,25648.77,25624.75,25648.63
1785508800,25648.58,25668.58,25643.34,25664.64
1785509100,25664.8,25681.81,25664.8,25674.92
1785509400,25675.03,25683.04,25672.6,25677.24
1785509700,25677.79,25693.81,25676.29,25693.81
1785510000,25693.16,25699.17,25680.67,25690.78
1785510300,25690.92,25697.05,25676.32,25680.52
1785510600,25680.33,25697.45,25678.33,25694.74
1785510900,25693.6,25710.23,25668.85,25678.81
1785511200,25678.7,25681.36,25655.83,25658.04
1785511500,25657.27,25663.98,25626.66,25631.55
1785740400,25855.12,25869.48,25855.12,25862.24
1785740700,25861.4,25909.83,25861.22,25880.74
1785741000,25879.53,25925.8,25877.83,25924.69
1785741300,25925.86,25957.53,25916.52,25937.96
1785741600,25938.45,25965.44,25926.5,25960.36
1785741900,25959.9,25974.92,25958.13,25965.37
1785742200,25964.96,25971.94,25937.06,25971.94
1785742500,25971.91,25984.22,25952.26,25959.48
1785742800,25959.66,25961.82,25936.3,25939.67
1785743100,25940.92,25964.17,25936.32,25955.35
1785743400,25955.56,25964.55,25941.18,25963.45
1785743700,25963.62,25977.05,25963.02,25969.24
1785744000,25970.2,25979.64,25965.14,25966.95
1785744300,25966.16,25983.17,25958.95,25975.01
1785744600,25976.45,25996.42,25972.42,25996.29
1785744900,25996.35,25997.33,25957.06,25957.06
1785745200,25957.3,25965.49,25957.3,25964.19
1785745500,25967.59,25973.5,25951.19,25970.91
1785745800,25971.45,25971.93,25943.31,25954.62
1785746100,25955.46,25973.08,25953.98,25973.08
1785746400,25972.89,25974.35,25956.77,25962.92
1785746700,25962.79,25976.77,25959.52,25975.16
1785747000,25975.3,25990.88,25975.3,25989.89
1785747300,25989.83,26007.14,25988.59,26002.8
1785747600,26002.73,26010.1,25996.13,26006.82
1785747900,26006.7,26006.75,25994.75,26002.22
1785748200,26001.93,26007.19,25987.42,25990.86
1785748500,25991.05,26002.86,25990.1,26002.1
1785748800,26003.58,26005.27,25992.56,25993.22
1785749100,25992.68,25997.38,25985.95,25996.31
1785749400,25996.7,26016.09,25995.32,26007.83
1785749700,26008.42,26022.02,26007.16,26008.75
1785750000,26008.79,26014.99,26004.44,26007.58
1785750300,26007.34,26027.58,26006.77,26024.77
1785750600,26025.2,26025.38,26006.18,26007.07
1785750900,26006.89,26009.43,25993.9,26001.05
1785751200,25998.81,26000.29,25981.52,25996.34
1785751500,25996.72,25998.63,25982.05,25982.05
1785751800,25982.49,26002.2,25977.96,25994.59
1785752100,25994.85,26020.12,25992.83,26013.38
1785752400,26013.08,26014.0,25994.41,26006.72
1785752700,26006.43,26021.71,26006.42,26016.93
1785753000,26017.79,26021.63,25995.07,26000.88
1785753300,26001.04,26001.22,25983.66,25988.49
1785753600,25989.04,26003.11,25982.11,26003.05
1785753900,26003.5,26007.09,25997.06,25997.06
1785754200,25997.24,26000.28,25987.2,25987.2
1785754500,25987.42,25994.27,25987.42,25990.71
1785754800,25990.98,26002.88,25983.39,26002.76
1785755100,26003.24,26006.38,25987.42,25990.72
1785755400,25990.25,25995.21,25986.31,25994.74
1785755700,25994.55,26008.08,25985.75,26007.84
1785756000,26008.42,26014.99,26005.25,26011.9
1785756300,26010.65,26017.43,26005.72,26015.44
1785756600,26015.06,26026.59,26012.76,26025.48
1785756900,26025.34,26025.34,26014.2,26020.99
1785757200,26020.48,26028.94,26015.07,26025.22
1785757500,26025.56,26025.57,26013.25,26016.09
1785757800,26017.17,26017.45,26009.72,26012.09
1785758100,26011.85,26014.33,26005.1,26006.7
1785758400,26006.08,26007.56,25994.6,26001.32
1785758700,26001.72,26002.78,25963.55,25965.53
1785759000,25966.07,25979.04,25965.79,25976.4
1785759300,25977.55,25986.61,25966.42,25966.99
1785759600,25967.11,25968.52,25950.7,25950.7
1785759900,25950.99,25951.67,25934.98,25947.45
1785760200,25947.43,25955.31,25943.29,25955.31
1785760500,25957.46,25976.1,25951.56,25965.21
1785760800,25965.82,25984.16,25965.82,25976.5
1785761100,25976.21,25985.49,25973.26,25974.84
1785761400,25974.41,25979.49,25963.43,25979.16
1785761700,25978.75,25996.83,25972.72,25996.59
1785762000,25996.3,26004.04,25982.32,25987.46
1785762300,25987.56,25987.72,25965.31,25968.36
1785762600,25968.64,25971.26,25947.59,25949.55
1785762900,25949.6,25975.23,25949.6,25973.4
1785763200,25973.26,25982.17,25967.6,25982.17
1785763500,25982.72,25988.77,25971.81,25974.65
1785763800,25975.65,25984.38,25958.46,25970.19
1785764100,25969.21,26006.1,25966.03,25991.38
1785764400,25991.11,26018.53,25988.09,26013.68
1785764700,26015.85,26034.05,26011.89,26023.43
1785765000,26023.57,26050.55,26023.57,26041.14
1785765300,26041.85,26050.42,26034.21,26046.01
1785765600,26046.34,26057.74,26031.87,26057.74
1785765900,26056.86,26071.61,26052.29,26060.23
1785766200,26061.25,26071.53,26054.94,26058.77
1785766500,26058.72,26073.24,26043.67,26046.56
1785766800,26045.29,26059.55,26037.21,26054.9
1785767100,26054.74,26065.9,26051.47,26055.31
1785767400,26055.6,26077.91,26055.6,26063.86
1785767700,26063.44,26079.77,26063.44,26074.54
1785768000,26076.15,26096.93,26070.09,26071.86
1785768300,26071.48,26071.48,26053.67,26066.0
1785768600,26064.93,26070.97,26051.73,26063.2
1785768900,26063.16,26072.83,26059.36,26062.79
1785769200,26063.1,26068.66,26040.88,26040.88
1785769500,26040.79,26047.5,26032.65,26045.44
1785769800,26045.6,26046.47,26024.55,26026.05
1785770100,26026.81,26039.78,26026.81,26038.31
1785770400,26038.43,26054.18,26037.21,26042.47
1785770700,26042.91,26057.26,26032.74,26038.36
1785826800,26189.62,26217.98,26179.16,26215.78
1785827100,26212.26,26234.21,26194.57,26214.89
1785827400,26214.96,26232.37,26214.49,26230.95
1785827700,26230.98,26244.19,26228.0,26241.88
1785828000,26242.11,26243.01,26210.81,26222.93
1785828300,26223.36,26246.21,26217.73,26242.08
1785828600,26242.96,26256.37,26238.79,26245.96
1785828900,26246.84,26248.27,26229.04,26241.35
1785829200,26241.22,26244.4,26219.86,26232.88
1785829500,26232.85,26245.72,26218.77,26245.23
1785829800,26244.12,26245.05,26231.3,26238.65
1785830100,26238.94,26266.5,26237.89,26264.29
1785830400,26264.88,26264.88,26231.23,26231.23
1785830700,26231.16,26231.19,26218.63,26230.3
1785831000,26230.59,26231.03,26205.24,26212.68
1785831300,26212.09,26216.97,26199.13,26199.81
1785831600,26199.11,26209.46,26193.97,26207.5
1785831900,26209.31,26224.04,26204.95,26221.05
1785832200,26220.91,26220.91,26186.78,26188.27
1785832500,26187.08,26188.2,26176.96,26184.45
1785832800,26184.98,26188.41,26159.79,26163.32
1785833100,26163.93,26163.93,26141.3,26144.94
1785833400,26145.01,26145.21,26128.11,26129.53
1785833700,26129.88,26144.56,26127.13,26140.92
1785834000,26140.77,26155.15,26127.99,26135.8
1785834300,26135.57,26140.28,26119.36,26133.2
1785834600,26132.96,26138.55,26118.7,26122.22
1785834900,26121.92,26123.98,26107.57,26122.96
1785835200,26123.52,26142.64,26119.99,26141.05
1785835500,26141.09,26141.37,26123.22,26136.81
1785835800,26137.29,26156.87,26137.29,26156.74
1785836100,26156.37,26161.61,26148.36,26155.46
1785836400,26156.37,26162.64,26154.85,26156.86
1785836700,26157.34,26158.59,26146.36,26149.07
1785837000,26147.25,26147.28,26132.67,26133.62
1785837300,26134.05,26134.05,26117.63,26127.91
1785837600,26127.88,26128.08,26109.32,26110.63
1785837900,26110.86,26110.86,26099.57,26106.36
1785838200,26106.93,26113.91,26101.08,26107.54
1785838500,26107.19,26108.47,26082.43,26091.85
1785838800,26092.14,26101.73,26086.96,26094.39
1785839100,26094.76,26107.16,26091.69,26101.99
1785839400,26102.13,26123.03,26102.13,26120.17
1785839700,26120.22,26128.07,26116.34,26117.32
1785840000,26117.83,26135.52,26108.01,26135.17
1785840300,26135.77,26171.53,26133.33,26165.04
1785840600,26164.85,26164.85,26151.6,26159.59
1785840900,26159.54,26174.27,26140.12,26142.89
1785841200,26143.47,26163.61,26143.47,26152.77
1785841500,26153.12,26173.66,26151.26,26168.41
1785841800,26167.32,26172.4,26158.52,26158.76
1785842100,26158.2,26164.78,26152.8,26161.7
1785842400,26161.35,26165.53,26154.75,26157.82
1785842700,26156.75,26167.79,26156.63,26167.68
1785843000,26167.82,26175.13,26164.67,26165.43
1785843300,26165.2,26187.09,26161.85,26185.9
1785843600,26186.23,26216.91,26170.76,26216.91
1785843900,26216.53,26216.62,26201.19,26206.64
1785844200,26206.61,26223.87,26205.06,26218.82
1785844500,26219.01,26227.6,26216.12,26223.4
1785844800,26223.36,26236.88,26216.79,26234.34
1785845100,26234.83,26236.68,26209.85,26222.94
1785845400,26222.64,26236.67,26218.44,26223.32
1785845700,26223.02,26224.81,26203.05,26210.15
1785846000,26210.49,26223.44,26206.94,26219.19
1785846300,26220.15,26229.15,26201.71,26203.76
1785846600,26203.38,26218.02,26200.84,26214.78
1785846900,26214.61,26215.21,26193.0,26193.0
1785847200,26192.61,26192.64,26167.93,26168.4
1785847500,26168.05,26181.06,26163.29,26165.4
1785847800,26165.54,26169.44,26157.38,26159.66
1785848100,26159.63,26159.63,26144.04,26144.56
1785848400,26144.5,26159.85,26139.34,26155.93
1785848700,26155.67,26187.61,26154.78,26178.79
1785849000,26178.82,26183.23,26165.62,26169.17
1785849300,26169.13,26191.85,26169.13,26191.55
1785849600,26191.66,26241.1,26188.98,26235.37
1785849900,26235.15,26243.81,26230.59,26238.4
1785850200,26239.12,26241.48,26217.91,26227.05
1785850500,26228.11,26231.94,26210.63,26219.8
1785850800,26219.91,26240.02,26210.25,26210.25
1785851100,26209.33,26225.98,26200.93,26207.47
1785851400,26207.53,26221.46,26196.75,26216.64
1785851700,26216.83,26222.27,26194.06,26204.04
1785852000,26204.82,26205.99,26186.2,26197.04
1785852300,26196.7,26201.37,26176.47,26176.47
1785852600,26176.1,26193.08,26175.27,26193.08
1785852900,26194.09,26222.72,26194.09,26208.64
1785853200,26208.6,26211.64,26178.09,26180.43
1785853500,26179.63,26195.84,26176.0,26176.09
1785853800,26177.91,26197.57,26175.73,26193.92
1785854100,26192.14,26250.9,26191.96,26219.94
1785854400,26220.51,26223.42,26212.55,26214.52
1785854700,26214.72,26232.33,26214.72,26217.19
1785855000,26217.24,26226.91,26210.61,26210.61
1785855300,26210.51,26216.54,26206.74,26210.63
1785855600,26208.91,26209.53,26192.77,26208.14
1785855900,26208.76,26219.24,26202.71,26206.23
1785856200,26206.35,26215.43,26204.66,26211.34
1785856500,26210.79,26219.74,26202.4,26214.01
1785856800,26214.36,26222.7,26211.47,26212.77
1785857100,26212.96,26230.72,26212.96,26221.66
1785913200,26393.43,26403.81,26369.77,26370.36
1785913500,26372.27,26395.87,26357.67,26369.87
1785913800,26369.31,26374.75,26339.35,26359.68
1785914100,26361.96,26379.17,26347.62,26368.6
1785914400,26367.77,26374.26,26358.07,26365.39
1785914700,26365.57,26366.06,26349.03,26353.45
1785915000,26354.79,26360.18,26333.16,26334.69
1785915300,26334.92,26339.6,26320.18,26333.88
1785915600,26335.15,26338.8,26296.76,26297.04
1785915900,26297.48,26318.23,26294.07,26316.93
1785916200,26315.69,26328.96,26296.57,26296.95
1785916500,26295.87,26315.05,26293.65,26298.86
1785916800,26296.42,26296.42,26264.79,26270.42
1785917100,26270.75,26270.75,26253.41,26253.77
1785917400,26254.55,26255.55,26221.96,26227.35
1785917700,26226.61,26261.01,26221.39,26250.85
1785918000,26249.32,26257.4,26231.01,26236.86
1785918300,26237.68,26259.66,26237.47,26259.66
1785918600,26259.63,26260.7,26229.33,26233.24
1785918900,26232.47,26248.89,26232.4,26242.1
1785919200,26240.53,26246.78,26237.02,26241.47
1785919500,26241.34,26267.56,26239.71,26267.5
1785919800,26267.31,26279.97,26246.79,26250.76
1785920100,26250.8,26251.18,26235.63,26241.22
1785920400,26240.78,26243.44,26230.02,26232.93
1785920700,26232.35,26246.07,26230.49,26245.36
1785921000,26242.42,26246.31,26219.8,26219.91
1785921300,26220.45,26229.36,26213.52,26223.12
1785921600,26223.36,26226.97,26210.53,26219.8
1785921900,26219.09,26234.17,26198.23,26227.64
1785922200,26227.97,26229.22,26219.75,26222.72
1785922500,26222.96,26225.03,26201.48,26203.6
1785922800,26204.74,26212.37,26200.26,26209.23
1785923100,26209.8,26211.51,26197.3,26203.16
1785923400,26203.37,26213.08,26196.6,26210.67
1785923700,26210.8,26216.45,26208.48,26213.55
1785924000,26213.85,26216.93,26196.43,26199.0
1785924300,26198.9,26206.26,26194.42,26194.42
1785924600,26194.61,26204.72,26188.5,26199.37
1785924900,26199.75,26200.38,26189.26,26197.29
1785925200,26197.73,26204.25,26184.96,26185.54
1785925500,26185.61,26202.72,26185.61,26200.5
1785925800,26200.61,26202.67,26189.43,26202.2
1785926100,26204.7,26217.93,26204.7,26215.5
1785926400,26215.55,26215.79,26187.28,26196.89
1785926700,26198.85,26204.01,26177.25,26183.87
1785927000,26183.67,26189.44,26172.54,26189.44
1785927300,26190.9,26191.7,26174.48,26179.15
1785927600,26180.28,26195.9,26174.88,26195.41
1785927900,26194.86,26200.07,26178.49,26200.07
1785928200,26199.99,26210.01,26192.06,26208.92
1785928500,26209.46,26226.38,26207.79,26225.85
1785928800,26226.28,26231.99,26216.7,26230.15
1785929100,26229.86,26233.4,26218.52,26218.79
1785929400,26217.93,26229.54,26210.48,26227.75
1785929700,26227.45,26230.25,26215.71,26219.18
1785930000,26219.2,26228.28,26219.2,26225.34
1785930300,26225.15,26248.34,26224.24,26248.34
1785930600,26247.84,26258.7,26246.37,26254.04
1785930900,26254.22,26262.68,26250.96,26257.52
1785931200,26257.59,26264.65,26250.26,26250.26
1785931500,26249.72,26251.25,26229.3,26235.29
1785931800,26236.17,26249.69,26231.26,26248.82
1785932100,26248.75,26260.44,26245.26,26254.39
1785932400,26254.43,26260.47,26250.19,26254.01
1785932700,26253.82,26273.5,26252.86,26258.66
1785933000,26257.89,26267.81,26248.79,26262.97
1785933300,26263.32,26263.32,26251.52,26259.5
1785933600,26260.15,26264.49,26241.81,26242.83
1785933900,26243.26,26248.0,26233.56,26243.09
1785934200,26244.53,26246.31,26226.09,26230.06
1785934500,26229.11,26247.69,26225.1,26242.92
1785934800,26242.73,26261.05,26239.09,26255.13
1785935100,26254.84,26255.97,26239.47,26245.87
1785935400,26245.16,26249.64,26237.29,26249.54
1785935700,26249.03,26256.33,26234.97,26239.33
1785936000,26240.43,26253.4,26240.09,26253.38
1785936300,26253.66,26261.97,26242.53,26261.07
1785936600,26260.26,26261.96,26230.22,26240.58
1785936900,26240.74,26276.41,26232.81,26274.71
1785937200,26268.16,26269.26,26249.85,26258.76
1785937500,26259.47,26262.25,26243.82,26250.71
1785937800,26249.34,26249.75,26236.7,26241.53
1785938100,26242.12,26269.15,26242.12,26266.18
1785938400,26266.25,26266.25,26229.09,26234.46
1785938700,26234.55,26260.11,26234.55,26255.68
1785939000,26255.21,26258.91,26242.28,26245.76
1785939300,26245.1,26245.1,26226.99,26233.15
1785939600,26233.53,26233.55,26215.03,26226.4
1785939900,26226.1,26228.48,26211.61,26218.92
1785940200,26218.66,26224.68,26204.88,26218.26
1785940500,26218.28,26230.26,26213.55,26214.31
1785940800,26214.17,26220.73,26192.81,26196.99
1785941100,26197.25,26198.59,26181.51,26186.05
1785941400,26185.89,26187.99,26168.67,26185.03
1785941700,26185.51,26188.56,26173.5,26181.09
1785942000,26181.0,26203.76,26179.05,26202.85
1785942300,26202.98,26203.71,26189.9,26193.24
1785942600,26192.89,26195.22,26175.18,26175.47
1785942900,26175.51,26179.8,26151.83,26163.69
1785943200,26164.93,26165.26,26147.66,26151.53
1785943500,26151.1,26152.69,26133.83,26144.19
1785999600,26116.27,26128.59,26111.52,26121.53
1785999900,26120.14,26133.12,26091.58,26128.68
1786000200,26129.83,26191.74,26127.74,26183.41
1786000500,26183.36,26205.78,26169.02,26192.89
1786000800,26190.97,26200.85,26178.45,26178.45
1786001100,26177.78,26178.27,26150.58,26151.23
1786001400,26151.37,26169.5,26149.5,26162.99
1786001700,26164.47,26172.84,26138.15,26138.15
1786002000,26137.93,26163.68,26124.99,26148.16
1786002300,26148.63,26158.21,26133.62,26156.9
1786002600,26156.92,26157.43,26133.39,26144.47
1786002900,26144.37,26146.86,26114.71,26114.71
1786003200,26115.12,26126.77,26098.88,26110.72
1786003500,26110.88,26136.7,26108.05,26109.57
1786003800,26110.76,26112.34,26081.69,26090.55
1786004100,26090.28,26110.69,26086.59,26100.46
1786004400,26101.01,26104.68,26088.64,26104.09
1786004700,26104.16,26146.25,26103.9,26145.46
1786005000,26145.82,26168.0,26142.32,26165.1
1786005300,26164.97,26183.17,26159.7,26182.84
1786005600,26182.37,26183.11,26159.92,26160.73
1786005900,26158.83,26173.88,26156.29,26160.98
1786006200,26161.03,26179.82,26157.03,26175.71
1786006500,26176.52,26190.35,26173.35,26187.61
1786006800,26187.31,26197.25,26184.92,26195.61
1786007100,26195.32,26201.41,26170.99,26170.99
1786007400,26171.2,26186.01,26155.01,26180.59
1786007700,26180.83,26189.5,26174.53,26187.86
1786008000,26187.95,26197.02,26183.41,26192.87
1786008300,26192.74,26204.0,26184.53,26196.93
1786008600,26196.86,26205.26,26176.03,26177.41
1786008900,26180.98,26185.94,26163.33,26181.71
1786009200,26180.82,26189.09,26165.09,26181.89
1786009500,26181.62,26181.89,26165.48,26177.68
1786009800,26177.79,26179.52,26158.53,26178.13
1786010100,26178.37,26205.38,26175.4,26204.66
1786010400,26204.24,26204.95,26182.44,26190.85
1786010700,26191.42,26206.59,26186.72,26198.15
1786011000,26197.28,26209.23,26193.22,26205.61
1786011300,26205.73,26209.72,26186.7,26206.08
1786011600,26206.35,26211.18,26196.24,26199.08
1786011900,26195.91,26207.43,26189.03,26190.88
1786012200,26190.49,26195.13,26178.07,26184.27
1786012500,26184.58,26195.75,26177.88,26191.35
1786012800,26190.16,26195.22,26178.17,26182.83
1786013100,26183.07,26201.79,26181.93,26201.79
1786013400,26201.24,26204.68,26190.94,26199.22
1786013700,26198.51,26203.47,26192.32,26198.59
1786014000,26198.87,26199.27,26164.64,26164.64
1786014300,26164.53,26177.66,26153.02,26177.66
1786014600,26177.15,26192.64,26173.58,26192.41
1786014900,26192.28,26205.62,26191.2,26204.65
1786015200,26205.08,26212.76,26195.52,26196.32
1786015500,26196.18,26216.68,26195.34,26210.35
1786015800,26209.65,26212.08,26193.92,26195.96
1786016100,26195.59,26199.46,26186.68,26186.68
1786016400,26185.78,26187.28,26177.4,26181.24
1786016700,26180.22,26180.22,26163.54,26176.27
1786017000,26175.97,26176.64,26155.82,26158.29
1786017300,26157.82,26188.41,26157.24,26181.45
1786017600,26181.16,26186.17,26164.99,26183.47
1786017900,26184.01,26213.18,26183.62,26187.74
1786018200,26186.74,26195.81,26172.61,26172.61
1786018500,26173.12,26176.95,26164.98,26169.34
1786018800,26169.82,26188.79,26167.51,26178.02
1786019100,26177.73,26185.99,26175.72,26183.72
1786019400,26182.48,26183.42,26160.23,26161.07
1786019700,26161.12,26172.06,26159.48,26170.35
1786020000,26169.71,26188.13,26160.3,26161.54
1786020300,26161.7,26172.19,26150.74,26152.36
1786020600,26153.21,26157.13,26138.07,26143.01
1786020900,26143.13,26152.33,26128.48,26147.5
1786021200,26148.52,26150.59,26130.39,26137.66
1786021500,26137.8,26143.67,26125.52,26138.55
1786021800,26138.56,26145.34,26133.44,26134.37
1786022100,26134.47,26139.51,26116.91,26119.52
1786022400,26119.03,26135.59,26114.85,26115.51
1786022700,26115.32,26122.97,26104.13,26117.03
1786023000,26117.51,26145.98,26117.41,26145.66
1786023300,26145.62,26161.16,26140.76,26150.98
1786023600,26150.68,26175.76,26146.2,26149.15
1786023900,26149.87,26170.96,26145.65,26168.36
1786024200,26168.55,26178.27,26161.63,26176.55
1786024500,26176.49,26187.13,26166.53,26176.28
1786024800,26175.38,26197.28,26169.69,26195.26
1786025100,26195.62,26200.08,26185.95,26196.18
1786025400,26194.49,26204.2,26189.2,26204.2
1786025700,26204.05,26228.53,26204.05,26228.53
1786026000,26228.43,26229.33,26201.41,26202.03
1786026300,26201.6,26205.11,26190.34,26193.41
1786026600,26193.76,26219.76,26193.76,26212.32
1786026900,26212.51,26217.58,26200.66,26200.69
1786027200,26200.55,26224.14,26200.2,26219.3
1786027500,26218.64,26219.3,26200.2,26206.55
1786027800,26206.74,26218.81,26194.35,26198.59
1786028100,26198.51,26205.38,26191.4,26196.21
1786028400,26196.52,26209.61,26192.5,26200.73
1786028700,26199.66,26213.45,26198.45,26200.93
1786029000,26201.11,26217.74,26199.23,26207.21
1786029300,26208.53,26208.53,26179.73,26179.9
1786029600,26179.87,26181.7,26150.72,26161.14
1786029900,26161.16,26169.6,26154.18,26162.17
1786086000,26235.8,26261.04,26229.66,26251.59
1786086300,26250.93,26275.65,26229.57,26245.45
1786086600,26248.1,26261.2,26223.64,26229.69
1786086900,26227.11,26255.48,26226.85,26252.65
1786087200,26252.45,26252.54,26236.69,26252.42
1786087500,26254.27,26261.12,26235.82,26259.7
1786087800,26260.56,26276.91,26250.08,26263.46
1786088100,26262.75,26272.57,26256.75,26269.89
1786088400,26270.6,26293.77,26269.48,26286.9
1786088700,26286.14,26292.63,26279.82,26284.28
1786089000,26285.43,26287.01,26270.77,26279.76
1786089300,26279.98,26289.13,26261.66,26263.1
1786089600,26264.93,26273.69,26252.86,26273.39
1786089900,26273.36,26275.76,26262.04,26264.19
1786090200,26263.92,26268.66,26253.18,26262.0
1786090500,26261.73,26261.73,26246.39,26260.22
1786090800,26260.52,26293.72,26255.81,26287.32
1786091100,26286.75,26286.75,26274.68,26278.47
1786091400,26278.53,26289.4,26271.3,26281.49
1786091700,26281.67,26294.34,26281.67,26287.96
1786092000,26287.92,26291.47,26283.52,26283.99
1786092300,26284.77,26303.9,26284.1,26297.3
1786092600,26298.2,26310.29,26294.15,26309.16
1786092900,26309.35,26321.11,26309.35,26316.91
1786093200,26316.4,26326.13,26312.22,26312.32
1786093500,26312.16,26314.63,26300.79,26301.34
1786093800,26301.23,26315.55,26296.44,26315.21
1786094100,26315.18,26316.48,26303.26,26307.65
1786094400,26307.41,26322.46,26302.57,26309.07
1786094700,26308.83,26315.57,26297.26,26298.59
1786095000,26299.0,26300.32,26289.54,26295.06
1786095300,26294.96,26308.45,26294.21,26303.8
1786095600,26303.33,26306.02,26292.26,26293.95
1786095900,26293.85,26325.21,26292.26,26320.92
1786096200,26321.46,26339.56,26316.79,26335.82
1786096500,26340.88,26340.88,26314.32,26330.43
1786096800,26336.04,26344.72,26328.63,26342.66
1786097100,26342.94,26349.39,26333.89,26335.31
1786097400,26334.9,26341.43,26331.06,26336.41
1786097700,26335.53,26346.45,26332.37,26346.33
1786098000,26346.46,26358.22,26345.2,26352.03
1786098300,26351.89,26354.17,26335.4,26337.34
1786098600,26338.42,26346.88,26338.42,26343.88
1786098900,26343.29,26360.6,26341.6,26356.03
1786099200,26355.49,26361.41,26354.44,26355.13
1786099500,26355.03,26359.98,26355.03,26358.61
1786099800,26358.83,26364.47,26358.01,26358.16
1786100100,26359.28,26367.67,26359.28,26364.71
1786100400,26364.4,26383.12,26364.4,26371.92
1786100700,26371.79,26375.01,26365.65,26369.36
1786101000,26369.33,26369.5,26357.57,26358.48
1786101300,26358.37,26367.57,26357.46,26366.0
1786101600,26366.43,26375.28,26364.72,26373.81
1786101900,26373.91,26375.96,26367.61,26367.61
1786102200,26367.75,26372.53,26363.02,26365.44
1786102500,26364.68,26366.28,26361.13,26361.13
1786102800,26360.66,26362.27,26353.59,26358.4
1786103100,26357.5,26358.37,26347.38,26347.41
1786103400,26348.45,26353.48,26346.5,26348.25
1786103700,26349.01,26352.63,26333.94,26346.7
1786104000,26346.73,26375.14,26345.94,26371.2
1786104300,26371.27,26372.97,26360.3,26363.13
1786104600,26363.27,26369.99,26359.84,26367.61
1786104900,26368.33,26375.97,26362.79,26372.34
1786105200,26372.91,26381.83,26372.46,26373.34
1786105500,26373.31,26396.45,26372.08,26380.53
1786105800,26381.13,26420.47,26370.59,26405.12
1786106100,26404.41,26417.16,26400.15,26412.88
1786106400,26413.39,26434.63,26412.91,26425.88
1786106700,26426.7,26440.01,26426.7,26439.15
1786107000,26438.06,26445.18,26414.86,26417.05
1786107300,26417.59,26423.26,26415.43,26422.6
1786107600,26425.71,26427.58,26407.39,26407.39
1786107900,26406.68,26407.92,26389.26,26389.86
1786108200,26390.75,26391.86,26374.54,26377.6
1786108500,26376.74,26377.32,26366.23,26373.01
1786108800,26372.95,26387.03,26372.46,26384.29
1786109100,26384.66,26388.09,26373.75,26387.65
1786109400,26386.37,26392.25,26364.87,26369.48
1786109700,26369.05,26374.54,26361.18,26364.95
1786110000,26364.87,26383.56,26364.61,26383.32
1786110300,26385.08,26388.51,26357.67,26368.19
1786110600,26368.78,26374.67,26361.57,26364.75
1786110900,26365.46,26368.85,26334.64,26341.71
1786111200,26341.92,26351.41,26324.89,26326.33
1786111500,26324.61,26326.67,26301.14,26308.23
1786111800,26310.61,26336.22,26305.14,26333.59
1786112100,26333.11,26357.22,26328.26,26355.21
1786112400,26355.51,26364.48,26345.85,26346.5
1786112700,26345.79,26385.8,26345.79,26384.68
1786113000,26384.12,26389.68,26373.29,26389.68
1786113300,26388.98,26409.95,26388.72,26395.51
1786113600,26394.5,26398.0,26386.0,26386.0
1786113900,26387.67,26400.45,26384.8,26393.38
1786114200,26392.38,26400.07,26378.55,26393.92
1786114500,26393.57,26396.91,26375.31,26376.65
1786114800,26376.41,26378.38,26356.83,26367.44
1786115100,26367.2,26377.37,26364.63,26373.48
1786115400,26373.68,26375.71,26354.39,26363.84
1786115700,26363.88,26369.98,26359.63,26364.49
1786116000,26363.52,26369.24,26352.74,26355.36
1786116300,26355.25,26363.81,26351.28,26354.06
1786345200,26360.44,26383.54,26346.7,26353.71
1786345500,26353.75,26361.1,26332.33,26358.49
1786345800,26358.75,26358.75,26326.74,26338.99
1786346100,26338.18,26343.65,26314.98,26340.86
1786346400,26336.64,26354.43,26325.98,26353.96
1786346700,26353.12,26354.37,26341.53,26349.16
1786347000,26348.73,26359.76,26338.56,26355.64
1786347300,26355.98,26356.5,26345.83,26351.1
1786347600,26350.75,26363.18,26349.36,26361.46
1786347900,26360.91,26368.18,26355.6,26359.92
1786348200,26359.79,26371.41,26355.83,26371.41
1786348500,26373.37,26378.13,26356.32,26369.85
1786348800,26369.96,26375.34,26344.36,26360.28
1786349100,26359.95,26359.95,26337.45,26338.1
1786349400,26338.03,26340.35,26328.84,26335.01
1786349700,26334.88,26346.97,26334.37,26344.14
1786350000,26345.13,26347.25,26335.78,26346.3
1786350300,26346.53,26353.97,26346.53,26351.15
1786350600,26350.85,26359.9,26350.85,26359.48
1786350900,26359.85,26372.33,26359.17,26366.75
1786351200,26365.76,26373.71,26363.43,26373.24
1786351500,26372.9,26375.34,26365.82,26374.98
1786351800,26375.17,26383.09,26372.51,26373.55
1786352100,26373.28,26394.16,26373.27,26393.02
1786352400,26392.35,26395.23,26385.28,26395.19
1786352700,26394.99,26396.55,26379.83,26380.29
1786353000,26380.23,26395.9,26379.09,26393.57
1786353300,26395.28,26395.43,26383.17,26390.3
1786353600,26390.43,26406.07,26389.61,26405.96
1786353900,26406.17,26414.34,26405.45,26413.3
1786354200,26413.07,26416.36,26406.53,26412.55
1786354500,26412.02,26413.32,26405.43,26408.7
1786354800,26408.33,26414.1,26407.49,26410.4
1786355100,26410.11,26414.93,26406.82,26412.84
1786355400,26412.91,26412.95,26402.0,26402.0
1786355700,26402.43,26407.48,26397.62,26397.62
1786356000,26397.69,26403.61,26389.6,26399.81
1786356300,26399.89,26407.34,26395.6,26395.74
1786356600,26396.15,26403.98,26394.52,26395.14
1786356900,26395.86,26423.94,26395.86,26423.79
1786357200,26423.93,26429.3,26422.67,26422.84
1786357500,26422.7,26430.85,26422.62,26430.71
1786357800,26430.13,26435.56,26426.79,26434.54
1786358100,26436.83,26441.91,26430.01,26430.93
1786358400,26431.44,26432.49,26422.91,26423.29
1786358700,26423.1,26425.74,26416.73,26423.38
1786359000,26422.96,26426.98,26400.44,26400.44
1786359300,26402.01,26415.92,26398.46,26414.04
1786359600,26414.56,26414.66,26396.52,26398.0
1786359900,26399.39,26407.32,26396.26,26404.75
1786360200,26403.64,26410.81,26394.38,26396.74
1786360500,26397.22,26401.89,26394.74,26399.62
1786360800,26400.29,26413.69,26398.51,26412.15
1786361100,26411.55,26416.32,26408.58,26416.08
1786361400,26415.3,26415.3,26396.56,26400.15
1786361700,26401.01,26402.22,26391.85,26394.06
1786362000,26393.54,26402.2,26386.89,26401.83
1786362300,26400.94,26411.99,26400.01,26400.01
1786362600,26399.96,26412.69,26399.64,26410.36
1786362900,26410.26,26410.26,26401.31,26403.08
1786363200,26403.35,26406.65,26393.26,26394.92
1786363500,26393.92,26395.98,26382.69,26387.87
1786363800,26388.41,26390.12,26383.71,26384.5
1786364100,26384.61,26390.28,26381.09,26388.06
1786364400,26389.14,26396.3,26385.03,26390.89
1786364700,26391.13,26391.13,26380.43,26383.09
1786365000,26382.98,26388.07,26376.72,26387.52
1786365300,26387.42,26388.36,26361.17,26363.23
1786365600,26363.6,26366.19,26358.7,26360.1
1786365900,26361.47,26370.68,26360.09,26361.76
1786366200,26360.0,26366.05,26356.77,26359.5
1786366500,26359.14,26372.91,26358.21,26372.91
1786366800,26372.77,26384.37,26372.77,26378.8
1786367100,26378.57,26382.53,26367.73,26370.13
1786367400,26371.01,26376.07,26349.87,26354.81
1786367700,26354.94,26354.94,26348.02,26350.6
1786368000,26350.01,26350.31,26330.42,26331.1
1786368300,26331.54,26331.54,26316.48,26325.63
1786368600,26325.81,26343.21,26319.64,26321.89
1786368900,26320.01,26346.77,26318.98,26343.96
1786369200,26345.58,26346.89,26332.03,26345.33
1786369500,26345.57,26345.57,26325.81,26330.16
1786369800,26331.59,26333.13,26308.09,26314.33
1786370100,26314.15,26318.05,26302.19,26311.37
1786370400,26311.07,26330.61,26304.38,26329.35
1786370700,26329.2,26338.58,26322.5,26322.77
1786371000,26322.68,26351.65,26322.68,26350.19
1786371300,26349.99,26362.93,26348.76,26362.11
1786371600,26362.15,26366.26,26354.01,26355.01
1786371900,26355.78,26372.7,26353.36,26372.56
1786372200,26372.75,26372.75,26360.33,26362.16
1786372500,26360.18,26361.2,26347.17,26354.31
1786372800,26353.73,26354.06,26336.37,26338.62
1786373100,26339.21,26362.37,26338.39,26360.79
1786373400,26362.04,26368.44,26350.38,26350.53
1786373700,26350.4,26353.32,26345.96,26348.73
1786374000,26348.58,26359.27,26345.04,26351.15
1786374300,26351.62,26360.04,26342.49,26347.6
1786374600,26346.86,26366.87,26345.17,26363.85
1786374900,26365.29,26367.17,26357.79,26361.31
1786375200,26361.24,26369.43,26355.2,26359.9
1786375500,26360.45,26360.9,26341.95,26354.29
1786431600,26378.0,26387.68,26355.65,26379.14
1786431900,26379.7,26379.91,26331.24,26332.28
1786432200,26333.61,26345.24,26324.31,26328.7
1786432500,26328.11,26337.02,26318.86,26336.36
1786432800,26335.32,26337.55,26315.58,26321.35
1786433100,26321.48,26323.96,26310.71,26310.86
1786433400,26313.54,26330.76,26313.54,26329.65
1786433700,26329.79,26339.6,26322.44,26322.44
1786434000,26321.73,26324.84,26297.78,26299.17
1786434300,26299.04,26300.96,26274.08,26275.73
1786434600,26275.45,26280.38,26260.46,26260.46
1786434900,26258.52,26285.03,26258.4,26273.55
1786435200,26273.42,26291.6,26270.38,26285.53
1786435500,26285.4,26289.39,26262.86,26280.57
1786435800,26280.39,26287.53,26275.07,26275.23
1786436100,26274.5,26287.01,26268.19,26284.18
1786436400,26284.28,26293.71,26279.19,26289.91
1786436700,26289.63,26294.66,26276.59,26276.59
1786437000,26276.83,26278.99,26266.65,26270.49
1786437300,26269.9,26272.76,26263.45,26268.23
1786437600,26269.19,26277.33,26268.67,26273.07
1786437900,26273.15,26273.31,26268.68,26269.16
1786438200,26269.3,26272.06,26263.64,26265.63
1786438500,26265.67,26269.13,26260.12,26262.73
1786438800,26261.25,26272.3,26257.46,26266.03
1786439100,26267.1,26269.72,26246.93,26246.93
1786439400,26246.75,26254.95,26245.57,26254.95
1786439700,26254.14,26272.0,26254.14,26268.85
1786440000,26268.96,26272.17,26265.69,26266.97
1786440300,26267.23,26267.23,26254.02,26257.75
1786440600,26258.03,26275.52,26258.03,26268.55
1786440900,26267.23,26267.23,26258.85,26260.9
1786441200,26260.85,26273.86,26258.56,26268.97
1786441500,26268.86,26271.09,26264.45,26269.9
1786441800,26269.59,26279.89,26265.52,26276.65
1786442100,26276.52,26288.36,26276.38,26284.63
1786442400,26284.68,26288.88,26277.47,26279.09
1786442700,26278.94,26285.86,26275.32,26285.86
1786443000,26287.34,26297.58,26287.11,26290.61
1786443300,26290.28,26298.39,26285.51,26297.45
1786443600,26296.91,26312.3,26295.65,26307.59
1786443900,26307.86,26317.96,26304.9,26307.06
1786444200,26307.01,26313.63,26303.13,26312.37
1786444500,26313.09,26315.95,26312.08,26313.58
1786444800,26313.77,26317.9,26313.09,26314.01
1786445100,26314.2,26317.4,26312.01,26314.79
1786445400,26314.2,26318.42,26310.46,26310.46
1786445700,26310.19,26310.82,26305.1,26307.36
1786446000,26307.34,26357.15,26307.34,26344.59
1786446300,26345.58,26348.16,26333.9,26343.92
1786446600,26344.08,26360.06,26344.08,26357.82
1786446900,26357.43,26363.24,26343.52,26343.91
1786447200,26343.83,26345.98,26338.57,26339.66
1786447500,26340.14,26349.69,26339.29,26348.67
1786447800,26348.72,26351.3,26341.85,26346.63
1786448100,26346.93,26359.97,26345.99,26356.64
1786448400,26357.82,26362.4,26348.26,26361.24
1786448700,26361.37,26363.51,26348.44,26351.12
1786449000,26350.35,26373.72,26348.85,26373.72
1786449300,26373.43,26373.7,26364.58,26367.53
1786449600,26368.3,26379.89,26362.17,26376.2
1786449900,26376.58,26392.22,26375.43,26391.93
1786450200,26391.74,26402.44,26391.58,26395.04
1786450500,26394.0,26398.91,26387.57,26397.89
1786450800,26398.13,26399.34,26367.1,26374.68
1786451100,26373.87,26379.09,26372.24,26374.69
1786451400,26374.64,26376.74,26367.67,26368.44
1786451700,26368.31,26392.15,26368.31,26388.76
1786452000,26389.15,26399.79,26386.2,26399.79
1786452300,26399.75,26399.75,26394.2,26396.15
1786452600,26396.28,26400.52,26391.16,26398.0
1786452900,26398.13,26407.18,26398.08,26402.28
1786453200,26401.98,26414.98,26401.98,26413.72
1786453500,26413.22,26424.95,26410.96,26410.96
1786453800,26411.37,26411.99,26397.93,26402.46
1786454100,26402.97,26418.43,26395.8,26405.36
1786454400,26405.39,26418.04,26399.66,26416.16
1786454700,26416.5,26425.01,26413.33,26423.14
1786455000,26421.19,26431.42,26412.76,26414.77
1786455300,26414.26,26430.03,26402.72,26415.02
1786455600,26415.42,26441.74,26414.5,26436.92
1786455900,26437.49,26454.85,26427.2,26454.28
1786456200,26454.37,26463.72,26449.11,26452.6
1786456500,26453.23,26453.24,26439.11,26443.25
1786456800,26442.93,26445.27,26427.56,26439.4
1786457100,26439.33,26441.15,26427.52,26439.07
1786457400,26439.48,26463.1,26437.6,26463.1
1786457700,26464.99,26472.38,26458.49,26472.38
1786458000,26472.93,26476.98,26465.69,26469.92
1786458300,26468.85,26471.53,26458.88,26466.68
1786458600,26467.15,26470.53,26455.03,26464.2
1786458900,26464.64,26476.83,26462.59,26462.59
1786459200,26462.65,26477.15,26457.41,26474.38
1786459500,26474.13,26493.54,26474.13,26486.66
1786459800,26487.03,26504.54,26480.22,26493.47
1786460100,26493.05,26494.86,26462.11,26465.03
1786460400,26464.1,26465.63,26455.68,26456.93
1786460700,26457.22,26460.3,26426.09,26431.5
1786461000,26431.21,26433.75,26423.39,26425.16
1786461300,26425.26,26425.61,26412.01,26413.73
1786461600,26414.64,26420.84,26395.89,26396.53
1786461900,26397.08,26402.42,26387.57,26392.02
1786518000,26452.0,26456.23,26444.2,26448.37
1786518300,26448.38,26464.08,26442.32,26461.52
1786518600,26460.7,26462.5,26445.65,26448.91
1786518900,26447.1,26462.06,26437.0,26453.92
1786519200,26453.68,26456.33,26425.76,26426.26
1786519500,26426.2,26426.88,26402.1,26404.13
1786519800,26403.11,26427.46,26401.96,26420.51
1786520100,26420.45,26437.52,26417.48,26436.47
1786520400,26437.19,26439.82,26426.08,26436.03
1786520700,26434.98,26439.74,26431.6,26437.66
1786521000,26437.44,26441.41,26425.66,26426.29
1786521300,26425.19,26425.35,26410.95,26411.7
1786521600,26411.93,26422.01,26411.14,26416.46
1786521900,26416.01,26426.74,26408.49,26412.86
1786522200,26412.85,26426.0,26411.74,26424.56
1786522500,26424.68,26424.68,26411.02,26414.48
1786522800,26414.58,26420.5,26409.9,26418.07
1786523100,26418.61,26441.63,26418.33,26436.43
1786523400,26436.59,26441.94,26426.92,26426.92
1786523700,26426.73,26445.57,26426.73,26444.4
1786524000,26444.26,26453.91,26443.88,26452.22
1786524300,26452.36,26461.51,26446.5,26458.94
1786524600,26459.23,26473.14,26459.23,26469.49
1786524900,26469.63,26473.43,26462.03,26468.85
1786525200,26468.48,26479.88,26467.26,26474.42
1786525500,26474.14,26476.5,26469.42,26473.65
1786525800,26473.46,26476.18,26464.08,26469.33
1786526100,26469.52,26489.36,26469.52,26488.77
1786526400,26488.29,26519.65,26488.29,26516.79
1786526700,26518.53,26521.36,26498.47,26499.97
1786527000,26499.91,26509.35,26498.49,26503.74
1786527300,26503.51,26511.48,26500.01,26500.01
1786527600,26500.06,26511.78,26492.57,26497.58
1786527900,26498.45,26513.33,26494.02,26509.78
1786528200,26509.36,26521.29,26492.33,26492.33
1786528500,26492.05,26496.42,26486.25,26494.63
1786528800,26494.53,26499.77,26492.77,26494.86
1786529100,26494.95,26504.11,26492.95,26503.81
1786529400,26504.3,26506.74,26501.8,26504.68
1786529700,26504.32,26523.7,26504.32,26522.57
1786530000,26523.58,26528.39,26517.23,26517.23
1786530300,26517.47,26517.47,26508.93,26510.78
1786530600,26513.16,26522.82,26512.62,26515.1
1786530900,26515.72,26524.73,26513.7,26523.83
1786531200,26523.7,26532.76,26520.13,26532.76
1786531500,26532.86,26534.64,26486.55,26504.76
1786531800,26505.64,26517.63,26504.77,26517.49
1786532100,26516.95,26530.14,26516.23,26525.6
1786532400,26526.26,26530.1,26525.08,26528.28
1786532700,26528.41,26534.76,26518.68,26530.2
1786533000,26530.05,26535.23,26522.02,26524.28
1786533300,26523.93,26536.16,26522.84,26532.25
1786533600,26532.42,26538.55,26530.78,26537.37
1786533900,26537.7,26538.92,26531.6,26532.4
1786534200,26532.46,26532.63,26524.63,26524.63
1786534500,26524.53,26524.53,26510.71,26513.67
1786534800,26513.56,26518.27,26511.58,26512.2
1786535100,26512.0,26512.35,26504.98,26504.98
1786535400,26504.71,26508.55,26500.71,26500.71
1786535700,26500.61,26501.62,26485.16,26485.41
1786536000,26485.65,26492.17,26482.66,26484.76
1786536300,26485.88,26489.98,26476.84,26478.35
1786536600,26477.42,26491.16,26477.0,26490.68
1786536900,26490.82,26506.53,26489.9,26506.53
1786537200,26506.02,26509.41,26490.25,26490.25
1786537500,26490.61,26571.94,26489.34,26567.76
1786537800,26570.03,26573.5,26494.71,26533.6
1786538100,26533.22,26537.75,26514.31,26522.56
1786538400,26523.28,26530.37,26517.76,26518.34
1786538700,26517.74,26520.42,26505.88,26507.81
1786539000,26507.3,26509.21,26495.0,26495.76
1786539300,26495.48,26496.51,26469.63,26469.86
1786539600,26470.0,26470.92,26456.08,26457.94
1786539900,26458.66,26465.5,26451.68,26459.41
1786540200,26459.61,26469.38,26456.31,26469.11
1786540500,26469.66,26480.41,26467.23,26469.88
1786540800,26470.07,26486.22,26469.83,26473.21
1786541100,26472.75,26474.17,26459.92,26461.42
1786541400,26462.45,26477.08,26455.38,26475.01
1786541700,26475.96,26486.9,26463.21,26483.17
1786542000,26482.9,26482.9,26463.83,26465.64
1786542300,26465.05,26467.34,26450.91,26460.85
1786542600,26462.49,26471.47,26455.46,26465.34
1786542900,26465.93,26466.51,26430.64,26430.82
1786543200,26430.95,26435.89,26412.2,26432.59
1786543500,26433.08,26436.88,26420.55,26423.25
1786543800,26424.41,26429.4,26401.43,26408.57
1786544100,26408.16,26422.38,26407.44,26409.38
1786544400,26409.14,26415.8,26401.46,26402.4
1786544700,26402.32,26404.58,26394.48,26397.29
1786545000,26397.27,26405.07,26356.0,26389.44
1786545300,26389.98,26394.9,26377.09,26381.0
1786545600,26380.83,26394.03,26373.31,26394.03
1786545900,26394.1,26394.1,26372.1,26380.03
1786546200,26380.52,26382.31,26364.87,26365.75
1786546500,26365.44,26374.74,26356.51,26368.88
1786546800,26368.45,26370.62,26334.96,26334.96
1786547100,26334.73,26335.28,26315.45,26315.55
1786547400,26315.62,26329.41,26313.58,26325.42
1786547700,26325.49,26340.24,26321.66,26327.95
1786548000,26328.66,26334.89,26316.5,26333.38
1786548300,26333.52,26342.69,26322.51,26342.69
1786604700,26437.35,26439.51,26418.09,26425.15
1786605000,26424.56,26442.36,26423.01,26440.1
1786605300,26439.8,26444.13,26422.47,26425.89
1786605600,26425.99,26428.86,26414.91,26423.63
1786605900,26423.14,26424.98,26415.42,26424.08
1786606200,26423.98,26430.14,26422.18,26427.42
1786606500,26427.1,26427.2,26409.95,26414.2
1786606800,26413.91,26448.54,26411.76,26446.07
1786607100,26445.94,26452.78,26433.77,26442.98
1786607400,26443.57,26458.89,26442.48,26445.61
1786607700,26445.36,26446.9,26431.04,26433.0
1786608000,26433.42,26437.29,26421.76,26430.4
1786608300,26431.75,26444.94,26430.58,26437.9
1786608600,26437.38,26454.51,26434.74,26454.31
1786608900,26454.45,26458.61,26441.44,26441.44
1786609200,26440.96,26460.42,26437.22,26456.48
1786609500,26456.74,26459.35,26443.35,26448.26
1786609800,26448.66,26452.75,26440.8,26449.19
1786610100,26448.89,26449.88,26433.97,26438.38
1786610400,26438.25,26454.05,26437.52,26453.02
1786610700,26453.01,26455.42,26441.7,26442.62
1786611000,26442.7,26454.82,26442.63,26445.79
1786611300,26445.49,26456.35,26444.77,26449.88
1786611600,26450.18,26461.56,26447.01,26451.96
1786611900,26452.15,26454.67,26443.21,26445.61
1786612200,26445.98,26460.44,26445.87,26454.86
1786612500,26454.98,26467.34,26449.4,26463.02
1786612800,26463.49,26475.54,26461.18,26473.72
1786613100,26473.63,26477.73,26455.93,26460.07
1786613400,26459.83,26466.67,26458.02,26464.68
1786613700,26464.4,26467.44,26451.98,26454.35
1786614000,26454.28,26462.7,26451.83,26460.46
1786614300,26460.59,26469.48,26459.56,26466.95
1786614600,26467.52,26472.32,26463.08,26471.13
1786614900,26471.07,26479.45,26470.93,26470.93
1786615200,26471.22,26473.0,26462.89,26470.04
1786615500,26469.48,26475.83,26468.85,26471.88
1786615800,26471.64,26472.04,26466.42,26468.68
1786616100,26469.22,26476.15,26469.16,26472.06
1786616400,26473.49,26480.64,26472.56,26477.9
1786616700,26476.96,26484.12,26472.9,26473.33
1786617000,26473.44,26473.89,26461.19,26462.11
1786617300,26462.14,26474.53,26459.56,26474.25
1786617600,26474.44,26479.84,26472.74,26476.26
1786617900,26476.63,26488.35,26474.67,26488.06
1786618200,26487.91,26489.78,26479.29,26479.38
1786618500,26479.24,26479.58,26462.33,26472.62
1786618800,26472.48,26476.11,26464.45,26465.01
1786619100,26465.17,26471.14,26462.83,26465.1
1786619400,26465.0,26465.04,26452.9,26457.3
1786619700,26457.56,26467.73,26457.56,26467.73
1786620000,26467.78,26468.62,26457.12,26464.06
1786620300,26464.25,26464.25,26454.63,26454.63
1786620600,26454.69,26454.78,26433.8,26434.37
1786620900,26434.4,26435.49,26428.61,26432.24
1786621200,26432.54,26441.55,26429.03,26441.01
1786621500,26441.18,26444.77,26435.34,26435.52
1786621800,26435.42,26443.22,26432.35,26442.98
1786622100,26443.81,26444.87,26437.88,26437.88
1786622400,26438.21,26441.46,26429.07,26434.99
1786622700,26435.17,26445.87,26433.13,26442.42
1786623000,26442.3,26449.45,26432.86,26435.2
1786623300,26435.46,26438.67,26429.61,26435.27
1786623600,26435.52,26445.47,26434.25,26442.25
1786623900,26441.82,26441.91,26434.66,26437.44
1786624200,26437.54,26455.33,26415.39,26428.53
1786624500,26431.42,26436.25,26417.84,26422.36
1786624800,26422.63,26425.56,26418.05,26424.44
1786625100,26424.38,26424.38,26408.45,26408.76
1786625400,26409.06,26418.98,26404.72,26416.16
1786625700,26416.13,26416.13,26397.71,26405.24
1786626000,26407.19,26415.28,26403.11,26405.62
1786626300,26405.87,26411.72,26401.49,26405.84
1786626600,26405.77,26406.33,26396.13,26405.38
1786626900,26405.19,26414.98,26402.64,26414.98
1786627200,26413.77,26414.16,26391.83,26393.89
1786627500,26394.17,26400.71,26388.53,26390.01
1786627800,26389.66,26398.14,26379.23,26380.76
1786628100,26380.74,26396.1,26374.6,26392.45
1786628400,26392.34,26398.9,26381.01,26381.01
1786628700,26381.06,26383.46,26367.71,26373.01
1786629000,26372.88,26379.33,26355.15,26379.32
1786629300,26377.21,26377.42,26361.64,26365.16
1786629600,26364.45,26380.94,26364.45,26379.54
1786629900,26380.54,26387.97,26374.33,26384.83
1786630200,26384.53,26386.01,26373.2,26374.68
1786630500,26375.16,26375.16,26349.32,26358.98
1786630800,26359.51,26375.35,26357.6,26371.18
1786631100,26371.17,26383.32,26366.16,26376.49
1786631400,26376.95,26377.19,26358.03,26365.99
1786631700,26366.04,26384.14,26365.4,26381.78
1786632000,26382.24,26382.86,26366.44,26376.35
1786632300,26376.26,26389.26,26375.93,26380.06
1786632600,26380.84,26382.57,26360.58,26364.71
1786632900,26363.77,26376.12,26359.34,26373.09
1786633200,26373.4,26374.51,26358.9,26359.26
1786633500,26360.15,26361.06,26348.01,26348.42
1786633800,26348.74,26354.71,26326.97,26327.5
1786634100,26327.8,26327.97,26314.0,26319.15
1786634400,26319.65,26324.45,26311.36,26319.87
1786634700,26319.81,26320.29,26285.23,26290.22
1786690800,26445.99,26463.61,26437.28,26463.61
1786691100,26463.39,26473.22,26452.88,26464.27
1786691400,26464.2,26488.81,26449.11,26459.96
1786691700,26460.23,26474.64,26457.7,26458.28
1786692000,26458.04,26460.52,26444.19,26454.85
1786692300,26454.71,26460.86,26441.91,26445.9
1786692600,26446.45,26469.04,26445.8,26463.1
1786692900,26462.96,26476.7,26455.29,26470.95
1786693200,26471.28,26482.2,26461.07,26470.0
1786693500,26469.65,26481.78,26457.94,26478.86
1786693800,26478.8,26487.99,26475.87,26477.91
1786694100,26477.65,26499.72,26476.81,26486.31
1786694400,26485.58,26489.99,26472.02,26478.45
1786694700,26477.69,26478.34,26455.55,26459.25
1786695000,26459.62,26463.35,26439.26,26454.29
1786695300,26454.34,26458.4,26419.17,26419.17
1786695600,26419.33,26422.65,26404.95,26411.23
1786695900,26412.03,26421.88,26409.41,26417.85
1786696200,26418.17,26426.21,26413.14,26423.02
1786696500,26422.98,26434.9,26422.84,26433.08
1786696800,26432.92,26434.9,26414.7,26414.7
1786697100,26415.83,26423.82,26412.98,26417.79
1786697400,26417.25,26419.43,26417.06,26419.0
