time,open,high,low,close,DP,EMA,EMA,EMA,Volume
1782479700,24625.2,24627.3,24546,24573.6,24622,24782.80691745396,24683.889648621996,24649.732593821474,560
1782480000,24573,24614.5,24570.1,24596.2,24622,24780.95013220566,24680.450838872115,24644.63425155276,325
1782480300,24596.7,24608.2,24585.7,24606.2,24622,24779.21132492003,24677.539041269287,24640.973846642974,161
1782480600,24605.7,24644.3,24597.6,24614.3,24622,24777.57041621436,24675.05907886657,24638.433480296022,314
1782480900,24613.8,24632.9,24598.9,24616.4,24622,24775.966730480883,24672.758722832586,24636.335053601164,256
1782481200,24616.5,24637.6,24610.5,24632.9,24622,24774.543180923858,24671.19563566268,24636.007905639148,115
1782481500,24633.4,24656.3,24615.9,24641.7,24638,24773.221358228097,24670.038944068066,24636.55000986399,185
1782481800,24641.6,24662,24630.5,24642.1,24638,24771.916668096474,24668.943299202652,24637.078580353133,173
1782482100,24642.2,24664.4,24637.2,24659.9,24638,24770.80207438407,24668.588660018235,24639.25204889093,155
1782482400,24658.9,24679,24652.7,24670.1,24638,24769.80006369368,24668.647928252813,24642.189948996554,208
1782482700,24670.6,24696.2,24668.7,24693.8,24638,24769.04384415444,24669.634284007603,24647.105191949264,220
1782483000,24694.1,24699.8,24674.5,24677.9,24638,24768.136940232504,24669.958429732797,24650.03803081124,146
1782483300,24677.5,24690.4,24664.3,24666.5,24638,24767.12562739437,24669.82280503739,24651.605837400646,190
1782483600,24666.9,24690.2,24664.5,24682.5,24638,24766.283581350643,24670.319949937886,24654.548138600585,137
1782483900,24683,24693.4,24675.8,24681.2,24638,24765.436978551134,24670.746618567773,24657.086411114815,145
1782484200,24679.8,24684.3,24654.8,24657.5,24638,24764.362978764555,24670.227143329823,24657.125800532453,162
1782484500,24659,24659,24639.7,24644.8,24638,24763.17329738381,24669.230000454143,24655.95191476746,172
1782484800,24645.3,24655.5,24631.2,24633.4,24638,24761.882020792928,24667.82490239712,24653.804113361035,143
1782485100,24633.3,24644.9,24622.8,24628.5,24622,24760.55483650643,24666.282749361937,24651.39419780284,180
1782485400,24628.1,24640.1,24616.4,24617.9,24622,24759.135385396916,24664.38538664186,24648.20427420257,104
1782485700,24618.4,24620,24596.6,24610.2,24622,24757.653441263614,24662.260469518653,24644.58481951661,134
1782486000,24610.3,24639.1,24607.9,24612.2,24622,24756.206143340594,24660.297313851253,24641.50055099122,158
1782486300,24612.7,24632,24600,24629.1,24622,24754.941405595913,24659.073889778654,24640.319546134913,147
1782486600,24629.5,24630.4,24591.5,24596.6,24622,24753.365869221823,24656.623933316747,24636.15577983635,153
1782486900,24597.1,24609.5,24593.7,24607.1,24622,24751.910487438523,24654.681818284716,24633.38856270908,229
1782487200,24608.6,24637.6,24604.1,24636.6,24622,24750.76311940431,24653.97272737159,24633.694413879643,361
1782487500,24636.1,24682.1,24634.6,24681.6,24622,24750.07492916148,24655.056149827607,24638.25685065301,557
1782487800,24682.1,24692.1,24666.1,24670.1,24622,24749.279158722064,24655.64610473633,24641.2895315432,901
1782488100,24668.1,24693.1,24668.1,24681.1,24622,24748.60075913279,24656.644296707454,24645.08100472956,271
1782488400,24680.6,24710.1,24678.6,24695.1,24622,24748.068413270772,24658.15236350324,24649.84471856484,185
1782488700,24695.6,24701.6,24685.6,24687.1,24688,24747.461762392457,24659.287564934486,24653.392840606284,96
1782489000,24687.6,24696.2,24650.6,24657.1,24688,24746.5626403786,24659.20177807431,24653.745903405685,358
1782489300,24657.3,24685.1,24657.1,24678.8,24688,24745.888385250455,24659.970335796887,24656.13200784324,69
1782489600,24679.8,24680.6,24669.3,24672.6,24688,24745.15914758627,24660.465616746027,24657.700388048645,54
1782489900,24672.1,24673.6,24641.8,24652.3,24688,24744.235175968497,24660.145396481475,24657.186065377344,115
1782490200,24651.8,24669.1,24644.5,24663.1,24688,24743.42786078473,24660.261263286124,24657.74929724617,49
1782490500,24663.6,24674.3,24659.1,24661.1,24688,24742.608678090353,24660.29415492196,24658.068411794153,81
1782490800,24660.6,24661.6,24604.4,24626.6,24688,24741.454362885474,24658.972815513258,24655.07142019471,416
1782491100,24627.1,24647.6,24621.8,24643.6,24688,24740.48068763288,24658.369960002936,24653.978903985688,59
1782491400,24643.1,24664.1,24643.1,24651.7,24688,24739.597297706187,24658.108392943996,24653.76186551086,96
1782491700,24651.2,24657.9,24639.5,24641.6,24688,24738.622200216574,24657.46100498541,24652.603592605064,77
1782492000,24642.6,24648.1,24636.9,24637.6,24688,24737.61700419452,24656.682142044803,24651.17467902363,28
1782492300,24638.1,24656.6,24635.6,24656.1,24658,24736.80588972492,24656.65931294501,24651.643757211856,15
1782492600,24655.1,24661.6,24641.5,24648.6,24658,24735.928219180394,24656.34326145697,24651.35387557263,40
1782492900,24649.6,24651.1,24640.4,24646.6,24658,24735.039381178598,24655.961172772382,24650.901125518092,14
1782493200,24647.6,24659.1,24634.6,24651.2,24658,24734.205158480305,24655.77446011464,24650.929589754465,65
1782493500,24651.7,24670.6,24649,24667.6,24658,24733.542420584978,24656.238206776812,24652.51724787309,24
1782493800,24668.1,24673.6,24659.9,24666.6,24658,24732.876326847814,24656.644551609093,24653.858462361368,30
1782494100,24666.1,24667.1,24651.6,24660.3,24658,24732.154174341867,24656.787902526383,24654.471942136475,33
1782494400,24659.8,24663.2,24649.6,24659.6,24658,24731.432242258863,24656.898180858683,24654.960328599667,33
1782494700,24659.1,24668.2,24651.1,24663.2,24658,24730.753314475194,24657.14531102109,24655.745059209225,29
1782495000,24663.7,24677.2,24657.1,24667.8,24658,24730.12691333614,24657.56314196144,24656.893148808347,30
1782495300,24666.8,24670.6,24657.1,24659.1,24658,24729.420177880056,24657.62341090413,24657.103325112315,32
1782495600,24659.6,24668.2,24648.1,24664.4,24658,24728.773210935975,24657.889159496124,24657.79824653019,23
1782495900,24663.9,24670.6,24661.6,24662.6,24658,24728.114771026165,24658.073898339415,24658.255556384458,25
1782496200,24663.1,24667.1,24661.1,24662.6,24658,24727.46288275725,24658.251392522183,24658.66931291927,24
1782496500,24663.1,24663.1,24649.6,24654.1,24658,24726.73290382434,24658.08859281543,24658.234140260294,27
1782496800,24655.6,24667.6,24653.6,24665.1,24658,24726.11964109972,24658.363549959922,24658.888031664075,29
1782497100,24664.6,24669.1,24653.1,24653.1,24658,24725.39307750669,24658.157136236005,24658.33679055321,28
1782497400,24654.6,24665,24649.6,24656.6,24658,24724.708569272792,24658.096072069886,24658.171381929096,18
1782497700,24657.1,24660.6,24642.2,24646.8,24658,24723.93335962829,24657.653088851457,24657.088393173944,43
1782498000,24647.3,24652.6,24642.5,24649.1,24658,24723.188749084722,24657.31767360238,24656.327593824044,12
1782498300,24649.6,24653.1,24631.6,24635.3,24658,24722.314234168458,24656.454235421897,24654.324965840802,19
1782498600,24634.7,24647.1,24630.6,24643.1,24658,24721.526032833448,24655.930539915156,24653.25592147501,28
1782498900,24642.6,24645.1,24628.6,24633.6,24658,24720.651146934608,24655.054832467504,24651.383928953583,13
1782499200,24634.1,24643.7,24629.2,24640.6,24658,24719.854618109388,24654.48797629231,24650.35688810086,29
1782499500,24640.9,24641.9,24625.9,24630.5,24638,24718.965517431683,24653.54727133967,24648.46575590078,40
1782499800,24631,24633.6,24619.6,24631.1,24638,24718.091233676143,24652.666986189095,24646.811874386418,37
1782500100,24631.6,24638.1,24618.3,24627.6,24638,24717.190823390807,24651.683967122855,24644.9821720639,29
1782500400,24628.1,24631.2,24613.6,24613.6,24638,24716.160068929206,24650.19047821608,24641.9933937721,35
1782500700,24614.1,24637.1,24612.4,24636.6,24638,24715.3684264523,24649.657518286036,24641.479737222377,43
1782501000,24635.1,24656,24632.6,24656,24638,24714.777695840836,24649.906243059133,24642.862619391675,35
1782501300,24655.5,24659,24647,24654.1,24638,24714.173937673266,24650.07070411564,24643.932846116277,29
1782501600,24652.6,24656.6,24631.6,24637.6,24638,24713.412007945175,24649.581656895418,24643.329717914727,31
1782501900,24637.1,24646.6,24634.6,24636.2,24638,24712.643729259154,24649.056886036775,24642.65069716094,28
1782502200,24636.7,24650.1,24632.1,24645.1,24638,24711.9716523511,24648.90171403533,24642.883964097993,48
1782502500,24645.6,24647.6,24628.1,24634.6,24638,24711.20178516353,24648.340862504534,24642.095015136278,23
1782502800,24635.1,24648.3,24630.6,24646.8,24638,24710.560971380808,24648.280436523964,24642.543108932823,50
1782503100,24647.7,24654.6,24640.6,24642.6,24638,24709.884742809856,24648.05767430734,24642.548527129697,68
1782503400,24641.6,24656.1,24638.1,24643.1,24638,24709.22021800578,24647.863255707052,24642.60104835544,125
1782503700,24642.6,24657.6,24625.6,24635.6,24638,24708.487678523135,24647.382343718542,24641.934281845395,183
1782504000,24597.9,24717.9,24597.9,24685.8,24638,24708.26193047813,24648.888918474677,24646.11196928869,18
1782504300,24686.7,24697.2,24662.7,24688.1,24638,24708.061314254468,24650.426607946258,24650.110829356432,0
1782504600,24690.6,24730.8,24682.2,24724.6,24638,24708.225878291738,24653.335368418953,24657.20503608439,0
1782504900,24727.9,24741.8,24717.7,24725.2,24638,24708.394775025154,24656.15358926527,24663.680746933496,0
1782505200,24724.4,24739.4,24716.3,24736,24638,24708.669453880626,24659.284821058787,24670.56829484459,0
1782505500,24736.8,24744.9,24724.1,24725,24638,24708.83194687684,24661.86188689962,24675.752266764153,0
1782505800,24725.8,24727.9,24671.1,24695.5,24638,24708.69929068901,24663.181028589832,24677.633003262807,0
1782506100,24694.7,24705.6,24657.8,24676.2,24638,24708.37591466225,24663.69157648827,24677.496526761588,0
1782506400,24675.3,24675.3,24649.9,24653.4,24638,24707.82889063576,24663.287985253435,24675.20161945096,0
1782506700,24652.6,24654.4,24640.1,24646.9,24650,24707.222633017493,24662.645319165065,24672.506227122296,0
1782507000,24647.8,24658.3,24644.1,24651.6,24650,24706.669173982493,24662.212169393886,24670.515157872553,0
1782507300,24651.5,24659.1,24626.7,24635.8,24650,24705.96400807222,24661.176398045107,24667.20895236088,0
1782684000,24701.5,24759.3,24701.5,24745.4,24650,24706.35640600185,24664.47928439628,24674.655718802704,0
1782684300,24745.8,24770.4,24727,24728.1,24650,24706.572760170988,24666.974214419955,24679.745650345303,0
1782684600,24728.6,24731.8,24704.8,24725.1,24650,24706.757110816052,24669.25365699172,24684.06511221718,0
1782684900,24725.5,24725.7,24708.9,24710.2,24650,24706.791368419872,24670.85939593322,24686.554149148877,0
1782685200,24709.7,24733.2,24701.3,24721.6,24650,24706.938717987832,24672.849223543682,24689.891849229934,0
1782685500,24721.2,24732.9,24716.5,24725.3,24650,24707.121417311337,24674.90611673805,24693.264054065177,0
1782685800,24724.9,24737.1,24724.7,24726.9,24650,24707.318219129134,24676.945092552243,24696.467477487542,0
1782686100,24726,24735.2,24725.2,24729.1,24650,24707.534953267153,24678.99038304039,24699.575336774444,0
1782686400,24727.4,24737.6,24724.8,24735.9,24650,24707.81719253813,24681.22213272508,24703.03482851021,0
1782686700,24736.3,24738.5,24730,24736.3,24738,24708.10060355765,24683.382049088803,24706.202940080668,0
1782687000,24735.9,24736.3,24724.1,24726.6,24738,24708.28467715409,24685.076870693163,24708.145517215842,0
1782687300,24727,24730.8,24724,24724.9,24738,24708.45000374957,24686.63856203853,24709.741182242906,0
1782687600,24724.1,24743,24719.9,24739.6,24738,24708.759953961016,24688.715481174273,24712.58487917215,0
1782687900,24740.8,24765.8,24735.3,24762.8,24738,24709.2976658619,24691.62075642234,24717.367271631945,0
1782688200,24763.2,24767,24756.5,24759.5,24738,24709.79719157472,24694.282687543033,24721.379912428903,0
1782688500,24759.1,24766.7,24749.5,24762.3,24738,24710.31960757895,24696.950033129582,24725.277063626152,0
1782688800,24762.7,24767.3,24755.7,24756.9,24738,24710.783094070703,24699.30101222254,24728.288771852232,0
1782689100,24757.3,24760.7,24755.2,24758.7,24738,24711.259879204328,24701.630384292243,24731.185079294875,0
1782689400,24758.3,24770,24757.5,24763.2,24738,24711.776696326673,24704.04487902588,24734.23411936203,0
1782689700,24763.6,24771.7,24761.6,24770.9,24738,24712.364987905512,24706.666648475846,24737.72610799422,0
1782690000,24771.3,24771.3,24763.7,24767,24738,24712.908619866652,24709.032662261106,24740.514097709056,0
1782690300,24766.2,24778.3,24759.8,24765.6,24758,24713.432912206288,24711.25098923126,24742.903231260574,0
1782690600,24765.2,24766,24750.5,24751.2,24758,24713.808704124633,24712.81761710454,24743.69339971195,0
1782690900,24750.4,24756.7,24743.2,24744.9,24758,24714.118070252745,24714.075749767107,24743.808314025096,0
1782691200,24743.6,24744.9,24697.4,24711,24758,24714.08704467809,24713.95513212918,24740.683712689373,0
1782691500,24710.6,24717.3,24697.2,24707.8,24758,24714.0244870196,24713.713754398625,24737.55193052848,0
1782691800,24708.6,24729.6,24704.8,24708.6,24758,24713.97051202438,24713.513215010444,24734.794603811482,0
1782692100,24708.2,24741.8,24704.5,24716.9,24758,24713.99966115847,24713.646030108073,24733.090355829438,40
1782692400,24716.4,24720.8,24687.6,24698.4,24758,24713.844440649427,24713.048146574423,24729.78651241711,16
1782692700,24698.9,24708.3,24693.3,24695.8,24758,24713.6648939763,24712.371748669542,24726.54970171072,6
1782693000,24699.8,24702.3,24682.8,24690.8,24758,24713.437382593453,24711.525797741324,24723.14496821446,29
1782693300,24690.3,24706.3,24682.2,24698.8,24758,24713.291736995507,24711.026746849508,24720.826399813082,2
1782693600,24697.3,24741.2,24697.3,24737.7,24758,24713.53460528411,24712.07275677698,24722.433409354693,29
1782693900,24735.7,24737.3,24686.3,24707.3,24702,24713.472569410635,24711.885589844547,24720.992132273295,13
1782694200,24706.8,24725.3,24706.8,24720.3,24702,24713.540504043365,24712.21556671339,24720.926214913932,15
1782694500,24719.8,24741.3,24718.8,24734.8,24702,24713.752041316566,24713.101230763845,24722.247527779273,4
1782694800,24735.3,24744.3,24711.3,24721.8,24702,24713.832120507446,24713.442358969183,24722.204906086008,4
1782695100,24722.8,24752.6,24721.3,24737.8,24702,24714.070606870555,24714.397560578236,24723.690153125437,15
1782695400,24738.3,24748.3,24728.8,24736.3,24702,24714.291794861892,24715.256479771248,24724.891090923014,5
1782695700,24735.8,24738.2,24704.8,24719.8,24702,24714.34660287322,24715.43465703512,24724.406225120823,9
1782696000,24718.8,24738.8,24710.8,24725.8,24702,24714.460567023732,24715.841141072957,24724.538965585507,5
1782696300,24726.3,24734.2,24708.6,24712.4,24702,24714.440063869268,24715.706194364215,24723.38287362498,2
1782696600,24712.9,24721.8,24696.8,24707.3,24702,24714.369018457634,24715.376539683264,24721.851171374983,7
1782696900,24706.8,24732.3,24703.8,24728.3,24702,24714.5076351894,24715.883342048626,24722.465345529745,2
1782697200,24727.8,24740.3,24725.1,24731.3,24702,24714.67472339647,24716.48791687025,24723.306741193577,0
1782697500,24730.8,24731.8,24712.3,24718.8,24722,24714.715770924864,24716.578586796906,24722.87752774657,0
1782697800,24719.8,24724.3,24712.7,24721.6,24722,24714.784270716656,24716.775504961734,24722.755858437373,2
1782698100,24721.1,24729.8,24718.8,24722.3,24722,24714.85905409261,24716.99215182598,24722.7124433481,0
1782698400,24722.8,24731.9,24711.9,24718.6,24722,24714.89627743497,24717.05520469555,24722.32078207685,5
1782698700,24719.1,24726.1,24705.2,24709.2,24722,24714.839598057508,24716.747157452588,24721.071183783817,2
1782699000,24709.7,24715.7,24689.8,24693.3,24722,24714.625273698726,24715.827661081898,24718.42630913774,12
1782699300,24692.8,24721.8,24684.3,24719.3,24722,24714.671788388292,24715.96383123555,24718.509517791288,10
1782699600,24719.8,24741.3,24718.3,24737.3,24722,24714.896944722735,24716.800543736117,24720.29908752545,4
1782699900,24737.8,24757.4,24732.3,24750.8,24722,24715.254189053852,24718.133855746466,24723.20393633255,2
1782700200,24750.3,24756.3,24745.8,24747.8,24722,24715.57802796874,24719.297233952486,24725.546418586593,2
1782700500,24747.3,24753.3,24739.8,24746.8,24722,24715.88869435711,24720.375773797485,24727.570569197393,8
1782700800,24745.8,24752.3,24742.8,24750.8,24722,24716.23607053266,24721.568880707386,24729.782895940498,0
1782701100,24750.3,24759.3,24750.3,24759.3,24758,24716.66456734328,24723.04853244435,24732.59404870807,0
1782701400,24757.8,24758.3,24745.3,24749.3,24758,24716.98929801648,24724.07800176026,24734.185091688254,0
1782701700,24749.8,24758.8,24749.3,24753.8,24758,24717.355573658107,24725.243570318682,24736.053178194135,0
1782702000,24757.3,24773.8,24755.3,24769.8,24758,24717.877408746088,24726.990881286576,24739.267161223266,5
1782702300,24770.3,24773.8,24762.8,24769.8,24758,24718.39405144513,24728.66967025573,24742.175050630573,3
1782702600,24769.3,24770.3,24756.8,24760.8,24758,24718.816001181996,24729.929683186878,24743.948855332423,1
1782702900,24759.3,24764.8,24756.3,24762.3,24758,24719.24867778715,24731.19910737563,24745.696583396002,1
1782703200,24761.8,24769.8,24757.3,24760.8,24758,24719.662123779315,24732.359926694233,24747.135004024953,0
1782703500,24761.3,24776.3,24759.3,24768.3,24758,24720.146082746684,24733.769341333675,24749.15071792734,9
1782703800,24766.3,24771.8,24747.3,24750.3,24758,24720.44612172433,24734.417602457845,24749.260173362833,3
1782704100,24751.8,24752.8,24733.5,24738.9,24758,24720.62974240369,24734.593382753614,24748.27349018542,3
1782704400,24738.4,24746.3,24733.8,24736.3,24758,24720.785665364845,24734.660308920138,24747.133157786808,0
1782704700,24736.8,24756.3,24734.8,24753.8,24750,24721.114166206986,24735.410885040917,24747.768095140444,2
1782705000,24753.3,24777.9,24752.8,24765.8,24750,24721.558801369105,24736.60261503931,24749.485419412784,5
1782705300,24765.3,24769.8,24757.3,24767.3,24750,24722.01393767389,24737.806434057376,24751.182046135375,6
1782705600,24767.7,24768.3,24761.3,24764.8,24750,24722.439669637337,24738.865005270814,24752.47899412248,0
1782705900,24763.8,24765.3,24750.3,24761.2,24750,24722.825344566318,24739.740887417058,24753.309566110816,2
1782706200,24760.7,24763.7,24753.4,24756.5,24750,24723.16041576466,24740.39810751835,24753.613416957407,0
1782706500,24756,24756.5,24744.3,24747.8,24750,24723.405585757053,24740.688377811748,24753.059758199557,9
1782706800,24748.3,24749.8,24738.3,24748.8,24750,24723.65826649579,24741.00648064266,24752.654066942458,1
1782707100,24749.3,24758.3,24743.3,24745.3,24750,24723.873607127673,24741.17485395079,24751.953679614606,1
1782707400,24745.8,24750.8,24741.3,24743.3,24750,24724.066904569187,24741.258193011545,24751.12951965131,1
1782707700,24742.3,24745.8,24736.3,24737.3,24750,24724.19857716054,24741.10296975619,24749.81242254166,0
1782708000,24736.3,24736.8,24728.3,24734.3,24750,24724.299088830583,24740.836186628498,24748.335048966266,0
1782708300,24734.8,24747.8,24731.8,24747.8,24750,24724.532928742716,24741.109277348947,24748.28409192186,0
1782708600,24748.3,24751.3,24740.3,24744.3,24750,24724.729616018907,24741.23440372742,24747.904654595968,3
1782708900,24743.8,24744.3,24730.6,24734.3,24750,24724.824843720213,24740.962466326346,24746.608973205875,0
1782709200,24734.8,24741.8,24720,24733.6,24750,24724.91215870807,24740.673742156687,24745.370023376745,12
1782709500,24733.1,24741.8,24726.8,24735.6,24750,24725.01850538759,24740.474771876034,24744.43954495991,2
1782709800,24737.6,24748.8,24729.3,24748.8,24750,24725.25513717478,24740.801251410307,24744.8548263923,2
1782710100,24748.3,24752.8,24736.8,24739.3,24750,24725.394887053637,24740.742378805982,24744.32579530732,2
1782710400,24740.3,24743.3,24729.3,24738.8,24750,24725.528271262057,24740.6662070881,24743.799529087573,34
1782710700,24738.3,24740.8,24724.8,24732.3,24750,24725.59565164751,24740.338120535624,24742.70433584114,7
1782711000,24732.8,24754.8,24726.3,24753.5,24750,24725.873306854995,24740.85427267148,24743.73249433246,1
1782711300,24752,24757.3,24738.3,24751.3,24750,24726.126308776835,24741.263909037305,24744.45320915794,11
1782711600,24750.8,24773.8,24749.3,24771.8,24750,24726.58077336612,24742.46140280055,24747.057665428612,2
1782711900,24771.3,24773.8,24759.3,24764.8,24758,24726.9610641784,24743.337426220136,24748.747411578268,10
1782712200,24764.3,24790.8,24760.3,24787.9,24758,24727.56742174876,24745.084978133073,24752.476229523196,25
1782712500,24788.8,24798.8,24784.8,24789.8,24758,24728.1866513831,24746.838508402365,24756.03087433051,21
1782712800,24789.8,24797.3,24769.8,24775.3,24758,24728.65544092158,24747.95464532776,24757.866029156176,175
1782713100,24774.8,24774.8,24754.3,24766.3,24758,24729.030013648728,24748.674071001184,24758.669264474636,95
1782713400,24765.8,24784.8,24761.8,24780.2,24758,24729.539167741776,24749.910381942314,24760.71981071515,93
1782713700,24779.7,24786.1,24776.3,24776.8,24758,24730.00942477917,24750.964876768106,24762.251257313706,64
1782714000,24776.3,24781.8,24765.1,24781.8,24758,24730.524753885846,24752.174097287003,24764.11304233145,112
1782714300,24782.3,24793.3,24776.2,24783.8,24758,24731.054855837232,24753.414328765943,24765.987990680835,77
1782714600,24784.4,24784.4,24765.1,24770.8,24758,24731.450329908505,24754.09611979473,24766.44627728266,77
1782714900,24771.3,24773.3,24758.3,24766.8,24758,24731.802067919365,24754.59431117533,24766.479965160503,27
1782715200,24766.3,24774.8,24755.2,24755.8,24758,24732.040853313203,24754.641593090022,24765.462825621405,65
1782715500,24754.8,24759.8,24745.3,24751.8,24750,24732.237461737946,24754.530158066886,24764.161604133653,56
1782715800,24752.3,24765.8,24749.8,24754.8,24750,24732.461964606224,24754.54074010348,24763.27002278759,38
1782716100,24754.3,24758.3,24737.9,24754.3,24750,24732.679258490738,24754.531299315106,24762.415734903057,82
1782716400,24754.3,24766.8,24685.4,24709.6,24750,24732.449614127647,24752.76928757726,24757.38566491229,991
1782716700,24709.1,24722.7,24681.9,24711.6,24750,24732.242155280604,24751.154805711485,24753.025125396834,282
1782717000,24712.7,24727.8,24696.4,24719.3,24750,24732.113377616122,24749.905597644367,24749.813208692372,261
1782717300,24719.8,24736.8,24710.4,24713.8,24750,24731.931154953276,24748.489691854393,24746.3833792931,274
1782717600,24714.3,24731.6,24712.1,24720.2,24750,24731.814427043293,24747.380292173828,24743.889724122328,142
1782717900,24720.5,24749.3,24706.8,24737.1,24750,24731.867019809033,24746.97714346113,24743.243083729725,265
1782718200,24736.7,24747.9,24718.3,24730.8,24750,24731.856402696507,24746.34274567834,24742.058028136416,143
1782718500,24731.3,24748.8,24722.1,24746.8,24750,24732.00509520699,24746.360677220364,24742.50964450438,117
1782718800,24748.1,24770,24745.3,24749.1,24750,24732.175193762145,24746.468101643095,24743.137297408724,198
1782719100,24749.3,24750.9,24711,24721.1,24722,24732.06499282919,24745.47327412768,24741.03850717932,204
1782719400,24720.8,24753.2,24720.1,24745.3,24722,24732.196684442828,24745.46647906385,24741.44436363843,119
1782719700,24744.8,24754.2,24740.4,24742.8,24722,24732.302190070262,24745.361911257423,24741.573471863343,86
1782720000,24742.5,24758,24730.5,24740.5,24722,24732.38376031832,24745.17124807086,24741.471236447785,131
1782720300,24740,24745.3,24717,24730.4,24722,24732.36402140968,24744.59198344063,24740.416832976567,118
1782720600,24732.4,24737.2,24712.5,24734.4,24722,24732.38427990312,24744.19229781551,24739.843801264513,92
1782720900,24733.9,24740.8,24715.4,24725,24722,24732.310804481196,24743.43965868549,24738.430105905987,129
1782721200,24725.4,24726.3,24706,24715,24722,24732.138557670438,24742.324377952726,24736.198667248274,147
1782721500,24714.6,24725.2,24676.8,24676.8,24722,24731.587925255808,24739.7547945036,24730.54165131987,144
1782721800,24678.4,24689.5,24666.6,24688.8,24722,24731.16217475575,24737.756567268163,24726.566255956073,198
1782722100,24688.5,24702.7,24677.7,24680.5,24722,24730.6580735144,24735.51121168902,24722.178993484067,112
1782722400,24679.8,24681.5,24653.6,24662.7,24722,24729.98187377794,24732.655870054157,24716.514327437966,156
1782722700,24662.6,24685.4,24659.8,24665.3,24658,24729.33827304383,24730.014463385367,24711.636772443875,165
1782723000,24664.6,24676.8,24659.3,24660.5,24658,24728.653315103096,24727.288405997704,24706.766603639695,100
1782723300,24660.1,24664.6,24647.2,24647.7,24658,24727.84780948018,24724.16729203701,24701.141212816867,121
1782723600,24647.2,24670.4,24644,24668.4,24658,24727.25628898784,24721.98033940811,24698.023002072405,99
1782723900,24667.9,24686.8,24659.9,24664.1,24658,24726.62786820189,24719.710522176418,24694.79223997027,113
1782724200,24664.5,24681.3,24661.6,24677.3,24658,24726.137043642666,24718.04736444401,24693.126312354052,106
1782724500,24676.8,24692.3,24666.6,24687.3,24658,24725.750605397465,24716.841585446207,24692.57142546319,88
1782724800,24688.4,24701.7,24685.1,24692.4,24658,24725.41875857759,24715.883091899297,24692.5550992286,79
1782725100,24692.9,24713.8,24688.4,24713.3,24658,24725.298173915126,24715.781794177758,24694.530804063972,63
1782725400,24713.8,24717.8,24697.3,24700.3,24658,24725.049435866218,24715.174664994316,24695.080251295974,141
1782725700,24700.8,24712.3,24687.9,24702.7,24658,24724.827053419787,24714.68546244552,24695.805941648738,78
1782726000,24703.4,24705.5,24685.6,24693,24658,24724.510366321083,24713.83505215354,24695.538709110762,88
1782726300,24692.7,24694.9,24672.7,24683.1,24688,24724.098322875103,24712.629755990656,24694.354070147834,49
1782726600,24682.8,24693.5,24665.5,24677.4,24688,24723.633662946,24711.2481969322,24692.73939680042,111
1782726900,24677.9,24689.3,24671.2,24684.4,24688,24723.24327824007,24710.19532646427,24691.945168533715,51
1782727200,24683.9,24687.7,24671.4,24681.9,24688,24722.83190233718,24709.085705818612,24690.98848581622,55
1782727500,24682.4,24683.7,24668.7,24680.6,24688,24722.411684403476,24707.96861931592,24689.999106214673,52
1782727800,24681.8,24687.9,24670.3,24673.9,24688,24721.92898107608,24706.632595029023,24688.46585800375,67
1782728100,24674.4,24674.8,24652.7,24669.4,24688,24721.406304647462,24705.17249326318,24686.650062003395,61
1782728400,24668.8,24676.2,24658,24660.1,24688,24720.796291665894,24703.40494450776,24684.121484669737,66
1782728700,24659.1,24680.2,24658.2,24679.7,24688,24720.38737334086,24702.47533884079,24683.700390891667,67
1782729000,24678.4,24680.9,24660.2,24667.7,24688,24719.86312086981,24701.111600062723,24682.17654414008,65
1782729300,24667.2,24687.7,24662.4,24687.7,24688,24719.54308981638,24700.585654962222,24682.702587555308,61
1782729600,24689.4,24697,24681.1,24686.8,24688,24719.21728792766,24700.045041042136,24683.092817311946,147
1782729900,24687.8,24690.1,24662.1,24682.6,24688,24718.852936804,24699.36092178558,24683.045882329858,169
1782730200,24681.6,24692.2,24681,24686,24688,24718.526041910427,24698.836964068498,24683.32722686987,52
1782730500,24685.9,24692,24680.4,24681.9,24688,24718.161603682463,24698.172769399145,24683.191300501312,39
1782730800,24683.2,24692.5,24675.3,24679.6,24688,24717.777906133386,24697.44442550114,24682.84927188214,55
1782731100,24680.6,24693.2,24678.1,24687.5,24688,24717.47663343554,24697.054448030507,24683.292198369556,29
1782731400,24685.9,24697.8,24675.5,24679.1,24688,24717.09477638643,24696.35035202931,24682.89294138198,27
1782731700,24678.6,24684,24667,24669.4,24688,24716.620201497015,24695.29347547914,24681.6078993456,51
1782732000,24671.5,24674.4,24650.7,24660.4,24688,24716.060796506994,24693.92510389172,24679.588099407923,90
1782732300,24661.4,24672.4,24659.4,24659.7,24688,24715.49999256165,24692.582942954792,24677.693994702408,64
1782732600,24658.9,24698.9,24651.9,24662,24688,24714.967654327207,24691.383611858524,24676.199328540275,264
1782732900,24661.5,24661.5,24636.7,24640.4,24688,24714.225687617483,24689.384254530738,24672.789868679298,76
1782733200,24641.6,24661.7,24636.3,24658,24688,24713.6662280392,24688.153499451102,24671.38130975746,86
1782733500,24658.3,24677.9,24657.6,24672.7,24658,24713.258603879607,24687.547479864785,24671.506899304368,51
1782733800,24670.5,24693.3,24665.4,24690.9,24658,24713.036130209162,24687.678951242637,24673.35386127538,78
1782734100,24690.4,24695.8,24683.7,24690.4,24658,24712.810895082705,24687.785659037043,24674.977303058677,71
1782734400,24691.4,24702.8,24682.4,24694.9,24658,24712.632677221187,24688.064652800294,24676.874702767374,83
1782734700,24696.9,24705.2,24690.1,24698.8,24658,24712.49503864187,24688.485646808127,24678.962826313338,64
1782735000,24699.7,24712.4,24699.6,24706.7,24658,24712.43737656583,24689.19993516859,24681.604461902545,56
1782735300,24706.2,24713.7,24703.1,24708.8,24658,24712.40118376418,24689.96856516198,24684.194513149923,27
1782735600,24708.3,24712,24692.1,24702.1,24658,24712.298684423244,24690.44430770465,24685.899797611833,99
1782735900,24701.7,24707.4,24689.3,24690,24658,24712.076806966295,24690.426883873093,24686.290293077374,61
1782736200,24690.5,24696.7,24677.6,24695.8,24658,24711.914848688022,24690.637594309443,24687.195979450957,68
1782736500,24695.3,24708.4,24672.9,24679.5,24658,24711.59231288018,24690.20082590515,24686.463029027054,76
1782736800,24681.5,24688.1,24666.9,24678.5,24658,24711.263036135104,24689.741969987303,24685.70464531019,72
1782737100,24679,24695.5,24676.8,24687.8,24688,24711.029573088985,24689.665814301527,24685.904202899696,62
1782737400,24688,24702,24684.7,24695.1,24688,24710.87106987417,24689.878919623035,24686.779993099724,49
1782737700,24694.6,24707,24693.5,24706,24688,24710.822601517215,24690.511118853505,24688.61046994737,29
1782738000,24706.3,24722.6,24702.7,24717.2,24688,24710.886058218537,24691.557741643563,24691.333282333333,87
1782738300,24718.7,24722.9,24705.4,24707.3,24688,24710.85037604721,24692.17508510852,24692.85392211111,69
1782738600,24708,24719.5,24705.9,24718.6,24688,24710.927486733304,24693.211356280735,24695.3059295291,43
1782738900,24719.1,24720.4,24709.4,24712.4,24688,24710.942138606606,24693.96385211286,24696.933936240614,48
1782739200,24711.6,24717.6,24698.6,24705.2,24688,24710.88500289908,24694.40448536334,24697.721180408174,70
1782739500,24704.2,24714.1,24696,24713.1,24688,24710.907042671228,24695.13764280007,24699.18582989311,70
1782739800,24714.1,24720.5,24693.7,24702.4,24688,24710.82239548047,24695.422441121635,24699.491941331864,203
1782740100,24701.9,24712.8,24683.9,24707.2,24688,24710.786351744347,24695.88430617569,24700.2260421574,140
1782740400,24707.3,24718.3,24702.7,24716.6,24688,24710.84419899067,24696.69668632566,24701.785466713838,77
1782740700,24716.9,24725.9,24702.3,24705.4,24702,24710.790027856438,24697.037992744263,24702.129707979188,65
1782741000,24704,24723.4,24685.7,24686.7,24702,24710.550326086723,24696.632581264097,24700.66021198117,81
1782741300,24687.2,24690.4,24652.4,24673.6,24702,24710.182661150535,24695.729342783154,24698.083048935343,230
1782741600,24672.2,24672.7,24649.9,24651.8,24702,24709.60173914904,24694.006623458325,24693.67513951293,194
1782741900,24650.8,24651.9,24613,24636.7,24702,24708.876348709746,24691.759304891333,24688.248935749794,219
1782742200,24639,24641.3,24585.3,24585.3,24702,24707.646733299698,24687.584430189712,24678.444275202193,265
1782742500,24584.8,24619.6,24571.8,24614.5,24702,24706.719900132535,24684.718374103843,24672.354344230556,336
1782742800,24614,24641.8,24602.8,24636.3,24702,24706.019204608827,24682.819614335065,24668.92059716098,208
1782743100,24636.8,24670.8,24636.8,24658.6,24702,24705.547371727145,24681.86982553761,24667.93768314565,236
1782743400,24658.4,24664.7,24644.7,24654.1,24702,24705.035457580605,24680.78081277143,24666.61980856035,141
1782743700,24654.5,24659.2,24619.2,24619.7,24702,24704.186348549953,24678.385486780393,24662.151255364126,138
1782744000,24619.5,24630.9,24617,24623,24702,24703.37852418627,24676.213506906653,24658.422564377066,84
1782744300,24622.5,24625.3,24589.6,24600,24602,24702.34988215457,24673.224741929924,24652.85851062687,216
1782744600,24600.3,24611.2,24584.7,24602.7,24602,24701.3583410386,24670.45906577581,24648.081509614785,109
1782744900,24602.2,24605.2,24581.6,24597.9,24602,24700.32890480936,24667.613612215973,24643.3023182229,150
1782745200,24597.4,24598.9,24560.1,24593.3,24602,24699.2639405824,24664.699352913387,24638.54019267786,331
1782745500,24592.8,24605.4,24589.5,24591.5,24602,24698.191662566656,24661.828790054038,24634.060174327587,139
1782745800,24589.8,24616.8,24586.1,24615.8,24602,24697.37184502868,24660.023739463682,24632.321110105913,113
1782746100,24616.3,24623.9,24605.5,24615.1,24602,24696.553219705012,24658.262024190597,24630.681004381542,220
1782746400,24616.7,24635.7,24612.2,24614.2,24602,24695.73378468307,24656.53410167332,24629.111384916632,338
1782746700,24614.7,24644.7,24614.7,24633.9,24602,24695.118523143934,24655.64648984299,24629.567443496002,579
1782747000,24633.7,24649.7,24625.2,24632.2,24602,24694.492468187276,24654.72701965307,24629.81816316305,747
1782747300,24628.7,24629.2,24614.4,24622.1,24602,24693.772145120736,24653.447528686283,24629.083100004664,289
1782747600,24622.6,24641.7,24617.7,24640.2,24602,24693.23908895038,24652.92801775741,24630.14185238517,68
1782747900,24639.7,24651.2,24636.2,24639.2,24638,24692.701386572764,24652.389664119866,24631.004533110394,76
1782748200,24638.2,24642.7,24630.2,24638.7,24638,24692.164059343184,24651.85281454654,24631.73743471893,35
1782748500,24639.2,24644.7,24634.2,24641.7,24638,24691.66192939947,24651.45466495648,24632.686250459985,27
1782748800,24643.7,24656.2,24638.2,24654.7,24638,24691.294149007437,24651.581932997404,24634.782798035223,44
1782749100,24654.2,24657.2,24646.2,24649.7,24638,24690.88027687801,24651.508131703387,24636.20348393663,70
1782749400,24650.2,24654.6,24644.2,24647.8,24638,24690.45161740659,24651.362714773844,24637.307914037905,37
1782749700,24647.7,24657.2,24646.8,24651.7,24638,24690.06602917369,24651.37594164546,24638.67858889144,65
1782750000,24651.2,24657.2,24647.2,24655.7,24638,24689.72407863465,24651.545512561323,24640.299675663682,42
1782750300,24656.2,24660.7,24650.2,24654.2,24638,24689.370605215398,24651.649610107936,24641.623516076666,28
1782750600,24655.2,24659.7,24648.7,24655.3,24638,24689.031594218228,24651.792762652723,24642.92603835508,32
1782750900,24654.8,24666.7,24652.2,24665.7,24638,24688.799439051876,24652.33814450948,24645.09498708317,42
1782751200,24666.1,24673.7,24662.7,24672.2,24638,24688.634270504095,24653.117040803223,24647.676416884773,27
1782751500,24671.7,24676.7,24667.7,24670.7,24658,24688.455820051317,24653.806568614862,24649.869139086222,33
1782751800,24671.2,24688.7,24666.7,24685.7,24658,24688.42839895628,24655.05729141428,24653.28160203039,59
1782752100,24686.2,24686.2,24674.7,24675.7,24658,24688.301748220394,24655.866809398034,24655.416687551307,29
1782752400,24676.8,24685.3,24676.8,24684.2,24658,24688.260934805265,24656.977914911837,24658.157955403563,31
1782752700,24683.7,24691.7,24679.2,24689.7,24658,24688.275253861928,24658.261133934902,24661.161959650843,24
1782753000,24690.2,24704.7,24687,24697.2,24658,24688.364057306087,24659.788148290398,24664.59415396981,68
1782753300,24696.7,24700.6,24690.2,24697.7,24658,24688.456952258264,24661.274887573127,24667.74709168697,42
1782753600,24697.2,24701.7,24685.7,24686.3,24658,24688.43549004674,24662.256264531043,24669.514035335833,13
1782753900,24685.8,24694.2,24682.2,24692.7,24658,24688.477922981598,24663.45013651022,24671.722222446708,28
1782754200,24692.2,24702.2,24690.3,24695.2,24658,24688.54480932009,24664.69522919609,24673.958201261306,23
1782754500,24695.7,24697.7,24688.2,24696.2,24658,24688.62098037163,24665.93071040409,24676.07646780785,41
1782754800,24696.7,24702.7,24695.2,24701.7,24658,24688.75111987042,24667.333427643145,24678.5168042071,11
1782755100,24701.2,24701.2,24694.7,24696.2,24702,24688.825238080663,24668.46545008851,24680.20091809214,20
1782755400,24696.7,24704.7,24695.7,24700.5,24702,24688.94140486593,24669.721706947785,24682.13416398813,29
1782755700,24701,24702,24693.2,24695.7,24702,24689.00865456876,24670.740463538066,24683.42614837021,11
1782756000,24696.2,24743.7,24693.2,24723.8,24702,24689.354837110364,24672.821229673827,24687.271277096857,195
1782756300,24724.4,24739.2,24717.2,24735.7,24702,24689.815983009765,24675.287063804266,24691.883536420966,250
1782756600,24735.9,24737.2,24724.7,24732.7,24702,24690.242689646482,24677.538551498215,24695.770818666588,40
1782756900,24732.8,24735.2,24724.7,24730.7,24702,24690.645249948506,24679.62331418456,24699.097407365007,52
1782757200,24729.7,24736.2,24724.2,24732.7,24702,24691.0637051729,24681.704752843987,24702.297654282625,35
1782757500,24732.2,24734.7,24728.7,24732.7,24702,24691.477996663714,24683.70456645795,24705.19311577952,35
1782757800,24733.2,24742.2,24731.2,24736.2,24702,24691.922991721785,24685.76321091058,24708.146152371944,48
1782758100,24735.7,24742.7,24731.7,24735.2,24702,24692.35360871958,24687.70190852193,24710.7227092889,29
1782758400,24735.7,24741.2,24735.5,24738.7,24702,24692.814766841773,24689.701833677933,24713.38721316615,22
1782758700,24739.2,24744.2,24738.2,24741.7,24738,24693.301187072204,24691.74097745527,24716.083669055086,27
1782759000,24741.2,24742.7,24736.7,24738.2,24738,24693.747941429694,24693.562899908004,24718.189986287936,27
1782759300,24738.7,24750.2,24738.2,24742.2,24738,24694.23005146522,24695.47023716651,24720.476654260514,70
1782759600,24741.2,24745.2,24735.2,24738.7,24738,24694.67253851532,24697.165521983512,24722.212210997608,22
1782759900,24738.2,24742.2,24736.7,24736.7,24738,24695.090722211684,24698.715893670433,24723.592000426408,29
1782760200,24737.2,24741.2,24733.2,24734.7,24738,24695.48484437873,24700.12703509512,24724.649905147704,27
1782760500,24735.2,24742.7,24729.7,24739.7,24738,24695.924796175957,24701.67891607178,24726.08324751459,65
1782760800,24741.2,24750,24740.7,24743.8,24738,24696.401166363263,24703.330723284653,24727.770557275107,73
1782761100,24743.2,24744.2,24739.7,24741.7,24738,24696.851901026315,24704.835400802902,24729.097170867954,65
1782761400,24741.2,24748.7,24735.7,24739.7,24738,24697.278250269836,24706.202639987103,24730.106964118626,119
1782761700,24740.2,24745.7,24734.2,24739.7,24738,24697.700357232326,24707.516261948393,24731.02058658352,40
1782762000,24738.2,24743.2,24735.7,24743.2,24738,24698.153089996184,24708.915624224926,24732.180530718422,39
1782762300,24742.7,24746.7,24734.6,24737.5,24738,24698.54460153851,24710.036580137676,24732.68714684048,42
1782762600,24735,24739.8,24723.5,24728.2,24738,24698.839680130168,24710.748871112668,24732.259799522337,113
1782762900,24729.2,24748.7,24725.7,24747.7,24738,24699.32585246718,24712.197934990603,24733.730294805922,175
1782763200,24744.4,24749.4,24727.9,24734.8,24738,24699.678829059547,24713.08429048117,24733.83217149107,14
1782763500,24736.4,24739.4,24732.7,24736,24738,24700.04023374552,24713.982945756416,24734.038631349064,0
1782763800,24736.8,24744.7,24734.4,24741.5,24738,24700.45276873313,24715.06204592283,24734.74923788725,0
1782764100,24742.4,24744,24738.8,24743,24738,24700.87612426812,24716.157651965073,24735.53502475513,0
1782764400,24742.2,24749.9,24740.6,24745.8,24738,24701.32312800675,24717.32009698605,24736.512641445115,0
1782764700,24744.9,24748.3,24740,24740.9,24738,24701.716927728074,24718.24479906503,24736.93048511701,0
1782765000,24741.7,24741.7,24734.8,24735.6,24738,24702.054072725805,24718.925395180126,24736.80377224872,0
1782765300,24736.5,24736.5,24724.7,24727.1,24738,24702.303285932514,24719.24596791816,24735.879603463127,0
1782765600,24726.2,24730.7,24725.3,24729.8,24738,24702.576885077466,24719.659851529213,24735.300593609496,0
1782765900,24729,24730,24721.5,24728.3,24722,24702.83283646973,24719.99868088101,24734.63387040859,0
1782766200,24729.1,24732.4,24727.5,24729.9,24722,24703.102161479983,24720.386967905284,24734.183025607774,0
1782766500,24729.1,24735.9,24728.3,24734.9,24722,24703.418557883168,24720.956106418802,24734.251308883224,0
1782766800,24738.4,24744.4,24736.8,24737.8,24722,24703.76066178483,24721.61665126512,24734.589279465774,0
1782767100,24737.6,24739.1,24737,24738.7,24722,24704.10831689145,24722.28658650963,24734.98077665951,0
1782767400,24737.8,24738.2,24736,24738.2,24722,24704.447537618897,24722.910641940623,24735.287369358604,0
1782767700,24738.4,24739.2,24738.2,24739.2,24722,24704.79333326448,24723.549440295894,24735.66000084826,0
1782768000,24739.5,24739.5,24737.7,24738.3,24722,24705.126732933488,24724.127893617624,24735.911429338903,0
1782768300,24739.2,24739.2,24736.2,24738.3,24722,24705.456815192854,24724.683662495365,24736.138912259008,0
1782768600,24737.6,24737.6,24737,24737,24722,24705.770677728247,24725.166656122998,24736.220920615295,0
1782768900,24736.8,24740.4,24736.8,24737.9,24722,24706.09037247722,24725.666002941703,24736.380832937648,0
1782769200,24737.8,24740.9,24731.2,24740.2,24722,24706.429771756055,24726.235963610656,24736.744563134063,0
1782769500,24740.4,24740.6,24737,24737.7,24738,24706.740918305746,24726.68553366514,24736.835557121296,0
1782769800,24737.5,24737.5,24737,24737.1,24738,24707.042998720615,24727.09394410964,24736.86074215736,0
1782770100,24737.8,24741.8,24737.8,24739.3,24738,24707.363963907475,24727.572612968088,24737.09305242809,0
1782770400,24740.6,24743.1,24724.7,24733.1,24738,24707.620043868596,24727.78937324385,24736.71276172065,0
1782770700,24736,24743.1,24727.6,24738.8,24738,24707.93029218831,24728.221162528404,24736.911546318683,0
1782771000,24739.2,24745.4,24732.6,24734.4,24738,24708.19367236554,24728.46346988023,24736.67235143119,0
1782771300,24734.8,24739.3,24730.5,24739.3,24738,24708.503188063398,24728.88843184571,24736.922603675837,0
1782771600,24738.4,24742.6,24735.3,24735.7,24738,24708.773803107542,24729.155552165485,24736.80616523052,0
1782771900,24735.3,24738.2,24730.8,24734.3,24738,24709.02779511642,24729.35729521782,24736.567482827613,0
1782772200,24734.7,24735.6,24726.5,24730.8,24738,24709.244433970984,24729.413871875942,24736.018198748792,0
1782772500,24731.2,24733.2,24729.9,24732.4,24738,24709.474837613063,24729.53097493963,24735.673608391764,0
1782772800,24731.6,24743.3,24730.3,24739.9,24738,24709.77757554726,24729.937603373368,24736.076121878265,0
1782773100,24740.3,24740.8,24735.3,24736.6,24738,24710.04446534281,24730.198873829315,24736.126015032714,0
1782773400,24735.7,24736.6,24731.6,24736.6,24738,24710.308699518504,24730.449898385028,24736.17115645817,0
1782773700,24736.1,24736.6,24731.6,24735.7,24738,24710.56134927454,24730.65578472287,24736.126284414535,0
1782774000,24735.2,24738.4,24733.2,24738,24738,24710.834370674795,24730.94379316511,24736.30473351791,0
1782774300,24737.6,24746.2,24735.9,24745.8,24738,24711.182287384498,24731.526389511575,24737.20904461144,0
1782774600,24745.4,24747.7,24736.6,24738.8,24738,24711.4570904951,24731.81162913857,24737.360564172257,0
1782774900,24739.2,24743,24736.7,24738.8,24738,24711.72915924639,24732.085682897843,24737.49765329871,0
1782775200,24738.4,24741.6,24735.7,24737.4,24738,24711.984590497672,24732.294087490085,24737.488352984547,0
1782775500,24737.8,24742.4,24737,24739.1,24738,24712.254395567346,24732.560986019886,24737.641843176494,0
1782775800,24738.6,24745.6,24735.8,24745.2,24738,24712.582212526875,24733.056633626948,24738.361667635876,0
1782776100,24744,24744.9,24739.8,24739.8,24738,24712.853036282828,24733.321079367066,24738.498651670554,0
1782776400,24739.4,24742.8,24737.1,24738,24738,24713.103254827278,24733.50456645071,24738.451161035264,0
1782776700,24739.2,24739.6,24722.3,24725.2,24722,24713.223620450888,24733.17889717813,24737.189145698572,0
1782777000,24726,24728.5,24720.2,24726.2,24722,24713.352738655358,24732.90521493585,24736.142560393946,0
1782777300,24725.8,24737.8,24725.4,24732.8,24722,24713.546243743363,24732.901088859933,24735.82422130881,0
1782777600,24732.4,24733.5,24717.4,24733.5,24722,24713.74478858174,24732.92457557131,24735.602866898447,0
1782777900,24733.1,24747,24731,24733.3,24722,24713.93936779983,24732.939298097925,24735.383546241454,0
1782778200,24732.9,24741.6,24728.2,24735.3,24722,24714.151911403813,24733.031874643104,24735.375589456555,0
1782778500,24734.9,24751.7,24731.8,24741.6,24722,24714.425026713227,24733.36787955906,24735.968390460694,16
1782778800,24742.6,24743.1,24717.7,24726.7,24722,24714.547165750904,24733.106394086157,24735.085686607294,6
1782779100,24727.2,24727.2,24707,24713.4,24722,24714.535751166317,24732.333594318072,24733.020383120886,5
1782779400,24711.9,24714.2,24687.3,24702.2,24722,24714.413007373616,24731.15188473697,24730.085108537944,9
1782779700,24701.7,24705.7,24686.7,24694.2,24722,24714.211882922136,24729.702791217875,24726.667479153377,11
1782780000,24694.7,24701.7,24679.6,24688.5,24722,24713.95604329107,24728.08699548384,24723.03248113877,13
1782780300,24688,24702.2,24677.8,24701.2,24702,24713.829117487177,24727.03260350408,24720.95319722079,6
1782780600,24702.2,24709.7,24696.7,24709.7,24702,24713.788031741038,24726.352893562744,24719.881464152146,2
1782780900,24708.7,24714.2,24702.7,24714.2,24702,24713.792130927694,24725.87630950146,24719.340372328134,1
1782781200,24714.7,24716.2,24697.7,24705.7,24702,24713.711612211995,24725.085081677873,24718.041289249264,2
1782781500,24706.2,24707.7,24694.2,24702.7,24702,24713.602043931278,24724.207235337562,24716.580214082667,4
1782781800,24703.2,24710.2,24697.2,24709.2,24702,24713.558242499126,24723.618716304718,24715.877336550984,3
1782782100,24708.7,24722.7,24704.2,24721.7,24702,24713.639255011574,24723.54347252806,24716.431875927083,3
1782782400,24725.7,24731.2,24717.2,24728.7,24702,24713.789113170664,24723.745689291667,24717.600268695933,2
1782782700,24728.2,24752.4,24727.7,24751.4,24702,24714.16335085056,24724.830172064543,24720.819290724892,4
1782783000,24752.4,24775.2,24749.7,24760.2,24702,24714.621426961497,24726.217224140444,24724.56983446538,13
1782783300,24760.7,24762.2,24730.2,24743.2,24702,24714.90579087233,24726.883215350623,24726.344135944866,4
1782783600,24740.7,24752.2,24740.2,24745.7,24702,24715.2122009134,24727.62112847413,24728.187551569164,0
1782783900,24745.2,24747.7,24729.7,24742.5,24738,24715.48372130232,24728.204613632006,24729.550641895912,2
1782784200,24742,24752.2,24740,24751.7,24738,24715.844082284388,24729.126001332712,24731.660104572493,0
1782784500,24750.2,24757.1,24748.6,24754.7,24738,24716.23070833131,24730.12890324123,24733.854380327495,3
1782784800,24754.2,24755.4,24739.7,24742.2,24738,24716.489109243437,24730.602279584713,24734.649201248685,2
1782785100,24741.7,24744.2,24735.2,24740.7,24738,24716.730013629076,24730.998268620606,24735.22546779643,0
1782785400,24741.2,24741.7,24729.7,24731.2,24738,24716.873993592966,24731.00617965509,24734.842089911057,0
1782785700,24732.2,24735.2,24722.2,24731.9,24738,24717.023506094527,24731.041231433323,24734.561890871908,0
1782786000,24731.4,24746,24730.9,24743.2,24738,24717.28396872045,24731.518045886918,24735.384567931727,0
1782786300,24742.7,24750.2,24742.7,24748.7,24738,24717.596566046614,24732.191848009,24736.65270431918,0
1782786600,24749.2,24753.2,24744.7,24749.7,24738,24717.91600320038,24732.878442204725,24737.89530390783,2
1782786900,24749.2,24749.7,24743.7,24748.2,24738,24718.217336501868,24733.47928760846,24738.876703535654,0
1782787200,24748.7,24750.2,24740.7,24743.9,24738,24718.472885392395,24733.887942996364,24739.355112722737,0
1782787500,24744.4,24750.7,24739.7,24749.7,24750,24718.78360295068,24734.508023663173,24740.340340082475,1
1782787800,24749.2,24752.7,24744.7,24747.7,24750,24719.071328294453,24735.025356068538,24741.04126007462,0
1782788100,24748.9,24751.2,24739.7,24742.7,24750,24719.3064394557,24735.32632249722,24741.19923530561,0
1782788400,24741.7,24745.2,24738.7,24744.2,24750,24719.554136575545,24735.67430985027,24741.48502241936,1
1782788700,24743.7,24754.5,24741.7,24747.7,24750,24719.834194918076,24736.145905542417,24742.07692504609,0
1782789000,24747.2,24748.7,24740.2,24740.7,24750,24720.04181486914,24736.324497481928,24741.945789327416,1
1782789300,24742.2,24751.7,24742.2,24747.7,24750,24720.317020691335,24736.77059561989,24742.49380939147,0
1782789600,24746.2,24749.2,24740.2,24740.7,24750,24720.51983640585,24736.92468990931,24742.32297040181,0
1782789900,24738.7,24748.6,24736.2,24748.6,24750,24720.799241018725,24737.382545206983,24742.92078274449,1
1782790200,24748.1,24757,24745.2,24753.2,24750,24721.12163663048,24738.00283755181,24743.899755816445,0
1782790500,24753.7,24769,24753.1,24765.2,24750,24721.560227310772,24739.069392941932,24745.92835050059,0
1782790800,24765.7,24772.7,24760.7,24763.7,24750,24721.97952853156,24740.035299101073,24747.620888548154,3
1782791100,24763.2,24767.2,24760.7,24767.2,24758,24722.429483471544,24741.100581489267,24749.485565829284,0
1782791400,24767.7,24773.7,24761.2,24764.2,24758,24722.84511050168,24742.006441038706,24750.88694051221,6
1782791700,24763.7,24764.2,24760.7,24761.2,24758,24723.226751193204,24742.759129625425,24751.869136653902,0
1782792000,24760.7,24770.7,24756.2,24770.7,24758,24723.699121828096,24743.854850032272,24753.662552210673,1
1782792300,24770.2,24776.7,24767.7,24771.2,24758,24724.171767382046,24744.927208854537,24755.332785333467,2
1782792600,24770.7,24783.2,24766.3,24778.7,24758,24724.71433686083,24746.25163203671,24757.558234349326,4
1782792900,24778.2,24778.4,24770.7,24772.7,24758,24725.1918061458,24747.288822937233,24759.000307268438,0
1782793200,24774.2,24779.7,24772.7,24777.7,24758,24725.714275736387,24748.481418116164,24760.781230385728,0
1782793500,24778.7,24785.7,24777.2,24783.2,24758,24726.28627299274,24749.842931131217,24762.916351301374,11
1782793800,24783.7,24783.7,24780.2,24782.7,24758,24726.847603609727,24751.131443635877,24764.80050832029,11
1782794100,24783.7,24796.7,24783.7,24795.2,24758,24727.527726956894,24752.859622316824,24767.695698004074,14
1782794400,24794.7,24794.7,24785.7,24792.7,24758,24728.17620728568,24754.421990069106,24770.077060098924,7
1782794700,24792.3,24793.3,24782.7,24789.7,24788,24728.788384327614,24755.805441438944,24771.945911518073,5
1782795000,24789.2,24790.2,24783.2,24784.7,24788,24729.344718811917,24756.938561382514,24773.16058661159,0
1782795300,24784.2,24787.7,24782.7,24785.7,24788,24729.905467878467,24758.06646093614,24774.354816458104,0
1782795600,24787.7,24822.4,24785.2,24811.2,24788,24730.714368695597,24760.150129134723,24777.863881557332,57
1782795900,24812.2,24821.6,24810.2,24820.7,24788,24731.60974811156,24762.52463387454,24781.943511885205,13
1782796200,24819.7,24823.7,24815.2,24823.7,24788,24732.526069025873,24764.92366784024,24785.92032027709,14
1782796500,24822.2,24826.2,24814.2,24819.2,24788,24733.388496199746,24767.05215145435,24789.089813584036,21
1782796800,24820.2,24826.2,24818.7,24819.7,24788,24734.247317133082,24769.116772965946,24792.005069433177,10
1782797100,24820.7,24820.7,24811.2,24815.2,24788,24735.05281646509,24770.92395833983,24794.21411043954,9
1782797400,24815.7,24816.7,24804.2,24808.7,24788,24735.785624261458,24772.405371738267,24795.59371896911,10
1782797700,24809.2,24810.7,24796.2,24807.2,24788,24736.496215064828,24773.769866964216,24796.69907906729,13
1782798000,24806.7,24820.9,24804.7,24808.2,24788,24737.209685561695,24775.120068259737,24797.794404870405,23
1782798300,24808.7,24816.7,24803.7,24816.7,24822,24738.000633964064,24776.75065381818,24799.59493773989,7
1782798600,24815.7,24817.4,24797.7,24801.1,24822,24738.628488352482,24777.705530139036,24799.738277002758,26
1782798900,24800.6,24807.2,24797.7,24805.2,24822,24739.290891453453,24778.783744643388,24800.258441097732,22
1782799200,24805.2,24820.2,24795.2,24796.7,24822,24739.862126364365,24779.486342892666,24799.91954194557,135
1782799500,24795.7,24797,24778.7,24787.7,24822,24740.33812510701,24779.808447092953,24798.75577604599,85
1782799800,24788.2,24799.7,24785.8,24786,24822,24740.79247212087,24780.051253089307,24797.540940232087,26
1782800100,24785.5,24789.2,24774.1,24778.2,24822,24741.164686328622,24779.978654928942,24795.69894592427,36
1782800400,24777.7,24790.2,24773.2,24783.2,24822,24741.5829481562,24780.10498218663,24794.508570121958,35
1782800700,24782.2,24789.2,24769.7,24783.7,24822,24742.002023298923,24780.24596327735,24793.479182491294,57
1782801000,24783.2,24787.2,24760,24766.6,24822,24742.246779285997,24779.710827462553,24790.919260349267,65
1782801300,24767.1,24774.2,24757.1,24769.7,24822,24742.51994566126,24779.318245993432,24788.898378411242,62
1782801600,24768.8,24780.7,24766.9,24776.2,24822,24742.855070580055,24779.195961836827,24787.689009038742,33
1782801900,24776.7,24793.2,24776.7,24793.2,24788,24743.3560151514,24779.74513980401,24788.213865320766,40
1782802200,24792.7,24793.7,24780.7,24784.2,24788,24743.762422960837,24779.919840203853,24787.831592433075,45
1782802500,24783.7,24818.7,24781.2,24818.6,24788,24744.50707546869,24781.436709215468,24790.761916963256,181
1782802800,24819.3,24846.8,24809.7,24831.1,24788,24745.368696608304,24783.384289246234,24794.60363915723,832
1782803100,24830.6,24867.3,24828.7,24840.2,24788,24746.312291666927,24785.61235633462,24798.946149713684,366
1782803400,24840.5,24841.5,24794.6,24802.3,24788,24746.86938329213,24786.266773733263,24799.265564026668,268
1782803700,24801.8,24840.5,24797.3,24833.9,24788,24747.735359577782,24788.134743390783,24802.564081738412,158
1782804000,24835.2,24848.9,24829.3,24843.8,24788,24748.69122664666,24790.31769463036,24806.49131204904,163
1782804300,24843.6,24856.1,24835.4,24842.1,24788,24749.62066717754,24792.348373272307,24809.882615663417,170
1782804600,24839.9,24861.1,24832.9,24848.8,24788,24750.6075262106,24794.562162555747,24813.589033219283,239
1782804900,24847.8,24872,24846.2,24850.2,24788,24751.59849609905,24796.744038533954,24817.075791960302,223
1782805200,24852.7,24861.8,24845.2,24858.3,24788,24752.660202605526,24799.15799780713,24821.0019070117,147
1782805500,24858.7,24862.2,24836.4,24843.8,24838,24753.567066261192,24800.908664559793,24823.17315396297,158
1782805800,24844.7,24844.7,24807.6,24810.6,24838,24754.13455813919,24801.288716929997,24821.975710728402,243
1782806100,24810.1,24821.1,24795.1,24807.4,24838,24754.664562535814,24801.528375089605,24820.587547801886,162
1782806400,24809.1,24835,24808.7,24827.9,24838,24755.393273356352,24802.56255645864,24821.283971820754,195
1782806700,24826.4,24834.6,24808.5,24816.4,24838,24756.00030546226,24803.1052013034,24820.81883164735,83
1782807000,24815.2,24830,24811.2,24818.8,24838,24756.625178044727,24803.720683605225,24820.62656196665,121
1782807300,24819.1,24845.1,24812.9,24845,24838,24757.50452950697,24805.339480326587,24822.947841779347,139
1782807600,24841.6,24870.7,24841.2,24856.4,24838,24758.48856403924,24807.341853647114,24826.133761609886,205
1782807900,24856.1,24867,24850.6,24861.3,24838,24759.511563402033,24809.457859386443,24829.482927170848,88
1782808200,24860.1,24869.5,24838,24839.7,24838,24760.309458293556,24810.643825685012,24830.455981726005,150
1782808500,24839.8,24839.8,24817.8,24821.4,24838,24760.917324380185,24811.06563644246,24829.59350727591,145
1782808800,24823.7,24830,24813.5,24826.7,24838,24761.571878366452,24811.678748738836,24829.317935154395,113
1782809100,24827,24834.5,24819.9,24823.3,24822,24762.186088531962,24812.13448408241,24828.744798473024,79
1782809400,24822.6,24830.5,24804.7,24827.7,24822,24762.837968248063,24812.744896471333,24828.645293856545,93
1782809700,24828,24832.5,24819.2,24822.7,24822,24763.43361035505,24813.135292688145,24828.079075394016,83
1782810000,24823.9,24863.9,24820.1,24863.9,24822,24764.433275923657,24815.126065523902,24831.490592023158,146
1782810300,24863.4,24864.7,24845.2,24849.9,24822,24765.283691088596,24816.489749228847,24833.24386897333,72
1782810600,24849.8,24861.2,24843.9,24849.7,24822,24766.123654361345,24817.792112004186,24834.8111195473,107
1782810900,24850.2,24859.6,24848.8,24855.5,24822,24767.012971233373,24819.270852709906,24836.781489114222,51
1782811200,24855,24875.6,24851.5,24875.6,24822,24768.0934391813,24821.479838878146,24840.478490150963,103
1782811500,24875.1,24883.8,24869.3,24875.3,24822,24769.160171129744,24823.590433431942,24843.7948244223,137
1782811800,24874.8,24889,24865.3,24879.5,24822,24770.258079874722,24825.78296545422,24847.195317334463,136
1782812100,24879.8,24898.6,24879.8,24894.7,24822,24771.49630793567,24828.485594259935,24851.71957282642,174
1782812400,24894.9,24917.3,24894.8,24912.4,24822,24772.89833472238,24831.77635526935,24857.498661128666,253
1782812700,24911.9,24928.8,24909.2,24925.2,24922,24774.41377417788,24835.44002761173,24863.94640768784,179
1782813000,24925,24934.5,24908.5,24909.1,24922,24775.753935628847,24838.328653979897,24868.246749812806,219
1782813300,24908.7,24919.9,24903.8,24906,24922,24777.04991636886,24840.982432255194,24871.842297449683,160
1782813600,24906.2,24920.7,24902.1,24915.4,24922,24778.426534116432,24843.900768245185,24875.990650073523,146
1782813900,24914.4,24934.5,24911.9,24931.5,24922,24779.94965317995,24847.33603223557,24881.277254828427,159
1782814200,24931,24934.1,24918.7,24922.6,24922,24781.36905961597,24850.287560383193,24885.212754368575,107
1782814500,24922.5,24956.7,24921.2,24954.5,24922,24783.091755540187,24854.374322721105,24891.811539666807,231
1782814800,24956.9,24963.8,24947.9,24950.1,24922,24784.7535291169,24858.12827084969,24897.362821603303,138
1782815100,24951.1,24977.6,24951.1,24973.9,24922,24786.635583553547,24862.668338659507,24904.652076688704,127
1782815400,24973.8,24982.8,24967.8,24972.8,24922,24788.487965806744,24866.987227339527,24911.142355099302,201
1782815700,24972.3,24978.4,24965,24969.3,24922,24790.287090525086,24870.999492934054,24916.68117842318,111
1782816000,24969.2,24991.2,24966.3,24979.8,24922,24792.172791116875,24875.266179485658,24922.69249476383,210
1782816300,24978.8,24978.8,24964.9,24969.3,24958,24793.935250906758,24878.953780290143,24927.131304786322,184
1782816600,24968.7,24979,24954.9,24969.5,24958,24795.68216383306,24882.504612435627,24931.166418616198,154
1782816900,24969.8,24983.6,24966.6,24977,24958,24797.486321406857,24886.21031390874,24935.53152160513,162
1782817200,24977.9,24983.4,24960.5,24980.9,24958,24799.311333134152,24889.92363493193,24939.85232907131,148
1782817500,24981.4,25002.2,24980.9,24995.4,24958,24801.26246414774,24894.059962973814,24945.14258344547,157
1782817800,24997.4,25003.9,24991.6,24997.9,24958,24803.21905654428,24898.132121288567,24950.167099307808,71
1782818100,24998.4,25015.4,24993.2,25003.2,24958,24805.208916678166,24902.252430257642,24955.21785175468,172
1782818400,25000.9,25012,24997.1,25007.5,24958,24807.221763278383,24906.379785933812,24960.197103968523,91
1782818700,25007.3,25007.8,24991.2,24994.3,24958,24809.08323827064,24909.82763746582,24963.444998828665,236
1782819000,24995,25016.3,24994.2,25006.3,24958,24811.045594108742,24913.61086736912,24967.52642751165,99
1782819300,25005.8,25022.7,25005.8,25022.7,24958,24813.15160809771,24917.88887257033,24972.78105346292,115
1782819600,25020.9,25022.9,25011.5,25016,24958,24815.170000056936,24921.73636776365,24976.89714360931,94
1782819900,25015,25022.8,25007.8,25013.1,25022,24817.13945279269,24925.31925530233,24980.345034694135,100
1782820200,25012.7,25013.2,24997.3,25009.4,25022,24819.05249306341,24928.61653940812,24983.112174247075,97
1782820500,25009.2,25009.9,24992.7,24994.4,25022,24820.797244376212,24931.196282960744,24984.187205271162,92
1782820800,24994.7,24997.8,24967.3,24976.9,25022,24822.3505056262,24932.988585589734,24983.493185721527,262
1782821100,24976.7,24977,24958.9,24964.8,25022,24823.767913530417,24934.236092037194,24981.712882319476,128
1782821400,24965.6,24970.2,24957.3,24961.2,25022,24825.135396977876,24935.293500192598,24979.759274479526,103
1782821700,24960.2,24962.9,24940.7,24955.1,25022,24826.42857710745,24936.07022567524,24977.41077214814,150
1782822000,24954.6,24957.7,24932.9,24937.1,25022,24827.529785295435,24936.110608982093,24973.571650991176,190
1782822300,24937.5,24942.7,24925.6,24926.7,25022,24828.51655360095,24935.7415654926,24969.10768423011,167
1782822600,24927.1,24931.8,24897.7,24911.4,25022,24829.341264510396,24934.786994296814,24963.611714303435,224
1782822900,24911.2,24920.6,24904.4,24919.1,25022,24830.23438625656,24934.17181804988,24959.372503417395,249
1782823200,24918.5,24943.6,24918,24941.8,25022,24831.344491865948,24934.47096244008,24957.69893166336,146
1782823500,24942.5,24944.7,24932,24941,24938,24832.43559144937,24934.727003128704,24956.108557219228,73
1782823800,24941.6,24967,24938.7,24956.6,24938,24833.67105820112,24935.58476771189,24956.155361293586,206
1782824100,24956.1,24956.1,24931.8,24948.1,24938,24834.809654636927,24936.075561134952,24955.38818402753,136
1782824400,24947.6,24952.1,24916.1,24918.4,24938,24835.64139936691,24935.38240187476,24951.865499834432,138
1782824700,24918.1,24921.6,24899.8,24905.6,24938,24836.337504845844,24934.214464546338,24947.45926175496,89
1782825000,24906.1,24909.8,24892.1,24899.6,24938,24836.966982409565,24932.857034564127,24942.901236825917,127
1782825300,24900.1,24911.4,24891.9,24909.7,24938,24837.69069402738,24931.948915561614,24939.739214271067,143
1782825600,24908.9,24909.9,24893.9,24900.2,24938,24838.312677171387,24930.703860049394,24935.97357481668,85
1782825900,24898.7,24903.5,24885.9,24894.3,24938,24838.869764960727,24929.276257694517,24932.004662929376,66
1782826200,24894.6,24922.7,24880.6,24887.5,24938,24839.35364789644,24927.637973079047,24927.766123602767,291
1782826500,24888.5,24917,24877.2,24906.8,24938,24840.02475587757,24926.820797664182,24925.76934992631,194
1782826800,24907.7,24933.5,24904.3,24925.1,24938,24840.871275719583,24926.753315402842,24925.705602314283,124
1782827100,24924.1,24930.5,24906.6,24918.2,24922,24841.640715762172,24926.417891269397,24924.990783046258,114
1782827400,24917.1,24949.8,24917,24933.8,24922,24842.557723565533,24926.70738572942,24925.82975608947,189
1782827700,24934.1,24949.4,24928.3,24938.3,24922,24843.510383032542,24927.161998053758,24927.017398366665,98
1782828000,24938.7,24945.8,24920.4,24926.9,24922,24844.340130465054,24927.151723620278,24927.00621756984,197
1782828300,24926.4,24937.2,24915.6,24918.9,24922,24845.08201971416,24926.82812661556,24926.2341968489,93
1782828600,24920.4,24941.6,24908.6,24938.5,24922,24846.011551856307,24927.28584714044,24927.40236857758,168
1782828900,24938,24958.5,24937.9,24950.2,24922,24847.04825283286,24928.184441370227,24929.573571570192,97
1782829200,24948.8,24956.6,24938.1,24938.8,24922,24847.961205540993,24928.60073778708,24930.4522790397,80
1782829500,24938.5,24941.4,24928.3,24932,24922,24848.797412451033,24928.73404218759,24930.599681035917,70
1782829800,24932.3,24954.7,24929.5,24939.6,24922,24849.700920784853,24929.16015818023,24931.456854270593,133
1782830100,24937.6,24948,24929.5,24931,24922,24850.509866846696,24929.23230883983,24931.41334434006,130
1782830400,24931.5,24932.9,24918.6,24923,24922,24851.23116170394,24928.9879045716,24930.61207345053,117
1782830700,24923.1,24924,24897.1,24905.7,24902,24851.77314019445,24928.07465341193,24928.23949502667,117
1782831000,24906.5,24923.7,24901.3,24904.8,24902,24852.30077064028,24927.161921905583,24926.00716216699,118
1782831300,24905.3,24923.8,24902.4,24914.7,24902,24852.921658494604,24926.673219085755,24924.930289579657,120
1782831600,24914.3,24943.4,24914.3,24942,24902,24853.808010151373,24927.274269317684,24926.555976286356,134
1782831900,24942.5,24994.9,24941.6,24989.7,24902,24855.160169254345,24929.72233718758,24932.56969283051,182
1782832200,24988.6,25003.2,24978.5,24998.4,24902,24856.585441202064,24932.415578866498,24938.839245894273,341
1782832500,24997.9,24998.9,24957.9,24959.9,24902,24857.613446762243,24933.493399303105,24940.84503199958,362
1782832800,24959.6,24982.4,24956.1,24978.1,24902,24858.812317938737,24935.242677761806,24944.393124190094,263
1782833100,24977.6,24995.5,24974.4,24980,24902,24860.018165521436,24936.997866869187,24947.78425521961,817
1782833400,24979.6,25014.6,24961.6,25006.6,24902,24861.47669123764,24939.72736228608,24953.3857547225,1054
1782833700,25002.6,25009.1,24986.6,25004.6,24902,24862.900803762637,24942.27138729447,24958.263301891788,445
1782834000,25004.1,25016.1,25001.6,25005.6,24902,24864.32069626251,24944.75486230253,24962.771558854474,161
1782834300,25006.1,25010.6,24996.1,24996.1,25002,24865.631933115623,24946.768397114192,24965.945696106428,197
1782834600,24995.6,25008.4,24992.1,25002.7,25002,24866.995794477658,24948.961793305793,24969.446106001054,97
1782834900,25002.2,25003.8,24988.6,24988.6,25002,24868.20578657241,24950.516232783997,24971.270286381907,181
1782835200,24988.3,24992.6,24977.6,24979.1,25002,24869.30921158164,24951.63716483168,24972.015973393154,117
1782835500,24980.6,24994.1,24977.6,24983.6,25002,24870.44643335695,24952.890609348087,24973.119214022376,85
1782835800,24984.1,24984.6,24978.6,24984.6,25002,24871.58228974146,24954.13411486385,24974.21262221072,76
1782836100,24984.1,24993.1,24982.1,24985.6,25002,24872.716794321146,24955.368071143697,24975.29713438113,95
1782836400,24986.1,24991.6,24984,24989.1,25002,24873.874836168696,24956.69089188316,24976.6116930115,44
1782836700,24988.6,24994.8,24985.6,24987.6,25002,24875.00642983866,24957.903013770097,24977.658198438974,20
1782837000,24987.1,24996.1,24986.6,24996.1,25002,24876.211340984544,24959.40093479872,24979.414560492405,32
1782837300,24995.6,24996.1,24986.6,24995,25002,24877.393317691167,24960.796976571317,24980.898888064556,22
1782837600,24996,25003.6,24993.6,25001.1,25002,24878.624229952948,24962.377487294012,24982.82280348698,31
1782837900,25001.6,25006.6,24999.3,25004.6,25002,24879.877720202174,24964.03327210601,24984.896822202503,22
1782838200,25004.1,25009.2,24999.6,25009.2,25002,24881.164509055885,24965.80451633715,24987.21141056417,51
1782838500,25009.1,25012.5,25004.1,25005.1,25002,24882.397698020504,24967.345515696477,24988.915085748537,16
1782838800,25006.1,25018.6,25005.1,25016.6,25002,24883.733044308858,24969.277064100537,24991.551744248674,31
1782839100,25016.1,25016.1,25009.1,25010.1,25002,24884.99042695255,24970.877963547577,24993.31824479642,27
1782839400,25010.6,25014.1,24997.6,24997.6,25002,24886.110920216703,24971.925886545712,24993.726031006285,67
1782839700,24998.6,25006.5,24997,24999.7,25002,24887.241159816538,24973.015067465487,24994.294980434257,60
1782840000,25000.2,25008.8,24999.7,25008.8,25002,24888.45070051488,24974.418398153113,24995.67641086909,28
1782840300,25008.2,25011.5,25001.6,25008.6,25002,24889.646215932644,24975.7588531275,24996.90722888156,65
1782840600,25008.1,25015.1,25004.1,25014.1,25002,24890.884562042767,24977.262427514655,24998.544635654744,37
1782840900,25013.6,25016.1,25010.2,25012.6,25002,24892.095660927913,24978.648214670942,24999.883241782863,59
1782841200,25013.1,25016.9,25010.1,25014.1,25002,24893.30963445102,24980.03848076228,25001.237218755923,39
1782841500,25013.6,25014.6,25009.6,25011.6,25002,24894.486653013697,24981.276187399053,25002.224150302976,39
1782841800,25011.1,25014.6,25008.6,25013.1,25002,24895.666885322018,24982.52418005007,25003.259945512218,31
1782842100,25013.6,25020.7,25012.6,25015.6,25002,24896.860249647172,24983.821271028497,25004.435188796768,55
1782842400,25014.1,25016.6,25009.1,25010.1,25002,24897.987013332277,24984.851809419535,25004.974694625645,36
1782842700,25010.6,25014.8,25006.2,25014.1,25002,24899.142366433447,24985.998797285436,25005.843771327964,26
1782843000,25013.1,25018.6,25013.1,25017.1,25002,24900.31607423013,24987.21845229385,25006.91579310625,27
1782843300,25017.6,25027.1,25017.1,25024.1,25002,24901.54775508356,24988.664787498015,25008.55238423899,39
1782843600,25024.6,25029.6,25020.1,25023.6,25002,24902.762205281735,24990.034795831427,25009.985490501942,21
1782843900,25023.1,25024.1,25013.1,25013.6,25002,24903.86506891077,24990.958921485097,25010.32972950176,19
1782844200,25013.1,25015.1,25008.6,25013.1,25002,24904.951983647978,24991.827199073916,25010.593564787305,26
1782844500,25012.6,25021.4,25012.6,25020.6,25002,24906.102710178842,24992.95554420827,25011.546558617087,21
1782844800,25021.1,25026.6,25016.6,25026.6,25002,24907.301688187013,24994.274934631478,25012.980219701174,10
1782845100,25027.6,25027.6,25022.1,25026.1,25022,24908.48376094137,24995.522976410637,25014.229722586777,26
1782845400,25026.6,25029.6,25024.1,25026.1,25022,24909.654071777775,24996.722075374924,25015.36022519756,19
1782845700,25027.6,25036.6,25027.6,25030.1,25022,24910.85253872526,24998.031013595515,25016.764013273983,29
1782846000,25030.6,25035.6,25024.1,25026.1,25022,24911.999279633466,24999.131758160398,25017.653154866937,28
1782846300,25025.6,25029.1,25019.6,25027.6,25022,24913.14953555751,25000.248159801165,25018.60047345104,56
1782846600,25028.1,25032.9,25025.6,25032.2,25022,24914.334117293256,25001.501173142296,25019.8956664557,33
1782846900,25031.7,25044,25031.7,25033.6,25022,24915.52084249432,25002.759950666128,25021.200841078968,53
1782847200,25034.1,25036.6,25027.1,25030.6,25022,24916.665908738156,25003.851717306672,25022.095999071447,19
1782847500,25030.1,25032.6,25022.1,25022.1,25022,24917.7150041736,25004.56733623582,25022.096380112263,30
1782847800,25021.1,25023.6,25015.6,25017.6,25022,24918.708884729083,25005.078421089318,25021.668153434905,75
1782848100,25016.6,25021.6,25011.6,25016.1,25022,24919.677950552676,25005.51063987013,25021.13785310777,82
1782848400,25013.6,25018.6,25007.6,25014.6,25022,24920.622448557126,25005.86708536542,25020.51520043084,62
1782848700,25015.1,25018.1,25009.1,25009.6,25002,24921.5077973277,25006.01347417462,25019.475657532665,70
1782849000,25008.6,25017.9,25002.1,25014.1,25002,24922.429112777176,25006.330592834438,25018.9636901486,115
1782849300,25013.6,25025.6,25004.3,25012.8,25002,24923.328325585364,25006.584295076223,25018.37667203921,189
1782849600,25012.3,25027.1,25002,25025.4,25002,24924.343964136755,25007.32216585755,25019.045560416427,0
1782849900,25026.3,25031.3,25015.1,25022.7,25002,24925.32263116027,25007.92521817686,25019.39360228153,33
1782850200,25021.8,25021.8,24997,25007.4,25002,24926.13932139748,25007.904621385613,25018.251354445194,0
1782850500,25006.6,25013.2,24998.1,25002.4,25002,24926.898134119892,25007.688753880295,25016.74170164089,0
1782850800,25001.5,25003.2,24994.1,24999,25002,24927.61556562119,25007.348018434008,25015.05201577033,0
1782851100,24998.1,25000.7,24996.6,24998.2,25002,24928.317898301575,25006.989272613067,25013.44706188744,0
1782851400,24999.1,25002.4,24994.9,24996.8,25002,24928.999312248823,25006.589693294907,25011.86162742197,0
1782851700,24996,24998.2,24993,24994.7,25002,24929.6530504354,25006.123430812753,25010.227186715118,0
1782852000,24993.9,24994.7,24991.1,24992,25002,24930.273418092762,25005.56957078088,25008.49126417082,0
1782852300,24991.2,24993,24984.7,24988.1,24988,24930.84880696746,25004.884489573786,25006.549239011696,0
1782852600,24987.3,24994,24984.7,24992.4,24988,24931.461256649378,25004.394901747364,25005.201692439154,0
1782852900,24993.2,24999.2,24990.7,24996.6,24988,24932.109403349383,25004.0892193259,25004.382483635425,0
1782853200,24996.9,24997.2,24996.6,24997.2,24988,24932.757070977746,25003.81905386214,25003.69843757491,0
1782853500,24997.3,24999.1,24997.3,24999.1,24988,24933.417199624735,25003.633992926367,25003.260491139205,0
1782853800,24998.6,25000,24998.6,24999.2,24988,24934.07175485235,25003.46011085082,25002.873777697376,0
1782854100,24999.6,25002.6,24999.5,25001.7,24988,24934.744672714514,25003.39108689589,25002.761989345247,0
1782854400,25001.2,25008.3,25001.2,25003.1,24988,24935.424825224818,25003.3796717235,25002.794180836176,0
1782854700,25001.7,25004,25001.7,25003.5,24988,24936.102190147954,25003.38439047944,25002.86140170892,0
1782855000,25003.6,25003.8,25001.3,25001.8,24988,24936.75589969872,25003.322257519463,25002.76031583188,0
1782855300,25001.7,25003.8,25001.3,25003.7,24988,24937.42201014948,25003.337070950074,25002.84980956218,0
1782855600,25003.8,25004,24995.1,24996.6,24988,24938.010845869387,25003.072872089288,25002.254589603876,0
1782855900,24997,24999,24996.4,24999,25002,24938.61770312442,25002.913151615197,25001.94462868922,0
1782856200,24999.2,25000.7,24995.2,24999.2,25002,24939.220512048552,25002.767537826367,25001.683235480723,0
1782856500,24999.3,25003,24999.3,25002.8,25002,24939.853143769462,25002.768810852784,25001.789594006368,0
1782856800,25004.1,25014.5,24998.3,25009,25002,24940.541172189667,25003.013171211496,25002.476299339094,0
1782857100,25009.1,25016.4,25009.1,25015.8,25002,24941.29001624748,25003.51461547771,25003.74522321156,0
1782857400,25016.2,25016.2,25002.9,25013.1,25002,24942.004543449,25003.89051290996,25004.63615433427,0
1782857700,25013.5,25025.8,25013.1,25024.9,25002,24942.82937386244,25004.71441436447,25006.56604439767,0
1782858000,25024.1,25027.4,25022.4,25023.9,25002,24943.636046759333,25005.466790271745,25008.216897312177,0
1782858300,25022.6,25027.1,25021.4,25025.4,25002,24944.44961843337,25006.24848477089,25009.853383282447,0
1782858600,25025,25025,25016.3,25016.7,25002,24945.168527702688,25006.658348113207,25010.505442017453,0
1782858900,25016.3,25017.9,25013.8,25015.8,25002,24945.871328422065,25007.016844265632,25011.00968563484,0
1782859200,25016.2,25018.7,25015,25016.3,25002,24946.572111223835,25007.38088958855,25011.513525098188,0
1782859500,25015.4,25016.3,25007.1,25008.7,25002,24947.190299171856,25007.432619408606,25011.245570326933,0
1782859800,25007.9,25007.9,24998.2,24999.9,25002,24947.71477380696,25007.137222569054,25010.165039819607,0
1782860100,25000.3,25005.7,24999.8,25003.2,25002,24948.266865609876,25006.982821683992,25009.50170269393,0
1782860400,25004,25007.4,24999.8,25001.1,25002,24948.79256843963,25006.752122794423,25008.701540532606,0
1782860700,25001.9,25011.5,24999,25008.5,25002,24949.38667223625,25006.820666998563,25008.68234619617,0
1782861000,25008.9,25008.9,25002.2,25004.3,25002,24949.93307350753,25006.721817312344,25008.26497989177,0
1782861300,25003.9,25008.5,25000.6,25007.3,25002,24950.503888696512,25006.744491143232,25008.173077044936,0
1782861600,25006.4,25009.5,25004.8,25007.9,25002,24951.074994281622,25006.789805216045,25008.147069707324,0
1782861900,25007.4,25012,25003.7,25005.3,25002,24951.614546577326,25006.731381482085,25007.875920211387,0
1782862200,25005.7,25014.7,25003.7,25013.9,25002,24952.234302332774,25007.012503776903,25008.449642096017,0
1782862500,25014.3,25014.3,25006.4,25011.4,25002,24952.823015742397,25007.18456245232,25008.730628563062,0
1782862800,25011.8,25012.7,25007.7,25008.6,25002,24953.37801061063,25007.24006980713,25008.71818774753,0
1782863100,25009.4,25016.1,25004.6,25009.6,25002,24953.937433390623,25007.332616089203,25008.802169866813,0
1782863400,25010,25011.8,25001.6,25002.6,25002,24954.421638033502,25007.14702330139,25008.211487022356,0
1782863700,25003,25011.4,24999.3,25008.5,25002,24954.9597311874,25007.20008121114,25008.2389644488,0
1782864000,25008.9,25018.5,25006.9,25014.4,25002,24955.55117664822,25007.482430967568,25008.82572973939,0
1782864300,25014.8,25017.7,25006,25010.2,25002,24956.094946034806,25007.589002302175,25008.956612621354,0
1782864600,25011,25015.2,25006.4,25009.4,25002,24956.625344581724,25007.660021819738,25008.99883999075,0
1782864900,25009.8,25023.7,25008.8,25013.7,25002,24957.193251600813,25007.89688370916,25009.44656951544,35
1782865200,25013.2,25018.2,25009.7,25012.2,25002,24957.740582430655,25008.065633367623,25009.70880099016,11
1782865500,25012.7,25014.2,25009.2,25010.7,25002,24958.267541809455,25008.168941863012,25009.803200895858,3
1782865800,25010.2,25017.7,25004.7,25016.2,25002,24958.84398417951,25008.483885319365,25010.412419858156,11
1782866100,25015.7,25019.2,25008.2,25015.7,25002,24959.409715680213,25008.7668702088,25010.915998919285,2
1782866400,25016.2,25021.2,25013.7,25014.2,25002,24959.95489263862,25008.97993412218,25011.228760926973,1
1782866700,25015.2,25016.1,25011.1,25014.6,25022,24960.498625050175,25009.200328862487,25011.549831314882,5
1782867000,25014.1,25016.1,25006.2,25006.2,25022,24960.953365099427,25009.082668907096,25011.040323570607,3
1782867300,25009.7,25012.5,25007,25008,25022,24961.42149081983,25009.040211302898,25010.750768944836,9
1782867600,25007.7,25024.7,25006.7,25007.2,25022,24961.87699837386,25008.968046153765,25010.412600473897,7
1782867900,25006.2,25011.5,25004,25004.2,25022,24962.29812276815,25008.781063951657,25009.820924238287,8
1782868200,25003.7,25004.2,24993.2,25000,25022,24962.673265825182,25008.436708502573,25008.885598120356,30
1782868500,25000.5,25001,24986.7,24992.4,25022,24962.96905422493,25007.807817973062,25007.315541156513,12
1782868800,24992.9,24996.7,24987.8,24991.7,25022,24963.254934282395,25007.176138836865,25005.828346760656,2
1782869100,24991.2,24996.5,24986.6,24992.7,25022,24963.54792001093,25006.60844711777,25004.578028021548,17
1782869400,24993.2,24999.2,24984.7,24986.2,25022,24963.773313841666,25005.80811585825,25002.827739638542,2
1782869700,24985.2,24991.2,24984.7,24986.7,25022,24964.001440072097,25005.058777981456,25001.29176443487,1
1782870000,24986.2,24987.7,24980.7,24983.5,25022,24964.195455593766,25004.213335707675,24999.597310679168,6
1782870300,24985,24985.7,24973.3,24975.7,24988,24964.309928672435,25003.095165679923,24997.32137632877,9
1782870600,24976.2,24978.7,24972.7,24975.7,24988,24964.423262715496,25002.02084545718,24995.262197630793,0
1782870900,24977.2,24981.7,24969.2,24971.7,24988,24964.495668061612,25000.831792694153,24993.018178808812,3
1782871200,24974.7,24977.1,24966.5,24973.2,24988,24964.582278329657,24999.748192980656,24991.130733207974,13
1782871500,24972.7,24974.2,24954.2,24963.2,24988,24964.568524316426,24998.314930510827,24988.470663378645,33
1782871800,24962.7,24966.4,24950.7,24961.2,24988,24964.535006661536,24996.859443039815,24985.873457342583,18
1782872100,24961.7,24970.7,24947.7,24955.2,24988,24964.442121023112,24995.225739391197,24982.95217569091,20
1782872400,24954.7,24971.2,24951.7,24967.2,24988,24964.469562604972,24994.12669078762,24981.45196848225,3
1782872700,24969.7,24978.7,24961.7,24970.2,24988,24964.526581882536,24993.188389188104,24980.380352436325,8
1782873000,24970.7,24977.7,24967.7,24968.7,24988,24964.56810843097,24992.228060200334,24979.26793791858,6
1782873300,24969.7,24981.2,24969.7,24978.7,24988,24964.708724267475,24991.697548035616,24979.213848593,6
1782873600,24978.2,24989.2,24975.4,24986.2,24988,24964.9225678071,24991.48195791657,24979.87919634605,7
1782873900,24985.7,24992.2,24985.7,24990.5,24988,24965.177069619967,24991.44344976298,24980.890701455948,10
1782874200,24990,24990.9,24981.7,24985.7,24988,24965.381277882454,24991.21821643894,24981.348729888716,12
1782874500,24986.2,24988.2,24974.7,24976.7,24988,24965.493901983125,24990.648874617807,24980.90599370884,4
1782874800,24976.2,24982.2,24975.2,24980.2,24988,24965.640231316625,24990.239114828873,24980.838756212757,0
1782875100,24979.7,24986.7,24979.7,24986.2,24988,24965.844806129397,24990.080718168916,24981.34935085916,0
1782875400,24985.7,24996.2,24985.7,24993.2,24988,24966.116997113182,24990.203042946607,24982.47798411067,1
1782875700,24992.7,24993.2,24983.7,24988.2,24988,24966.336728485192,24990.12449224282,24983.02293800489,1
1782876000,24987.2,24990.7,24981.2,24982.2,24988,24966.49457198285,24989.81372784114,24982.944562956807,3
1782876300,24981.2,24982.2,24973.2,24976.7,24988,24966.596118530284,24989.299464004234,24982.349842675205,7
1782876600,24977.7,24979.2,24969.2,24976.2,24988,24966.691679539934,24988.78575953348,24981.764143372806,5
1782876900,24976.7,24994.2,24976.7,24991.7,24988,24966.940518549487,24988.900043473343,24982.71041543254,1
1782877200,24992.2,24993.7,24982.2,24983.7,24988,24967.107279558946,24988.69612019988,24982.80466158182,2
1782877500,24984.2,24995.7,24980.7,24994.2,24988,24967.376858866817,24988.911958623412,24983.88993190736,1
1782877800,24994.7,24996.2,24994.2,24995.2,24988,24967.65370604227,24989.15854848132,24984.967081249517,0
1782878100,24994.7,24996.7,24992.2,24992.7,24988,24967.90292289757,24989.29742893303,24985.703549701942,0
1782878400,24993.2,24993.7,24980.7,24986.2,24988,24968.08498336625,24989.175961131736,24985.75083068271,0
1782878700,24985.7,24992.2,24984.7,24986.2,24988,24968.26523228798,24989.059256773628,24985.79360871293,0
1782879000,24988.2,24988.2,24980.2,24981.9,24988,24968.40090161845,24988.778501606033,24985.42278883551,0
1782879300,24982.4,24984.8,24977.9,24982.7,24988,24968.543181204335,24988.54012899403,24985.16347561308,2
1782879600,24981.7,24987.2,24979.7,24986.2,24988,24968.718870943594,24988.44835922956,24985.26219222136,0
1782879900,24986.7,24992.7,24986.2,24990.7,24988,24968.937588645647,24988.536658867615,24985.780078676467,0
1782880200,24991.2,24996.7,24990.2,24992.2,24988,24969.169055425293,24988.680319304178,24986.3914997549,2
1782880500,24991.2,24992.2,24976.7,24980.2,24988,24969.27881606783,24988.347757762836,24985.801833111575,3
1782880800,24979.7,24990.2,24978.7,24985.2,24988,24969.437235808447,24988.22431628194,24985.744515672377,3
1782881100,24984.7,24996.2,24984.7,24995.2,25002,24969.6935817208,24988.497872506177,24986.645037989292,5
1782881400,24996.2,24999.7,24992.2,24995.2,25002,24969.947376927557,24988.760701035346,24987.459796276027,2
1782881700,24994.7,24996.2,24978.2,24978.7,25002,24970.034467704398,24988.366163739844,24986.625529964025,1
1782882000,24979.2,24981.2,24970.7,24977.2,25002,24970.10576653321,24987.928274965732,24985.727860443643,9
1782882300,24977.7,24986.2,24977.2,24979.7,25002,24970.20123154283,24987.605597516096,24985.15377849663,0
1782882600,24979.2,24980.7,24972.7,24975.7,25002,24970.25594565683,24987.138711338994,24984.253418639808,5
1782882900,24976.2,24980.7,24975.2,24977.7,25002,24970.3300158493,24986.768565796287,24983.629283531256,0
1782883200,24978.2,24978.2,24967.7,24974.7,25002,24970.37349827866,24986.295288706235,24982.7788755759,1
1782883500,24973.2,24977.2,24970.2,24975.2,25002,24970.421523171408,24985.860179345207,24982.057077902005,0
1782883800,24976.2,24987.2,24973.2,24980.2,25002,24970.51882144831,24985.63821152775,24981.88021333991,16
1782884100,24981.7,24987.7,24973.2,24978.7,25002,24970.60022621002,24985.36612480117,24981.577335878967,4
1782884400,24978.2,24987.2,24977.4,24980.7,25002,24970.70072147161,24985.18313951485,24981.49378008097,0
1782884700,24979.7,24991.7,24978.2,24984.7,24988,24970.840017775376,24985.16419286721,24981.799134358975,6
1782885000,24984.2,24992.7,24983.2,24984.2,24988,24970.97295292189,24985.126381382222,24982.02778822955,6
1782885300,24983.7,24999.1,24983.7,24996.2,24988,24971.223968315702,24985.560640935862,24983.377522683877,8
1782885600,24995.7,25019.7,24995.15,25008.7,24988,24971.59686415336,24986.468066781516,24985.789187190174,115
1782885900,25008.2,25018.6,25001.2,25003.2,24988,24971.911323216507,24987.124221025377,24987.44735983873,70
1782886200,25002.2,25009.1,24987.4,24993.2,24988,24972.123150846193,24987.362486867518,24987.99523033028,85
1782886500,24992.7,24996.7,24980.2,24980.2,24988,24972.20351750444,24987.081605029576,24987.252827441684,47
1782886800,24979.7,24995.2,24978.7,24986.6,24988,24972.346766086484,24987.062718557827,24987.19065339962,54
1782887100,24988.1,25000.7,24983.1,24996.2,24988,24972.584111697564,24987.421043320264,24988.04868640918,65
1782887400,24997.2,25002.7,24983.2,25000.2,24988,24972.858896655798,24987.92217887633,24989.20595437021,63
1782887700,24998.7,25009.2,24989.7,25005.7,24988,24973.185673803502,24988.619348332162,24990.77681585876,69
1782888000,25005.2,25011.7,24998.2,25011.2,24988,24973.563925805458,24989.504864083843,24992.72188101507,65
1782888300,25012.2,25021.2,25001.7,25020.7,25022,24974.032941469086,24990.72820274722,24995.38646377554,35
1782888600,25020.2,25027.7,25009.7,25010.7,25022,24974.39778782263,24991.511410482624,24996.844895796916,40
1782888900,25009.2,25025.7,24995.2,25025.7,25022,24974.908257595536,24992.852139483304,24999.593000959114,203
1782889200,25025.6,25048.6,25009.2,25024.9,25022,24975.405687868217,24994.108918327096,25002.00319134396,885
1782889500,25025,25046.7,25013.2,25015.5,25022,24975.804636247638,24994.947784275053,25003.288601692155,389
1782889800,25015.7,25020.4,24957.8,24963.3,25022,24975.68021200637,24993.70669469564,24999.480163435757,351
1782890100,24962.8,24973.4,24952.4,24967,25022,24975.59384173765,24992.659373335027,24996.386814537113,316
1782890400,24965.5,24991.7,24962.8,24984.7,25022,24975.684450277575,24992.34724104738,24995.273784581197,396
1782890700,24984.8,24986.8,24967.4,24976.4,25022,24975.69157017531,24991.721859045523,24993.47628128775,263
1782891000,24977.6,24990.1,24960.5,24981.1,25022,24975.745385397448,24991.30531555354,24992.297587831774,197
1782891300,24981.6,25001.6,24968.8,25001.1,25022,24975.99767011986,24991.68942082595,24993.135912800175,135
1782891600,25003.1,25011.9,24990.3,25010.8,25022,24976.343961959465,24992.438855303364,24994.818206819207,97
1782891900,25011,25022.9,25001.6,25021.1,25022,24976.78929567131,24993.562821762054,24997.321234741186,148
1782892200,25020.6,25028.9,25015.6,25028.7,25022,24977.305820092493,24994.940750320406,25000.30968857536,140
1782892500,25029.2,25053.9,25028.3,25052.5,25022,24978.054020887594,24997.197975798037,25005.280194425326,177
1782892800,25051.9,25054.3,25028.8,25030.4,25022,24978.57487640115,24998.50001596282,25007.67255686101,246
1782893100,25030.2,25050.9,25016.6,25048.8,25022,24979.273633849894,25000.472564356438,25011.58945620758,161
1782893400,25049.3,25063.9,25037.8,25058.8,25022,24980.064940975764,25002.759914773833,25016.085698473526,197
1782893700,25057.8,25080.3,25053.3,25077.9,25022,24981.038424150134,25005.706584782703,25021.97277480938,170
1782894000,25078.6,25084.6,25054.2,25054.3,25022,24981.767395054114,25007.61220890887,25025.051558160867,182
1782894300,25054.6,25070.8,25052.3,25066.4,25022,24982.609510526214,25009.917612481073,25028.98950500269,123
1782894600,25066.9,25076.4,25047.7,25074.6,25022,24983.524838779686,25012.4541766975,25033.3333616691,181
1782894900,25075.1,25095.5,25072.9,25092.7,25022,24984.611158791828,25015.601071728972,25038.987327224426,207
1782895200,25091.8,25094.6,25076.9,25085.9,25022,24985.619007958077,25018.35789244548,25043.4552008221,173
1782895500,25084.9,25086.8,25053.8,25054,25050,24986.29941583909,25019.7556221535,25044.45946741047,159
1782895800,25054.7,25058.1,25047.2,25054.6,25050,24986.979023641685,25021.12206834356,25045.425232419,117
1782896100,25055.1,25071.4,25045.8,25068.1,25050,24987.7861975358,25022.964340173225,25047.58473409338,234
1782896400,25068.2,25074.5,25047.1,25051.9,25050,24988.424145819026,25024.099071931138,25047.995711798772,103
1782896700,25053.4,25057.6,25038.4,25053.3,25050,24989.0696767064,25025.24420636521,25048.50088210365,131
1782897000,25053.9,25063.5,25038.8,25054.6,25050,24989.721719724246,25026.39541395873,25049.081750474732,107
1782897300,25054.9,25057.6,25039.9,25042.3,25050,24990.244886692166,25027.01912321525,25048.43586947714,85
1782897600,25042.2,25077.7,25042.2,25072.2,25050,24991.060360456424,25028.79092230485,25050.699120003126,100
1782897900,25071.7,25084.9,25058.6,25084.9,25050,24991.994088213076,25030.991278292895,25053.956346669496,83
1782898200,25084.6,25093.2,25074.5,25087,25050,24992.939420668667,25033.187698751997,25057.103361272402,72
1782898500,25088.5,25090.5,25074.4,25086.6,25050,24993.871366731666,25035.28229880094,25059.912564960745,91
1782898800,25086.1,25088.5,25076.4,25079,25050,24994.718417808963,25036.996718455805,25061.730415916863,157
1782899100,25078.9,25089.9,25071.2,25081.4,25088,24995.580921114346,25038.7380236144,25063.60370963907,253
1782899400,25080.9,25091.1,25076.5,25084.5,25088,24996.46568806843,25040.53261092364,25065.593832530587,140
1782899700,25084,25084,25073,25079.5,25088,24997.29190012745,25042.060743828595,25066.918229432435,114
1782900000,25080.1,25083.8,25056.2,25057.2,25088,24997.888000623694,25042.654440149043,25065.9926837722,104
1782900300,25056.7,25059.1,25031.5,25055.9,25088,24998.465234448333,25043.173873868687,25065.031475793898,170
1782900600,25056,25066.6,25044.7,25066.3,25088,24999.140207239892,25044.0807807758,25065.152287623052,89
1782900900,25067.3,25081.3,25062.7,25064.8,25088,24999.793538511138,25044.893299176747,25065.118736420856,93
1782901200,25063.8,25075.9,25060.3,25072.3,25088,25000.514995839385,25045.968071758052,25065.802666285537,42
1782901500,25071.8,25082.4,25068.7,25080.4,25088,25001.309871502675,25047.318343453815,25067.192888544057,56
1782901800,25080.7,25084.5,25071,25077,25088,25002.063007109613,25048.48232998504,25068.12689915891,48
1782902100,25077.5,25080.7,25064.1,25066.4,25088,25002.7031761931,25049.184983711115,25067.962432572345,108
1782902400,25066.1,25068.7,25053.5,25063.6,25088,25003.30911473844,25049.75027846754,25067.54696280355,157
1782902700,25062.6,25071,25057.4,25066.5,25058,25003.93787976592,25050.407130292344,25067.447252060356,85
1782903000,25066,25073.7,25058.8,25059.3,25058,25004.48874663392,25050.75587028088,25066.671323292703,71
1782903300,25060.3,25073.1,25057,25068.6,25058,25005.126669552985,25051.455640073786,25066.855006788635,64
1782903600,25070.4,25087.8,25067.4,25070.8,25058,25005.78013552758,25052.214242423834,25067.23072042781,104
1782903900,25071.8,25076.2,25056.2,25056.8,25058,25006.28779587059,25052.394076054272,25066.237318482305,61
1782904200,25057.1,25062.6,25049.9,25053.6,25058,25006.758564070882,25052.4413671894,25065.033764341133,60
1782904500,25054.1,25064.9,25053.1,25056.2,25058,25007.25051865724,25052.588764554523,25064.192453451502,76
1782904800,25057.3,25064.6,25044,25050.2,25058,25007.67787668055,25052.49508751317,25062.859838837074,45
1782905100,25050.7,25050.7,25035.2,25041.2,25058,25008.011430146416,25052.05214290481,25060.796997043068,236
1782905400,25041.1,25044.4,25016.4,25019.6,25058,25008.126739299187,25050.77950984972,25056.873473515156,120
1782905700,25019.1,25022.3,25012.5,25020.9,25058,25008.253836420587,25049.607764365417,25053.447428418473,169
1782906000,25020.3,25026.4,25007,25025.2,25058,25008.422454963664,25048.6505971354,25050.757197140523,190
1782906300,25025.3,25026,25005.1,25008.2,25002,25008.42024148144,25047.064299208523,25046.704130746188,154
1782906600,25008.3,25010.6,24989.4,24993.8,25002,25008.274766441824,25044.97550316113,25041.665642103693,258
1782906900,24993.3,24998.2,24991.7,24997.5,25002,25008.167554835436,25043.113718723438,25037.45939047477,134
1782907200,24996.3,25004.9,24971.8,24975.3,25002,25007.840514488817,25040.45435720487,25031.539448524793,232
1782907500,24975.1,25000.3,24967.4,24999.7,25002,25007.75951434465,25038.856147118408,25028.50712009386,377
1782907800,24999.5,25007.9,24990.1,25001.5,25002,25007.697230619826,25037.391200172588,25025.935013418253,358
1782908100,25001.3,25015.1,24989.6,25014.6,25002,25007.765914892265,25036.4974276168,25024.8554883308,194
1782908400,25015,25018.1,24992.8,25006.6,25002,25007.754313749057,25035.324979474964,25023.116870394533,91
1782908700,25006.1,25014.8,25005.2,25010.4,25002,25007.780638985387,25034.347529299477,25021.905739880767,70
1782909000,25010.6,25025.9,24998.8,24998.8,25002,25007.691279393493,25032.953508542636,25019.705193225454,136
1782909300,24997.3,25000.8,24978.5,24990.4,25002,25007.519226862216,25031.284743501747,25016.91422244208,196
1782909600,24989.6,25004.5,24979.9,24985.6,25002,25007.301125102393,25029.49318493305,25013.931915542835,167
1782909900,24985.4,24986.1,24971.5,24973.1,24988,25006.96081539988,25027.281687484694,25010.043161681613,202
1782910200,24972.5,24993.7,24967.5,24968,24988,25006.573145594906,25024.956915426472,25006.03905104527,191
1782910500,24965.5,24970,24947.5,24948,24988,25005.990328225802,25021.938997174453,25000.511522374294,230
1782910800,24947.3,24947.3,24908.6,24916.9,24988,25005.10385729818,25017.81982081467,24992.54852024341,389
1782911100,24916.5,24921.2,24902.5,24903.8,24988,25004.0958587181,25013.348455292526,24984.096280220227,214
1782911400,24903.6,24916.1,24885.6,24894.6,24988,25003.00634768608,25008.69165312419,24975.572824961157,369
1782911700,24895.1,24945.7,24891.6,24929.5,24988,25002.274941241445,25005.586098099713,24971.184936869617,378
1782912000,24930.6,24934.7,24903.8,24922.2,24988,25001.478175656954,25002.31605503698,24966.519704786795,118
1782912300,24921.7,24955.2,24914.9,24953.7,24988,25001.00277092405,25000.409543074744,24965.298780521385,198
1782912600,24954.3,24971.3,24926.3,24934,24988,25000.336076686,24997.80524726789,24962.317944281254,383
1782912900,24934.5,24958,24918.3,24943.7,24988,24999.772533634397,24995.68347286523,24960.544806730657,237
1782913200,24944.5,24974,24940.8,24970.8,24988,24999.484249717636,24994.707650399927,24961.521491803927,150
1782913500,24970.3,24989.7,24962.6,24979,24988,24999.280426337362,24994.091664109732,24963.186111632123,141
1782913800,24979.3,25004.3,24978.9,24994.5,24988,24999.232859906144,24994.1076772819,24966.168386714777,177
1782914100,24994.7,25001.6,24974.2,24989.1,24988,24999.132035429466,24993.911297780647,24968.352349884797,145
1782914400,24988.3,25006.6,24972.8,25000.4,24988,24999.144651992356,24994.16575669121,24971.404507038627,220
1782914700,24999.9,25001.2,24980.8,24985.1,24988,24999.00490421134,24993.810236820966,24972.708839701616,260
1782915000,24985.8,25004,24983.1,24997.9,24988,24998.993910139583,24993.970619690732,24975.10799782527,289
1782915300,24997.4,25015.7,24986.3,25013.5,24988,24999.138249342173,24994.736477742077,24978.764378984768,251
1782915600,25012.5,25019.4,24995.6,25008.9,24988,24999.235381189515,24995.291909987485,24981.634438129076,181
1782915900,25009.4,25021.1,25004.6,25005.9,24988,24999.301695804545,24995.707913517388,24983.945444021545,185
1782916200,25006.4,25012.2,24988.8,25000.6,24988,24999.31461425425,24995.89976004612,24985.53159220997,196
1782916500,25000.4,25001.1,24973.8,24980.3,24988,24999.125414112415,24995.288004750193,24985.033345332828,163
1782916800,24980.1,24983.6,24961,24976.4,24988,24998.89929058891,24994.54729868156,24984.211121967797,200
1782917100,24976.9,24992.7,24962.2,24984.3,24988,24998.754024015885,24994.1454438313,24984.21958654229,276
1782917400,24983.5,25001.4,24982.1,24993.9,24988,24998.705725269458,24994.135818583014,24985.14153068112,187
1782917700,24994.3,24996.6,24973.5,24983.9,24988,24998.55840462001,24993.7344139327,24985.023289663874,166
1782918000,24984.1,25006.6,24978.5,24998.6,24988,24998.55881850439,24993.925221229456,24986.316309695885,202
1782918300,24998.1,25003.6,24986.8,24999.1,24988,24998.564203394893,24994.12815373026,24987.533804010563,112
1782918600,25000.3,25014.6,24999,25004,24988,24998.618290923303,24994.515284956524,24989.102013152413,215
1782918900,25004.3,25023.6,25004.3,25017.5,24988,24998.806168625557,24995.416646330777,24991.806583328373,191
1782919200,25018.6,25026.6,25007.6,25021.6,24988,24999.03297291784,24996.443444513883,24994.644051582814,238
1782919500,25021.9,25077.1,25021.9,25077.1,24988,24999.80975925697,24999.60644668981,25002.496999051116,698
1782919800,25077.1,25088.1,25051.1,25051.1,24988,25000.32010991113,25001.62580172158,25007.125856284343,877
1782920100,25050.6,25059.6,25035.6,25042.7,24988,25000.741800359774,25003.236554595245,25010.51386997155,515
1782920400,25041.7,25065.6,25037.1,25051.6,24988,25001.247852097487,25005.13316029739,25014.426834736165,141
1782920700,25050.1,25064.1,25050.1,25052.6,25050,25001.758818743285,25006.99460499161,25018.062374285102,116
1782921000,25053.1,25064.8,25048.1,25051.6,25050,25002.254750895092,25008.74383616841,25021.256433876995,106
1782921300,25052.1,25061.1,25048.6,25061.1,25050,25002.840275761806,25010.797019063768,25025.05105922204,44
1782921600,25061.6,25072,25056.1,25062.1,25050,25003.429924759203,25012.80890066911,25028.579529772323,66
1782921900,25061.6,25073,25058.6,25065.6,25050,25004.04853247304,25014.87913985856,25032.105288841627,26
1782922200,25063.6,25071.9,25061.6,25070.6,25050,25004.710736130026,25017.064271628813,25035.77145180909,29
1782922500,25070.1,25075.6,25068.1,25075.6,25050,25005.416101939678,25019.359790388466,25039.564646874893,52
1782922800,25076.1,25079.1,25068.6,25074.6,25050,25006.104498935303,25021.52607311833,25042.901347172523,46
1782923100,25075.1,25083.2,25069.6,25079.6,25050,25006.83579745336,25023.80348201565,25046.396456965616,74
1782923400,25080.1,25091.7,25079.6,25085.1,25050,25007.614545737408,25026.207267034642,25050.082508683176,47
1782923700,25085.6,25087.1,25078.1,25078.6,25050,25008.320868665392,25028.261884013675,25052.798460237158,38
1782924000,25079.1,25080.1,25069.6,25077.1,25050,25009.00523813141,25030.177104248432,25055.112892595524,32
1782924300,25076.6,25080.6,25069.1,25069.1,25058,25009.603195960946,25031.70349231712,25056.444998062616,30
1782924600,25068.6,25072,25051.8,25058.6,25058,25010.090726349394,25032.75825732429,25056.650236342368,41
1782924900,25058.1,25059.3,25047.4,25050.6,25058,25010.49380369915,25033.457933507652,25056.07402335738,56
1782925200,25051.1,25063.6,25048.6,25051.1,25058,25010.89784545339,25034.14977925245,25055.600306847155,42
1782925500,25050.6,25059.6,25046.6,25058.6,25058,25011.372493757335,25035.108611438627,25055.88599190933,47
1782925800,25058.8,25065.4,25055.2,25062.7,25058,25011.883215212485,25036.19062667633,25056.534945060823,21
1782926100,25062.6,25076,25060.1,25072.7,25058,25012.488357349674,25037.62236680667,25058.07447410265,20
1782926400,25073.2,25076.8,25071.6,25075.6,25058,25013.116333893457,25039.11168575543,25059.74357180716,19
1782926700,25076.1,25083.2,25076.1,25078.1,25058,25013.762937536307,25040.640639255216,25061.49180306362,36
1782927000,25077.6,25085.4,25068.6,25070.6,25058,25014.328480446395,25041.81551614717,25062.359250390895,56
1782927300,25070.1,25077.6,25067.1,25073.6,25058,25014.918246810113,25043.06196649434,25063.429797972713,17
1782927600,25073.1,25073.6,25059.1,25059.6,25058,25015.362841369217,25043.710516827894,25063.065055308645,39
1782927900,25059.1,25061.6,25052,25055.4,25058,25015.761221057084,25044.168927932682,25062.335050041154,67
1782928200,25055.9,25061,25051.1,25054.1,25058,25016.142701444576,25044.558381739243,25061.550759561043,35
1782928500,25054.6,25055.1,25045.6,25048.1,25058,25016.46068451478,25044.697268729862,25060.269734840946,35
1782928800,25048.6,25062.8,25047.1,25061.6,25058,25016.909831932542,25045.360120936533,25060.396426760857,53
1782929100,25062.1,25062.1,25050.6,25054.6,25058,25017.284858480478,25045.7224691351,25059.844386116965,24
1782929400,25055.1,25055.6,25040.1,25041.6,25058,25017.52680018714,25045.56080367882,25058.106825534396,32
1782929700,25042.1,25052.1,25037.9,25051.1,25058,25017.86086187682,25045.778027063967,25057.439508816835,40
1782930000,25051.6,25053.1,25046.6,25053.1,25058,25018.2115000671,25046.065163257535,25057.02622226285,19
1782930300,25053.6,25055.1,25047.6,25049.9,25058,25018.526808524144,25046.21554901214,25056.347534428296,33
1782930600,25049.4,25052.6,25044.5,25051.6,25058,25018.85589500649,25046.426703952842,25055.89538829227,22
1782930900,25051.1,25054.6,25047.1,25054.1,25058,25019.206582618368,25046.72761752332,25055.7243989311,11
1782931200,25054.6,25054.6,25048.2,25053.2,25058,25019.544825577388,25046.981436443974,25055.48397998528,22
1782931500,25052.7,25054.3,25042.9,25049.1,25050,25019.838906914927,25047.06451736774,25054.875981891444,11
1782931800,25049.6,25052.1,25040.1,25041.1,25050,25020.050460079954,25046.830614725866,25053.56398361607,27
1782932100,25041.6,25049.1,25040.5,25045.6,25050,25020.304684357765,25046.782355324853,25052.805508985966,33
1782932400,25046.1,25058.1,25044.2,25052.3,25050,25020.623045707438,25046.998733547407,25052.757365273017,16
1782932700,25052.8,25066.6,25050.6,25064,25050,25021.054657192937,25047.66544987888,25053.82809238987,23
1782933000,25063.5,25064,25056.6,25060.6,25050,25021.448143191017,25048.172687138533,25054.473035971787,16
1782933300,25061.1,25066.1,25059.6,25064.6,25050,25021.87751490056,25048.81689548604,25055.437508736377,75
1782933600,25064.1,25067.1,25062.6,25064.1,25050,25022.297639130404,25049.41623291796,25056.26250790434,48
1782933900,25064.6,25064.6,25054.7,25060.1,25050,25022.673782024627,25049.835204176077,25056.62798334202,44
1782934200,25059.1,25065.9,25058.1,25062.6,25050,25023.07105782538,25050.335784404466,25057.196746833255,27
1782934500,25063.1,25063.1,25057.6,25061.2,25050,25023.45045028483,25050.76183207488,25057.57800903961,50
1782934800,25062.3,25062.3,25051.6,25052.6,25050,25023.740495555627,25050.833917091553,25057.1039129406,61
1782935100,25053.1,25061.6,25051.1,25057.1,25058,25024.072430923232,25051.079645833062,25057.103540279593,40
1782935400,25058.1,25058.6,25045.6,25053.1,25058,25024.361262456336,25051.158875408237,25056.722250729155,111
1782935700,25052.6,25057.1,25040.6,25054.6,25058,25024.66214541697,25051.29382147066,25056.52013161209,156
1782936000,25055.8,25055.8,25010.8,25021,25058,25024.625706159088,25050.10582847181,25053.13726193475,18
1782936300,25020.2,25032.3,25013.8,25026.5,25058,25024.644355849046,25049.18010970821,25050.600379845724,0
1782936600,25027.3,25040.9,25025.7,25033.4,25058,25024.73147668637,25048.561281876515,25048.962248431846,0
1782936900,25034.2,25035,25020.8,25024.1,25058,25024.725193336257,25047.602015920573,25046.594415247862,0
1782937200,25023.3,25032.2,25020.8,25030.6,25058,25024.783649123954,25046.9352701982,25045.07113760521,0
1782937500,25031.4,25033.9,25022.2,25023.9,25058,25024.77485659536,25046.031926268857,25043.054838785665,0
1782937800,25023.1,25026.2,25013.1,25015.7,25058,25024.684559514808,25044.842438964195,25040.449616044174,0
1782938100,25014.8,25015.2,25002.2,25015.2,25058,25024.590185788293,25043.679990377364,25038.044890706635,0
1782938400,25016,25018.7,25014.4,25018.5,25058,25024.529586924727,25042.69253977433,25036.183472544097,0
1782938700,25019.4,25021.9,25016,25018.5,25022,25024.46959103493,25041.743812724355,25034.499332301802,0
1782939000,25019.3,25023,25013.2,25016.5,25022,25024.390291621647,25040.753859284185,25032.78511017782,0
1782939300,25017.3,25029.9,25016.5,25025.7,25022,25024.40332354581,25040.163511861276,25032.110337779934,0
1782939600,25026.4,25033.5,25025.7,25028.8,25022,25024.447071570226,25039.717883945148,25031.795067515177,0
1782939900,25029.4,25037.7,25027.1,25037.7,25022,25024.57894150485,25039.63875124142,25032.35744203754,0
1782940200,25038.7,25038.7,25032.9,25033.6,25022,25024.66870328092,25039.401937467246,25032.47578089111,0
1782940500,25033.5,25037,25033.1,25037,25022,25024.79140275076,25039.30774384108,25032.90665890148,0
1782940800,25036.3,25036.3,25028.9,25029.9,25022,25024.84223456419,25038.938812710057,25032.62031043467,0
1782941100,25029.6,25037.2,25026.4,25033.3,25022,25024.926391434197,25038.71768279986,25032.685042774225,0
1782941400,25033.9,25035,25033.4,25035,25022,25025.0266263453,25038.57189131751,25032.905514890965,0
1782941700,25034.4,25038.9,25033.4,25038.9,25022,25025.164669864254,25038.58475832467,25033.47641823468,0
1782942000,25039,25040.4,25039,25039.9,25022,25025.31129006461,25038.636336429583,25034.088187926616,0
1782942300,25038.7,25041.4,25038.6,25040.8,25038,25025.465406581377,25038.721185981365,25034.727408124083,0
1782942600,25039.5,25041.3,25039.5,25040.8,25038,25025.61798960047,25038.80270809974,25035.305750207503,0
1782942900,25040.5,25043.7,25039.5,25042,25038,25025.78099467907,25038.92809209583,25035.94329780679,0
1782943200,25043.3,25050.4,25027.9,25034.1,25038,25025.863770851418,25038.738755150895,25035.767745634712,0
1782943500,25033.7,25049.7,25029.5,25040.5,25038,25026.0094049723,25038.80782357635,25036.218436526644,0
1782943800,25040,25040.9,25028.3,25028.3,25038,25026.032196962627,25038.395752063552,25035.464299714582,0
1782944100,25027.9,25035.4,25027.9,25035.2,25038,25026.1234188834,25038.270428453216,25035.43912831319,0
1782944400,25034.8,25047.7,25034.8,25047.1,25038,25026.332141083563,25038.61668616093,25036.54968752146,0
1782944700,25047.6,25050.1,25045.5,25048,25038,25026.547741669798,25038.98465925266,25037.640193471798,0
1782945000,25047.6,25053.5,25045.9,25052.6,25038,25026.806968120844,25039.518594183926,25039.064936950675,0
1782945300,25051.8,25054.3,25049.4,25051.9,25038,25027.05665003009,25040.004139510045,25040.287323907753,0
1782945600,25052.3,25054.4,25049.7,25050.6,25038,25027.290912218843,25040.419663450826,25041.269483535587,0
1782945900,25051,25051.4,25041.8,25043.9,25038,25027.456176773878,25040.55614723707,25041.52000891315,0
1782946200,25044.3,25046.4,25040.5,25043.4,25038,25027.614821781102,25040.66767087483,25041.699055683326,0
1782946500,25043,25057.4,25043,25054.5,25038,25027.882335992235,25041.21011515425,25042.918193237296,0
1782946800,25054.9,25055.4,25047.4,25048.6,25038,25028.08848190276,25041.499914559965,25043.459317690886,0
1782947100,25048.2,25049,25042.8,25044.8,25038,25028.254765664922,25041.62932967526,25043.587001720323,0
1782947400,25045.3,25047.8,25040.3,25042,25038,25028.39153416577,25041.643865766426,25043.43585869934,0
1782947700,25040.3,25043.7,25038.6,25042,25038,25028.52694178601,25041.657831814802,25043.299110251784,0
1782948000,25041.5,25045.7,25040.3,25041.1,25038,25028.652046842868,25041.63595605736,25043.089671180187,0
1782948300,25041.6,25046.6,25041.6,25045.5,25038,25028.819688167816,25041.787487192363,25043.319226305885,0
1782948600,25045.9,25047.2,25038.8,25038.8,25038,25028.91899475321,25041.67033083188,25042.888823800564,0
1782948900,25037.5,25047.1,25035.4,25044.6,25038,25029.075024656162,25041.785219818863,25043.051792962415,0
1782949200,25045,25047.1,25041.7,25046.3,25038,25029.246417445655,25041.962270022046,25043.361146013613,0
1782949500,25045.9,25045.9,25025.7,25027.7,25022,25029.23103020739,25041.402965315297,25041.86960829803,0
1782949800,25028.1,25044.4,25023.5,25040.2,25022,25029.340174185425,25041.355790204892,25041.710597983933,0
1782950100,25041,25045.2,25036.9,25041.8,25022,25029.46415255174,25041.373210196856,25041.719112461655,0
1782950400,25042.2,25042.2,24998,24998.4,25022,25029.15505650645,25039.687986267567,25037.593482703403,0
1782950700,24998,25019.3,24998,25019.3,25022,25029.056996242703,25038.88845739433,25035.85124625546,0
1782951000,25017.6,25033.5,25010.6,25015.5,25022,25028.9221007577,25037.971262986706,25033.91303232637,0
1782951300,25015.9,25020.65,24992.1,24996.7,25022,25028.601482839713,25036.352782085265,25030.368934009573,34
1782951600,24998.2,25026.3,24991.9,25020.8,25022,25028.52385614479,25035.742869062313,25029.45760696104,11
1782951900,25020.3,25024.3,25011.8,25022.3,25022,25028.461927227927,25035.215697726537,25028.775930107608,4
1782952200,25024.3,25031.3,25018.3,25030.8,25022,25028.48519163362,25035.04253310981,25028.96869866879,1
1782952500,25028.8,25035.8,25021.8,25025.8,25022,25028.458473308907,25034.680080830993,25028.66691784319,0
1782952800,25026.3,25026.3,24998.7,24999.2,25022,25028.167344221256,25033.28870511213,25025.86054471527,1
1782953100,24999.7,25024.8,24997.8,25021.3,25022,25028.09901243796,25032.818559813615,25025.42620712334,5
1782953400,25022.8,25048.8,25017.3,25048.8,25022,25028.3049924137,25033.44528295818,25027.6522826354,2
1782953700,25047.3,25054.3,25037.8,25043.8,25022,25028.459171593666,25033.851350293153,25029.190160479648,0
1782954000,25044.8,25062.8,25036.8,25062.8,25022,25028.800871378804,25034.986591458128,25032.391097576823,3
1782954300,25062.3,25081.4,25060.3,25076.4,25022,25029.274494549165,25036.610646695062,25036.582421617124,2
1782954600,25076.3,25081.8,25073.8,25079.8,25022,25029.777235896934,25038.30434682467,25040.698381463113,1
1782954900,25080.3,25081.8,25065.3,25080.8,25022,25030.28492509199,25039.970843027622,25044.51758322853,6
1782955200,25080.3,25089.9,25077.8,25089.9,25022,25030.878109916946,25041.9288491834,25048.839718159146,3
1782955500,25089.4,25093.8,25082.8,25091.3,25022,25031.479322753592,25043.864972744836,25052.883554524942,5
1782955800,25092.3,25134.8,25090.8,25119.3,25022,25032.353160338134,25046.823209107784,25059.208930284472,60
1782956100,25119.9,25129.8,25116.9,25126.3,25022,25033.28795476263,25049.939946005517,25065.598555971665,3
1782956400,25125.8,25143.8,25124.8,25140.8,25022,25034.35772635703,25053.50308537785,25072.760598260076,12
1782956700,25139.3,25154.8,25128.8,25148.8,25150,25035.496455448003,25057.240219284602,25080.00244604483,15
1782957000,25149.3,25154.3,25136.8,25137.8,25150,25036.51440116494,25060.39942637148,25085.506974992943,7
1782957300,25138.8,25140.3,25131.8,25134.8,25150,25037.492367322502,25063.31709592554,25090.20154880314,5
1782957600,25135.3,25137.3,25128.8,25134.8,25150,25038.460602473522,25066.120347065716,25094.4490203457,2
1782957900,25135.3,25138.8,25131.8,25138.3,25150,25039.45402931458,25068.95092169059,25098.6253041223,0
1782958200,25137.3,25144.3,25132.3,25144.3,25150,25040.497272803987,25071.905787506646,25102.97527515827,0
1782958500,25143.8,25153.8,25141.3,25148.3,25150,25041.569936756187,25074.901638976975,25107.29191561939,10
1782958800,25147.8,25150.3,25137.8,25139.8,25150,25042.5473503208,25077.446672742582,25110.38792365564,5
1782959100,25140.3,25143.8,25133.8,25134.8,25150,25043.46528713353,25079.69582283111,25112.712883307482,1
1782959400,25136.3,25138.8,25127.8,25138.8,25150,25044.413891241657,25082.013633700477,25115.19737061153,0
1782959700,25137.3,25140.3,25133.3,25135.8,25150,25045.323205756664,25084.122902967123,25117.159525791387,7
1782960000,25135.3,25136.8,25132.3,25134.3,25150,25046.208546992915,25086.09063226253,25118.791951906493,0
1782960300,25132.3,25139.3,25132.3,25134.8,25138,25047.09005398801,25088.000803546354,25120.3165279154,0
1782960600,25133.8,25134.8,25130.8,25133.8,25138,25047.95283952047,25089.796850466104,25121.600668113933,2
1782960900,25134.3,25139.3,25132.3,25135.3,25138,25048.82196549539,25091.581287702727,25122.905366388797,2
1782961200,25135.8,25139.8,25130.8,25131.3,25138,25049.642642455634,25093.138884263404,25123.70485530415,0
1782961500,25131.8,25132.8,25124.3,25124.8,25138,25050.390476859062,25094.38049664523,25123.809154798993,5
1782961800,25124.3,25133.3,25124.3,25130.3,25138,25051.185596492305,25095.789104619926,25124.427330532424,1
1782962100,25130.8,25135.3,25126.8,25130.8,25138,25051.977779611785,25097.16208090934,25125.0342514341,0
1782962400,25131.3,25132.3,25116.8,25119.8,25138,25052.652627575848,25098.049842442306,25124.535751297517,0
1782962700,25119.3,25121.8,25113.3,25121.8,25138,25053.340661132308,25098.98122117006,25124.275203554895,3
1782963000,25122.3,25139.8,25120.3,25137.3,25138,25054.17607743945,25100.483918379075,25125.51566035919,0
1782963300,25136.3,25137.3,25124.8,25130.8,25138,25054.938504529604,25101.672784324994,25126.018930801172,2
1782963600,25129.3,25135.8,25125.8,25134.3,25138,25055.7281711512,25102.952282978917,25126.807604058202,2
1782963900,25132.8,25136.3,25127.9,25129.7,25122,25056.4642092492,25104.001213058174,25127.083070338373,1
1782964200,25130.2,25139.4,25128.1,25136.8,25122,25057.2635703512,25105.287439997068,25128.00849221091,0
1782964500,25135.8,25143.8,25132.3,25141.3,25122,25058.09975373079,25106.699697252086,25129.274350095584,3
1782964800,25142.8,25152.3,25138.8,25142.3,25122,25058.9375671265,25108.095787555925,25130.51488818172,1
1782965100,25141.8,25141.8,25131.8,25133.8,25122,25059.68246695609,25109.103795887066,25130.827755973936,2
1782965400,25134.3,25134.3,25117.3,25122.3,25122,25060.305526986376,25109.621294087574,25130.015588738323,1
1782965700,25123.3,25123.3,25112.8,25119.3,25122,25060.892536668103,25110.00085118218,25128.995056477528,2
1782966000,25119.8,25120.3,25108.8,25115.3,25122,25061.43390446245,25110.20866093974,25127.690765384432,0
1782966300,25115.8,25119.8,25101.3,25116.8,25122,25061.984810885708,25110.467144824455,25126.653549633535,40
1782966600,25117.3,25117.3,25096.3,25098.4,25122,25062.3471510759,25109.99392345879,25123.962735382724,4
1782966900,25098.9,25100.8,25085.3,25089.3,25122,25062.615338627384,25109.182397048644,25120.661522489132,3
1782967200,25088.8,25090.8,25082,25084.8,25122,25062.836081526613,25108.226224615362,25117.24613939493,6
1782967500,25084.3,25090.3,25080.3,25089.3,25088,25063.099404098488,25107.484019728487,25114.5846023097,1
1782967800,25090.8,25103.3,25088.5,25101.8,25088,25063.48448465472,25107.261116994036,25113.367021137346,0
1782968100,25102.3,25111.3,25101.3,25106.3,25088,25063.91050968303,25107.223426131524,25112.693971505218,0
1782968400,25107.8,25125.3,25095.8,25124.8,25088,25064.516375258325,25107.91270353813,25113.84692659996,23
1782968700,25126.3,25130.3,25119.8,25127.3,25088,25065.14108794232,25108.67298967389,25115.128171685676,4
1782969000,25126.8,25128.6,25115.3,25116.3,25088,25065.65013184339,25108.97208811805,25115.239774382277,6
1782969300,25115.8,25117,25102.8,25113.8,25088,25066.129235009128,25109.161417995776,25115.102653012535,21
1782969600,25111.8,25123.8,25110.8,25116.8,25088,25066.633421725455,25109.460970231237,25115.26430510658,15
1782969900,25114.8,25115.3,25096.8,25098.8,25088,25066.953487180923,25109.042892967267,25113.69627604881,0
1782970200,25099.3,25099.3,25084.8,25087.8,25088,25067.160915169174,25108.2098383411,25111.22996404416,7
1782970500,25088.3,25088.8,25072.3,25073.3,25088,25067.222000590376,25106.84082507282,25107.617586516146,5
1782970800,25067.8,25084.3,25067.3,25070.3,25088,25067.252627450172,25105.407851540553,25104.063530657466,9
1782971100,25070.8,25075.8,25063.6,25069.8,25058,25067.277974440716,25104.01146520563,25100.800337261517,10
1782971400,25070.3,25078.3,25069.8,25071.8,25058,25067.322969719913,25102.748270491684,25098.038400379468,0
1782971700,25071.3,25080.3,25069.2,25070.8,25058,25067.35756703613,25101.495397139068,25095.444267009996,7
1782972000,25070.8,25081.8,25063.3,25065.8,25058,25067.342068856666,25100.095577643417,25092.621003485234,47
1782972300,25066.3,25076.3,25063.3,25063.8,25058,25067.30682439043,25098.6722216574,25089.87614601045,36
1782972600,25062.8,25063,25042.3,25045.8,25058,25067.09282613779,25096.59880120025,25085.678417818977,79
1782972900,25045.3,25052.8,25041.8,25047.3,25058,25066.89588259413,25094.66551487867,25082.023330407646,43
1782973200,25047.8,25060.3,25044.8,25045.8,25058,25066.685973314587,25092.749220177546,25078.57348941644,36
1782973500,25045.3,25060.3,25031.4,25032.3,25058,25066.34382432638,25090.378662523526,25074.1664904244,58
1782973800,25032.8,25055.3,25031.8,25054.7,25058,25066.22796537786,25088.97949928731,25072.312538955408,84
1782974100,25055.2,25075.8,25046.3,25070.8,25058,25066.27345825967,25088.26657774663,25072.16848762632,118
1782974400,25070.3,25079.3,25056.3,25059.3,25058,25066.204070615295,25087.130633521272,25070.942917376196,81
1782974700,25059.8,25059.8,25034.3,25034.8,25038,25065.891592300715,25085.078451814556,25067.50073476894,63
1782975000,25033.8,25038.3,25021.1,25029.3,25038,25065.52749685494,25082.891061547318,25063.86256955285,79
1782975300,25028.8,25038.3,24981.8,24983.3,25038,25064.70931280663,25078.985529721933,25056.18994388115,379
1782975600,24988.4,25029.2,24965.6,25028.5,25038,25064.349021136914,25077.005705026953,25053.552806368658,818
1782975900,25028.2,25046.3,25014.8,25035.8,25038,25064.064951274853,25075.389795025898,25051.862062904976,193
1782976200,25036.8,25056.8,25025.8,25035.5,25038,25063.78072290396,25073.825489338607,25050.303771199742,186
1782976500,25035.1,25076.3,25031.8,25075.5,25038,25063.89733262631,25073.891156423368,25052.703412037863,204
1782976800,25076,25107.4,25075.7,25103.3,25038,25064.28939896834,25075.044444406765,25057.522134700925,298
1782977100,25103.5,25108.8,25081.7,25090.4,25038,25064.54920594378,25075.64662305748,25060.653359967502,264
1782977400,25090.9,25096,25073.7,25085.5,25038,25064.75767155628,25076.033029996404,25063.019706637264,161
1782977700,25086,25114.8,25083.9,25111.5,25038,25065.222769351738,25077.423891565173,25067.636877433713,149
1782978000,25110,25143.1,25108,25133.4,25038,25065.9011497562,25079.61903307242,25073.900031963836,253
1782978300,25135.2,25140,25117,25123.1,25122,25066.470292544695,25081.324169030366,25078.585743205374,209
1782978600,25123.2,25129.1,25091.5,25092.8,25122,25066.732279683554,25081.77420161741,25079.93948194772,209
1782978900,25093.3,25113.8,25089.9,25111.8,25122,25067.18071471158,25082.951683906922,25082.97381700032,96
1782979200,25112.7,25119.7,25096.2,25103.8,25122,25067.545085709473,25083.76926493018,25084.957263000288,147
1782979500,25104.1,25127,25100,25121.7,25122,25068.083940578035,25085.25674473684,25088.456571285973,178
1782979800,25121.4,25134.5,25111.7,25113.2,25122,25068.532856592185,25086.35255866873,25090.813088306357,130
1782980100,25112.9,25120.8,25101,25104.1,25122,25068.88675851664,25087.04853676015,25092.078508467657,155
1782980400,25103.8,25120.6,25096.4,25107,25122,25069.265994750305,25087.830947083283,25093.49960289931,137
1782980700,25107.3,25126.1,25104.9,25107.7,25122,25069.64842266324,25088.610125629035,25094.852021670802,111
1782981000,25108.9,25135.7,25100.2,25134.2,25122,25070.290726915344,25090.39796383966,25098.599448178345,166
1782981300,25134.4,25164.4,25130.9,25145,25122,25071.03410276693,25092.539220159673,25103.018548351836,249
1782981600,25142.7,25148.2,25132.3,25133.2,25122,25071.652668908555,25094.13376054557,25105.89297231833,114
1782981900,25133.3,25165.7,25132.6,25164.7,25158,25072.578512999018,25096.901064053585,25111.493641621346,142
1782982200,25163.8,25168.2,25146.8,25148.4,25158,25073.332955655744,25098.92063016913,25115.008532895503,159
1782982500,25148.9,25161.6,25147,25151.2,25158,25074.10775211688,25100.970801535048,25118.455339286407,147
1782982800,25152.3,25160.2,25135.8,25155.8,25158,25074.920610304773,25103.120966180733,25122.01197364008,163
1782983100,25156.3,25157.9,25134,25153.3,25158,25075.7005047296,25105.08877142855,25124.99178567436,126
1782983400,25152.3,25163.9,25147.3,25162.2,25158,25076.56119622483,25107.32842745096,25128.535425133945,175
1782983700,25162.6,25188.4,25152.1,25181.7,25158,25077.607353476324,25110.244959707787,25133.59871797833,211
1782984000,25180.7,25194.6,25177.5,25178,25158,25078.60628528253,25112.902020111404,25137.827411504204,149
1782984300,25177.6,25180.9,25163,25177.7,25158,25079.592292394147,25115.443117361938,25141.624800884758,149
1782984600,25178.6,25188.1,25174.5,25178.2,25158,25080.573463614106,25117.90417158304,25145.10815318145,329
1782984900,25178.7,25186.7,25174.7,25179.4,25158,25081.55681223486,25120.31577269743,25148.374043354645,107
1782985200,25180.6,25196.7,25174.4,25190.7,25158,25082.64281410317,25123.075938474,25152.40508684468,127
1782985500,25190.2,25190.2,25172.4,25173.9,25188,25083.550845803635,25125.069038926,25154.4522214309,79
1782985800,25172.7,25196.8,25172.7,25196.1,25188,25084.67073788519,25127.854566811257,25158.418676532718,82
1782986100,25196.5,25201.2,25175.8,25179.4,25188,25085.613317607724,25129.87595634807,25160.416897815317,150
1782986400,25180.1,25183.9,25162.8,25176.8,25188,25086.52064778078,25131.716114922656,25161.97719326148,197
1782986700,25177.8,25181.9,25165,25166,25188,25087.311487106344,25133.06058100412,25162.360317712766,102
1782987000,25166.6,25176.4,25164.7,25175.4,25188,25088.187989722202,25134.720950376508,25163.602192216313,63
1782987300,25175.8,25195.5,25171.7,25194.9,25188,25089.249800769743,25137.08091310684,25166.58293581476,111
1782987600,25195.4,25199.1,25186.5,25194.6,25188,25090.2980614586,25139.33656357324,25169.251227641926,137
1782987900,25194.3,25211.5,25191.3,25209,25188,25091.479175274933,25142.068463040956,25173.03682500936,209
1782988200,25209.4,25249.5,25209.4,25238.4,25188,25092.94107402842,25145.846170372683,25179.261889294183,360
1782988500,25239.9,25255.4,25238.4,25255,25188,25094.553600655003,25150.126712711008,25186.475042694736,195
1782988800,25252.9,25261.8,25245.4,25255,25188,25096.150082240525,25154.23939064391,25193.00122910476,211
1782989100,25255.2,25273.5,25254.3,25261.3,25258,25097.7933650043,25158.437845912777,25199.505873951926,325
1782989400,25261.8,25275.2,25250.4,25267.3,25258,25099.479998188337,25162.70694999463,25205.962457385078,216
1782989700,25267.4,25291.8,25266.3,25280.3,25258,25101.279202186462,25167.318442151703,25213.042223348402,377
1782990000,25280.4,25301.4,25272.9,25275.4,25258,25103.011747438337,25171.556934616343,25218.981059219983,322
1782990300,25275.6,25278.4,25261.7,25275.4,25258,25104.727053433977,25175.62921169021,25224.354291675223,234
1782990600,25274.1,25285.9,25271.4,25279.6,25258,25106.467082753043,25179.706497506282,25229.615787706152,169
1782990900,25280.1,25286.6,25272.6,25280.1,25258,25108.194773471918,25183.643497604076,25234.423807924613,168
1782991200,25281.9,25285.6,25269.6,25281.9,25258,25109.92318368613,25187.496693776466,25238.945350027032,130
1782991500,25280.9,25290.7,25276.9,25284.5,25258,25111.66026643552,25191.300745000917,25243.283888119695,156
1782991800,25285.7,25296.1,25282.1,25285.6,25258,25113.391010053077,25194.99875500088,25247.313994013057,130
1782992100,25285.1,25294.7,25277.9,25293.1,25258,25115.17915920678,25198.845862647904,25251.674566011814,94
1782992400,25292,25294,25277.5,25282,25258,25116.839068070392,25202.10680921073,25254.562702582116,123
1782992700,25281.5,25303.3,25281,25298.5,25302,25118.646639532377,25205.88693433972,25258.747207098106,181
1782993000,25298.9,25312.4,25295.9,25301.4,25302,25120.465080930066,25209.63254475777,25262.809377850666,274
1782993300,25301.9,25309.8,25301.4,25303.1,25302,25122.282343806382,25213.297935159426,25266.64657996013,204
1782993600,25303.4,25324.7,25295.9,25318.7,25302,25124.236748345622,25217.4313494669,25271.604048535355,198
1782993900,25318.8,25335.3,25316.3,25328.9,25302,25126.27319861084,25221.80266909565,25277.060805817702,283
1782994200,25328.4,25343.2,25323.9,25341.7,25302,25128.41674887342,25226.504525209548,25283.216919549348,209
1782994500,25342.2,25346.1,25328.2,25330.9,25302,25130.431507591096,25230.59846539741,25287.758165306554,224
1782994800,25331.1,25360.9,25328.6,25343.4,25302,25132.550597067802,25235.022054989666,25293.05738765831,236
1782995100,25343.5,25347.4,25321.9,25344.4,25302,25134.658551325832,25239.31138616654,25297.947160262283,298
1782995400,25345.9,25404,25343.9,25394.4,25302,25137.243043352442,25245.393292591383,25307.13314499921,478
1782995700,25393.9,25424.9,25391.4,25423.4,25302,25140.090376254408,25252.37394778388,25318.20617880881,375
1782996000,25422.2,25469.2,25421.7,25465.7,25302,25143.330273008094,25260.739675321765,25332.25320939845,748
1782996300,25465.2,25470.2,25445.7,25462.2,25458,25146.50310611249,25268.64008021111,25344.629094217642,602
1782996600,25461.7,25467.7,25437.9,25444,25458,25149.463274210873,25275.516939810674,25354.092990006437,410
1782996900,25443.9,25445.2,25422.6,25440.7,25458,25152.361152079422,25281.99470687692,25362.34127667249,320
1782997200,25440.1,25454.8,25428.7,25453.6,25458,25155.35855355127,25288.72432621508,25371.032583656062,446
1782997500,25452.6,25454.8,25436.5,25451.6,25458,25158.306229635335,25295.11160753998,25378.705670926913,244
1782997800,25451.7,25467.9,25441,25444,25458,25161.148953718566,25300.950368028607,25384.924178457684,158
1782998100,25445,25466.1,25437.1,25466.1,25458,25164.183292487534,25307.42682418435,25392.655209080764,162
1782998400,25465.9,25492.5,25459.6,25486.5,25458,25167.39042390557,25314.449301667315,25401.59280821593,252
1782998700,25487,25521.8,25478.5,25505,25458,25170.749723170193,25321.921878072517,25411.441112195364,450
1782999000,25504.2,25531.1,25496.2,25522.2,25458,25174.246740850092,25329.77592206967,25421.989577700566,632
1782999300,25521.7,25557.8,25521.7,25555.1,25458,25178.03632551825,25338.61216041988,25434.6667607767,621
1782999600,25555.2,25586,25545.5,25583.5,25458,25182.070789940954,25348.215605109297,25448.841354988443,704
1782999900,25583,25627.6,25580.5,25626,25622,25186.487996011194,25359.109110791287,25465.713606894304,634
1783000200,25627,25664.4,25622.7,25628.6,25622,25190.887120428994,25369.677380956335,25481.226596713892,751
1783000500,25629.1,25645.7,25621.8,25636,25622,25195.316104305322,25380.121405232556,25495.966920836378,513
1783000800,25635.8,25636.3,25597.1,25598.4,25622,25199.32688933711,25388.681350125396,25505.722452185295,548
1783001100,25598.9,25626,25591.1,25606.1,25622,25203.374382975548,25397.207571689105,25515.28221864384,387
1783001400,25605.5,25646.7,25598.4,25636.4,25622,25207.683095582757,25406.587666916985,25526.817245439663,533
1783001700,25636.1,25648.1,25612.4,25622.5,25622,25211.810626969993,25415.054817233966,25535.929888731123,229
1783002000,25622.2,25622.7,25599.5,25605.1,25622,25215.72395406482,25422.5075694993,25542.51751837578,248
1783002300,25604.6,25612.5,25587.6,25596.3,25622,25219.51078039253,25429.322958930697,25547.639659482847,353
1783002600,25596.7,25624.5,25586.2,25601.9,25622,25223.31564824932,25436.090686031454,25552.80731096067,364
1783002900,25601.4,25626.2,25600,25617.9,25622,25227.24186070455,25443.220463049827,25559.006614678703,383
1783003200,25617.8,25622.5,25586,25588.5,25622,25230.83646905575,25448.91769979297,25561.815508518826,384
1783003500,25587.5,25610.6,25576,25582,25588,25234.33063354276,25454.13661352658,25563.737841040842,318
1783003800,25580.9,25605.6,25579.7,25602.2,25588,25237.9910252488,25459.943020839266,25567.400903798858,205
1783004100,25602.7,25633.5,25602.7,25633.1,25588,25241.92245783339,25466.733490610273,25573.65796057992,331
1783004400,25630.9,25641.4,25609.8,25609.8,25588,25245.582930889774,25472.34394195889,25577.10005957231,376
1783004700,25610.3,25615.5,25575.5,25591.4,25588,25249.02389675157,25477.01280698011,25578.46195866066,347
1783005000,25592.2,25620.8,25584.4,25596.8,25588,25252.48435549036,25481.710343961284,25580.208438788217,294
1783005300,25595.8,25604.1,25563.9,25565.9,25588,25255.602919117322,25485.011899100056,25578.845730332196,455
1783005600,25564.5,25584.9,25558.1,25567.9,25588,25258.710352757946,25488.262412860837,25577.80327982437,512
1783005900,25567.4,25592.9,25536.8,25544.9,25588,25261.558010939458,25490.48349470943,25574.66963412681,1008
1783006200,25544.9,25587.1,25539.4,25569.9,25588,25264.626090432597,25493.597867465924,25574.21538325759,947
1783006500,25572.4,25605.4,25566.9,25589.7,25588,25267.86065669695,25497.36657854569,25575.690108661627,797
1783006800,25588.7,25606.4,25585.4,25588.4,25588,25271.05010289897,25500.936516641937,25576.900574503376,281
1783007100,25587.9,25600.9,25567.7,25573.4,25588,25274.058559586545,25503.778221871664,25576.567186455435,292
1783007400,25572.9,25572.9,25550.9,25558.9,25588,25276.89280277474,25505.93986022964,25574.884597269203,112
1783007700,25558.4,25558.9,25535.4,25546.9,25588,25279.579441553098,25507.546140220635,25572.21939752928,155
1783008000,25547.9,25576.9,25545.9,25571.4,25588,25282.483128701824,25510.050213153158,25572.14135966935,110
1783008300,25570.9,25580.4,25569.9,25576.4,25588,25285.40767468489,25512.652165578525,25572.546944462745,92
1783008600,25576.9,25589.8,25572.9,25580.9,25588,25288.34789682733,25515.328551242113,25573.34247356153,62
1783008900,25581.4,25594.9,25574.4,25586.4,25588,25291.313589396214,25518.11566687968,25574.58604750805,88
1783009200,25585.9,25586.9,25571.1,25574.5,25588,25294.1313646261,25520.32681719812,25574.577852507286,91
1783009500,25575,25583.2,25559.6,25562.5,25588,25296.801699306438,25521.980667504078,25573.427580839925,70
1783009800,25563,25566.8,25552.9,25558.4,25588,25299.404667472543,25523.408876621565,25571.996382664693,109
1783010100,25557.9,25560.4,25536.9,25550.9,25588,25301.90710859222,25524.486959891306,25569.987203363293,105
1783010400,25551.4,25568.4,25549.5,25559.9,25588,25304.474202039062,25525.875706562234,25569.026517328693,53
1783010700,25560.4,25561.9,25549.9,25558.6,25558,25307.002816944147,25527.159012187243,25568.03351567834,40
1783011000,25558.1,25558.6,25543.4,25547.9,25558,25309.399803840224,25527.972384258333,25566.11603799469,76
1783011300,25546.9,25546.9,25522.7,25531.9,25558,25311.61373614032,25528.126408405067,25562.85736770948,55
1783011600,25532.4,25534.9,25504.4,25511.9,25558,25313.60663428818,25527.490078663694,25558.00428507048,112
1783011900,25511.4,25527.4,25500.7,25511.9,25558,25315.579702603718,25526.878703029823,25553.613400778053,84
1783012200,25511.4,25515.4,25496.9,25514.3,25558,25317.55701899572,25526.385420558065,25549.86926737062,71
1783012500,25513.8,25520.9,25506.4,25512.9,25558,25319.500730249496,25525.85658053618,25546.348384763896,54
1783012800,25512.4,25520.9,25506.2,25511.9,25558,25321.41515084403,25525.30926365241,25543.067586214955,44
1783013100,25511.4,25517.9,25504.4,25517.4,25558,25323.36524884558,25524.999096450352,25540.623054194482,20
1783013400,25516.9,25523.8,25511.8,25512.4,25558,25325.24619164314,25524.505014236613,25537.9351442712,39
1783013700,25511.9,25515.9,25490.8,25493.4,25558,25326.919363865596,25523.285209756745,25533.693701959655,45
1783014000,25493.9,25505.7,25485.4,25497.9,25558,25328.62066372763,25522.28971133491,25530.284777963498,46
1783014300,25497.4,25502.9,25486.7,25495.9,25502,25330.285134735317,25521.254820694325,25527.01003720507,57
1783014600,25494.9,25498.1,25484.9,25495.9,25502,25331.93304384243,25520.26051400043,25524.047176518874,38
1783014900,25494.9,25496.4,25479.4,25482.4,25502,25333.430227485787,25518.7757879612,25520.08077875517,61
1783015200,25483.4,25490.4,25471.4,25488.9,25502,25334.977190396377,25517.60418843331,25517.111180778487,64
1783015500,25489.4,25517.9,25488.9,25517.4,25502,25336.792342730743,25517.59618104377,25517.13868737101,64
1783015800,25517.9,25525.4,25508.1,25513.4,25502,25338.549632852824,25517.431624924408,25516.782621907107,84
1783016100,25513.9,25514.9,25499.9,25506.4,25502,25340.21978575976,25516.999012182274,25515.793800773095,71
1783016400,25505.9,25515.1,25504.9,25508.3,25502,25341.89222570245,25516.657874449636,25515.080105461373,23
1783016700,25507.8,25515.1,25506.4,25513.4,25502,25343.598770720335,25516.530114667297,25514.920095417434,27
1783017000,25513.9,25532.4,25512.4,25519.6,25502,25345.350026733067,25516.650502327404,25515.365800615775,72
1783017300,25520.4,25530.4,25516.9,25530.4,25502,25347.191319999405,25517.189698314563,25516.79762912856,34
1783017600,25529.9,25536.9,25523.9,25528.9,25502,25348.999366566575,25517.64892583164,25517.95023587822,35
1783017900,25528.4,25540.4,25520.4,25539.4,25538,25350.89390023258,25518.50190913236,25519.993070556484,24
1783018200,25539.9,25542.1,25530.4,25531.9,25538,25352.694955951658,25519.0273244605,25521.12706383682,31
1783018500,25532.4,25534.9,25523.9,25531.9,25538,25354.47809071831,25519.53213526597,25522.15305775712,26
1783018800,25533.4,25537.4,25507.4,25507.4,25538,25355.999701755936,25519.05636525554,25520.748004637397,40
1783019100,25508.4,25519.9,25500.4,25514.5,25538,25357.5768191514,25518.877684265128,25520.15295657669,30
1783019400,25514,25522.4,25506.4,25516.8,25538,25359.1611294086,25518.79620645081,25519.83362737891,66
1783019700,25517.3,25519.3,25506.9,25514.7,25538,25360.708779862245,25518.63557090372,25519.344710485682,14
1783020000,25514.2,25515.7,25505.8,25507.3,25538,25362.167398968093,25518.19103871142,25518.19759520133,16
1783020300,25506.8,25521.9,25501.6,25512.4,25538,25363.662250719655,25517.96393915411,25517.645443277393,43
1783020600,25513.9,25531.4,25513.9,25529.6,25538,25365.313372603043,25518.42025526571,25518.78397248907,37
1783020900,25530.2,25538.9,25525.9,25535.9,25538,25367.010751980128,25519.10573545137,25520.414070347255,52
1783021200,25536.4,25548,25531.9,25544.9,25538,25368.78079424898,25520.11727523759,25522.746063647515,56
1783021500,25544.4,25554.9,25542.4,25550.4,25550,25370.58795052511,25521.30483307141,25525.37977187156,72
1783021800,25554.4,25606.4,25554.4,25594.9,25550,25372.819911216404,25524.190918049,25532.000745979032,374
1783022100,25595.9,25619.4,25588.4,25608.4,25550,25375.16399170181,25527.493234988255,25539.2768654096,177
1783022400,25607.9,25615.9,25592.8,25594.1,25550,25377.34245944607,25530.105264988717,25544.49811632297,0
1783022700,25595.8,25600.4,25584.6,25598.6,25550,25379.54402701377,25532.791333028374,25549.650676673165,11
1783023000,25597.7,25609.7,25592.9,25604.4,25550,25381.781399879303,25535.59951604687,25554.86489794239,0
1783023300,25605.2,25606.3,25598,25598,25550,25383.932828736226,25538.046593848954,25558.973002900257,0
1783023600,25598.9,25601.5,25588.6,25593.5,25550,25386.018074221436,25540.221237227426,25562.261288338326,0
1783023900,25592.7,25603,25592.7,25595.1,25550,25388.09849139336,25542.37334557145,25565.388784687057,0
1783024200,25596.8,25603.4,25592.4,25602.5,25550,25390.231839737706,25544.731253588256,25568.923186145432,0
1783024500,25603.4,25608.5,25597,25598.7,25550,25392.306149790067,25546.847675016168,25571.7590731792,0
1783024800,25599.6,25604.2,25595.3,25597.3,25550,25394.34588959315,25548.826197564555,25574.19154240023,0
1783025100,25599,25604.9,25597.2,25603.1,25602,25396.423044920582,25550.954581973787,25576.9447288383,0
1783025400,25604,25606.5,25601.3,25602.1,25602,25398.469581787045,25552.960284641482,25579.34046894894,0
1783025700,25602,25613.4,25599.7,25608.3,25602,25400.557446644885,25555.1304695575,25582.098519525232,0
1783026000,25608.7,25615,25606.2,25606.2,25602,25402.60364120563,25557.13319624152,25584.39389861807,0
1783026300,25606.4,25606.4,25605.8,25606,25602,25404.627485571746,25559.04954148695,25586.451622559205,0
1783026600,25603.2,25608.6,25603.2,25604.9,25602,25406.62024690934,25560.84759868354,25588.2086108869,0
1783026900,25605.9,25609.1,25605.9,25609.1,25602,25408.63497082069,25562.73984971556,25590.19826699291,0
1783027200,25609,25609.5,25606.3,25608.7,25602,25410.625667628447,25564.542208550243,25591.96033680311,0
1783027500,25608.9,25611,25608.4,25608.7,25602,25412.596556507764,25566.27388664631,25593.55459044091,0
1783027800,25611.3,25611.5,25611.3,25611.5,25602,25414.57569524898,25568.047459719004,25595.263677065584,0
1783028100,25611.8,25612.1,25608.9,25608.9,25602,25416.509270420633,25569.64952012218,25596.56237448791,0
1783028400,25608.5,25617.2,25607.3,25617.2,25602,25418.506193103014,25571.514244823273,25598.527862631916,0
1783028700,25616.4,25617.3,25616.2,25617.3,25622,25420.484240932834,25573.309764634123,25600.3156852384,0
1783029000,25617.8,25621.1,25617.4,25619.9,25622,25422.468477341463,25575.136832687687,25602.18085807284,0
1783029300,25620.6,25620.8,25617,25618.7,25622,25424.421029805726,25576.845192190132,25603.75410968495,0
1783029600,25617.4,25626.1,25613,25621,25622,25426.3770394594,25578.576753280715,25605.39657542924,0
1783029900,25618.9,25627.9,25611.3,25625.3,25622,25428.356372400103,25580.409037465786,25607.292139674075,0
1783030200,25624.5,25626.8,25621.6,25625,25622,25430.313025411047,25582.157702663208,25608.97860256226,0
1783030500,25625.9,25631.8,25625.4,25628.9,25622,25432.289015207953,25583.990733931318,25610.875878508712,0
1783030800,25628.4,25634.3,25627.2,25632.1,25622,25434.27718421086,25585.877371816365,25612.897223412645,0
1783031100,25631.7,25633.9,25624.4,25625.6,25622,25436.180893820703,25587.435121941213,25614.10701165906,0
1783031400,25625.2,25633.7,25620.5,25633.2,25622,25438.141282936915,25589.229823041558,25615.925391501056,0
1783031700,25633.7,25643.5,25631.1,25642.7,25622,25440.176693056947,25591.3266927262,25618.47535421524,0
1783032000,25642.2,25649.3,25641,25648.9,25622,25442.25354188225,25593.584469482037,25621.372939528075,0
1783032300,25648.4,25648.9,25642.1,25642.1,25638,25444.242063853573,25595.48703930627,25623.346945287307,0
1783032600,25641.2,25641.9,25637.7,25641.6,25638,25446.205824412245,25597.295390706026,25625.08533145042,0
1783032900,25641.5,25648.2,25641.5,25646.9,25638,25448.20278138327,25599.24066950187,25627.16291893133,0
1783033200,25646.5,25648.6,25639.8,25640.2,25638,25450.11320146901,25600.8469177567,25628.404545699777,0
1783033500,25640.6,25641.9,25632.7,25634.4,25638,25451.94690095688,25602.162724903494,25628.97554134742,0
1783033800,25634,25636.5,25624.3,25625.3,25638,25453.67180741502,25603.070069024925,25628.625489790524,0
1783034100,25626.1,25634.7,25625.3,25628.3,25638,25455.40940137109,25604.05947808277,25628.594490762855,0
1783034400,25628.8,25647.1,25627.1,25645.9,25638,25457.30483021317,25605.70028286384,25630.242634499726,0
1783034700,25645.5,25649.9,25644.3,25646.8,25638,25459.190354290648,25607.312036477022,25631.81952645213,0
1783035000,25645.1,25652.5,25641.2,25650.4,25638,25461.092937830043,25609.001760536747,25633.58909536145,0
1783035300,25649.9,25652.1,25639.5,25643.8,25638,25462.91091854815,25610.366397378442,25634.561562469884,0
1783035600,25642.9,25646.8,25636.9,25637.8,25638,25464.65110841334,25611.44222493223,25634.8699850918,0
1783035900,25637.3,25650.4,25635.6,25648.1,25650,25466.476470518683,25612.87978473881,25636.129986511627,0
1783036200,25647.7,25650.4,25640,25648.1,25650,25468.283669817003,25614.26096965101,25637.269987796233,0
1783036500,25647.3,25647.8,25643.3,25646.1,25650,25470.05298653524,25615.50955907646,25638.110941339448,0
1783036800,25647,25660.1,25628.1,25639.4,25650,25471.738031445337,25616.44643911268,25638.23370883093,0
1783037100,25639,25644,25621.1,25621.1,25650,25473.224220187174,25616.628931696494,25636.601927037507,0
1783037400,25620.7,25649,25615.1,25647.7,25650,25474.960297598245,25617.847404963297,25637.65888636727,0
1783037700,25648.1,25650.6,25619.1,25623.1,25650,25476.434324487815,25618.053389082383,25636.272325760863,57
1783038000,25623.6,25632.1,25620.1,25630.3,25650,25477.965326234204,25618.533648334054,25635.703532831256,6
1783038300,25630.8,25632.3,25618.6,25624.1,25650,25479.419402590083,25618.75193663468,25634.598434466374,2
1783038600,25624.6,25624.6,25600.1,25604.1,25650,25480.660005549387,25618.1773508843,25631.693821660054,15
1783038900,25603.6,25632.1,25603,25625.1,25650,25482.09721942452,25618.448827320208,25631.065838644812,6
1783039200,25624.6,25627.6,25612.9,25619.1,25650,25483.460431171537,25618.47436350373,25629.926234964354,1
1783039500,25619.6,25629.1,25612.6,25628.1,25622,25484.89963086137,25618.85183944476,25629.752307824892,2
1783039800,25628.6,25631.1,25617.1,25622.1,25622,25486.264808663745,25618.979218290064,25629.023516603473,0
1783040100,25623.1,25625.6,25609.1,25613.8,25622,25487.533815542713,25618.776111690455,25627.573657879333,1
1783040400,25613.1,25653.6,25608.6,25650.1,25622,25489.15138951741,25620.0044994673,25629.719023795587,12
1783040700,25648.6,25686.6,25647.6,25680.6,25622,25491.056350815743,25622.380793605837,25634.56483105315,12
1783041000,25683.1,25685.1,25666.6,25683.6,25622,25492.972208021558,25624.781546797763,25639.234847143325,13
1783041300,25685.6,25687.1,25669.1,25671.6,25622,25494.749598986517,25626.6175645704,25642.317242653484,5
1783041600,25672.1,25696.1,25671.6,25695.1,25622,25496.74313531501,25629.30315027352,25647.344171924582,3
1783041900,25694.6,25694.6,25683.1,25685.6,25622,25498.622308097943,25631.51086987064,25650.987584122242,3
1783042200,25689.1,25705.2,25684.6,25705.2,25622,25500.677807519856,25634.400639679632,25656.150671348696,5
1783042500,25703.1,25703.6,25673.6,25690.6,25622,25502.56758057936,25636.604536162784,25659.431559791676,10
1783042800,25691.1,25697.1,25689.6,25691.1,25622,25504.44352505121,25638.741613176007,25662.447601716278,0
1783043100,25690.6,25690.6,25683.1,25686.1,25688,25506.251052165127,25640.598804816163,25664.700211076633,2
1783043400,25686.6,25688.6,25677.1,25688.1,25688,25508.060494432142,25642.461596784156,25666.92876240267,1
1783043700,25686.6,25691.1,25681.6,25683.1,25688,25509.802181054707,25644.055259655364,25668.46888026908,3
1783044000,25681.1,25689.6,25681.1,25688.6,25688,25511.58126383028,25645.802112217898,25670.386129767263,2
1783044300,25688.1,25693.1,25680.6,25686.6,25688,25513.32274379217,25647.402029385823,25671.930307884668,5
1783044600,25687.6,25688.1,25675.6,25677.6,25688,25514.95734335643,25648.586263527555,25672.47027856232,1
1783044900,25676.6,25686.6,25676.1,25677.1,25688,25516.570703124027,25649.704449271572,25672.911204413525,0
1783045200,25677.6,25685.2,25677.6,25680.6,25688,25518.20283543125,25650.916039496216,25673.643470659856,2
1783045500,25681.6,25690.5,25674.1,25686.4,25688,25519.8764390588,25652.30756735911,25674.85837821606,18
1783045800,25685.9,25687.6,25676.5,25683.2,25688,25521.50154911792,25653.51903530581,25675.65281838596,14
1783046100,25682.7,25683.6,25677.4,25682.6,25688,25523.104518778437,25654.65946529382,25676.314454730153,3
1783046400,25683.1,25685.3,25675.1,25677.6,25688,25524.641787248303,25655.559094105825,25676.436887612996,3
1783046700,25678.1,25679.1,25671.6,25674.1,25688,25526.128933643842,25656.28618845462,25676.214326887948,12
1783047000,25678.1,25688.1,25676.6,25678.6,25688,25527.64605868221,25657.16123988777,25676.441533851,6
1783047300,25678.1,25687.1,25673.6,25683.6,25688,25529.197839192835,25658.19805400982,25677.123292531858,3
1783047600,25684.6,25687.1,25682,25683.9,25688,25530.73716417599,25659.205973460415,25677.76869324311,0
1783047900,25683.4,25689.9,25681.4,25686.4,25688,25532.286048114536,25660.272405873733,25678.59072245805,1
1783048200,25686.9,25688.1,25676.6,25685.6,25688,25533.811560073595,25661.265644859075,25679.258272700143,6
1783048500,25686,25689.6,25685.1,25687.3,25688,25535.338808232067,25662.28659996264,25680.024151490605,0
1783048800,25688.8,25694.6,25687.3,25688.9,25688,25536.86678028946,25663.330262709205,25680.86947039626,6
1783049100,25688.4,25697.1,25673.6,25694.1,25688,25538.431289938322,25664.53691907355,25682.12952083471,49
1783049400,25694.6,25702.1,25694.1,25695.1,25688,25539.99018257575,25665.735471266744,25683.36480456474,5
1783049700,25694.1,25696.6,25684.1,25686.1,25688,25541.44401160485,25666.534080236674,25683.625299368097,5
1783050000,25685.6,25689.6,25675.6,25677.6,25688,25542.79879755903,25666.968037874452,25683.05146133304,2
1783050300,25677.1,25691.6,25674.6,25691.1,25688,25544.274431414164,25667.914389330355,25683.817988825132,1
1783050600,25691.6,25700.1,25688.1,25698.1,25688,25545.80503408666,25669.098138768382,25685.178180365598,2
1783050900,25698.6,25709.6,25698.1,25705.6,25688,25547.39503374749,25670.529584306878,25687.123115568873,5
1783051200,25706.1,25712.6,25705.1,25711.6,25688,25549.028914008708,25672.140188843863,25689.454247419457,3
1783051500,25711.1,25713.3,25698.1,25702.1,25688,25550.552009391708,25673.315083399004,25690.65860480808,7
1783051800,25701.6,25714.1,25695.6,25713.6,25688,25552.17437745746,25674.894884050023,25692.843499588264,24
1783052100,25717.1,25719.6,25698.6,25707.6,25688,25553.720901064848,25676.17743761669,25694.248880579857,22
1783052400,25707.1,25713.1,25706.6,25709.1,25688,25555.26696175077,25677.46851849447,25695.663272905585,1
1783052700,25710.1,25713.6,25707.6,25710.6,25688,25556.81256412141,25678.767792279,25697.08581834315,4
1783053000,25710.1,25711.6,25700.1,25709.6,25688,25558.332837115227,25679.976898464138,25698.27764516761,7
1783053300,25704.6,25715.6,25701.6,25714.6,25688,25559.88773425836,25681.33466715182,25699.83215515165,8
1783053600,25714.1,25716.6,25705.1,25708.1,25688,25561.36248317121,25682.384288047826,25700.61956894673,43
1783053900,25708.6,25712.6,25695.3,25697.6,25702,25562.71808035359,25682.980982634184,25700.331990951803,10
1783054200,25694.1,25706.1,25694.1,25703.6,25702,25564.119890499325,25683.78957155049,25700.643229908776,2
1783054500,25699.1,25702.1,25693.6,25695.1,25702,25565.423175170974,25684.233117764197,25700.115303250797,7
1783054800,25694.6,25695.1,25675.6,25685.5,25702,25566.61796944788,25684.282799420504,25698.723369607866,19
1783055100,25684,25696.6,25680.2,25690.6,25702,25567.851621493177,25684.530532776564,25697.949715359497,52
1783055400,25691.1,25691.1,25677.1,25680.6,25702,25568.97349590618,25684.376394236308,25696.297361515735,18
1783055700,25681.3,25683.6,25679.1,25680.1,25702,25570.07923226532,25684.20869250155,25694.754755657093,9
1783056000,25679.6,25679.6,25665.1,25666.6,25702,25571.039637914422,25683.518155540703,25692.07335035642,16
1783056300,25667.1,25684.6,25662.1,25683.6,25702,25572.159641517264,25683.52136512734,25691.26636460819,16
1783056600,25683.1,25694.6,25683.1,25692.6,25702,25573.358053044456,25683.877390024307,25691.39337750265,27
1783056900,25693.1,25697.6,25688.1,25690.6,25702,25574.524639581326,25684.14102178806,25691.31781774049,13
1783057200,25690.1,25691.6,25675.1,25675.1,25702,25575.52538943624,25683.786471914016,25689.77326366997,12
1783057500,25676.6,25683,25670.1,25676.1,25688,25576.52613182991,25683.485041642878,25688.471048082352,13
1783057800,25677.6,25682.1,25674.3,25676,25688,25577.515921562946,25683.19151059806,25687.283329217367,25
1783058100,25675.5,25688.1,25671.5,25684.1,25688,25578.576459656848,25683.22713763343,25686.98015500619,20
1783058400,25684,25703.6,25683.8,25700.7,25688,25579.79161926225,25683.912347922313,25688.28680691036,119
1783058700,25701.5,25719.6,25701.5,25713.1,25688,25581.11807081188,25685.056961729282,25690.64996815699,76
1783059000,25714.1,25723.3,25706.6,25716.1,25688,25582.461174584896,25686.274335779115,25693.07378071347,77
1783059300,25718.1,25726.6,25713.1,25723.6,25688,25583.865541006937,25687.73808731719,25695.98103969314,126
1783059600,25725.1,25728.6,25699,25700.1,25688,25585.022102787963,25688.22286820671,25696.373321627125,108
1783059900,25700.6,25712.6,25700.2,25710.1,25688,25586.26665897913,25689.080794943704,25697.680624329303,89
1783060200,25711.1,25714.1,25702.6,25712.6,25688,25587.52370714849,25690.003116710617,25699.10151725032,51
1783060500,25711.6,25731.3,25711.6,25718.4,25688,25588.825958818656,25691.116719976868,25700.939467988384,95
1783060800,25717.9,25727.5,25709.6,25723.6,25688,25590.166994054292,25692.39057409542,25703.097613894253,64
1783061100,25724.6,25728.6,25720.1,25724.1,25722,25591.49966078012,25693.63408099364,25705.09784114242,83
1783061400,25723.6,25725.6,25710.1,25720.1,25722,25592.77926614549,25694.671960170363,25706.526618176475,85
1783061700,25719.6,25746.1,25714.6,25744.6,25722,25594.289920213694,25696.629922516622,25710.15265454062,268
1783062000,25742.9,25782.1,25723.1,25779.1,25722,25596.128826480224,25699.864043202244,25716.719068393893,969
1783062300,25778.6,25815.4,25770.6,25806,25722,25598.217096863507,25704.02623758647,25725.22201426114,383
1783062600,25805.8,25808.1,25779.8,25780.9,25722,25600.034837193223,25707.04089493602,25730.524679569604,328
1783062900,25781.4,25781.5,25745.6,25760.4,25722,25601.630510454983,25709.1334088601,25733.369948182022,373
1783063200,25760.9,25775.3,25731.6,25739,25722,25602.99737104747,25710.30464772833,25733.90614359326,233
1783063500,25738.8,25756.8,25735.9,25743.5,25722,25604.39540715645,25711.60642624879,25734.819844203426,177
1783063800,25744,25752.7,25711.7,25713.2,25722,25605.478039921065,25711.668919337073,25732.760811422148,184
1783064100,25713.7,25730.5,25705.7,25711.1,25722,25606.529004697968,25711.646608774834,25730.697877000992,122
1783064400,25712.9,25717.5,25697,25698,25722,25607.4391638552,25711.11144764641,25727.583793477086,182
1783064700,25698.5,25698.5,25681.3,25686.7,25688,25608.227828891468,25710.154135974,25723.69009886022,135
1783065000,25686.4,25713.6,25683.9,25711.9,25688,25609.259392783093,25710.22260122992,25722.567232302106,147
1783065300,25712.9,25720.2,25681.9,25681.9,25688,25609.982184894703,25709.11191098561,25718.694162559048,163
1783065600,25682.2,25691.9,25671.4,25679.6,25688,25610.674899472866,25707.95458114304,25714.970908981995,193
1783065900,25683.6,25697.9,25677.3,25684.9,25688,25611.413457687067,25707.050479921745,25712.10701288847,163
1783066200,25686.3,25720.7,25685.7,25709.8,25688,25612.392428257346,25707.15830423854,25711.887297375284,150
1783066500,25710.3,25738.9,25709.7,25729.7,25688,25613.559667777172,25708.042292307615,25713.583745244305,133
1783066800,25729.1,25733.4,25710.2,25724,25688,25614.65857655551,25708.66808476614,25714.57576950675,272
1783067100,25724.5,25731.5,25712.6,25717.9,25688,25615.68585440073,25709.030120657666,25714.89236288706,206
1783067400,25718,25720.7,25691,25694.6,25688,25616.471069779825,25708.464233573053,25712.959756897817,128
1783067700,25697.6,25711.1,25684.5,25690.6,25688,25617.20867107555,25707.76367539372,25710.830256240883,76
1783068000,25689.7,25693.9,25675.7,25681.6,25688,25617.849380816093,25706.73764890769,25708.04642231318,68
1783068300,25681.5,25684.1,25651.1,25654.2,25658,25618.211078519416,25704.677348950525,25702.918191616685,204
1783068600,25655.5,25659.9,25639,25642,25658,25618.44778420579,25702.219413697563,25697.116459081764,165
1783068900,25643,25647,25626.4,25629.4,25658,25618.556761477375,25699.363750415305,25690.66727250255,157
1783069200,25629.6,25631.1,25610.5,25611.7,25658,25618.488534995013,25695.92595628137,25683.146579883258,131
1783069500,25612.7,25633.2,25612.7,25616.1,25658,25618.46476847765,25692.79552662328,25676.76119132295,134
1783069800,25615.5,25634,25614.7,25630.1,25658,25618.580541925632,25690.336878520404,25672.31726833981,153
1783070100,25629.6,25652,25624.1,25651.6,25658,25618.90909374727,25688.817785245094,25670.34419516459,188
1783070400,25650.9,25663.7,25636.2,25637.9,25658,25619.09805798859,25686.82100935313,25667.254271815582,149
1783070700,25637.4,25649.5,25626.4,25630.1,25658,25619.207530048407,25684.596656045163,25663.715769737908,83
1783071000,25631.4,25647,25625.9,25629,25658,25619.30496756036,25682.416395023785,25660.409505953347,101
1783071300,25629.1,25637.7,25619.7,25633.7,25658,25619.44820171399,25680.50594816011,25657.865743481598,61
1783071600,25633.1,25655.7,25627.7,25653.2,25658,25619.784040502906,25679.435126663633,25657.42138695954,73
1783071900,25653.1,25666.4,25648.4,25666,25658,25620.24390079641,25678.908258951335,25658.238397725298,100
1783072200,25664.5,25665.6,25638.6,25641.5,25658,25620.455404271073,25677.44126840422,25656.644264608603,148
1783072500,25642,25655.1,25636.7,25651.2,25658,25620.761320646485,25676.412199055037,25656.125763217307,121
1783072800,25651.7,25651.7,25637.4,25649.5,25658,25621.047277654976,25675.356818699936,25655.49473814899,71
1783073100,25650,25661.5,25644.6,25661.5,25658,25621.449792305175,25674.81341404504,25656.06666784909,46
1783073400,25661,25678.7,25658.2,25668,25658,25621.912978451393,25674.54622133739,25657.203175672985,125
1783073700,25667.9,25671.1,25659.8,25668.2,25658,25622.373545829985,25674.297349912395,25658.250492275558,71
1783074000,25667,25672.9,25661.3,25670.8,25658,25622.85540109536,25674.16019893544,25659.44568348741,88
1783074300,25669.8,25683.6,25666,25675.6,25658,25623.380222975007,25674.216661722283,25660.984189821942,211
1783074600,25675.2,25691.8,25675.2,25685.1,25658,25623.994350109584,25674.643459301802,25663.280933648424,116
1783074900,25685.6,25703.5,25685.6,25699.3,25658,25624.743660058743,25675.61038246644,25666.711320920003,122
1783075200,25701.7,25702.8,25690.2,25699.5,25658,25625.487504237262,25676.547230212855,25669.834052260954,87
1783075500,25699,25705.8,25696.2,25702.7,25702,25626.25578777719,25677.57282902804,25672.964142521814,63
1783075800,25702.4,25703.4,25688.4,25692,25702,25626.90995904309,25678.138600438702,25674.77708132926,104
1783076100,25692.2,25705.7,25688,25701.6,25702,25627.65314353022,25679.05865532346,25677.331645012186,107
1783076400,25700.3,25705.4,25677.5,25693,25702,25628.303361007533,25679.60537472254,25678.82386929674,423
1783076700,25692.5,25694.1,25671.6,25675.7,25702,25628.774969355716,25679.452222772637,25678.526357935145,132
1783077000,25675.3,25685.5,25674.5,25675.6,25702,25629.240890058645,25679.301155212925,25678.247657179418,68
1783077300,25675.4,25685.6,25671,25679.8,25702,25629.743965779453,25679.320717753595,25678.395499352806,54
1783077600,25679.3,25686.5,25670,25670.3,25702,25630.147508408514,25678.9669641162,25677.624499414444,78
1783077900,25670,25674.2,25656.7,25661.2,25702,25630.45648842435,25678.27022042537,25676.060261374972,100
1783078200,25660.8,25675.8,25657,25668.3,25702,25630.833040778336,25677.87923138908,25675.32118886307,53
1783078500,25667.8,25673.5,25664.8,25664.8,25702,25631.171020472084,25677.366320354216,25674.319170876108,38
1783078800,25664.5,25680.8,25662.4,25679,25702,25631.646930716142,25677.430386222677,25674.764964126003,40
1783079100,25678.5,25695.7,25678.5,25695,25688,25632.277309514986,25678.119390684533,25676.692110399716,26
1783079400,25693.2,25702.8,25689.7,25698.4,25688,25632.93524673374,25678.914708696902,25678.759528456885,81
1783079700,25698.2,25705.3,25697,25703.7,25688,25633.63937363191,25679.886680904867,25681.13481146099,76
1783080000,25704.6,25721.6,25704.6,25714.8,25688,25634.446942053484,25681.255830673304,25684.341019893276,131
1783080300,25714.3,25726.3,25711.1,25712.1,25688,25635.21960929673,25682.465405941017,25686.984732284393,50
1783080600,25711.7,25721,25706.9,25716.6,25688,25636.02936442811,25683.804017472743,25689.805233971594,82
1783080900,25716.3,25716.9,25705.6,25707.5,25688,25636.740515030815,25684.7332716895,25691.49044978382,95
1783081200,25707.3,25707.4,25699.7,25704.3,25688,25637.4127487121,25685.500594368343,25692.710406947266,59
1783081500,25703.3,25707.5,25700.8,25705.5,25688,25638.090233799543,25686.28488478527,25693.928463428478,53
1783081800,25706.1,25723.5,25704.4,25716.2,25688,25638.867445403528,25687.458026558397,25696.049562149576,84
1783082100,25716.7,25731.9,25713.4,25731.9,25688,25639.79314246419,25689.200849046305,25699.463889563904,63
1783082400,25730.8,25736.2,25722.3,25732.5,25688,25640.715598758077,25690.898854966057,25702.61018579591,80
1783082700,25733.5,25745.4,25733.5,25740.4,25738,25641.70748334755,25692.840076339937,25706.20921572011,75
1783083000,25740.3,25741.5,25722.9,25726.9,25738,25642.55517008041,25694.175759620724,25708.17976660391,47
1783083300,25726.4,25748.6,25726.4,25748,25738,25643.60437236817,25696.286514145402,25711.97216978449,176
1783083600,25749,25772.9,25747.9,25761.5,25738,25644.777463190378,25698.843905747544,25716.68910599549,243
1783083900,25761.9,25762.4,25751.6,25753.7,25738,25645.86126952679,25700.995125129994,25720.213953043538,69
1783084200,25752.4,25755.2,25738.6,25753.2,25738,25646.929316596175,25703.042375124896,25723.355481325107,118
1783084500,25752.7,25762.7,25752.2,25759.7,25738,25648.05141294845,25705.264242767058,25726.81686405605,76
1783084800,25760.8,25767.5,25750.8,25758.9,25738,25649.15438396389,25707.3676057958,25729.87240081262,77
1783085100,25758.4,25758.6,25741.8,25745.3,25738,25650.11105676027,25708.855150666554,25731.341695973322,52
1783085400,25745.9,25750.9,25735.5,25744.9,25738,25651.054230324844,25710.268674169827,25732.632963023483,131
1783085700,25745.2,25755.9,25731.7,25735.2,25738,25651.891501664897,25711.24637322199,25732.87744273553,141
1783086000,25734.5,25752.1,25725.3,25751,25738,25652.877655877186,25712.805338977993,25734.603400570242,96
1783086300,25751.5,25765.4,25751.5,25755.8,25758,25653.901758803782,25714.49140411611,25736.62212432546,116
1783086600,25754.6,25762.2,25742.1,25758,25758,25654.93756219877,25716.197623562537,25738.65811248494,105
1783086900,25758.5,25780.6,25758,25768.6,25758,25656.06853172913,25718.252618716946,25741.509720819708,103
1783087200,25768.2,25782.6,25767,25779.2,25758,25657.293720468144,25720.642712100595,25745.09927121783,102
1783087500,25782.7,25788.9,25775.2,25779.2,25758,25658.50671827443,25722.939076331942,25748.346959673276,172
1783087800,25779.3,25779.7,25768.3,25772.2,25758,25659.637994709512,25724.870877260102,25750.61867779963,90
1783088100,25771.9,25780.1,25755.5,25758.8,25758,25660.62468132932,25726.20143109304,25751.39785134252,179
1783088400,25761,25764.4,25753.8,25754,25758,25661.553788977784,25727.291571050173,25751.645675024185,102
1783088700,25753.8,25756.5,25738.9,25749.9,25758,25662.432855754123,25728.17817610703,25751.479420259977,81
1783089000,25750.7,25762.7,25743.5,25751.6,25758,25663.32009102025,25729.096679004793,25751.490904044742,121
1783089300,25751.5,25774.7,25751.5,25773.7,25758,25664.41839857229,25730.84582884774,25753.60605604048,101
1783089600,25774.2,25786.9,25769.3,25775.4,25758,25665.522693113857,25732.59305124587,25755.68166975091,114
1783089900,25774,25792.9,25769.1,25788.5,25788,25666.746347908746,25734.785480608774,25758.807225012726,81
1783090200,25788.1,25804.6,25788.1,25803,25788,25668.102105640995,25737.460559800587,25763.0160607258,89
1783090500,25803.5,25816.5,25802,25805,25788,25669.46427374407,25740.109165298603,25767.014531132867,162
1783090800,25804.1,25810.1,25792.5,25793.1,25788,25670.69447997547,25742.18723724768,25769.498861501164,196
1783091100,25792.6,25803.1,25788.1,25795.4,25788,25671.935330920987,25744.274012257574,25771.96563659629,121
1783091400,25795.9,25816.2,25794.6,25814.3,25788,25673.35189479242,25747.020129423945,25775.997480729977,373
1783091700,25815.3,25832.1,25813.6,25817.6,25788,25674.78719932185,25749.78796748575,25779.95962542236,254
1783092000,25816,25820.3,25790.8,25793.9,25788,25675.97240131865,25751.51785111376,25781.287280144043,181
1783092300,25792.9,25805,25789,25798.1,25788,25677.18760130553,25753.344602050474,25782.888491558897,334
1783092600,25798,25802.3,25776.5,25783,25788,25678.24046099403,25754.507558832807,25782.899111410432,727
1783092900,25781,25809,25777.5,25804.7,25788,25679.498764864737,25756.47588985897,25784.9753865142,298
1783093200,25804.2,25805,25792.5,25794.6,25788,25680.64405078648,25757.970953001757,25785.89201636999,40
1783093500,25794.1,25794.1,25784,25791.5,25788,25681.74709505726,25759.285817589924,25786.42611004904,73
1783093800,25791,25793.5,25783,25792.5,25788,25682.849114011915,25760.58833454718,25787.004575758656,153
1783094100,25793,25800.1,25791,25791,25788,25683.925242230704,25761.780948878662,25787.38509235307,54
1783094400,25791.5,25797,25788,25794.5,25788,25685.025488576666,25763.064048922635,25788.06270260516,13
1783094700,25794,25811.5,25794,25810.5,25788,25686.27399117789,25764.92428229822,25790.199588071333,36
1783095000,25810,25812.8,25801,25806,25788,25687.46529474826,25766.535094757113,25791.704389207396,29
1783095300,25806.5,25814.5,25804,25811.5,25788,25688.69947091992,25768.298424374483,25793.58968547336,44
1783095600,25811,25811.5,25803,25805.5,25788,25689.861665239125,25769.75730969313,25794.724001142564,7
1783095900,25805,25808.5,25801.8,25803,25788,25690.98741981386,25771.060944607125,25795.512191509937,20
1783096200,25802.5,25816,25799.5,25815.2,25788,25692.223365885366,25772.791887955864,25797.387220889945,34
1783096500,25814.5,25814.5,25806,25807,25788,25693.365421946208,25774.13338254583,25798.30272366233,12
1783096800,25807.1,25807.1,25802,25805.7,25788,25694.48317894177,25775.371289112663,25799.00722617068,30
1783097100,25806.3,25806.8,25801.3,25803.1,25802,25695.56394333041,25776.458689539617,25799.397014154427,18
1783097400,25803.4,25804.5,25800.5,25804,25802,25696.642909068414,25777.53874093022,25799.835393758767,7
1783097700,25803.5,25808,25797.9,25798.9,25802,25697.660392560272,25778.376437364328,25799.746308638885,23
1783098000,25798.3,25800,25793,25794,25802,25698.618995619374,25778.989126095137,25799.199041149466,4
1783098300,25794.1,25796.8,25793,25793.9,25802,25699.567065314703,25779.57386624827,25798.694370563804,3
1783098600,25793.5,25794.9,25788.5,25788.5,25802,25700.45197013744,25779.92391070912,25797.723478129155,11
1783098900,25789,25796.5,25788,25796,25802,25701.40269680274,25780.55434558327,25797.55933735495,11
1783099200,25795.1,25796.5,25794.1,25796.5,25802,25702.348938625597,25781.179665364318,25797.45844808305,3
1783099500,25795.5,25801.5,25795.5,25798.4,25802,25703.30467057957,25781.85497260493,25797.548119694187,7
1783099800,25797.5,25799.2,25796,25796,25802,25704.227012165844,25782.409679561602,25797.400679723312,3
1783100100,25795.5,25798.5,25794.4,25795.1,25802,25705.131221000014,25782.907339186637,25797.181567368712,8
1783100400,25795.5,25796.5,25794.5,25795.5,25802,25706.03041283086,25783.401169022454,25797.0214180955,1
1783100700,25796,25799,25796,25798,25802,25706.9455331012,25783.973672198044,25797.11461637212,0
1783101000,25798.3,25803.2,25797.3,25803.2,25802,25707.90328899074,25784.727645837338,25797.694176717632,11
1783101300,25803.7,25804.7,25797.9,25799,25802,25708.809723926155,25785.28734600058,25797.818540839762,9
1783101600,25798,25801,25795.6,25796.5,25802,25709.682263986593,25785.727057922126,25797.692965521688,14
1783101900,25796,25797,25790,25792.5,25802,25710.50632106135,25785.992663493806,25797.198397376764,8
1783102200,25793.5,25794.5,25792.5,25792.5,25802,25711.32217856323,25786.247853160716,25796.75093095993,6
1783102500,25793,25794.5,25790,25790.5,25802,25712.1100175825,25786.414604017158,25796.155604201842,9
1783102800,25790,25790.8,25787.5,25790,25802,25712.885042283175,25786.55520778119,25795.56935618262,12
1783103100,25789.7,25790,25786.5,25786.5,25802,25713.617529424635,25786.553042770163,25794.70560797475,9
1783103400,25787,25793.5,25787,25791,25802,25714.387504256232,25786.727433249765,25794.352692929533,29
1783103700,25791.5,25795,25789.9,25794.5,25802,25715.184643517365,25787.03223978899,25794.366722174338,25
1783104000,25795,25795,25790.5,25790.5,25802,25715.93405004953,25787.1682303855,25793.99846291964,2
1783104300,25791,25791,25787.5,25790,25788,25716.671024675903,25787.279280174305,25793.617656927294,7
1783104600,25789.5,25790,25788.5,25790,25788,25717.400666221416,25787.385975069432,25793.273118172314,6
1783104900,25790.5,25790.5,25787.5,25789.5,25788,25718.11807252767,25787.468878007887,25792.913773584474,8
1783105200,25789,25790,25787.5,25788.5,25788,25718.818390213964,25787.50931416444,25792.493414195476,6
1783105500,25789,25789,25787.5,25788,25788,25719.50676444069,25787.528556746227,25792.065469986384,0
1783105800,25787.5,25790,25786,25790,25788,25720.20818967014,25787.625476089514,25791.86875855911,13
1783106100,25791,25794.5,25789,25793.5,25788,25720.937461414713,25787.8558495762,25792.024114886815,4
1783106400,25792.5,25797,25792.5,25795.5,25788,25721.67937722153,25788.155620181056,25792.35515156426,7
1783106700,25795,25797,25792,25794.5,25788,25722.40396053276,25788.40441938964,25792.559422843857,13
1783107000,25794,25806.5,25791,25804,25788,25723.21586142298,25789.016010786127,25793.649001620633,28
1783107300,25804.5,25817.5,25803,25809,25788,25724.06943494116,25789.799696637652,25795.111001466288,33
1783107600,25809.5,25814,25802.5,25808,25788,25724.904564941746,25790.51343402441,25796.338525136165,42
1783107900,25807.5,25811.5,25799,25799,25802,25725.641832952275,25790.846240533258,25796.59199893272,34
1783108200,25796.5,25811,25795.5,25809.8,25802,25726.479227649266,25791.589525218227,25797.84990379627,43
1783108500,25809.1,25818,25802.5,25815.5,25802,25727.365006478627,25792.527190895944,25799.530865339482,115
1783288800,25823.4,25827.9,25809,25809.9,25802,25728.186250195256,25793.208477527474,25800.51840197382,0
1783289100,25810.8,25820.2,25796.1,25805,25802,25728.950566113712,25793.670890173456,25800.945220833455,0
1783289400,25805.4,25812.1,25800.9,25812.1,25802,25729.77792366482,25794.39360036273,25802.007580754078,0
1783289700,25812,25819.2,25808,25817.5,25802,25730.650780145766,25795.29973368184,25803.48304925369,0
1783290000,25817,25828.8,25815.5,25826.2,25802,25731.60151865178,25796.511508831572,25805.646568372387,0
1783290300,25825.8,25829.1,25818.6,25826,25802,25732.540807023404,25797.667920249944,25807.58499043216,0
1783290600,25826.5,25840.2,25826.5,25840.2,25802,25733.612042774414,25799.335844946025,25810.691181819573,0
1783290900,25839.3,25842.9,25836.6,25841.1,25802,25734.681574687107,25800.973654948142,25813.58725974152,0
1783291200,25840.7,25843.2,25835,25841.3,25802,25735.742454540967,25802.555080244292,25816.226568337563,0
1783291500,25840.4,25847.7,25840.4,25845.2,25850,25736.831584346528,25804.227430038634,25818.985942781605,0
1783291800,25844.7,25844.7,25831.6,25833.9,25850,25737.797439228652,25805.391060233196,25820.406329183355,0
1783292100,25834.4,25835.2,25826.6,25829.2,25850,25738.706917445284,25806.32474414562,25821.243821642085,0
1783292400,25830.1,25834.8,25824.9,25832.5,25850,25739.640181948318,25807.35122476736,25822.315838628554,0
1783292700,25833,25838.3,25832.5,25834.9,25850,25740.588040834406,25808.43156889413,25823.51433018774,0
1783293000,25834.4,25850.3,25830.6,25848.8,25850,25741.6647767465,25810.014644623774,25825.92248921748,0
1783293300,25849.2,25851.6,25845.7,25847,25850,25742.712888420665,25811.46505071696,25827.929871196768,0
1783293600,25847.4,25847.9,25839.3,25840.1,25850,25743.68191440653,25812.587989904532,25829.088931082788,0
1783293900,25839.7,25842.2,25836.4,25838.8,25850,25744.6283630194,25813.61591186906,25830.01379478919,0
1783294200,25837.1,25849.1,25836.2,25845.3,25850,25745.630070850053,25814.858425129096,25831.469623856887,0
1783294500,25845.7,25846.1,25839.1,25840.5,25850,25746.57405024458,25815.863977084817,25832.32965968004,0
1783294800,25841,25842.6,25837.2,25838.7,25850,25747.49072636155,25816.759507395214,25832.936358758132,0
1783295100,25838.3,25846.6,25834.1,25845.8,25850,25748.468928089296,25817.89835024246,25834.161467447833,0
1783295400,25844.5,25853.6,25843.2,25846.5,25850,25749.444361640646,25819.019983566286,25835.336565786136,0
1783295700,25846,25855,25842.1,25852.7,25850,25750.471780927805,25820.34076852447,25836.990226187456,0
1783296000,25853.6,25854.5,25822.6,25846.8,25850,25751.430270669818,25821.37838544508,25837.924490360077,0
1783296300,25847.2,25860,25838.5,25856.9,25850,25752.479720712905,25822.771389937432,25839.731681754354,0
1783296600,25856.5,25860,25847.1,25858.4,25850,25753.53365384014,25824.168590332043,25841.50961682537,0
1783296900,25857.5,25893.2,25853.3,25866.7,25850,25754.659687135263,25825.836488750396,25843.908700937238,74
1783297200,25867.2,25875.7,25834.7,25847.7,25850,25755.585461392624,25826.69388134842,25844.269777038455,35
1783297500,25848.2,25857.2,25828.2,25830.7,25850,25756.332869736976,25826.850984040637,25842.977417320508,10
1783297800,25830.2,25848.7,25823.7,25842.2,25850,25757.187269043076,25827.45290623512,25842.903377575698,16
1783298100,25841.2,25851.7,25835.2,25849.2,25850,25758.102818604835,25828.305733441586,25843.503055901823,0
1783298400,25849.7,25859.7,25846.7,25857.2,25850,25759.08886021076,25829.438841934072,25844.807526768316,2
1783298700,25858.7,25864.2,25855.7,25863.7,25858,25760.129767074333,25830.782416760187,25846.606809933237,4
1783299000,25863.2,25863.2,25853.7,25862.2,25858,25761.14539128255,25832.01447884802,25848.09187565388,1
1783299300,25860.7,25864.7,25855.7,25863.2,25858,25762.160860026008,25833.237440461824,25849.530744639225,1
1783299600,25864.7,25866.8,25853.7,25856.2,25858,25763.09657286157,25834.137932992733,25850.165911816443,9
1783299900,25855.7,25860.7,25852.7,25859.7,25858,25764.0578009923,25835.14036699302,25851.073920214876,2
1783300200,25861.7,25863.1,25848.2,25857.7,25858,25764.989564166506,25836.02505848349,25851.704975432505,5
1783300500,25859.7,25871.7,25853.7,25871.7,25858,25766.051359547935,25837.424075797862,25853.609263486553,2
1783300800,25875.2,25878.2,25857.2,25858.2,25858,25766.96826144298,25838.238817923437,25854.046476487834,3
1783301100,25859.2,25864.2,25847.7,25853.2,25858,25767.826288692304,25838.825530946047,25853.96585967947,13
1783301400,25854.7,25858.7,25848.7,25853.7,25858,25768.680753481436,25839.408843457968,25853.940539709994,5
1783301700,25854.2,25855.2,25844.2,25849.7,25858,25769.486915138335,25839.812418224323,25853.536678785233,8
1783302000,25850.2,25855.7,25843.2,25843.7,25858,25770.225353793674,25839.964872411605,25852.59985223426,1
1783302300,25843.2,25847.2,25824.7,25824.7,25822,25770.767390074336,25839.366249964092,25849.942723450044,12
1783302600,25825.2,25831.8,25819.2,25819.7,25822,25771.254281715388,25838.595024475304,25847.06246407385,3
1783302900,25819.2,25832.7,25815.2,25831.7,25822,25771.855731648568,25838.324631358624,25845.599372257293,8
1783303200,25832.2,25838.7,25823.7,25831.7,25822,25772.4511970053,25838.06484189358,25844.275622518504,4
1783303500,25831.2,25832.7,25813.2,25815.3,25822,25772.877553254002,25837.172102995795,25841.5160394215,0
1783303800,25814.7,25817.9,25805.2,25809.2,25822,25773.23897063456,25836.075157780273,25838.43832138136,1
1783304100,25810.2,25815.7,25805.7,25806.7,25822,25773.571916200384,25834.9231908085,25835.415624106943,3
1783304400,25808.7,25815.7,25807.7,25808.2,25822,25773.91647424814,25833.875222541497,25832.82365990628,0
1783304700,25808.7,25811.7,25800.7,25801.2,25822,25774.187952116317,25832.59384126536,25829.81188277235,3
1783305000,25801.7,25804.7,25794.7,25799.7,25822,25774.44180333904,25831.303886705933,25826.944084413077,6
1783305300,25800.7,25810.2,25795.2,25800.9,25822,25774.705068977455,25830.111577423348,25824.463695421357,2
1783305600,25802.4,25802.9,25788.2,25789.2,25822,25774.849297146833,25828.507201838118,25821.10524823837,2
1783305900,25789.7,25797.7,25783.7,25789.3,25788,25774.993085234924,25826.969664511133,25818.076176977575,7
1783306200,25788.8,25796.2,25788.7,25793.7,25788,25775.1792236903,25825.664971785205,25815.754636313042,2
1783306500,25794.2,25804.2,25793.2,25801.2,25788,25775.43813688741,25824.70556112696,25814.368480473706,2
1783306800,25800.2,25804.2,25797.7,25804.2,25788,25775.72432458007,25823.901421474922,25813.400053761925,0
1783307100,25802.7,25806.7,25798.7,25806.2,25788,25776.027565131513,25823.20724808375,25812.714334356027,1
1783307400,25807.2,25814.7,25803.7,25804.2,25788,25776.307887866522,25822.461865805955,25811.90344536974,0
1783307700,25804.7,25809.2,25795.7,25796.6,25788,25776.509799430038,25821.447674990035,25810.445974382143,2
1783308000,25797.2,25797.7,25789.7,25791.7,25788,25776.660945704367,25820.28109950023,25808.660643488605,0
1783308300,25794.2,25801.3,25791.2,25798.8,25788,25776.881234801836,25819.438703441396,25807.72153458493,2
1783308600,25799.3,25809.2,25791.7,25803.5,25788,25777.146098137142,25818.813656247614,25807.31948367208,2
1783308900,25803,25809.2,25802.2,25804.7,25788,25777.420266314883,25818.260179532022,25807.070009036644,1
1783309200,25805.2,25807.2,25797.2,25797.8,25788,25777.623049734633,25817.457819550375,25806.187151033155,1
1783309500,25799.1,25802.2,25788.7,25789.7,25788,25777.74321839399,25816.369277607224,25804.616946172853,1
1783309800,25790.7,25790.7,25781.7,25783.2,25788,25777.797514728376,25815.068521622627,25802.577237013535,1
1783310100,25783,25798.7,25782.5,25796.7,25788,25777.98559915894,25814.34818744135,25802.017500155103,1
1783310400,25796.2,25799.7,25785.7,25799.7,25788,25778.2016628489,25813.77374871816,25801.796785854618,0
1783310700,25800.7,25801.7,25788.7,25791.7,25788,25778.33597466135,25812.908111513523,25800.835187201796,4
1783311000,25792.2,25808.2,25792.2,25807.2,25788,25778.623178893577,25812.68426400319,25801.441359849243,0
1783311300,25807.7,25814.7,25807.5,25814.7,25788,25778.98215223792,25812.763312473653,25802.70408748265,0
1783311600,25815.2,25815.7,25808.2,25814.2,25788,25779.332578583813,25812.81965316096,25803.798936293824,1
1783311900,25813.7,25819.2,25809.7,25817.7,25788,25779.714343971038,25813.01103931151,25805.122847122984,1
1783312200,25817.2,25826.7,25816.7,25823.2,25788,25780.147037065854,25813.410606397334,25806.84448073032,1
1783312500,25823.7,25828.7,25817.7,25825.2,25788,25780.595325254253,25813.87293555822,25808.592625422672,19
1783312800,25823.7,25825.7,25816.2,25821.7,25788,25781.004326993017,25814.17987926182,25809.84094681099,13
1783313100,25821,25822,25811.2,25816.6,25822,25781.358512794082,25814.274785957437,25810.484666162323,2
1783313400,25813.6,25822.1,25812.6,25821.6,25822,25781.758925602102,25814.562049253225,25811.543269384958,0
1783313700,25821.1,25823.7,25816.7,25820.2,25822,25782.141423854817,25814.783145360943,25812.367719919723,1
1783314000,25821.7,25822.7,25804.2,25806.2,25822,25782.38081267218,25814.44655142522,25811.780318022607,6
1783314300,25807.2,25815.2,25803.7,25807.7,25822,25782.6327448844,25814.181980781093,25811.391716306167,5
1783314600,25808.2,25816.2,25806.7,25807.2,25822,25782.877195184057,25813.908177613208,25810.992505229387,1
1783314900,25806.7,25816.2,25803.2,25808.2,25822,25783.129163391182,25813.684327510728,25810.7265523504,8
1783315200,25807.7,25811.2,25794.7,25800.7,25822,25783.303997586296,25813.17513819658,25809.771642602744,7
1783315500,25800.2,25801.2,25780.2,25786.7,25822,25783.337788655088,25812.13689748299,25807.574343307246,31
1783315800,25787.2,25788.7,25776.7,25778.7,25822,25783.291641504293,25810.825646601304,25804.824405849413,5
1783316100,25778.2,25789.7,25777.7,25783.7,25822,25783.295704772907,25809.761895754196,25802.81255767328,11
1783316400,25783.2,25798.2,25783.2,25791.7,25822,25783.379329601037,25809.053586116777,25801.75421884725,2
1783316700,25792.7,25792.7,25780.7,25782.2,25788,25783.367594978143,25808.000504308275,25799.891912290368,9
1783317000,25781.7,25796.7,25781.7,25792.7,25788,25783.460454729604,25807.40048453148,25799.206968262715,10
1783317300,25793.2,25793.7,25776.2,25786.2,25788,25783.487713886523,25806.569092981226,25797.968209380553,24
1783317600,25786.2,25803.7,25786.2,25802.2,25788,25783.67390578815,25806.39775600157,25798.371237058596,71
1783317900,25801.7,25806.7,25785.8,25790.2,25788,25783.738842048962,25805.76254988386,25797.593024005397,91
1783318200,25789.7,25792.2,25763.7,25767.2,25788,25783.574276456435,25804.25029302567,25794.698450290598,53
1783318500,25766.2,25776.8,25765.7,25769.2,25788,25783.431248830002,25802.875771730545,25792.2700264534,70
1783318800,25768.7,25777.2,25766.7,25768.4,25788,25783.281684165027,25801.523780682288,25789.996690600696,18
1783319100,25768.9,25785,25767.8,25774.2,25788,25783.19131914846,25800.452259871217,25788.49224387682,35
1783319400,25773.2,25776.7,25764.7,25771.2,25788,25783.07200254002,25799.30511242529,25786.845363507597,31
1783319700,25770.7,25775.2,25767.2,25775.2,25788,25782.993674156536,25798.359813898805,25785.73628126878,22
1783320000,25775.7,25789.2,25772.7,25773.7,25788,25782.90119978682,25797.39276237336,25784.58996876699,36
1783320300,25774.7,25783.7,25764.2,25782.7,25788,25782.899197798888,25796.816575613622,25784.409971741563,37
1783320600,25783.2,25795.2,25780.2,25791.7,25788,25782.986767970044,25796.615925589558,25785.104260147127,69
1783320900,25791.2,25795.2,25780.7,25790.7,25788,25783.063516547456,25796.383928507614,25785.637187752163,105
1783321200,25791.2,25816.6,25751.7,25776.4,25788,25782.997212900216,25795.600245036727,25784.75745558529,529
1783321500,25776.6,25799.6,25774.2,25779.9,25788,25782.966394861407,25794.984549152934,25784.294840767645,201
1783321800,25780,25799,25773,25792.3,25788,25783.05926655433,25794.879272715563,25785.05723688501,144
1783322100,25792.8,25815.7,25784.7,25801.9,25788,25783.246736538866,25795.154595354168,25786.66130956263,177
1783322400,25803.8,25813.5,25790.7,25812.4,25788,25783.53681876236,25795.830885732437,25789.11261341381,136
1783322700,25812.9,25829.6,25808.1,25818.7,25788,25783.886701162734,25796.72771374293,25791.930459755353,204
1783323000,25819.4,25843.9,25808.1,25839.4,25788,25784.43907229544,25798.401136733402,25796.45136835008,180
1783323300,25839.5,25851.3,25830.5,25834.6,25788,25784.938186003943,25799.82069999876,25800.084571364358,207
1783323600,25834.2,25858.2,25832.5,25858.2,25788,25785.667159277535,25802.110084312535,25805.619374091562,123
1783323900,25858.5,25881.2,25853.3,25875.8,25888,25786.564003463827,25804.99988492773,25812.3032432257,223
1783324200,25873.9,25893.9,25873.3,25876.9,25888,25787.462869101004,25807.819497283504,25818.45531529944,270
1783324500,25877.2,25903.3,25864.7,25887.1,25888,25788.454283338804,25810.92853660572,25824.99290431854,138
1783324800,25887,25897.1,25880.6,25881.2,25888,25789.377126290656,25813.68428026824,25830.34596105011,156
1783325100,25882.7,25893.8,25873.6,25875.8,25888,25790.23705538229,25816.120190845955,25834.674917140575,134
1783325400,25877.7,25879.7,25845.6,25850.5,25888,25790.83668667202,25817.468418655917,25836.18206788909,152
1783325700,25850.3,25861.6,25837,25861.6,25888,25791.540799242448,25819.199068904705,25838.602823328223,54
1783326000,25861.7,25866.3,25853.4,25860.5,25888,25792.226960444015,25820.818713261382,25840.688268725535,74
1783326300,25860.8,25876.7,25856,25871.8,25888,25793.018731981887,25822.817979407995,25843.651290751674,34
1783326600,25873,25876.2,25847.5,25847.5,25888,25793.56083415122,25823.78590178415,25844.01783448961,61
1783326900,25847.4,25855.9,25827.1,25833.7,25888,25793.960228836284,25824.17468994948,25843.035183585835,85
1783327200,25834,25843.6,25824.2,25835.4,25888,25794.372564867765,25824.614898186755,25842.308023244328,68
1783327500,25835.2,25837.3,25823.7,25832.4,25838,25794.750947306893,25824.92019629708,25841.364401982963,46
1783327800,25832.2,25839.5,25824,25830.1,25838,25795.102679174484,25825.123325854056,25840.29160179411,102
1783328100,25830.6,25835.4,25822.8,25830.1,25838,25795.4509112225,25825.318489546054,25839.320973051814,70
1783328400,25832,25832,25798.4,25804.2,25838,25795.537966832224,25824.490313485425,25835.97611847545,116
1783328700,25803.8,25814.3,25798.1,25812.5,25838,25795.706743281655,25824.020105113446,25833.740297668264,87
1783329000,25810.9,25825.3,25809.1,25814,25838,25795.888765736563,25823.62715981488,25831.860269318906,149
1783329300,25815.5,25824.1,25811.1,25819.2,25838,25796.1207183163,25823.453545704495,25830.654529383773,27
1783329600,25818.8,25846.1,25815.6,25846.1,25838,25796.61802460171,25824.341641951378,25832.125526585318,93
1783329900,25845.7,25859.3,25842.2,25855.1,25838,25797.199934804677,25825.547852070933,25834.313571672432,100
1783330200,25855.2,25857.8,25832.3,25840.3,25838,25797.62879117478,25826.126367675995,25834.88370770363,83
1783330500,25840.8,25855.6,25840.3,25851.8,25838,25798.167808178016,25827.13317678674,25836.494783160426,37
1783330800,25852,25863.4,25849.4,25851.9,25838,25798.70245685286,25828.10442475589,25837.96194666896,67
1783331100,25851.4,25853.4,25830.9,25835.8,25838,25799.07158663542,25828.406212020363,25837.7560469862,56
1783331400,25835.2,25857.1,25832.6,25848.7,25838,25799.565401693773,25829.202046843093,25838.79832822561,73
1783331700,25848.2,25853,25840.8,25842.6,25838,25799.993606652046,25829.727456770815,25839.160392204125,31
1783332000,25842.7,25846.8,25827,25828.9,25838,25800.281232456502,25829.695007485687,25838.18321199421,78
1783332300,25829.7,25832.6,25824.2,25827.6,25838,25800.553060989274,25829.612850329384,25837.175287042377,75
1783332600,25829.4,25842.6,25827.7,25840.5,25838,25800.95054296948,25830.03979737529,25837.491926371673,75
1783332900,25840.7,25840.9,25826,25834.3,25838,25801.28237836282,25830.20686414489,25837.187933383895,79
1783333200,25833.5,25843.4,25823.6,25823.6,25838,25801.504444249756,25829.947771433326,25835.89384449019,73
1783333500,25823.4,25831,25820.8,25823.1,25838,25801.7193254015,25829.67923137712,25834.67538311017,54
1783333800,25824,25830.7,25819.3,25820.4,25838,25801.90520276069,25829.315339950565,25833.315822813965,25
1783334100,25820.9,25822.4,25807.6,25811.7,25838,25802.002663429736,25828.624542305446,25831.25717302216,57
1783334400,25811.2,25812.7,25793.1,25793.6,25838,25801.919054838396,25827.251030842486,25827.67077559148,37
1783334700,25794.2,25802.4,25786.9,25800.2,25802,25801.90194981513,25826.190206103565,25825.054511249433,75
1783335000,25799.7,25801.7,25791,25794.2,25802,25801.82531349856,25824.935688217152,25822.115986368535,33
1783335300,25795.2,25807.7,25791.5,25794.1,25802,25801.74844470753,25823.726445541968,25819.44779719058,87
1783335600,25793.9,25794.1,25781.2,25785.5,25802,25801.586768640787,25822.227369246204,25816.21467364862,83
1783335900,25785,25792.4,25775.1,25775.1,25802,25801.323218704063,25820.3792371189,25812.29899044399,66
1783336200,25775.4,25783.8,25773.3,25781.9,25802,25801.12995284631,25818.870247427963,25809.403848496942,51
1783336500,25781.5,25783.5,25763.3,25763.3,25802,25800.753535405052,25816.69102203863,25805.01300578295,179
1783336800,25763.8,25772.3,25756.3,25762.2,25802,25800.36991813734,25814.554119213586,25800.935576660762,98
1783337100,25762.7,25773.1,25759.7,25765.1,25802,25800.018973678263,25812.614741989524,25797.522664597833,81
1783337400,25765.5,25775.1,25757.2,25774.1,25802,25799.76107344266,25811.104359950717,25795.291934636134,109
1783337700,25773.8,25784.1,25771.1,25776.4,25802,25799.528624950693,25809.743404658533,25793.492702766027,85
1783338000,25776,25795.1,25775.3,25795.1,25802,25799.484559030785,25809.16915349545,25793.645778693073,102
1783338300,25794.6,25797.8,25784.5,25785.9,25788,25799.349389289186,25808.2566376721,25792.90808548421,77
1783338600,25785.1,25786.2,25762.5,25767,25788,25799.027504818645,25806.63873031241,25790.44064877143,108
1783338900,25766.8,25775.4,25756.3,25764.8,25788,25798.686932631394,25804.997995790356,25787.99868222177,48
1783339200,25766.3,25774.9,25752.5,25765.4,25788,25798.35571937138,25803.44513321034,25785.846426772077,96
1783339500,25764.9,25770.8,25754.5,25768.9,25788,25798.06262763634,25802.090422104055,25784.232481365212,68
1783339800,25768.1,25770.8,25760.2,25770.8,25788,25797.79135770961,25800.863346727427,25782.953197425668,56
1783340100,25771,25783.5,25767.8,25780.6,25788,25797.620299423943,25800.068705679292,25782.72908338513,67
1783340400,25780.9,25784,25762,25762.1,25788,25797.26686360878,25798.579736829124,25780.76440877702,51
1783340700,25761.6,25763,25745.4,25748.6,25788,25796.782616209686,25796.61974714955,25777.701131750637,79
1783341000,25748.1,25756.8,25739.3,25745.8,25788,25796.275326496158,25794.626815888783,25774.662928726768,68
1783341300,25745.3,25756.1,25736.9,25754.6,25788,25795.860646630525,25793.057136834323,25772.752173609933,87
1783341600,25754.9,25759,25746.3,25756.5,25788,25795.468998405344,25791.623523625134,25771.204347551844,66
1783341900,25757,25763,25752.5,25760.7,25758,25795.123038222206,25790.410836424147,25770.203933499288,53
1783342200,25761,25761.8,25741.3,25749.7,25758,25794.67106769263,25788.814333034967,25768.251177927927,86
1783342500,25749.2,25753.7,25740.8,25742.5,25758,25794.15195259121,25786.998084680654,25765.798684791935,42
1783342800,25743.3,25746.7,25724.6,25727.9,25758,25793.492729182344,25784.680512732393,25762.189286240322,118
1783343100,25728,25736.2,25713.9,25714.1,25758,25792.702751777546,25781.912649487986,25757.609354217435,98
1783343400,25714.8,25721.4,25707.3,25707.8,25758,25791.857948277273,25779.00627107669,25752.865606196727,91
1783343700,25707.6,25714.8,25696.3,25706.3,25758,25791.00662540884,25776.15504475996,25748.430786558944,164
1783344000,25706.6,25722.3,25706.6,25722,25758,25790.319992320197,25774.03131751447,25745.913568791424,97
1783344300,25721.8,25730.6,25714.9,25728.8,25758,25789.707853093132,25772.25754035704,25744.283705097,147
1783344600,25727.5,25742.2,25721.2,25738.9,25758,25789.202302316087,25770.94940151951,25743.770971278238,217
1783344900,25738.4,25741.3,25720.9,25730.3,25758,25788.616209755728,25769.355307342274,25742.488021632693,91
1783345200,25730.2,25747.9,25719,25745.7,25758,25788.189182792983,25768.427648230812,25742.793924334343,112
1783345500,25745.8,25752.8,25731.7,25746.7,25750,25787.776355103502,25767.57558359431,25743.165931540596,123
1783345800,25748.2,25761.7,25735.8,25752.3,25750,25787.42335654526,25766.976541100415,25744.035842822443,162
1783346100,25751.8,25771.7,25737.2,25769.2,25750,25787.242029614463,25767.063735567066,25746.432429220305,168
1783346400,25767.9,25777.1,25757.9,25762.9,25750,25786.999820364566,25766.90045181934,25748.000769294562,179
1783346700,25763.4,25781.4,25755.9,25778.5,25750,25786.915245037555,25767.35533606172,25750.905457933175,127
1783347000,25780.1,25791.9,25761.1,25782.3,25750,25786.86932220136,25767.9414013142,25753.89541432049,139
1783347300,25782.7,25788,25767.8,25775.5,25750,25786.75619461727,25768.23781694894,25755.952993909013,115
1783347600,25775.2,25792.6,25771.6,25780.1,25750,25786.689963825058,25768.703000598,25758.25270877482,73
1783347900,25781.1,25797.1,25779.6,25791.3,25750,25786.735834831772,25769.589157437294,25761.400069843887,85
1783348200,25791.7,25797.5,25776.1,25781.5,25750,25786.68373697275,25770.0562493025,25763.314348906373,75
1783348500,25781,25792.3,25778.3,25784,25750,25786.657033122276,25770.603063055343,25765.28441091529,63
1783348800,25784.1,25803.1,25780.7,25800.7,25750,25786.796764135983,25771.78333509239,25768.657324161453,82
1783349100,25801.2,25802.5,25789,25795.7,25802,25786.885353547565,25772.72124352014,25771.23281709846,101
1783349400,25794.2,25813.5,25793.2,25801.3,25802,25787.0287828655,25773.84197906837,25774.096358327177,135
1783349700,25801.2,25807.5,25792.1,25806.1,25802,25787.21854622007,25775.10699949706,25777.144324200777,96
1783350000,25806.2,25816.4,25795.4,25799,25802,25787.335774615887,25776.04397990894,25779.225817134036,97
1783350300,25798.5,25808.1,25794.8,25803.1,25802,25787.49263257991,25777.10500030467,25781.499548835556,84
1783350600,25804.6,25806.3,25783,25789.9,25802,25787.516586484588,25777.606764998603,25782.2995918036,122
1783350900,25790.3,25800.7,25785.8,25790.9,25802,25787.55025229071,25778.128068331993,25783.118678298495,121
1783351200,25790.8,25810.4,25788.5,25802,25802,25787.694030874885,25779.06422251505,25784.916899412925,122
1783351500,25801.9,25838.5,25799.7,25838.5,25802,25788.199562905982,25781.395037318383,25790.020051849788,386
1783351800,25837.5,25845.1,25824.5,25827,25802,25788.58563690692,25783.183467227467,25793.54195167362,413
1783352100,25824,25831.5,25817.5,25824,25802,25788.938018629236,25784.78411557149,25796.442718180893,212
1783352400,25823.6,25832,25823.6,25825,25802,25789.29684431452,25786.361209078488,25799.16245930652,52
1783352700,25826.5,25826.5,25794.5,25794.5,25788,25789.348617007905,25786.68037734992,25798.718415563042,401
1783353000,25795,25800.8,25788.3,25798.5,25788,25789.439675545138,25787.14389196365,25798.697614080847,88
1783353300,25798,25806.5,25796.5,25802.5,25788,25789.569629022302,25787.7460922788,25799.059746073148,33
1783353600,25803,25804.3,25794.2,25801,25788,25789.683364056906,25788.26585336591,25799.244532161418,40
1783353900,25802,25802,25794,25794.5,25788,25789.731290782707,25788.5103297045,25798.79267195557,13
1783354200,25795.5,25799.5,25788.6,25791,25788,25789.743914755018,25788.607963833736,25798.050512721704,24
1783354500,25791.5,25799.5,25790.6,25799.5,25788,25789.840990230092,25789.03510250692,25798.18855912916,36
1783354800,25799,25805.5,25795,25801,25788,25789.952025153176,25789.504314173315,25798.456315402575,15
1783355100,25801.5,25803,25794,25802.5,25788,25790.07688062429,25790.013948911615,25798.841428221378,19
1783355400,25803,25806,25796.5,25800.9,25788,25790.184573354396,25790.440852875865,25799.037482676486,13
1783355700,25801.4,25803,25795,25799.5,25788,25790.27726416679,25790.7961135474,25799.08153194539,9
1783356000,25799,25804.5,25797.5,25803,25788,25790.403858553193,25791.274697329856,25799.454719379162,19
1783356300,25802.5,25813.3,25798.5,25808.1,25802,25790.579939562613,25791.934513120843,25800.27807943829,30
1783356600,25808.6,25810.5,25797.8,25797.8,25802,25790.65178096,25792.164532214145,25800.042071872736,26
1783356900,25798.3,25803.8,25795.4,25797.5,25802,25790.719922442986,25792.373766244964,25799.79996978962,36
1783357200,25796.5,25804,25790.5,25798.9,25802,25790.801316249523,25792.629696980457,25799.714258381086,54
1783357500,25798.4,25819.5,25797.9,25818,25802,25791.07194991868,25793.62461082436,25801.455757582888,33
1783357800,25817.5,25821.3,25811,25820,25802,25791.359791213024,25794.65893981164,25803.221875908326,46
1783358100,25819.5,25825.1,25815,25819,25802,25791.634818166127,25795.613491191576,25804.724554393248,34
1783358400,25819.5,25819.5,25810,25814,25802,25791.857357288853,25796.33453075269,25805.60793016532,13
1783358700,25815,25818.7,25811,25812,25802,25792.057781594438,25796.948862880035,25806.216698721004,7
1783359000,25812.1,25813.6,25804.7,25805.7,25802,25792.19352506116,25797.292044727878,25806.167489319003,22
1783359300,25806,25807,25798.5,25806,25802,25792.330902921247,25797.633533169923,25806.151537955287,23
1783359600,25805.5,25805.5,25790,25800,25802,25792.407212344915,25797.72633579071,25805.565677197643,22
1783359900,25799,25807.5,25793.9,25801.5,25802,25792.49768784397,25797.874322622447,25805.178469845487,8
1783360200,25802,25808,25797.4,25797.9,25802,25792.55144219378,25797.87532957843,25804.485282241156,18
1783360500,25798.4,25803.1,25795,25801.5,25802,25792.64048256996,25798.01747351653,25804.20096964676,19
1783360800,25802.5,25815.5,25801,25810.5,25802,25792.818189211055,25798.50698435902,25804.80087729945,8
1783361100,25809.8,25815.8,25807.5,25808.5,25802,25792.974227129354,25798.898867325333,25805.153174699502,3
1783361400,25809,25809,25802,25804.5,25802,25793.088911436524,25799.118519587086,25805.090967585264,12
1783361700,25804,25812.5,25804,25808.8,25802,25793.245240675962,25799.49818548563,25805.444208767618,13
1783362000,25809.3,25817.5,25807.8,25814.1,25802,25793.45275071899,25800.070805662664,25806.268569837368,5
1783362300,25813.6,25817.5,25810.5,25812.5,25802,25793.642275587456,25800.558225048444,25806.862039376665,15
1783362600,25812,25816.5,25810,25810,25802,25793.805039014445,25800.92849073282,25807.160892769363,13
1783362900,25810.5,25818.4,25809.4,25809.4,25802,25793.960212755595,25801.260706782512,25807.37414107704,16
1783363200,25809.9,25811.4,25803,25806.5,25802,25794.08498675803,25801.46616926163,25807.290889545893,15
1783363500,25807,25813.5,25804,25807,25802,25794.213494352476,25801.68318223176,25807.26318577962,21
1783363800,25807.5,25809.8,25804.2,25805.5,25802,25794.32579789126,25801.83286135993,25807.095263324416,27
1783364100,25806,25812.5,25802,25810.5,25802,25794.486735225673,25802.172749149737,25807.419523960187,35
1783364400,25811,25814.5,25804,25811,25802,25794.651046317955,25802.51891584975,25807.760521678265,22
1783364700,25811.5,25812.2,25803.5,25805.1,25802,25794.755016006333,25802.620134836034,25807.507138661287,10
1783365000,25805.6,25814,25804.5,25813,25802,25794.93655813562,25803.027188371874,25808.030268312592,22
1783365300,25812.5,25818.8,25811,25818.3,25802,25795.169030193974,25803.62612216121,25809.008337997107,9
1783365600,25818.8,25829.5,25815.5,25827.5,25802,25795.490731386075,25804.562352664692,25810.76944866405,15
1783365900,25827,25827,25821.5,25825.5,25802,25795.789331073775,25805.38343687392,25812.172358315092,5
1783366200,25824,25824,25813.5,25814.5,25802,25795.975506883984,25805.740949153373,25812.39403847556,35
1783366500,25815,25819,25810.5,25810.5,25802,25796.120029203546,25805.927578598337,25812.21365385884,21
1783366800,25811,25814,25805,25812.5,25802,25796.28301398759,25806.185320614088,25812.2409249199,41
1783367100,25811.5,25819,25811.5,25815.7,25822,25796.47621782851,25806.558445295886,25812.570360641814,29
1783367400,25813.7,25824.9,25812.6,25817.3,25822,25796.683419641162,25806.979682735262,25813.02080248545,80
1783367700,25817.8,25821.5,25808.5,25820,25822,25796.91542541588,25807.49028341231,25813.685487963026,146
1783368000,25820.4,25829.8,25814.7,25818.2,25822,25797.12721222766,25807.9102722981,25814.115441490358,7
1783368300,25817.4,25830.5,25815.7,25828.8,25822,25797.4423643448,25808.729477306017,25815.513970872227,0
1783368600,25828,25832.6,25822.2,25829.2,25822,25797.75836071948,25809.53224290186,25816.81740221773,0
1783368900,25828.3,25835.1,25828.3,25832.5,25822,25798.104048672518,25810.432939258648,25818.310982958898,0
1783369200,25831.7,25832.4,25825.5,25827.2,25822,25798.393560626024,25811.090471052426,25819.157556010432,0
1783369500,25826.3,25827.2,25821.1,25826.3,25822,25798.671236639697,25811.686923168018,25819.837788771343,0
1783369800,25825.4,25830.3,25825.3,25829.5,25822,25798.97799050398,25812.385475200645,25820.75799936455,0
1783370100,25828.6,25829.5,25823.4,25826.7,25822,25799.253831394486,25812.946829114346,25821.32390418697,0
1783370400,25827.6,25830.1,25825,25828.4,25822,25799.543843022402,25813.552835815743,25821.997818073927,0
1783370700,25829.3,25829.3,25821.5,25823.2,25822,25799.779227668947,25813.93115597983,25822.112311590696,0
1783371000,25822.3,25826.6,25819.8,25824.9,25822,25800.02918560259,25814.361306725717,25822.377805724915,0
1783371300,25824.8,25834.2,25823.1,25826.1,25822,25800.288596691124,25814.821647638433,25822.73230041778,0
1783371600,25826.2,25828.6,25824.5,25828.1,25822,25800.565327072305,25815.342367338886,25823.243509901804,0
1783371900,25828.6,25828.6,25828,25828.1,25822,25800.839303917357,25815.84266665893,25823.7060327683,0
1783372200,25829.5,25831,25829.5,25830.7,25822,25801.136425271412,25816.425307182108,25824.372124885605,0
1783372500,25830.8,25830.8,25829.7,25829.7,25822,25801.42063994533,25816.945883371045,25824.87954156317,0
1783372800,25830.6,25830.6,25829.5,25829.5,25822,25801.700036562786,25817.43820167022,25825.31958522382,0
1783373100,25829.7,25831.3,25829.7,25830.8,25822,25801.989588437784,25817.96219376158,25825.841529488218,0
1783373400,25831,25831.6,25830.9,25830.9,25822,25802.27725422447,25818.469558712106,25826.32328858458,0
1783373700,25831.6,25831.6,25830.3,25830.6,25822,25802.559072590397,25818.94526229202,25826.730594433666,0
1783374000,25831.1,25831.1,25830.1,25830.8,25822,25802.84007684323,25819.410153966845,25827.118156868553,0
1783374300,25831,25831,25829.7,25829.7,25822,25803.107339760212,25819.813677340695,25827.364046690596,0
1783374600,25829.6,25829.9,25829.6,25829.7,25822,25803.37194334469,25820.20137626851,25827.58651843435,0
1783374900,25829.8,25830.8,25829.8,25830.8,25822,25803.64485933131,25820.617008571706,25827.892564297745,0
1783375200,25833,25837.9,25827.5,25835.6,25822,25803.962820930003,25821.204576863012,25828.626605793197,0
1783375500,25835.2,25835.2,25826.7,25830.9,25822,25804.23085256254,25821.584789535053,25828.843119527177,0
1783375800,25831.7,25839.3,25831.7,25839.3,25822,25804.579799303214,25822.279503670932,25829.83901290554,0
1783376100,25839.7,25842.3,25836.9,25840.2,25822,25804.934229160892,25822.982268232856,25830.825773581204,0
1783376400,25841,25844.6,25840.2,25842.5,25822,25805.30801792546,25823.747669478627,25831.937604668707,0
1783376700,25842.1,25842.9,25836.1,25836.9,25822,25805.622366005806,25824.26344714613,25832.410213747877,0
1783377000,25837.3,25842.6,25832.6,25839.2,25822,25805.956471816695,25824.84919431687,25833.056860057604,0
1783377300,25840.1,25842.6,25836.6,25838.4,25822,25806.279292992647,25825.380598461306,25833.56573052831,0
1783377600,25838.8,25843.5,25836.6,25837.4,25822,25806.58895176884,25825.851947541254,25833.930899049425,0
1783377900,25837,25837,25823.7,25828,25822,25806.80199702487,25825.936184892576,25833.36605152091,0
1783378200,25828.4,25829.7,25822,25823.7,25822,25806.97013635796,25825.84849136738,25832.445475185585,0
1783378500,25824.1,25824.5,25816.8,25821.1,25822,25807.110732016088,25825.662276019637,25831.36495373934,0
1783378800,25820.2,25833.9,25819.4,25830.8,25822,25807.346446125382,25825.863755391416,25831.311148621306,0
1783379100,25830.4,25833.3,25827.3,25829.4,25822,25807.565884472395,25826.002431650577,25831.129134466897,0
1783379400,25829.9,25832.4,25827.3,25827.7,25822,25807.766223930383,25826.069002958397,25830.802550231954,0
1783379700,25827.3,25828.2,25815.1,25815.9,25822,25807.847157025604,25825.670218528656,25829.383259733673,0
1783380000,25815.5,25819.8,25812.8,25818.5,25822,25807.95315546316,25825.389033488318,25828.346758806656,0
1783380300,25818.1,25821.5,25814.7,25817.2,25822,25808.045163866514,25825.06789492015,25827.285162729833,0
1783380600,25816.8,25820.6,25812.1,25812.9,25822,25808.093470693715,25824.59072257034,25825.915147231754,0
1783380900,25813.3,25815,25812.1,25812.1,25822,25808.133336656963,25824.100890312682,25824.59941892397,0
1783381200,25812.5,25812.9,25806.7,25807.4,25822,25808.126039774805,25823.445953437677,25822.96137902645,0
1783381500,25807.8,25807.8,25796,25799.8,25802,25808.04319360789,25822.518661146,25820.75553340488,0
1783381800,25800.2,25800.2,25792.5,25794.4,25802,25807.907440437662,25821.41596855204,25818.245482604416,0
1783382100,25794.8,25797,25790.2,25794.2,25802,25807.771047995495,25820.348675667647,25815.95543664209,0
1783382400,25793.3,25803.9,25786.9,25801.7,25802,25807.71063955773,25819.61735505323,25814.59777600951,0
1783382700,25802.1,25810.7,25797.8,25805.6,25802,25807.689638169093,25819.067654855062,25813.740844960983,0
1783383000,25804.7,25805.1,25791.1,25796.6,25802,25807.579293510695,25818.186570350943,25812.108383536128,0
1783383300,25797,25813.5,25792.2,25811.7,25802,25807.620295565313,25817.932195043064,25812.069489866022,33
1783383600,25812.2,25821.2,25806.5,25809.5,25802,25807.638999092025,25817.60152072765,25811.824776545447,9
1783383900,25807,25819,25799.2,25804.2,25802,25807.604780195586,25817.075970895192,25811.098607350643,1
1783384200,25804.7,25813.2,25798.2,25799.2,25802,25807.5211505419,25816.374952428712,25809.965406650583,6
1783384500,25800.2,25801.2,25787.2,25792.2,25802,25807.368701282776,25815.426915078566,25808.27346316005,0
1783384800,25790.2,25796.2,25785.2,25791.7,25802,25807.212793807324,25814.496447820584,25806.69503809719,2
1783385100,25790.2,25798.7,25786.7,25798.2,25802,25807.123114266953,25813.857371435464,25805.88598684984,2
1783385400,25798.7,25806.2,25792.7,25802.2,25802,25807.07412805534,25813.400219614465,25805.53494048319,1
1783385700,25802.7,25815.2,25791.2,25792.7,25802,25806.93110190554,25812.58844629625,25804.312565199078,2
1783386000,25793.7,25799.7,25788.2,25793.7,25802,25806.79944915026,25811.847722912084,25803.30184470393,3
1783386300,25793.2,25799.2,25792.7,25797.7,25802,25806.708907367673,25811.292910248863,25802.76833568451,0
1783386600,25797.2,25803.2,25792.7,25798.2,25802,25806.62424162272,25810.779462788123,25802.333256095506,6
1783386900,25798.7,25803.2,25792.2,25793.2,25802,25806.49066707921,25810.09007209055,25801.46342218165,1
1783387200,25793.7,25801.2,25787.7,25788.7,25802,25806.313645516235,25809.251245734056,25800.247858164348,4
1783387500,25788.2,25795.2,25785.2,25790.7,25802,25806.158285859357,25808.523745901348,25799.338538339172,6
1783387800,25791.2,25805.2,25790.2,25801.2,25802,25806.108949681653,25808.236540179725,25799.51582040211,5
1783388100,25801.7,25811.7,25795.3,25809.7,25802,25806.144681525617,25808.293930760912,25800.485742268575,2
1783388400,25809.2,25813.2,25798.7,25807.2,25802,25806.155182206952,25808.251031515385,25801.125195385852,1
1783388700,25808.7,25816.7,25807.2,25812.7,25822,25806.220304772058,25808.425500867725,25802.227557730057,0
1783389000,25813.6,25817.7,25807.7,25816.2,25822,25806.31960522209,25808.730383186637,25803.55826651767,2
1783389300,25817,25819.8,25797.7,25800.7,25822,25806.263688752217,25808.415466198927,25803.286050658844,3
1783389600,25800.2,25808.2,25794.7,25800.7,25822,25806.20832866513,25808.11289889701,25803.039760119907,1
1783389900,25803.7,25808.2,25797.7,25802.2,25822,25806.168444797815,25807.881020508892,25802.95978296563,0
1783390200,25801.7,25808.7,25797.1,25805.8,25822,25806.164778680424,25807.799411861484,25803.230279826046,3
1783390500,25805.3,25808.3,25799.2,25801.7,25822,25806.120353021914,25807.560219239465,25803.08453889023,2
1783390800,25800.7,25801.2,25787.7,25790.7,25822,25805.96691667344,25806.899034171252,25801.905058995922,3
1783391100,25791.2,25794.2,25787.2,25788.2,25822,25805.790131432906,25806.165738713556,25800.599815282025,3
1783391400,25787.7,25788.7,25775.2,25781.2,25822,25805.545453508203,25805.186690136554,25798.752213826592,9
1783391700,25781.7,25790.2,25778.7,25787.2,25822,25805.362911682252,25804.481329739043,25797.652002985964,5
1783392000,25786.7,25788.7,25781.7,25782.7,25822,25805.137410073472,25803.627159945354,25796.228002701588,3
1783392300,25783.2,25783.7,25779.7,25781.2,25788,25804.89922688866,25802.74766347691,25794.796764349056,2
1783392600,25781.7,25784.7,25777.7,25778.7,25788,25804.6385380639,25801.804617850365,25793.263739172955,1
1783392900,25777.7,25779.2,25768.2,25774.2,25788,25804.335667038387,25800.722083817018,25791.448144966005,5
1783393200,25775.2,25781.2,25773.2,25776.2,25788,25804.055710152432,25799.760433471252,25789.99594068353,0
1783393500,25782.2,25790.2,25778.7,25786.7,25788,25803.883016519074,25799.248259609634,25789.682041570813,3
1783393800,25785.7,25787.2,25775.1,25777.6,25788,25803.621493966646,25798.399308252392,25788.53137094502,0
1783394100,25777.1,25777.6,25764.7,25769.5,25788,25803.281976613744,25797.266002046417,25786.718859426448,3
1783394400,25769,25770.7,25761.7,25762.7,25788,25802.878175851416,25795.910472554402,25784.43134900488,3
1783394700,25762.2,25767.7,25751.2,25753.2,25788,25802.38386564394,25794.235552062073,25781.45693481394,13
1783395000,25753.7,25764.2,25744.2,25759.7,25788,25801.959150562907,25792.88121668709,25779.384845784043,10
1783395300,25760.2,25769.7,25760.2,25766.7,25788,25801.608313243873,25791.854502307204,25778.176765233184,6
1783395600,25764.7,25766.2,25754.2,25756.2,25788,25801.156489231496,25790.45628653045,25776.08373997288,8
1783395900,25755.7,25755.7,25741.1,25742.7,25738,25800.574832622227,25788.583490980236,25772.90433616594,5
1783396200,25743.8,25752.2,25743.2,25748.2,25738,25800.05369000907,25786.999824667284,25770.551542245372,14
1783396500,25750.7,25755.7,25747.2,25753.7,25738,25799.592459262713,25785.693949190136,25768.9466334601,1
1783396800,25753.2,25759.2,25743.2,25749.2,25738,25799.091041757612,25784.262813927777,25767.066001701995,8
1783397100,25749.7,25761.4,25747.2,25755.7,25738,25798.659290098334,25783.14270357767,25765.983525349424,3
1783397400,25757.2,25767.7,25754.2,25756.7,25738,25798.24178472422,25782.105734809917,25765.09938007805,18
1783397700,25756.2,25757.2,25742.7,25744.2,25738,25797.704055522987,25780.619235405607,25763.10896292776,3
1783398000,25744.1,25748.7,25742.2,25745.4,25738,25797.183617159575,25779.23808891911,25761.422395029876,11
1783398300,25745.9,25749.7,25743.7,25749.2,25738,25796.706168232613,25778.060124647775,25760.258357407984,6
1783398600,25748.7,25755.7,25748.7,25752.7,25738,25796.26829591189,25777.065609955705,25759.53851384532,2
1783398900,25753.2,25754.2,25743.7,25747.7,25738,25795.7850292859,25775.914017408424,25758.41103633624,0
1783399200,25746.7,25754.2,25746.2,25748.7,25738,25795.31652153181,25774.846801039468,25757.48617573279,6
1783399500,25747.7,25750.2,25742.7,25743.2,25738,25794.79794917826,25773.605750018312,25756.12558756776,1
1783399800,25742.7,25747.2,25739.2,25742.3,25738,25794.275581524747,25772.378073547006,25754.808864942257,4
1783400100,25741.8,25742.8,25737.7,25741.8,25738,25793.75343643495,25771.178933407908,25753.569925423948,0
1783400400,25741.3,25743.7,25731.7,25731.7,25738,25793.135989306244,25769.63073994093,25751.48707538357,21
1783400700,25731.2,25731.2,25717.7,25720.7,25738,25792.415233193744,25767.711887394227,25748.55497296609,26
1783401000,25721.2,25722.2,25709.7,25710.2,25738,25791.597171171914,25765.45651926112,25744.90211839789,68
1783401300,25709.7,25719.2,25707.7,25717.2,25738,25790.856900811996,25763.564106741076,25742.263821407614,11
1783401600,25716.7,25733.7,25713.2,25719.7,25738,25790.148871948193,25761.843945692406,25740.11488603546,10
1783401900,25718.7,25730.2,25712.7,25730.2,25738,25789.552365759653,25760.603006645644,25739.170611174937,9
1783402200,25729.7,25744.2,25729.7,25740.7,25738,25789.066272568016,25759.82249658111,25739.316267253515,10
1783402500,25741.2,25754.2,25738.2,25745.7,25738,25788.634767368334,25759.268673185772,25739.9242418008,12
1783402800,25743.7,25750.7,25733.7,25738.2,25738,25788.13292888706,25758.4424507079,25739.76002829596,40
1783403100,25737.7,25742.2,25727.7,25731.7,25738,25787.57140720659,25757.393727150727,25738.992406553487,27
1783403400,25733.7,25764.2,25728.7,25762.7,25738,25787.323930517967,25757.601816282073,25741.25027259601,30
1783403700,25763.2,25780.7,25761.2,25766.2,25738,25787.113742154605,25757.938999957285,25743.626437110677,27
1783404000,25765.7,25778.2,25751.7,25759.2,25738,25786.83599347645,25757.988450939352,25745.10963357633,78
1783404300,25759.7,25773.7,25756.7,25763.2,25738,25786.600809461757,25758.19282541232,25746.83252561668,60
1783404600,25762.7,25763.2,25747.7,25749.7,25738,25786.233637228306,25757.859773435364,25747.10561841509,42
1783404900,25750.2,25762.2,25748.2,25749.2,25738,25785.865143325536,25757.520174477115,25747.30508332794,25
1783405200,25749.7,25769.2,25747.2,25763.9,25738,25785.64658468548,25757.770363713305,25748.88555158242,27
1783405500,25764.4,25772.3,25760.2,25768.7,25738,25785.477961952292,25758.198976901018,25750.772641907904,12
1783405800,25769.2,25780.6,25764.7,25778.2,25738,25785.405544420428,25758.983330748037,25753.38477125001,19
1783406100,25777.7,25780.2,25769.2,25769.2,25738,25785.244295222215,25759.383984444194,25754.890983511916,6
1783406400,25769.7,25781.2,25769.2,25781.2,25738,25785.204053478712,25760.23951446599,25757.39660412983,63
1783406700,25783.7,25783.7,25757.2,25766.5,25758,25785.01794349385,25760.48502370262,25758.2635942127,38
1783407000,25766,25779.7,25761.7,25775.7,25758,25784.925227638192,25761.081689439772,25759.924204287683,23
1783407300,25774.7,25796.2,25774.7,25794.5,25758,25785.020499004975,25762.392211422528,25763.217137212665,129
1783407600,25793.9,25804.7,25757.3,25782.3,25758,25784.993429363134,25763.1729090138,25765.03455271622,738
1783407900,25782,25784.7,25759.1,25768.8,25758,25784.832300712755,25763.393579248554,25765.393166743248,158
1783408200,25769.3,25794.7,25764.2,25770.2,25758,25784.686705680786,25763.660497709396,25765.85096038675,197
1783408500,25768.7,25786.1,25759.3,25770.2,25758,25784.542559355603,25763.916948779617,25766.265154635632,224
1783408800,25770.1,25790.6,25757.1,25777.4,25758,25784.471489113257,25764.445695886297,25767.325616098904,221
1783409100,25777.1,25807.6,25776.3,25801.1,25758,25784.636946933028,25765.883119577033,25770.542224089484,247
1783409400,25800.4,25811.3,25788.9,25801.3,25758,25784.80274845608,25767.27201684852,25773.47153608096,111
1783409700,25802.8,25806.1,25778,25790.9,25758,25784.86341762567,25768.19860442309,25775.131389787537,118
1783410000,25790.4,25790.8,25772.1,25773.2,25758,25784.747363718947,25768.39473758297,25774.94744790301,43
1783410300,25772.7,25781,25763.1,25763.4,25758,25784.534952139653,25768.19886552089,25773.84769095987,108
1783410600,25762.6,25773.2,25750.9,25769.7,25758,25784.387340675577,25768.25773353968,25773.452672773215,129
1783410900,25769.2,25790.1,25765.2,25783.9,25758,25784.382491514625,25768.87115575381,25774.447656318625,97
1783411200,25781.7,25788.7,25758.6,25775.2,25758,25784.291123439853,25769.11934572425,25774.519308097802,160
1783411500,25774.7,25780.5,25759.8,25764.9,25758,25784.098176937965,25768.953881186048,25773.603183517058,89
1783411800,25766.9,25795.2,25760.2,25789.7,25758,25784.15391647092,25769.76745447287,25775.13621365829,72
1783412100,25790.2,25805.4,25788.1,25792.2,25758,25784.23397700355,25770.647162140598,25776.761336167023,115
1783412400,25791,25802.1,25785.8,25799.9,25758,25784.389857829385,25771.79433225273,25778.96501843683,75
1783412700,25799.4,25801.3,25766.1,25769.9,25758,25784.24568013954,25771.72004471341,25778.101683347606,121
1783413000,25769.7,25772.6,25756.8,25763.6,25758,25784.040250486407,25771.401611587393,25776.720570647834,96
1783413300,25763.8,25764.9,25736.3,25743,25758,25783.63188978505,25770.28782289769,25773.50908772899,96
1783413600,25743.2,25752.5,25737.3,25744.8,25758,25783.245502822014,25769.288300431115,25770.77488889766,63
1783413900,25744.5,25749.8,25736.1,25736.8,25738,25782.783358515328,25768.014249433818,25767.53918519312,70
1783414200,25736.1,25741.2,25726.8,25732.5,25738,25782.2830265898,25766.621533769747,25764.20211993663,87
1783414500,25732,25733.1,25714.6,25714.6,25738,25781.60956363866,25764.581473621914,25759.478108514097,115
1783414800,25714.9,25719,25699.7,25717,25738,25780.966682408423,25762.715533479877,25755.432574369897,237
1783415100,25717.5,25732.5,25713.1,25719.6,25738,25780.356068653116,25761.02472824537,25752.01994823943,116
1783415400,25718.6,25719.6,25702.6,25703.6,25738,25779.59232667647,25758.772778118102,25747.40852459758,88
1783415700,25703.5,25731.5,25700.6,25727.3,25738,25779.072005017995,25757.538551525235,25745.49342701686,87
1783416000,25726.6,25732.5,25717.3,25720.5,25738,25778.489198997915,25756.08605930856,25743.113100634302,53
1783416300,25721.5,25727.2,25710.9,25717.2,25738,25777.879356221816,25754.561115806264,25740.645186288177,110
1783416600,25718.5,25723.6,25695.9,25695.9,25738,25777.063641234534,25752.260679892293,25736.383739975015,86
1783416900,25696.1,25697.2,25687.7,25694.4,25738,25776.241117441154,25749.99163362201,25732.385288548823,143
1783417200,25693.7,25710,25690.5,25703.3,25738,25775.515335178057,25748.160589166244,25729.615261067982,67
1783417500,25703.8,25703.8,25687,25698.7,25702,25774.751003484744,25746.22095821855,25726.67095049008,79
1783417800,25698.9,25706.6,25690.2,25699.1,25702,25773.998257181414,25744.373077504097,25724.0451456815,73
1783418100,25699.4,25699.7,25688.5,25694.5,25702,25773.207229746775,25742.417270543152,25721.23132228326,32
1783418400,25694.1,25707,25692.5,25707,25702,25772.548451341336,25741.02835797283,25719.87595825628,82
1783418700,25707.2,25711.2,25692.8,25692.8,25702,25771.754934412565,25739.137049817033,25717.297295565208,111
1783419000,25693.2,25699.5,25674.9,25678.6,25702,25770.828019642293,25736.763047863424,25713.61183884471,121
1783419300,25678.5,25707,25676.8,25698.3,25702,25770.106347805056,25735.25469304525,25712.15356847855,158
1783419600,25700.3,25705.9,25688.3,25688.4,25702,25769.293349319432,25733.4172541023,25709.891323861542,35
1783419900,25688.5,25688.6,25673.6,25675.5,25702,25768.360082162024,25731.14598923554,25706.61595968425,76
1783420200,25674.5,25679.9,25666.4,25670.1,25702,25767.382369901705,25728.752028873365,25703.13824923813,83
1783420500,25669.6,25672.1,25657.1,25668.1,25702,25766.394485624074,25726.373517937154,25699.801273120214,185
1783420800,25667.4,25675.7,25665.4,25667.6,25702,25765.41145591637,25724.06867409648,25696.734485204004,79
1783421100,25668.6,25669.8,25651.6,25658.4,25658,25764.34666531024,25721.49343197505,25693.083581851242,75
1783421400,25658.6,25666.3,25653.1,25657,25658,25763.278539287254,25718.96427777995,25689.647050246364,49
1783421700,25656.5,25670.6,25653.1,25668.5,25658,25762.335469244594,25716.985286494462,25687.633045460996,121
1783422000,25668.3,25668.3,25654.8,25664.7,25658,25761.36397203818,25714.934883102524,25685.448945893284,81
1783422300,25665.7,25674.9,25661.4,25666.9,25658,25760.424032017898,25713.05116219654,25683.682379617734,102
1783422600,25668,25676.5,25659.3,25662.4,25658,25759.448668515233,25711.0648421104,25681.655486320808,116
1783422900,25662.2,25675.4,25655,25675,25658,25758.608383256375,25709.65053457666,25681.02163048073,79
1783423200,25672.9,25678.2,25663.8,25663.8,25658,25757.665016258798,25707.852474397183,25679.38147519685,78
1783423500,25663.7,25664.8,25645.6,25649.8,25658,25756.591732514928,25705.575906773764,25676.56419184477,123
1783423800,25649.6,25657.3,25643.7,25644.8,25658,25755.479376967516,25703.192537880674,25673.539030716696,143
1783424100,25644.3,25655.2,25641.3,25647.7,25658,25754.4069453559,25701.016359924568,25671.07817064844,127
1783424400,25647.4,25653.4,25640.2,25648.4,25658,25753.35214987972,25698.95297326086,25668.9183448724,57
1783424700,25648.9,25651.4,25628.9,25631.9,25638,25752.14367077644,25696.32344489769,25665.392788217887,128
1783425000,25632.1,25641.1,25620.1,25636.4,25638,25750.99199246026,25693.973505882095,25662.631570292375,212
1783425300,25636.5,25652.1,25632.1,25642.1,25638,25749.908490047717,25691.939250749463,25660.676182645482,98
1783425600,25642.6,25651,25636.5,25640.3,25638,25748.81785830595,25689.91418209262,25658.735593822104,64
1783425900,25640.8,25659.9,25638.1,25642.1,25638,25747.755989069075,25688.039116128202,25657.151251553332,100
1783426200,25642.7,25656.2,25642.7,25646.3,25638,25746.74647674003,25686.402288044745,25656.117799024443,43
1783426500,25646.6,25671,25643.2,25665.7,25638,25745.940044135652,25685.59043361162,25657.030389593543,104
1783426800,25665.6,25677.6,25658.3,25677.6,25638,25745.26004369649,25685.277083273908,25658.989400108443,92
1783427100,25677.7,25690.1,25676.6,25683.3,25638,25744.64352584876,25685.1995505965,25661.30469533621,114
1783427400,25682.1,25685.4,25667.8,25682.4,25638,25744.024187283103,25685.0897642986,25663.313771970857,141
1783427700,25682.2,25704,25675.5,25691,25638,25743.49658342954,25685.321538247674,25665.95055559268,206
1783428000,25691.3,25693.5,25674.8,25681.9,25638,25742.88368210188,25685.187360277178,25667.46955029814,62
1783428300,25682.4,25682.9,25655.4,25656.5,25658,25742.02414297649,25684.062365756505,25666.424831222128,97
1783428600,25657.6,25659.1,25640.6,25643.4,25658,25741.042808220504,25682.467763177818,25664.231990153356,107
1783428900,25644.4,25661.2,25641.3,25658,25658,25740.216511621293,25681.5082430532,25663.638467281606,93
1783429200,25655.6,25656.2,25643.8,25645.2,25658,25739.271073694712,25680.084390384447,25661.882422778595,105
1783429500,25645.7,25653.5,25632.8,25645.2,25658,25738.335043110685,25678.71637507525,25660.293620609205,130
1783429800,25644.7,25668.9,25640.1,25664.8,25658,25737.603351139434,25678.170634876224,25660.722799598803,107
1783430100,25664.9,25665.2,25650.5,25655.5,25658,25736.78640237188,25677.281590371273,25660.225390113203,106
1783430400,25657.1,25669.5,25656.1,25662.4,25658,25736.0462391642,25676.697998592008,25660.43249581671,110
1783430700,25664.9,25674.6,25645.4,25649.4,25658,25735.184087530724,25675.627488843304,25659.3817819294,69
1783431000,25648.9,25657.5,25626.6,25630,25658,25734.137479694597,25673.83817555533,25656.583516983745,157
1783431300,25630.5,25631.8,25612.3,25617.1,25658,25732.972927657833,25671.613149062963,25652.823182032913,330
1783431600,25618.4,25643,25611.2,25637.4,25658,25732.021953253276,25670.271456942846,25651.35430755359,153
1783431900,25637.6,25640.5,25594,25595,25588,25730.658550733344,25667.31963510195,25645.987230643725,209
1783432200,25593.6,25599.3,25567,25575.9,25588,25729.118664656395,25663.73455137246,25639.312256296704,255
1783432500,25577.4,25577.6,25538.7,25557.8,25588,25727.41400132648,25659.58025524021,25631.549184268446,210
1783432800,25556.8,25562.2,25516.2,25526.4,25588,25725.4138620098,25654.35750013275,25621.53497624288,268
1783433100,25526.6,25546.1,25516.9,25527.7,25588,25723.446559900247,25649.390539343232,25612.598311838796,221
1783433400,25527.6,25529.1,25497.4,25498.4,25588,25721.207290647508,25643.469341721928,25601.722282139865,285
1783433700,25498.7,25527.4,25488,25525.7,25588,25719.26194447191,25638.850936164206,25594.48206479321,390
1783434000,25523.8,25534,25494.4,25510,25588,25717.179736069203,25633.797958275412,25586.436153860523,245
1783434300,25509.9,25525.4,25498.3,25525,25588,25715.26749988941,25629.531371676378,25580.58509158809,198
1783434600,25525.7,25533.7,25500.7,25501.6,25588,25713.141455114393,25624.514455140048,25573.062701913033,211
1783434900,25501.4,25502.8,25487.5,25499,25588,25711.010694366985,25619.59231964436,25566.00911125465,269
1783435200,25499.5,25509.8,25482.9,25492.9,25588,25708.84043870164,25614.623993383797,25559.046338754208,314
1783435500,25492.7,25505.5,25484.6,25495.5,25502,25706.7176482668,25609.95246423149,25552.994306491903,254
1783435800,25496.5,25504.5,25483.8,25489.2,25502,25704.553293557678,25605.217073477314,25546.918658254577,142
1783436100,25488.7,25517.9,25488,25511.2,25502,25702.629380188944,25601.53012941938,25543.516881277952,200
1783436400,25510.9,25514.4,25488.9,25493.1,25502,25700.54451073433,25597.277967481365,25538.715273537193,173
1783436700,25492.6,25506.7,25478.9,25501.2,25502,25698.560983264335,25593.510204050723,25535.142390343175,178
1783437000,25500.7,25510.9,25492.8,25495.8,25502,25696.5434610428,25589.67843134285,25531.395496024776,203
1783437300,25496.8,25503.4,25485.2,25490.4,25502,25694.492282325955,25585.785159525483,25527.491163070034,167
1783437600,25492.8,25499.2,25483.1,25485.1,25502,25692.40877702918,25581.836721897034,25523.453909444317,270
1783437900,25486.1,25497,25477.6,25496,25502,25690.454460839836,25578.47057594029,25520.839251402,555
1783438200,25495.6,25499.8,25468.8,25471.3,25502,25688.273819438444,25574.267808256358,25516.121227458952,522
1783438500,25474.3,25486.3,25465.3,25474.1,25502,25686.142736657963,25570.33965891297,25512.119205796196,306
1783438800,25472.6,25479.3,25461.8,25479.3,25502,25684.084599974798,25566.769476210502,25508.99356714894,135
1783439100,25479.8,25501.8,25479.8,25491.8,25488,25682.171320373058,25563.829496751267,25507.356084563326,120
1783439400,25492.3,25512.8,25491.3,25512.3,25488,25680.4810584788,25561.808732172787,25507.826933652534,50
1783439700,25511.8,25513.3,25501.3,25507.5,25488,25678.75985391682,25559.678977969932,25507.7957971142,70
1783440000,25506.5,25522.5,25503,25519.3,25488,25677.173188703717,25558.095488637777,25508.891435484275,184
1783440300,25518.3,25523.3,25503.8,25505.8,25488,25675.467982845967,25556.044685161785,25508.597013057202,51
1783440600,25504.8,25521.3,25503.8,25520.3,25488,25673.92402281765,25554.6429328025,25509.71158324223,92
1783440900,25519.8,25524.3,25515.8,25523.8,25488,25672.43025144633,25553.43340602593,25511.05333721916,53
1783441200,25524.3,25548.3,25524.3,25542.3,25488,25671.13542307373,25552.996801868052,25514.029209864955,130
1783441500,25541.8,25546.8,25536.3,25539.3,25488,25669.823627819267,25552.45967238303,25516.43595178258,65
1783441800,25538.8,25545.5,25531.3,25534.3,25488,25668.47513401012,25551.747528368007,25518.137289708047,28
1783442100,25534.8,25536.8,25526.3,25531.5,25488,25667.112197353305,25550.953507647693,25519.409928783472,25
1783442400,25533.5,25536.3,25527.6,25534.7,25488,25665.79466305128,25550.316115190923,25520.86612604219,15
1783442700,25535.7,25544.3,25534.3,25542.3,25538,25664.565860433857,25550.001757732454,25522.907447371505,33
1783443000,25543.3,25544.8,25538.8,25539.3,25538,25663.31943396188,25549.582080958633,25524.468642859934,17
1783443300,25539.8,25541.8,25533.8,25538.8,25538,25662.080434618973,25549.159254254373,25525.833534016132,18
1783443600,25538.3,25542.8,25536.8,25539.8,25538,25660.863713876493,25548.79222467577,25527.163673633644,17
1783443900,25539.3,25549.8,25538.8,25547.3,25538,25659.73372667374,25548.733706061033,25529.08141900187,37
1783444200,25547.8,25547.8,25538.8,25539.8,25538,25658.540356259076,25548.383364646874,25530.102236239785,13
1783444500,25540.8,25541.8,25527.3,25529.8,25538,25657.259357689334,25547.654605248958,25530.073451835997,24
1783444800,25529.3,25544.1,25528.8,25541.3,25538,25656.105533234713,25547.405405043115,25531.142646899236,26
1783445100,25540.8,25541.7,25533.7,25535.2,25538,25654.902493103025,25546.92676170809,25531.52906148026,18
1783445400,25535.7,25547.8,25534.7,25543.8,25538,25653.796995659213,25546.80414360189,25532.697722291665,49
1783445700,25543.3,25546.4,25540.3,25544.3,25538,25652.707473314345,25546.70594189201,25533.80270112103,30
1783446000,25543.8,25549.3,25541.8,25549.3,25538,25651.678543231617,25546.807669660953,25535.278634347596,24
1783446300,25548.3,25549.3,25541.3,25544.3,25550,25650.610100015383,25546.70932967425,25536.137812028777,18
1783446600,25544.8,25545.8,25538.3,25542.3,25550,25649.53238757742,25546.536414785063,25536.724687073656,12
1783446900,25542.8,25549.8,25542.3,25549.3,25550,25648.535050387592,25546.644790675844,25537.922335923784,9
1783447200,25549.8,25551.3,25542.8,25548.9,25550,25647.543656851398,25546.733230257185,25538.967827740566,28
1783447500,25549.4,25551.7,25541.8,25543.3,25550,25646.506406534467,25546.59859377651,25539.380415574797,38
1783447800,25543.8,25547.4,25541.8,25547.4,25550,25645.520273136113,25546.63002147155,25540.144185520054,13
1783448100,25547,25552.8,25545.5,25550.5,25550,25644.574797781526,25546.78178533541,25541.130453565762,35
1783448400,25550,25552.3,25543.7,25551.8,25550,25643.65166546529,25546.978578067356,25542.14660084521,26
1783448700,25551.3,25551.8,25544.3,25544.8,25550,25642.668066803944,25546.89314363334,25542.39930552662,18
1783449000,25545.3,25546.8,25534.3,25534.8,25550,25641.594752706395,25546.418902706544,25541.67556214313,76
1783449300,25534.3,25543.3,25532.4,25542.2,25550,25640.605750191902,25546.25345554158,25541.72550860569,19
1783449600,25541.7,25542.2,25527.3,25537,25550,25639.574847204916,25545.890574932106,25541.275460167053,17
1783449900,25537.3,25540.8,25504.8,25518.3,25522,25638.368132307354,25544.808591601435,25539.087321103525,87
1783450200,25518.8,25522.3,25499.2,25506.3,25522,25637.054021538126,25543.29845075432,25535.964719093667,79
1783450500,25507.3,25507.8,25497.8,25500.8,25522,25635.698260129786,25541.631844842384,25532.615698227604,51
1783450800,25501.3,25505.1,25479.8,25488.8,25522,25634.236585899638,25539.560007789743,25528.44277458688,62
1783451100,25489.3,25496.3,25467.3,25468.3,25522,25632.58547559218,25536.765497680342,25522.714891292893,41
1783451400,25467.3,25468.3,25451.8,25457.3,25522,25630.841341506686,25533.649203653662,25516.484901645952,79
1783451700,25456.8,25457.3,25412.8,25439.3,25522,25628.935457511594,25529.94923488293,25509.13395863205,203
1783452000,25437.3,25459.3,25430.8,25455.4,25522,25627.208736541328,25527.025735475756,25504.01643876233,95
1783452300,25455.3,25464.8,25446.8,25451.6,25522,25625.461385928975,25524.067863496315,25499.02439697544,42
1783452600,25452.1,25458.8,25449.3,25451.1,25522,25623.726446765504,25521.20637865332,25494.460168692065,67
1783452900,25452.1,25457.3,25444.3,25450.8,25522,25622.00578560366,25518.445344196327,25490.30205738806,72
1783453200,25450.3,25452.3,25442.3,25448.3,25522,25620.27736982651,25515.694546384708,25486.30186144634,57
1783453500,25448.8,25454.8,25441.3,25447.3,25450,25618.556201967538,25513.012407310798,25482.58739845145,56
1783453800,25450.3,25454.8,25440.3,25453.3,25450,25616.911861649452,25510.670744279003,25479.798122408454,89
1783454100,25453.8,25470.3,25452.3,25467.5,25450,25615.42517645891,25508.97777391512,25478.62687265527,110
1783454400,25468.2,25469.8,25455.7,25468.4,25450,25613.962239379718,25507.38648866355,25477.65288478334,5
1783454700,25468.5,25473.7,25460.4,25472.1,25450,25612.550674808776,25506.00270479439,25477.124038613496,0
1783455000,25471.2,25471.4,25462.9,25465.5,25450,25611.087484014657,25504.414363429907,25476.016987316973,0
1783455300,25464.7,25467.3,25452.8,25457.4,25450,25609.558255317996,25502.570662903243,25474.24394090583,0
1783455600,25457.3,25459.9,25453.5,25457,25450,25608.040262727765,25500.78357808351,25472.60166081956,0
1783455900,25457.9,25462.3,25456.4,25459.9,25450,25606.56623026281,25499.180300511605,25471.391978836746,0
1783456200,25459,25463.3,25458.2,25459.9,25450,25605.106864787558,25497.639896569974,25470.29750466182,0
1783456500,25460.8,25466.8,25460.8,25465.3,25450,25603.715751705095,25496.371665331935,25469.821551836885,0
1783456800,25466.1,25467.9,25463.6,25463.6,25450,25602.321565120965,25495.086501985585,25469.229023090516,0
1783457100,25464.5,25464.7,25461.2,25463.8,25458,25600.94324108991,25493.859580339093,25468.711973272373,0
1783457400,25463,25468.1,25460.4,25466.4,25458,25599.604502372596,25492.782734051285,25468.49178534167,0
1783457700,25466.5,25468.3,25462.2,25463,25458,25598.24525359277,25491.614783696332,25467.968758166273,0
1783458000,25463.4,25463.9,25459.1,25461.1,25458,25596.880624203786,25490.418125512162,25467.314590721864,0
1783458300,25461.6,25463,25460.4,25463,25458,25595.54847868932,25489.342904903842,25466.90367731978,0
1783458600,25462.9,25463.8,25454.1,25454.2,25458,25594.14202616505,25487.96475177036,25465.693803289327,0
1783458900,25455.6,25456.3,25432.8,25432.9,25458,25592.53762789475,25485.80534974015,25462.57058392844,0
1783459200,25431.2,25438.6,25415,25418.9,25458,25590.80989030376,25483.18161053465,25458.41148069716,0
1783459500,25419.1,25419.1,25399.8,25399.8,25458,25588.90929438034,25479.91174345486,25452.82943491648,0
1783459800,25400.4,25409.5,25394.7,25400.4,25458,25587.033580008396,25476.793635868395,25447.836155400622,0
1783460100,25400.3,25405.8,25398.5,25399.1,25458,25585.163594137666,25473.746826618655,25443.19461679104,0
1783460400,25399.5,25406.6,25399.5,25405.8,25458,25583.378881758188,25471.082245182628,25439.6332247157,0
1783460700,25407.9,25414.3,25407.3,25412.7,25422,25581.68058442726,25468.792745371546,25437.068155695157,0
1783461000,25412.8,25414.9,25410.5,25410.8,25422,25579.980280104603,25466.51852006286,25434.566426581332,0
1783461300,25406.3,25420,25406.3,25420,25422,25578.388436521473,25464.69426437412,25433.1791478593,0
1783461600,25421.9,25443,25409.5,25432.2,25422,25576.9338252128,25463.419979496703,25433.085895682223,0
1783461900,25433,25441.3,25428.4,25433.7,25422,25575.50861302163,25462.254490104675,25433.144381807724,0
1783462200,25433.2,25439.6,25430.3,25437,25422,25574.130417867185,25461.26411794371,25433.511583540323,0
1783462500,25436.6,25442.5,25436.2,25440.4,25422,25572.799766943135,25460.445917240035,25434.16762320315,0
1783462800,25441.3,25442.1,25437,25440.8,25422,25571.48633642629,25459.675489112975,25434.799278136183,0
1783463100,25440.4,25440.4,25432.6,25438.6,25422,25570.164084322543,25458.848999343838,25435.161251647023,0
1783463400,25439,25443.5,25433.5,25443,25422,25568.898770050677,25458.227469957805,25435.907799109213,0
1783463700,25443.4,25445.8,25439.9,25441.6,25422,25567.632115622313,25457.5754123124,25436.449913479762,0
1783464000,25442.5,25442.9,25434.5,25436.2,25422,25566.324333377313,25456.737160849167,25436.426112195975,0
1783464300,25435.3,25442.9,25431.5,25441.7,25438,25565.084290259132,25456.147468266845,25436.92838722493,0
1783464600,25441.3,25442.1,25435.3,25439.9,25438,25563.838675430685,25455.510312648537,25437.211397965413,0
1783464900,25440.4,25447.4,25438.7,25441.9,25438,25562.625355277145,25454.976574897613,25437.65793149252,0
1783465200,25441,25447.3,25433.9,25438.1,25438,25561.38629701568,25454.31474843104,25437.700033255136,0
1783465500,25437.6,25447.4,25437.2,25439.8,25438,25560.17648311503,25453.745542610213,25437.90003008798,0
1783465800,25440.2,25442.3,25432.2,25441.6,25438,25558.996617611396,25453.26924682158,25438.25240817484,0
1783466100,25441.2,25460,25439.9,25458.8,25438,25557.999636341632,25453.486139103086,25440.209321682,0
1783466400,25457.1,25458.9,25452,25453.7,25438,25556.96182901485,25453.494525804927,25441.494148188474,0
1783466700,25453.2,25456.9,25452,25456.1,25438,25555.958228726144,25453.596701263556,25442.885181694335,0
1783467000,25456.5,25459.4,25449.2,25450.1,25438,25554.904913017424,25453.45957572381,25443.572307247254,0
1783467300,25448.4,25449.2,25434.4,25439,25438,25553.751630300834,25452.89253353856,25443.136849414183,0
1783467600,25438.6,25438.6,25429.5,25431.2,25438,25552.53221109386,25452.041845948814,25442.00000661283,0
1783467900,25432.1,25438.8,25421.5,25427,25422,25551.28313436656,25451.05981277435,25440.571434554466,0
1783468200,25427.4,25430.8,25412.9,25416.9,25422,25549.945988750973,25449.720212273394,25438.317012215946,0
1783468500,25417.8,25418.2,25406.2,25409.6,25422,25548.549511250963,25448.146870615616,25435.58205867157,0
1783468800,25410,25415.1,25380.2,25397.1,25422,25547.04255094001,25446.145032552256,25431.91710070285,0
1783469100,25395.8,25416.5,25395.4,25413.5,25422,25545.713769338614,25444.864835197266,25430.163091112103,0
1783469400,25412.2,25421.7,25401.7,25415.8,25422,25544.421095016838,25443.72503773855,25428.795177672855,0
1783469700,25416.2,25451.8,25416.2,25429.9,25422,25543.281581633586,25443.182879395863,25428.90039884687,11
1783470000,25429.4,25471.4,25427.4,25470.4,25422,25542.556391766586,25444.25021745877,25432.852741813833,11
1783470300,25471.4,25480.9,25461.4,25468.9,25422,25541.823492346022,25445.21687559764,25436.285814022038,15
1783470600,25467.4,25468.4,25446.4,25448.9,25422,25540.898880481884,25445.361311848716,25437.48716506756,3
1783470900,25449.4,25472.7,25444.9,25472.2,25422,25540.215309531814,25446.413809423277,25440.79314934684,2
1783471200,25475.7,25492.4,25473.4,25490.4,25422,25539.719634810102,25448.138758073343,25445.517611313808,1
1783471500,25491.4,25508.4,25489.4,25494.9,25488,25539.27366829458,25449.972532266544,25450.22069595059,11
1783471800,25493.9,25506.9,25493.9,25501.9,25488,25538.901790998116,25452.00890355021,25455.142534431485,0
1783472100,25500.4,25509.9,25499.9,25506.9,25488,25538.58336521704,25454.16149556785,25460.07181686658,0
1783472400,25508.4,25523.4,25503.1,25514.9,25488,25538.347709841746,25456.543397702444,25465.293548593574,29
1783472700,25514.4,25515.4,25501.9,25505.9,25488,25538.02484705725,25458.47895073372,25469.160829679902,2
1783473000,25506.4,25531.9,25506.4,25529.9,25488,25537.944002807926,25461.27977619514,25474.94551256753,0
1783473300,25530.9,25530.9,25511.9,25523.4,25488,25537.799286362075,25463.715863403173,25479.560225656336,0
1783473600,25522.9,25524.4,25511.9,25513.4,25488,25537.5565073933,25465.664260916776,25482.783061308113,0
1783473900,25514.4,25524.4,25507.4,25507.4,25488,25537.256442643116,25467.3009565671,25485.12753165972,1
1783474200,25509.4,25515.4,25496.9,25501.5,25488,25536.90065714418,25468.64209552525,25486.686814358796,3
1783474500,25500.6,25507.4,25478.4,25490.4,25488,25536.437964038265,25469.495346681124,25487.04045108653,6
1783474800,25489.4,25502.4,25485.4,25497.9,25488,25536.054501709525,25470.609254654413,25488.074693840194,3
1783475100,25497.4,25517.9,25497.4,25514.9,25522,25535.8440091552,25472.34614662875,25490.62948490303,1
1783475400,25515.4,25518.3,25492.4,25492.9,25522,25535.416705581516,25473.15218009429,25490.845724436076,2
1783475700,25492.4,25503.4,25490.9,25497.2,25522,25535.036439854335,25474.0952318553,25491.450893537403,1
1783476000,25499.7,25500.2,25474.9,25479.4,25522,25534.482843437872,25474.30326197862,25490.303189390983,0
1783476300,25478.9,25478.9,25464.4,25470.4,25522,25533.84520320466,25474.15019288142,25488.407647544223,3
1783476600,25469.9,25476.9,25460.1,25462.6,25522,25533.136295710086,25473.697244140974,25485.949776349535,1
1783476900,25464.1,25465.7,25445.1,25452.7,25522,25532.33593455874,25472.873822802114,25482.783130982913,3
1783477200,25452.9,25464.9,25449.9,25458.4,25522,25531.600253617857,25472.306221907915,25480.46092803216,1
1783477500,25459.9,25476.4,25455.9,25458.4,25522,25530.87189288534,25471.76087987231,25478.359887267194,0
1783477800,25457.9,25459.9,25443.9,25451.4,25522,25530.081127782003,25470.962413994963,25475.792278956033,0
1783478100,25452.4,25462.9,25450.9,25461.4,25522,25529.397733475715,25470.58741736771,25474.421585722124,0
1783478400,25461.9,25474.9,25459.9,25473.4,25522,25528.840542097845,25470.69771472584,25474.324291843826,0
1783478700,25470.4,25480.4,25467.9,25473.9,25488,25528.29387003717,25470.823294540514,25474.283883096796,3
1783479000,25474.4,25475.9,25451.9,25454.9,25488,25527.56358277312,25470.19885161736,25472.437798992338,7
1783479300,25455.4,25467.3,25449.9,25467.3,25488,25526.963945133586,25470.085171161776,25471.94848480259,5
1783479600,25468.8,25482.4,25468.8,25473.4,25488,25526.430970555142,25470.21516444955,25472.0867243452,0
1783479900,25473.9,25476.4,25458.9,25465.4,25488,25525.823697216285,25470.026334471135,25471.44989345518,0
1783480200,25464.4,25478.4,25461.9,25474.4,25488,25525.312018637018,25470.197850766384,25471.73085598326,0
1783480500,25473.9,25484.9,25466.4,25467.9,25488,25524.740754769984,25470.107738971623,25471.366012556282,1
1783480800,25466.9,25477.4,25463.4,25477.4,25488,25524.269702483714,25470.393709992342,25471.940678027113,0
1783481100,25474.9,25490.4,25474.9,25485.4,25488,25523.88293927492,25470.982191953426,25473.222518215007,0
1783481400,25486.4,25492.4,25477.4,25483.4,25488,25523.480123958754,25471.469164817998,25474.19180219453,0
1783481700,25479.9,25488.9,25477.4,25482.9,25488,25523.076341630807,25471.91743286435,25475.02115436648,0
1783482000,25480.9,25481.9,25472.9,25480.4,25488,25522.651701415576,25472.250082555944,25475.5334253792,0
1783482300,25477.4,25483.4,25475.4,25479.9,25488,25522.22631135174,25472.550079318455,25475.9492896288,1
1783482600,25480.4,25485.5,25471.9,25480.4,25488,25521.810129149235,25472.85791934518,25476.37316680701,0
1783482900,25478.4,25480.9,25473.4,25474.9,25488,25521.343361695013,25472.938000939488,25476.232865206344,0
1783483200,25476.4,25477.4,25456.4,25460.9,25488,25520.741935210484,25472.465922471274,25474.77259232955,0
1783483500,25460.4,25472.9,25458.4,25467.9,25488,25520.21614481038,25472.286866688086,25474.118059726738,0
1783483800,25466.4,25469.4,25456.9,25461.4,25488,25519.630909538635,25471.859930739534,25472.90681594324,0
1783484100,25461.9,25465.4,25457.9,25460.5,25488,25519.042542279545,25471.414443259553,25471.725214424834,0
1783484400,25458.9,25478.4,25457.9,25476.9,25488,25518.623213500643,25471.629563131726,25472.21805114628,1
1783484700,25478.9,25478.9,25464.9,25469.9,25488,25518.13840540611,25471.56173712656,25471.99728437044,5
1783485000,25470.4,25472.9,25455.4,25458.9,25488,25517.548968536397,25471.065198415716,25470.74992395421,4
1783485300,25459.4,25464.9,25451.9,25455.1,25488,25516.92758576489,25470.439112203334,25469.259455006188,2
1783485600,25455.6,25465,25453.3,25458.9,25488,25516.350196851807,25469.986597999283,25468.272840243695,0
1783485900,25458.4,25465.9,25451.3,25454.9,25458,25515.738752107012,25469.394966705193,25466.999236410964,1
1783486200,25454.4,25455.9,25444.9,25445.4,25458,25515.038864026345,25468.453987618715,25464.942166276585,1
1783486500,25444.4,25463.4,25434.9,25462.4,25458,25514.515094235037,25468.21657633955,25464.700055202626,8
1783486800,25462.9,25475.4,25453.9,25462.4,25458,25513.996536083447,25467.988475306625,25464.481002326185,3
1783487100,25462.9,25476.2,25462.9,25468.9,25458,25513.547814331374,25468.02422137303,25464.9018592475,0
1783487400,25468.4,25468.4,25454.4,25455.9,25458,25512.974204238526,25467.548761711343,25464.044539319166,8
1783487700,25459.4,25466.4,25443.9,25454.4,25458,25512.391376335654,25467.03312399717,25463.126011764958,1
1783488000,25455.4,25458.3,25442.9,25445.9,25458,25511.72977060097,25466.204374036497,25461.485439215914,0
1783488300,25447.4,25454.4,25441.4,25445.9,25458,25511.074748007926,25465.40812407428,25460.001111671543,0
1783488600,25444.9,25445.4,25417.4,25434.9,25458,25510.316790316305,25464.21172705176,25457.610529607588,8
1783488900,25430.4,25440.4,25427.9,25437.7,25458,25509.59423518878,25463.172051481102,25455.71428869258,1
1783489200,25437.2,25450.5,25430.9,25434.4,25458,25508.846033843616,25462.043735736745,25453.684356436144,14
1783489500,25433.9,25438.4,25414.9,25417.9,25422,25507.94109818348,25460.312608845106,25450.276322489844,4
1783489800,25417.4,25424.4,25403.4,25410.4,25422,25506.9705399926,25458.355251635494,25446.478577490812,25
1783490100,25411.4,25423.9,25409.5,25414.4,25422,25506.049440092174,25456.63151627724,25443.42347487264,18
1783490400,25413.1,25421.4,25376.7,25377.9,25422,25504.774321285287,25453.544005834996,25437.18314393239,176
1783490700,25379.4,25392.9,25368.4,25390.1,25422,25503.63328326255,25451.056005606173,25432.69903498645,125
1783491000,25390.6,25396.1,25366.4,25372.1,25422,25502.324494374363,25447.95969166083,25426.927698321073,112
1783491300,25372.7,25388.9,25370.9,25386.9,25422,25501.17599194278,25445.56519394864,25423.11553657621,32
1783491600,25384.4,25399.4,25370,25396.9,25422,25500.138419883646,25443.656754970263,25420.61881880705,69
1783491900,25397.4,25405.9,25386.9,25390.2,25422,25499.044505257938,25441.560411638096,25417.721788444473,98
1783492200,25387.7,25394.4,25357.9,25361.4,25422,25497.674908190696,25438.416866083662,25412.357808592616,87
1783492500,25359.9,25359.9,25341.9,25343.9,25422,25496.144809601734,25434.710322315674,25405.838017298083,98
1783492800,25343.6,25357.4,25335.9,25339.9,25422,25494.590134879327,25430.992270460156,25399.558206126836,85
1783493100,25339.4,25339.9,25303.6,25320.4,25322,25492.8568997064,25426.655318677404,25392.01932935285,319
1783493400,25320.9,25337.9,25318.4,25326.6,25322,25491.20260219688,25422.731580690055,25385.78891703353,81
1783493700,25326.1,25336.4,25296.6,25314.3,25322,25489.4423772994,25418.479361839465,25378.98044874462,240
1783494000,25314.1,25335.6,25223.9,25238.9,25322,25486.9494183213,25411.43703392419,25365.639453626085,1054
1783494300,25238.8,25244,25180.9,25191.4,25322,25484.008628089246,25402.808130633046,25349.04521994741,491
1783494600,25192.9,25227.9,25176.9,25210.6,25322,25481.288144227663,25395.27055688273,25335.8599609048,521
1783494900,25210.3,25231.3,25156.4,25159.7,25322,25478.088262195546,25386.032495828505,25319.082821771008,482
1783495200,25160.2,25189.2,25146.9,25180.9,25322,25475.131165059272,25377.98808422739,25305.922553030912,351
1783495500,25180.7,25197.6,25161.9,25195.6,25322,25472.349760431818,25370.83561033612,25295.415643218443,284
1783495800,25196,25227.4,25192.9,25214.3,25322,25469.782101124038,25364.69695895039,25287.690343864306,343
1783496100,25214.8,25215.7,25180.8,25183.3,25322,25466.931532953648,25357.58335271704,25277.74840635342,271
1783496400,25183.8,25208.7,25182.9,25207.4,25322,25464.349129640676,25351.693809473236,25271.048558129285,253
1783496700,25207.9,25222.5,25200,25219,25222,25461.90784476863,25346.490130670365,25266.091552593163,272
1783497000,25217.5,25227.3,25183.6,25195.8,25222,25459.2600055172,25340.58071378133,25259.39711901286,175
1783497300,25195.5,25206.8,25178.6,25193,25222,25456.61065222847,25334.793234809516,25253.07358386878,194
1783497600,25194.5,25200.7,25171.3,25172.4,25222,25453.78268553963,25328.424872660125,25245.390385405088,269
1783497900,25172.3,25189.3,25159.3,25180.6,25222,25451.06444986262,25322.627818830315,25239.219872509366,242
1783498200,25180.7,25198.7,25156.6,25164.6,25222,25448.214057326673,25316.43064946442,25232.113217984665,254
1783498500,25164.1,25175.8,25005.2,25065.5,25222,25444.40595725377,25306.590231838363,25216.245292462314,1477
1783498800,25065.4,25085,25013.6,25019.3,25222,25440.176047231344,25295.32394823686,25197.488597942094,514
1783499100,25019.8,25024.3,24969.9,24979.9,25222,25435.596186064864,25282.954381639334,25176.76587432856,569
1783499400,24978.3,24983.2,24940.1,24951.4,25222,25430.778313566705,25269.952249026028,25155.30245772584,869
1783499700,24952.9,24959.1,24913.5,24919.9,25222,25425.69494726256,25256.224709848535,25132.883176037663,600
1783500000,24918.9,24931.9,24893,24909.4,25222,25420.55768410572,25242.623740834868,25111.599064034075,387
1783500300,24908.9,24927.3,24887,24895.2,24902,25415.330244462875,25228.99928040997,25090.989629364165,542
1783500600,24895.7,24918.9,24878.7,24888.9,24902,25410.092132577673,25215.66205372723,25071.74299799615,548
1783500900,24889.9,24920.6,24886.1,24897.2,24902,25404.988728273416,25203.173345737927,25055.11985532985,406
1783501200,24897.6,24901.1,24876.7,24899,24902,25399.954014559255,25191.2449792384,25040.251297679388,358
1783501500,24899.1,24901.9,24848.4,24858.4,24902,25394.565417399463,25178.192234954542,25022.932126471827,339
1783501800,24858.9,24875.3,24824.9,24825.4,24902,25388.9020799129,25164.35724534848,25004.11954299832,290
1783502100,24825.6,24853.7,24821.5,24839.4,24902,25383.434397525707,25151.613823962267,24988.43196747467,294
1783502400,24837.4,24870.5,24834.9,24847,24902,25378.096741828933,25139.668183806883,24974.962256286606,379
1783502700,24846.5,24875.7,24835,24864.5,24902,25372.986326487353,25128.877274637987,24964.442041402166,294
1783503000,24864,24895.4,24841,24892.4,24902,25368.204372989967,25119.603656024734,24957.58089460196,290
1783503300,24891.5,24917.7,24868.9,24887.4,24902,25363.42024987564,25110.497630298272,24950.896999877965,381
1783503600,24886.9,24887.9,24842.9,24871.2,24902,25358.52253594653,25101.11340950226,24943.306809413396,223
1783503900,24871,24884.4,24855.2,24873.4,24888,25353.695446036614,25092.18347187472,24936.64901804069,142
1783504200,24873,24893.8,24860.8,24873.1,24888,25348.913401797443,25083.59196317375,24930.596730608246,163
1783504500,24874.1,24875.8,24849.7,24855.2,24888,25344.00083063528,25074.635415598306,24923.416089597937,232
1783504800,24855.7,24863.6,24832.2,24847.6,24888,25339.061518887665,25065.732065967,24916.19550963623,208
1783505100,24848.6,24867.1,24837,24865.8,24888,25334.352449047987,25057.891592791824,24911.395937289923,237
1783505400,24865.3,24869.8,24840.3,24863.1,24888,25329.66336995298,25050.252706799987,24906.79632421469,181
1783505700,24862.8,24877.6,24852.6,24877.6,24888,25325.165226968373,25043.482012415672,24904.01572190853,122
1783506000,24878.1,24896.3,24870.4,24876.9,24888,25320.704876451273,25036.949384477804,24901.433272202958,220
1783506300,24875.9,24887.2,24863,24881.1,24888,25316.330698576137,25030.837643910047,24899.49677008839,151
1783506600,24881.6,24917.6,24870.8,24917.6,24888,25312.363228938564,25026.396951992007,24901.22088722283,177
1783506900,24916.6,24957.5,24916.6,24948.6,24888,25308.74369432226,25023.346091129573,24905.7331836778,459
1783507200,24949.6,24957.9,24934.8,24949.1,24888,25305.165150100147,25020.434479712727,24909.863356660866,179
1783507500,24948.1,24953,24916.1,24920.6,24922,25301.338631193677,25016.519402076934,24910.885894121737,135
1783507800,24919.6,24942.3,24916.2,24939.4,24922,25297.737251778814,25013.495111799406,24913.601523253,157
1783508100,24938.9,24947.1,24928.2,24932.6,24922,25294.104045293454,25010.32275447394,24915.41090199081,60
1783508400,24926.6,24936.8,24907.6,24924,24922,25290.4214179771,25006.937548416136,24916.22891132502,176
1783508700,24923.5,24951.7,24922.1,24930.1,24922,25286.836130236035,25003.924311223345,24917.549967389303,104
1783509000,24931.1,24940.5,24926.3,24934.2,24922,25283.327313019756,25001.190024508705,24919.1356847808,106
1783509300,24933.7,24936.8,24912.6,24927.5,24922,25279.78674274095,24998.30021962601,24919.932286230247,99
1783509600,24927.8,24928.3,24893.1,24900.3,24922,25276.01075525099,24994.457073758324,24918.062544684508,146
1783509900,24900.8,24928.1,24898.1,24927.9,24922,25272.546966641527,24991.846992434468,24918.999445190744,157
1783510200,24921.4,24942.5,24908.1,24940.4,24922,25269.242021699818,24989.82946331939,24921.037593267818,238
1783510500,24940.9,24954.3,24919.5,24927.1,24922,25265.837623473948,24987.36948436569,24921.61496533755,90
1783510800,24927.6,25080.4,24926.1,25004.5,24922,25263.23724911102,24988.041269292524,24929.508778162544,925
1783511100,25005.5,25020.2,24993.5,24997.9,25002,25260.597077478076,24988.427886183013,24936.02222786135,181
1783511400,24997.7,25004.1,24976.8,24993.1,25002,25257.935415015607,24988.6111063327,24941.45820616027,120
1783511700,24993.4,25007.2,24984.1,24989.7,25002,25255.266405910974,24988.653808045143,24946.052662716436,122
1783512000,24990.1,24991.5,24955.9,24966.1,25002,25252.38912824022,24987.76934498455,24947.96193293392,268
1783512300,24968.1,25016.1,24967,25012.6,25002,25250.003166765193,24988.743096161626,24954.117939321164,222
1783512600,25013.1,25035.9,25011.2,25015.6,25002,25247.670796946633,24989.796308076857,24959.973373671528,153
1783512900,25016.1,25038.7,25007.6,25026.4,25002,25245.469097474528,24991.231746975805,24966.299719036146,233
1783513200,25024.9,25026.8,24998.7,25000.3,25002,25243.02960396732,24991.58736474146,24969.537841032703,60
1783513500,24999.3,25024.6,24989.6,25020,25002,25240.810403927844,24992.70158573199,24974.34376093435,78
1783513800,25018.5,25034.6,25012.1,25022.9,25002,25238.642141202195,24993.88583727191,24978.96816465489,156
1783514100,25023.4,25050.6,25023.4,25038.6,25002,25236.651672135507,24995.63933384948,24984.647387068708,118
1783514400,25038.8,25040.9,25023.5,25040,25002,25234.694939079433,24997.37896781617,24989.919064490736,104
1783514700,25039.5,25046.6,25028.9,25034.5,25038,25232.702949635855,24998.83469456848,24994.16486787257,70
1783515000,25035,25049.1,25027.4,25038.5,25038,25230.770581977788,25000.390196742264,24998.387261408516,98
1783515300,25038.8,25057.1,24991.7,24994,25038,25228.414655788954,25000.139600791586,24997.969426988657,464
1783515600,24993,25032.2,24988.8,25032.2,25038,25226.46227115424,25001.396871348777,25001.229481561164,102
1783515900,25032.4,25032.5,24999.4,25025.6,25038,25224.463641590515,25002.346013648825,25003.55048331724,143
1783516200,25026.1,25058.3,25016.1,25050.3,25038,25222.7306700324,25004.226562133186,25008.00281823941,235
1783516500,25050.1,25053.6,25023.9,25023.9,25038,25220.752255405212,25004.99806950051,25009.51683554994,75
1783516800,25026.2,25027.5,25011.7,25017.4,25038,25218.728849878793,25005.484419716176,25010.26761311661,142
1783517100,25015.9,25017.5,24965.6,24973.7,25038,25216.29075187005,25004.23797188417,25006.784983295984,206
1783517400,24974.7,25021.2,24974.7,25007.3,25038,25214.211241901194,25004.358051418123,25006.83403250589,218
1783517700,25007.8,25031.9,24995.3,25029.2,25038,25212.37033402158,25005.332245480156,25008.964124648184,137
1783518000,25028.5,25066.8,25028.1,25057.9,25038,25210.83331577261,25007.393726049562,25013.6246842055,189
1783518300,25058.4,25084.7,25042.6,25045.1,25050,25209.184228053477,25008.872403459383,25016.622333328785,175
1783518600,25045.9,25066.6,25027.2,25027.2,25050,25207.373439714636,25009.591132735484,25017.629730154615,147
1783518900,25026.7,25049,25015.4,25038.7,25050,25205.695097030908,25010.732656941935,25019.63642252084,115
1783519200,25038.2,25041.2,25014.4,25035.6,25050,25204.002608503237,25011.707846865782,25021.156763233143,97
1783519500,25036.1,25057.4,25019.4,25032.9,25050,25202.300094985792,25012.538911694573,25022.275166734747,297
1783519800,25032,25035.8,25003.8,25011.3,25050,25200.399596528223,25012.490326922238,25021.22991276001,112
1783520100,25010.8,25010.8,24978.5,24996.8,25050,25198.373729896102,25011.875019984112,25018.903254401914,137
1783520400,24995.8,25033.8,24993.9,25025.3,25050,25196.651603230468,25012.401489788655,25019.512468268396,145
1783520700,25027.3,25037.9,24977.8,24987.5,25050,25194.57049275056,25011.424960777334,25016.463661766644,267
1783521000,24987.4,24996.2,24954.8,24973.7,25050,25192.372776404784,25009.945550550772,25012.390932074584,349
1783521300,24972.2,24977,24945.4,24963.7,25050,25190.09742539578,25008.131999548783,25007.753700448433,184
1783521600,24965.3,24973.7,24954,24966.5,25050,25187.87257539184,25006.499372115497,25003.8247765962,189
1783521900,24966,24966,24935.8,24936.1,24938,25185.3673756367,25003.73861242469,24997.37479787275,255
1783522200,24934.6,24963.6,24932.2,24947.4,24938,25182.99954105325,25001.529255074704,24992.615293313444,243
1783522500,24946.9,24959.4,24937.4,24946.4,24938,25180.645316764163,24999.367323503146,24988.2138368074,172
1783522800,24947.8,24951.3,24920.8,24935.4,24938,25178.20506485606,24996.858801012826,24983.183947587648,266
1783523100,24934.9,24949.9,24917.6,24920.3,24938,25175.638845305257,24993.856495090753,24977.19500019835,206
1783523400,24918.8,24921.2,24885.8,24892.8,24938,25172.824528436548,24989.89349528327,24969.15738113184,229
1783523700,24891.8,24902.3,24867.5,24882.8,24938,25169.938712233197,24985.693750370203,24960.932868643093,323
1783524000,24881.4,24891.5,24860.5,24867.4,24938,25166.92837678809,24981.05477976745,24952.02497639137,291
1783524300,24867.3,24876.6,24850.3,24861.7,24938,25163.891278511594,24976.374200168728,24943.42259768743,631
1783524600,24864.3,24906.4,24859.9,24904.9,24938,25161.31425086471,24973.571290358188,24939.753778860057,809
1783524900,24902.9,24919,24888.9,24905.4,24938,25158.767840408345,24970.89790642257,24936.481990397195,468
1783525200,24906.4,24918.7,24905.4,24911.9,24938,25156.31144398637,24968.584263033452,24934.140848454605,150
1783525500,24910.9,24911.4,24888.9,24892.6,24888,25153.687449518846,24965.604488012534,24930.184577173215,68
1783525800,24892.1,24895.4,24878.3,24894.9,24888,25151.112450021144,24962.831762992435,24926.824141251956,185
1783526100,24896.4,24903.9,24889.2,24894.4,24888,25148.558097284615,24960.14816444371,24923.736127799388,58
1783526400,24896.4,24912.9,24889.6,24911.4,24888,25146.198315222082,24958.23647172043,24922.56125848516,160
1783526700,24910.4,24929.9,24910.4,24924.4,24888,25143.99136681191,24956.909551260804,24922.736376724668,50
1783527000,24923.9,24945.4,24923.9,24940.9,24888,25141.970557191893,24956.281725721165,24924.466245608033,101
1783527300,24942.4,24959.9,24938.9,24954.9,24888,25140.109158612868,24956.227540398766,24927.36469840727,114
1783527600,24954.1,24969.9,24952.9,24964.4,24888,25138.360808775924,24956.54802901058,24930.89186998753,76
1783527900,24963.4,24970.9,24958.4,24962.4,24888,25136.609954957257,24956.77751806899,24933.89264427443,84
1783528200,24959.9,24979.9,24955.9,24957.9,24888,25134.83174645022,24956.821536968244,24936.179059105438,62
1783528500,24958.4,24981.3,24945.7,24977,24888,25133.261281311414,24957.612849244,24940.066767762062,302
1783528800,24975.5,25015.1,24968.3,24998.9,24888,25131.924353139162,24959.231953195216,24945.669932737102,146
1783529100,24999.4,25005.4,24988.9,24999.9,25002,25130.61067798355,24960.82677856011,24950.834701047854,98
1783529400,25001.9,25003.4,24987.9,24997.9,25002,25129.290173725007,24962.280630381283,24955.317110471868,182
1783529700,24997.4,25010.9,24994.4,25004.9,25002,25128.052460553612,24963.95197820947,24960.03929042693,68
1783530000,25005.4,25005.4,24991.9,24998.9,25002,25126.767361443624,24965.32248886792,24963.740310386267,40
1783530300,24998.4,25010.9,24993.3,24993.3,25002,25125.439327996424,24966.419646167218,24966.555518920908,51
1783530600,24993.7,24994.4,24977,24977.2,25002,25123.964309807405,24966.84240514105,24967.56927902368,54
1783530900,24977.8,24997.9,24975,24995.4,25002,25122.68506294365,24967.962310821793,24970.219823878568,65
1783531200,24994.9,25012.3,24993.3,25007.9,25002,25121.54292301386,24969.528494711136,24973.80841208061,56
1783531500,25008.4,25014.4,25001.5,25007.9,25002,25120.41214766049,24971.033259624426,24977.055229977694,49
1783531800,25008.4,25015.4,24999.2,25003.9,25002,25119.252822808146,24972.32215140386,24979.611874741724,33
1783532100,25003.4,25011.4,24999.9,25007.9,25002,25118.1448345215,24973.71736115273,24982.30598190918,45
1783532400,25008.4,25008.9,24997.9,25001.9,25002,25116.988169501386,24974.822562676152,24984.17207887021,25
1783532700,25001.4,25001.9,24985.9,24988.9,24988,25115.713660352118,24975.374619041795,24984.622357073047,31
1783533000,24989.9,25005.6,24989.4,24996.9,24988,25114.53143487598,24976.218751628392,24985.791656399422,19
1783533300,24996.4,24996.4,24978.4,24986.8,24988,25113.260475324973,24976.633702544925,24985.887689123287,52
1783533600,24985.8,25022,24976.9,25014.5,24988,25112.277784028207,24978.1186553863,24988.612671111547,49
1783533900,25014,25016.9,25001.3,25010.4,24988,25111.264074734394,24979.38459046919,24990.68765481521,35
1783534200,25009.9,25020.9,25001.9,25014.8,24988,25110.304233194747,24980.773430058634,24992.984068642334,29
1783534500,25015.3,25016.8,25001.4,25008.9,24988,25109.295235849528,24981.876432801433,24994.499871628777,20
1783534800,25008.4,25014.9,25000.9,25006.2,24988,25108.269412607246,24982.83029818177,24995.614169568893,8
1783535100,25005.7,25017.9,25001.9,25005.4,24988,25107.2458363624,24983.715384527583,24996.546153419476,8
1783535400,25003.9,25006.8,24987.9,24994.1,24988,25106.120007144862,24984.12262435003,24996.313186427145,31
1783535700,24994.6,25010.6,24989.3,25005.9,24988,25105.122793143422,24984.976639081404,24997.226216291227,19
1783536000,25006.4,25011.4,24998.4,25010.9,24988,25104.18525291314,24985.99324147037,24998.52848140635,8
1783536300,25010.4,25012.9,25002.4,25011.9,25002,25103.26699169012,24987.009192785255,24999.80195936765,9
1783536600,25011.4,25016.3,25005.4,25008.9,25002,25102.32801664843,24987.867655813283,25000.668439427875,16
1783536900,25007.9,25013.9,25005.4,25012.4,25002,25101.433210512623,24988.829708526486,25001.785730910935,24
1783537200,25014.9,25023.4,25007.4,25012.4,25002,25100.547307920457,24989.75403368231,25002.796613681323,43
1783537500,25012.9,25019.9,25004.4,25018.9,25002,25099.734896896374,24990.897012753594,25004.330269521197,36
1783537800,25019.4,25019.4,25008.4,25008.9,25002,25098.83106707651,24991.603012253454,25004.76548194775,18
1783538100,25009.6,25016.9,25006.7,25010.9,25002,25097.9561310857,24992.359756870967,25005.34972176225,18
1783538400,25011.4,25017.4,25010.9,25015.4,25002,25097.134677045044,24993.263295817203,25006.306891118227,12
1783538700,25015.9,25022,25012.9,25017.7,25002,25096.344282248574,24994.221597942018,25007.39194910697,33
1783539000,25016.2,25023.1,25006.4,25007.9,25002,25095.464239639135,24994.75800586586,25007.440334906303,58
1783539300,25008.4,25016.4,25003.9,25004.8,25002,25094.56210790143,24995.151809557396,25007.188874439034,42
1783539600,25004.3,25014.9,24999.6,25012.9,25002,25093.749549613854,24995.847817025733,25007.732791159127,45
1783539900,25014.4,25014.4,24985.9,24995.4,25002,25092.770947130135,24995.830255573743,25006.558239620164,56
1783540200,24994.4,25012.1,24993.4,25002.4,25002,25091.871733725857,24996.087892610067,25006.162216799195,128
1783540500,25004.9,25020.4,24999.4,25014.4,25002,25091.100870703707,24996.806014468497,25006.946767580226,203
1783540800,25008,25018,24994.3,25005.8,25002,25090.252105821084,24997.158719783456,25006.837551620203,8
1783541100,25004.9,25008.5,24999.1,25003.4,25002,25089.387905763164,24997.40347587038,25006.510165751613,0
1783541400,25001.7,25001.8,24985.4,24999.3,25002,25088.491508690895,24997.477849365656,25005.82348329908,0
1783541700,25000.2,25000.2,24979.2,24980.9,25002,25087.420946415365,24996.827737625827,25003.449818222976,0
1783542000,24981.8,24987.4,24976.6,24984.9,25002,25086.40083749581,24996.359983209128,25001.683168868407,0
1783542300,24984.1,24985.8,24980.7,24984.8,25002,25085.389883888885,24995.90665053426,25000.075248023797,0
1783542600,24984,24988.5,24966.9,24970.2,25002,25084.243715889992,24994.89854659174,24997.229986307244,0
1783542900,24969.4,24973.6,24955.1,24971.9,25002,25083.125867970688,24993.996642803828,24994.817606658937,0
1783543200,24972.8,24989,24971.2,24979.9,25002,25082.098744906303,24993.44383328211,24993.396882215227,0
1783543500,24980.7,24987.7,24977.3,24982.6,24988,25081.108707643554,24993.018584918103,24992.368607718538,0
1783543800,24981.8,24993.6,24980.9,24984.1,24988,25080.14344687098,24992.668836489942,24991.58112126915,0
1783544100,24984.9,24989.9,24976.5,24983.3,24988,25079.179830484205,24992.301431137395,24990.79244305304,0
1783544400,24983.6,24984.8,24981.2,24983.8,24988,25078.23077744456,24991.968041681026,24990.126496095607,0
1783544700,24983.7,24984.1,24980.5,24980.7,24988,25077.2603219476,24991.526157693534,24989.228734562694,0
1783545000,24981.1,24982,24980.4,24980.4,24988,25076.296537649614,24991.089837783984,24988.387902699582,0
1783545300,24981,24982.6,24979.7,24979.7,24988,25075.33537807101,24990.64317747873,24987.56048339486,0
1783545600,24980.4,24981.4,24979.2,24979.2,24988,25074.37880714493,24990.19442542074,24986.764246881063,0
1783545900,24978.6,24985.4,24978.2,24984.9,24988,25073.48847075543,24989.986800894436,24986.58669955906,0
1783546200,24986.8,24994.6,24986.8,24992.4,24988,25072.68162030015,24990.08143615348,24987.140347220102,0
1783546500,24986.7,24996,24986.7,24991.7,24988,25071.875833033482,24990.1449092455,24987.574599865806,0
1783546800,24993.1,24994.9,24990,24994.3,24988,25071.103934197326,24990.307853980972,24988.2151141643,0
1783547100,24995.8,24995.8,24994.1,24994.6,24988,25070.342701021233,24990.4761734327,24988.823198529604,0
1783547400,24994.7,24994.7,24993.8,24994,24988,25069.58307215535,24990.61436270985,24989.31622724107,0
1783547700,24994.1,24995.2,24993.1,24995.2,24988,25068.842942084153,24990.79419162319,24989.876586551443,0
1783548000,24994.8,25008.4,24992.9,25003.6,24988,25068.193758580826,24991.29638018699,24991.18357830845,0
1783548300,25003.1,25007.7,24989.7,24999.3,24988,25067.508248545197,24991.610247630637,24991.956570850503,0
1783548600,24999.8,25004.4,24997.9,24999.5,24988,25066.831549554696,24991.919649684336,24992.674992674263,0
1783548900,24999.1,25007,24995.8,25000.8,24988,25066.17451921087,24992.267898716324,24993.44880289576,0
1783549200,24999.1,24999.9,24992.9,24997.6,24988,25065.49218568638,24992.47700072745,24993.844155000927,0
1783549500,24998.1,24998.1,24988.9,24996.1,24988,25064.801716177062,24992.619079130294,24994.05899738179,0
1783549800,24996.5,25007.8,24989,25006.1,24988,25064.217619498682,24993.14774269381,24995.205759535907,0
1783550100,25005.3,25005.7,24990.7,24992.7,24988,25063.506001394217,24993.1301841568,24994.96711577058,0
1783550400,24993.2,24995.2,24988.5,24988.9,24988,25062.763653121638,24992.964294582023,24994.389295221,0
1783550700,24988.5,24993.1,24988.5,24992.2,24988,25062.06152721993,24992.934322245474,24994.180790914237,0
1783551000,24992.6,24995.8,24988.2,24989.4,24988,25061.338526949083,24992.795721373102,24993.725477493834,0
1783551300,24989.9,24997,24988.6,24995.3,24988,25060.681427178446,24992.89392837808,24993.87543201823,0
1783551600,24995.7,25000.3,24994.9,24996.5,24988,25060.04280601249,24993.035342951487,24994.125390873636,0
1783551900,24996.9,25007.2,24994.4,25004.9,24988,25059.494121375552,24993.500623620057,24995.151544123768,0
1783552200,25005.3,25006.4,25003.4,25005.5,24988,25058.956866436492,24993.971187399664,24996.137111350075,0
1783552500,25004.7,25005.9,24991.5,24991.5,24988,25058.285653835133,24993.874278089872,24995.695481697687,0
1783552800,24990.7,24997,24986,24994.5,24988,25057.650970712395,24993.898816203993,24995.581626297906,0
1783553100,24994.9,24999.1,24989.1,24998.7,24988,25057.064393889385,24994.087097921485,24995.878614269535,0
1783553400,24996.6,25005.8,24989.9,25002.5,24988,25056.521464596954,24994.417015650055,24996.509222434343,0
1783553700,25002.1,25014.8,24999.4,25001.9,24988,25055.977967436786,24994.71046601672,24997.02262982155,0
1783554000,25001.5,25014,25000.2,25011.9,24988,25055.539380696122,24995.384565388613,24998.439522219498,0
1783554300,25011.5,25021.3,25008.8,25013.4,25022,25055.12008337576,24996.09105302043,24999.864329627166,0
1783554600,25013.8,25017.1,25008.8,25015.8,25022,25054.72883876506,24996.863952901982,25001.382012519818,0
1783554900,25016.3,25025.3,25015.8,25021.2,25022,25054.39521847884,24997.81830769014,25003.269439898882,0
1783555200,25021.6,25033,25016.2,25026.2,25022,25054.11466904124,24998.931315231705,25005.453302765654,0
1783555500,25025.8,25038.9,25022.5,25033,25022,25053.904572831874,25000.267342085364,25008.076797740356,0
1783555800,25034.3,25043.9,25028,25036.2,25022,25053.728407928076,25001.676465925153,25010.75519795556,0
1783556100,25035.8,25037.1,25005.7,25010.2,25022,25053.29528944123,25002.01072216338,25010.702321959794,27
1783556400,25010.7,25034.2,25009.7,25027.7,25022,25053.040609944303,25003.01814482364,25012.321148439813,5
1783556700,25030.2,25052.9,25028.2,25040.2,25022,25052.912842681177,25004.47625679134,25014.97627715983,15
1783557000,25038.7,25054.2,25030.2,25034.7,25022,25052.73162036594,25005.66150162305,25016.85472695413,5
1783557300,25036.2,25047.2,25028.7,25042.7,25022,25052.63180324787,25007.11399175548,25019.316181529928,0
1783557600,25040.2,25041.3,25032.7,25037.7,25022,25052.483228091176,25008.313443059185,25021.06702138422,0
1783557900,25040.2,25052.2,25035.2,25047.9,25050,25052.437623831564,25009.865857056866,25023.62254315715,1
1783558200,25049.4,25050.4,25012.7,25012.7,25050,25052.04222458946,25009.97699991738,25022.582300951708,0
1783558500,25016.2,25037.2,25015.2,25034.7,25050,25051.869665140806,25010.946529332385,25023.736367527737,1
1783558800,25035.2,25037.2,25024.1,25024.6,25050,25051.598325189156,25011.481959554643,25023.81861823938,1
1783559100,25025.1,25056.7,25022.7,25054.7,25050,25051.629187625083,25013.176784670148,25026.759702216583,5
1783559400,25053.2,25055.5,25047.2,25049.7,25050,25051.609991728317,25014.60906762426,25028.94449248167,2
1783559700,25048.2,25064.7,25041.7,25061.9,25050,25051.712379870325,25016.463613991935,25032.08311224532,14
1783560000,25060.2,25066.7,25038.8,25040.3,25050,25051.598823851717,25017.398374227545,25032.865672983862,4
1783560300,25041.6,25046.7,25032.2,25042.2,25050,25051.505303216378,25018.370987002934,25033.75465650921,3
1783560600,25043.7,25048.7,25030.4,25042.2,25050,25051.41271313462,25019.30545810086,25034.558974936903,4
1783560900,25041.7,25052.7,25040.7,25046.7,25050,25051.365820466614,25020.37975386161,25035.71526303815,0
1783561200,25047.7,25053.2,25040.7,25051.2,25050,25051.364170511722,25021.588390965077,25037.18999989166,0
1783561500,25051.7,25062.2,25048.7,25059.7,25058,25051.44711408872,25023.082963868408,25039.33380942579,4
1783561800,25059.2,25060.2,25039.2,25039.2,25058,25051.325252256993,25023.71500450102,25039.321065670953,0
1783562100,25034.2,25044.2,25031.2,25042.7,25058,25051.23942885145,25024.45951412843,25039.642868940387,12
1783562400,25042.2,25048.2,25027.2,25039.2,25058,25051.119633539496,25025.037572397905,25039.600690946067,4
1783562700,25040.2,25065.7,25038.7,25064.7,25058,25051.254761563978,25026.592961715633,25041.991101332154,0
1783563000,25064.2,25075.6,25061.2,25075.6,25058,25051.497002742446,25028.514806354236,25045.19194882433,8
1783563300,25074.6,25085.2,25068.2,25081.7,25058,25051.797530078344,25030.6005002227,25048.668906079154,6
1783563600,25080.2,25086.2,25061.7,25061.7,25058,25051.896062117365,25031.82008844926,25049.909962643043,0
1783563900,25063.2,25066.7,25050.2,25062.2,25058,25051.998588862465,25033.011457529683,25051.080442391325,2
1783564200,25061.7,25070.2,25051.6,25055.6,25058,25052.034423799156,25033.897282724596,25051.510876449294,1
1783564500,25052.1,25056.6,25039.6,25044.5,25058,25051.95945440812,25034.313075558926,25050.843173930312,0
1783564800,25045,25045.7,25022.7,25022.7,25058,25051.668315558287,25033.857660831127,25048.162871651235,0
1783565100,25025.2,25027.7,25008.7,25013.7,25022,25051.290521373627,25033.067164327946,25044.880693398736,4
1783565400,25015.2,25018.2,25000.7,25006.7,25022,25050.84683459379,25032.033157883714,25041.24443688457,1
1783565700,25008.2,25013.3,25003.2,25005.1,25022,25050.39164220977,25030.976955613765,25037.80210956223,1
1783566000,25008.6,25010.7,24995.7,24999.7,25022,25049.88724775992,25029.750408334796,25034.173337222972,3
1783566300,24996.7,25007.2,24989.2,24993.2,25022,25049.323195543406,25028.317058988334,25030.271114630308,4
1783566600,24993.7,25001.2,24984.2,24998.7,25022,25048.819482154915,25027.155605694672,25027.264341808375,7
1783566900,24999.7,25005.2,24993.7,25001.7,25022,25048.35063158621,25026.157346647822,25024.82964258853,0
1783567200,25002.7,25012.7,24997.7,25012.2,25022,25047.990923809233,25025.60999972046,25023.62681948486,3
1783567500,25009.7,25028.7,25009.7,25028.2,25022,25047.793999194215,25025.71156835887,25024.062360486303,0
1783567800,25029.7,25048.7,25026.7,25041,25022,25047.726397212184,25026.31111469774,25025.675469011418,7
1783568100,25041.2,25046.9,25037.4,25041.3,25022,25047.662452961315,25026.898914121357,25027.163519581758,0
1783568400,25042.6,25050.2,25033.9,25049.2,25022,25047.677751936822,25027.773466508756,25029.262232002544,0
1783568700,25048.2,25056.7,25046.2,25048.5,25050,25047.68593350959,25028.586271743705,25031.094400383256,3
1783569000,25049,25051.6,25041.2,25046.7,25050,25047.676123225912,25029.296614028266,25032.580647965802,3
1783569300,25047.2,25052.2,25045.2,25046.7,25050,25047.666410556998,25029.979099752647,25033.925348159537,0
1783569600,25047.7,25057.2,25043.2,25049.7,25050,25047.686645277823,25030.752468389797,25035.427695953866,1
1783569900,25050.2,25052.7,25044.7,25044.7,25050,25047.656927414362,25031.29943041373,25036.310772529687,0
1783570200,25043.2,25049.2,25040.2,25046.7,25050,25047.647405748547,25031.903374319074,25037.300222764956,0
1783570500,25048.7,25053.2,25039.2,25039.2,25050,25047.563351960005,25032.18951650264,25037.4811539302,0
1783570800,25039.7,25043.2,25026.7,25029.7,25050,25047.385607164382,25032.0918884045,25036.740091651132,1
1783571100,25030.2,25030.7,25020.2,25027.2,25050,25047.184755351802,25031.900049643536,25035.83151149388,1
1783571400,25025.2,25053.7,25025.2,25043.7,25050,25047.1500811692,25032.36279279477,25036.58089135161,2
1783571700,25042.2,25052.9,25039.2,25049.2,25050,25047.170478371496,25033.02307543027,25037.782711222884,1
1783572000,25050.1,25052.7,25042.7,25049.2,25050,25047.190672616554,25033.657464629083,25038.8700720588,0
1783572300,25048.7,25055.2,25042.7,25048.7,25050,25047.205690799474,25034.24736797696,25039.806255672247,5
1783572600,25048.2,25061.7,25047.2,25058.7,25050,25047.320062035298,25035.206294722964,25041.60565989394,6
1783572900,25062.2,25063.2,25054.2,25058.7,25050,25047.433295248877,25036.127616498536,25043.233692284994,7
1783573200,25059.2,25067.9,25043.6,25046.7,25050,25047.425998778737,25036.542219773102,25043.56381682928,9
1783573500,25043.2,25047.7,25027.2,25042.7,25050,25047.378973915267,25036.78370135063,25043.481548559823,18
1783573800,25041.2,25082.7,25041.2,25066.7,25050,25047.571222931034,25037.956889532958,25045.692829649364,28
1783574100,25068.5,25075.7,25041.3,25044.2,25050,25047.537678424258,25038.20171739441,25045.550655397044,4
1783574400,25045.7,25046.2,25031.2,25037.2,25050,25047.434815952376,25038.162434359336,25044.75535488304,8
1783574700,25038.2,25050.7,25038.2,25044.9,25050,25047.4095939031,25038.426652619753,25044.769130608463,1
1783575000,25046.4,25057.7,25023.2,25057.2,25050,25047.507010879188,25039.16286232094,25045.953022931466,11
1783575300,25056.7,25069.2,25054.3,25064.5,25050,25047.67609534805,25040.156475563257,25047.7194016999,26
1783575600,25065.5,25069.2,25051.2,25064.7,25050,25047.84548743414,25041.11896671764,25049.336601538,2
1783575900,25062.7,25080.2,25061.2,25079.7,25088,25048.16244775818,25042.631948414986,25052.228353772476,11
1783576200,25078.2,25090.2,25075.7,25087.7,25088,25048.555856238196,25044.39932298695,25055.606605794146,11
1783576500,25087.2,25111.2,25082.7,25107.2,25088,25049.13938005672,25046.862094634518,25060.52026238518,37
1783576800,25107.2,25111.2,25082.9,25088.7,25088,25049.533018066108,25048.502796805715,25063.204046919924,70
1783577100,25088.2,25091.7,25076.2,25083.2,25088,25049.86801291122,25049.863471440785,25065.10842340374,67
1783577400,25084.2,25097.7,25071.7,25092.2,25088,25050.2892267131,25051.523727462714,25067.688573555766,43
1783577700,25089.2,25107.1,25087.7,25104.7,25088,25050.830627442323,25053.609071483785,25071.21347131236,103
1783578000,25104.2,25118.2,25099.7,25107.7,25088,25051.39649184588,25055.730284366775,25074.688378806422,94
1783578300,25107.2,25113.3,25089.2,25090.2,25088,25051.782596404628,25057.08203792102,25076.165676062952,55
1783578600,25089.2,25097.2,25076.7,25082.2,25088,25052.08525713692,25058.067056041764,25076.740373580767,182
1783578900,25082.6,25101.7,25082.6,25087.2,25088,25052.43465756342,25059.209524432285,25077.73652847784,58
1783579200,25086.2,25091.2,25078.2,25086.7,25088,25052.77560624438,25060.287582297686,25078.59019243233,154
1783579500,25086.2,25087.7,25060.4,25063.7,25058,25052.88430667976,25060.42140259974,25077.172078867345,135
1783579800,25063.1,25085,25062.1,25077.7,25058,25053.131229001356,25061.09899465465,25077.222357070455,76
1783580100,25076.7,25080.2,25054.7,25077.2,25058,25053.37071926005,25061.73040662898,25077.22022782565,212
1783580400,25079.7,25126.2,25067.2,25070.6,25058,25053.542154889303,25062.07823382,25076.589729937496,1133
1783580700,25070.7,25076.7,25042.4,25044.8,25058,25053.45516827349,25061.40065602314,25073.562136610115,278
1783581000,25045.1,25065.2,25029.9,25047.6,25058,25053.396907892657,25060.859453826153,25071.089552171055,280
1783581300,25048,25051.6,25012.4,25016,25058,25053.02479935641,25059.10025955846,25065.842928154765,234
1783581600,25014.9,25024.9,24996.1,25016.9,25058,25052.665348616545,25057.445347418914,25061.18169690193,248
1783581900,25016.4,25028.5,25006.4,25012.7,25058,25052.267683456183,25055.69062791229,25056.56439243508,285
1783582200,25011.5,25045.7,25005.5,25030.8,25058,25052.054074665575,25054.714524856903,25054.110640774597,174
1783582500,25030.6,25042.6,25016.9,25030.3,25058,25051.837616211193,25053.757092509575,25051.842960700826,150
1783582800,25031,25066.6,25019.4,25064.8,25058,25051.966595154365,25054.190147705278,25053.076964443604,133
1783583100,25065.3,25074.5,25048,25053.2,25050,25051.978867839396,25054.1513183835,25053.088682115642,146
1783583400,25051.9,25058.5,25023.6,25024.1,25050,25051.701466169354,25052.97283530964,25050.327855247484,94
1783583700,25023.6,25033,25004.2,25028.7,25050,25051.47259585921,25052.020959415146,25048.268059509628,164
1783584000,25028.6,25032.2,25010.7,25020.3,25050,25051.162420776032,25050.777000222395,25045.604434794426,106
1783584300,25020,25024.9,25008.4,25013.8,25050,25050.790655395176,25049.3269217823,25042.57544100448,115
1783584600,25013.5,25039.6,25011.8,25016.5,25050,25050.44945484398,25048.039591516328,25040.09206567072,149
1783584900,25017,25021.6,24983.3,24987.9,25050,25049.827072208715,25045.681176162747,25035.1213927497,166
1783585200,24988.9,24989.3,24970.9,24972,25050,25049.05267348027,25042.791718274013,25029.109831535443,141
1783585500,24971.6,24975.9,24957.2,24970.7,25050,25048.273044888425,25039.96459206719,25023.54699043683,114
1783585800,24971.1,24975.1,24934.1,24940.5,25050,25047.20067628257,25036.06401982926,25015.63775325237,163
1783586100,24940.3,24952.1,24924.2,24931.6,25050,25046.05042079717,25031.96739160066,25007.634157704524,212
1783586400,24931.2,24947.2,24923.6,24939.3,25050,25044.98822755541,25028.333376243772,25001.126142685047,101
1783586700,24939.8,24960.6,24918.6,24929.5,24922,25043.839090962818,25024.457557567544,24994.30460528647,239
1783587000,24930.1,24953.6,24920.4,24946.2,24922,25042.867557719408,25021.388633741368,24989.723214306807,182
1783587300,24945.9,24953.8,24927.3,24936.3,24922,25041.80718401076,25018.05182457504,24984.63528913473,169
1783587600,24935.5,24947.9,24918,24936,24922,25040.754376209657,25014.83410596425,24980.003356836183,99
1783587900,24935.9,24952,24933.2,24935.5,24922,25039.70706898369,25011.72296455389,24975.764941899404,124
1783588200,24935.8,24955.8,24935.3,24950.6,24922,25038.820431481367,25009.325985551775,24973.368280766128,81
1783588500,24951.1,24957.7,24943.7,24952.8,24922,25037.96450679001,25007.109280236018,24971.40939688364,95
1783588800,24954,24970.8,24945.9,24957.1,24922,25037.1598848319,25005.148131991467,24970.046597180433,215
1783589100,24958.1,24961.8,24946.1,24947.8,24922,25036.270731748995,25002.89918563886,24967.92787363944,137
1783589400,24946.9,24947.7,24910.6,24918.6,24922,25035.099878696765,24999.59333522165,24963.229980911874,111
1783589700,24919.1,24935.9,24906.4,24928.4,24922,25034.038188361472,24996.80143972276,24959.91283987265,141
1783590000,24930.8,24932.9,24902.3,24920.1,24922,25032.90447504444,24993.79354012579,24956.12114083716,190
1783590300,24920.6,24940.6,24919.1,24920.9,24922,25031.79000265594,24990.93496992478,24952.766746471716,159
1783590600,24921.6,24959.4,24921.6,24951.4,24922,25030.990102132,24989.384578947338,24952.636580141076,107
1783590900,24951.5,24964,24944.4,24952.6,24922,25030.21010111576,24987.9420464396,24952.633096318117,140
1783591200,24950.5,24959.2,24939.4,24952.3,24922,25029.434876229036,24986.544319128243,24952.601372859248,105
1783591500,24951.9,24959.3,24941.4,24945.2,24922,25028.59671825661,24984.922973280078,24951.896480205985,96
1783591800,24946.7,24962.2,24943.6,24950.4,24922,25027.818641458038,24983.569131190663,24951.753958281606,48
1783592100,24950.6,24968.8,24948.8,24959.3,24922,25027.136863931093,24982.617400555737,24952.472628921452,68
1783592400,24959.2,24973.1,24954.9,24961.7,24922,25026.48575085715,24981.797110337866,24953.351426167028,131
1783592700,24959.7,24959.7,24940.2,24945.3,24922,25025.677932440663,24980.36585110893,24952.58462367493,105
1783593000,24947.8,24947.8,24925.8,24935,24922,25024.775664456178,24978.586798124266,24950.90989761065,142
1783593300,24935.5,24944.1,24931,24938.7,24922,25023.919190182984,24977.02260996253,24949.74705021916,83
1783593600,24937.7,24939.2,24914.6,24920.9,24922,25022.894123613998,24974.821723297333,24946.99971210305,150
1783593900,24920.4,24924.9,24896.4,24898.9,24902,25021.66035123973,24971.844400815084,24942.418787140854,275
1783594200,24899.1,24899.1,24864.8,24885.4,24902,25020.304526849286,24968.45442431253,24936.98842646077,209
1783594500,24884.9,24913.9,24870.6,24913.9,24902,25019.24577533835,24966.315035123804,24934.789528702604,198
1783594800,24913.7,24927.5,24905.7,24923,24902,25018.288105932,24964.61640629542,24933.666716445212,146
1783595100,24922.8,24927.8,24903.5,24927.8,24902,25017.387726768495,24963.17262565638,24933.10798154567,67
1783595400,24928.3,24952.6,24928.3,24948.1,24902,25016.698296651397,24962.581542297306,24934.535792827035,136
1783595700,24947.6,24950.5,24918.4,24918.4,24902,25015.720204147405,24960.848932795452,24932.99905065303,78
1783596000,24918.8,24935.5,24907.2,24912.3,24902,25014.69114738972,24958.945053077983,24931.027712495597,113
1783596300,24912.8,24926.9,24909,24917.5,24902,25013.72407129629,24957.319756878846,24929.739358924588,39
1783596600,24919.2,24932.7,24909.9,24927.2,24902,25012.86313526349,24956.13858994242,24929.497515217485,94
1783596900,24926.7,24949.2,24920.7,24945.8,24902,25012.195840385248,24955.73315504272,24931.05013281582,147
1783597200,24944.3,24954.9,24932.5,24942.2,24902,25011.499364361513,24955.20244308026,24932.1120249286,149
1783597500,24941.7,24957.9,24935.1,24955.7,24958,25010.944146805676,24955.22195511633,24934.358498744925,331
1783597800,24956.6,24973.2,24951.8,24954.5,24958,25010.382513504126,24955.193643150982,24936.276736959695,115
1783598100,24955,24964.6,24943.8,24947.6,24958,25009.757811877218,24954.895853223494,24937.355142963534,131
1783598400,24947.7,24964.1,24941.1,24948.2,24958,25009.14529633615,24954.63327074414,24938.387986490816,171
1783598700,24948.4,24972.5,24938,24964.9,24958,25008.705044631315,24955.035887577702,24940.912940158356,99
1783599000,24965.5,24971.7,24958.7,24964.6,24958,25008.26618846583,24955.41095080995,24943.168850619466,127
1783599300,24965.1,24967.7,24954,24963.7,24958,25007.822743804478,24955.7360115625,24945.124198179517,106
1783599600,24964.7,24968.8,24949.3,24968.8,24958,25007.434457796473,24956.24832483456,24947.379036448136,48
1783599900,24969.2,24978.1,24965.3,24970.7,24958,25007.068940803474,24956.815057193988,24949.600080595934,92
1783600200,24970.2,24991.8,24970,24987.3,24958,25006.87223492483,24958.010545147165,24953.190549110608,184
1783600500,24989.8,25014.2,24983.7,25013.7,24958,25006.940172885777,24960.19444533747,24958.95335395722,233
1783600800,25011.8,25015,24986.8,24990.1,24958,25006.772608976466,24961.367212186982,24961.91970119939,116
1783601100,24990.3,24993.5,24974.1,24988,24988,25006.585816847346,24962.411635238474,24964.4035391804,98
1783601400,24989.2,25005.4,24988.6,25004.3,24988,25006.563072401103,24964.054316209513,24968.203202115597,61
1783601700,25003.8,25007.3,24989.1,25000.9,24988,25006.506723421986,24965.49924498561,24971.317182866493,78
1783602000,25000.7,25034.1,24999.2,25031.1,24988,25006.751432641668,24968.071823613627,24977.010784498256,402
1783602300,25031.3,25049,25028.5,25047,24988,25007.151915898965,24971.167046217015,24983.67642406985,182
1783602600,25047.6,25048.5,25034.3,25042.9,24988,25007.50761822833,24973.980103228114,24989.316764634626,122
1783602900,25043.4,25047,25031.8,25039.7,24988,25007.827940435014,24976.557354081913,24994.115168002758,137
1783603200,25039.8,25042.6,25021.5,25026.1,24988,25008.009751972975,24978.500202941446,24997.161342478685,87
1783603500,25027.1,25034.7,25015.5,25027,24988,25008.198709664786,24980.40215576727,25000.003119385477,171
1783603800,25027.8,25030.4,24991.9,25021.1,24988,25008.327080712897,24981.99814965875,25002.01234611067,448
1783604100,25020.6,25041.7,25002,25002.4,24988,25008.268104785406,24982.79822222115,25002.0492655287,202
1783604400,25003.9,25022.2,24980.8,25021.4,24988,25008.398770409432,24984.312017428165,25003.892192621206,220
1783604700,25021.9,25039.3,25017.1,25038.4,25038,25008.69729010685,24986.433114783922,25007.178650466805,187
1783605000,25037.4,25067.9,25024.1,25063,25038,25009.237615578426,24989.435737733573,25012.494969469968,199
1783605300,25062.5,25069.9,25041.4,25047.9,25038,25009.62231592093,24991.728453900883,25015.866877139495,276
1783605600,25047.7,25066.4,25040.9,25043.2,25038,25009.956422230174,24993.74694590477,25018.470031697638,146
1783605900,25042.7,25052.2,25034.7,25035.7,25038,25010.212577232858,24995.392163712426,25020.110981059766,126
1783606200,25036.4,25053.1,25019.4,25040.7,25038,25010.515934673327,24997.168941606054,25022.071840006454,251
1783606500,25041.1,25041.3,25014.1,25027.4,25038,25010.683935323344,24998.354473307776,25022.579283815365,139
1783606800,25026.6,25032.7,25003.7,25029.6,25038,25010.872154872366,24999.57978808002,25023.247923451996,202
1783607100,25029.8,25054.3,25024.2,25045.8,25038,25011.219695619904,25001.392345410215,25025.395740266093,106
1783607400,25045.6,25082.1,25045.6,25072.2,25038,25011.826464817717,25004.16911617844,25029.85328881218,271
1783607700,25072.7,25078,25052.7,25065.9,25038,25012.36450994391,25006.589935151835,25033.286308925308,179
1783608000,25064.9,25072.8,25049.2,25054.1,25038,25012.77978845193,25008.4530749498,25035.268565218135,133
1783608300,25054.6,25074.5,25045.9,25051.5,25050,25013.165064188728,25010.14118965765,25036.81441614974,139
1783608600,25051.6,25065.7,25040.8,25062.3,25050,25013.65396902267,25012.186633200487,25039.24161461167,173
1783608900,25062.5,25096.5,25061.9,25096.5,25050,25014.47830763936,25015.493039741643,25044.694794172465,173
1783609200,25096.2,25105.7,25091.9,25096.9,25050,25015.298423981258,25018.685469555698,25049.66671853699,196
1783609500,25099.4,25117.5,25099.1,25116.2,25050,25016.30241976254,25022.509568788806,25056.00322153347,171
1783609800,25117.3,25129,25114.3,25125.6,25050,25017.389957874355,25026.552330797087,25062.63148614933,229
1783610100,25120.1,25133.2,25105.3,25105.8,25050,25018.269659786052,25029.660082530536,25066.742773182727,320
1783610400,25105.2,25115.5,25097.7,25103.9,25050,25019.12170297226,25032.571451843065,25070.281556689133,485
1783610700,25104.9,25117.5,25091.7,25105.9,25050,25019.985168614327,25035.447081182552,25073.673789385408,429
1783611000,25105.3,25121.1,25080.6,25118.2,25050,25020.962430618165,25038.6922936852,25077.914380872513,738
1783611300,25113.2,25121.2,25098.7,25112.5,25050,25021.873252204055,25041.58671354068,25081.208249360847,396
1783611600,25111.5,25117.1,25102.9,25105.2,25050,25022.702374072673,25044.08135222536,25083.493177993147,68
1783611900,25105.7,25106.7,25095.2,25102.2,25102,25023.493395226178,25046.36051488319,25085.27478008904,72
1783612200,25101.7,25106.2,25092.7,25103,25102,25024.28450572144,25048.58167116228,25086.962896271034,72
1783612500,25102,25108.2,25099.5,25102.9,25102,25025.066749445603,25050.711801704936,25088.48071567379,46
1783612800,25101.9,25126.2,25101.9,25113.2,25102,25025.943697212315,25053.162319285133,25090.834933228667,92
1783613100,25114.2,25125.8,25114.2,25119.2,25102,25026.871620623137,25055.752032254342,25093.53636815927,33
1783613400,25120.2,25120.2,25111.2,25115.3,25102,25027.751504995045,25058.08724667574,25095.609095001244,45
1783613700,25116.2,25118.2,25106.2,25109.1,25102,25028.56094275629,25060.0877468061,25096.893943096362,35
1783614000,25108.6,25113.2,25103.2,25105.4,25102,25029.325510490056,25061.864697911744,25097.704043753853,41
1783614300,25104.9,25112.7,25102.1,25111.3,25102,25030.141177052345,25063.803337209323,25098.998896729678,32
1783614600,25109.3,25116.7,25102.2,25102.2,25102,25030.858180265754,25065.309088691312,25099.303763707805,20
1783614900,25103.2,25106.7,25099.7,25106.2,25102,25031.607850113855,25066.912653840674,25099.960548116585,14
1783615200,25106.7,25107.8,25103.2,25105.7,25102,25032.345085436104,25068.43372623908,25100.50716258167,23
1783615500,25104.7,25105.2,25098.3,25101.8,25102,25033.036179113355,25069.74220756304,25100.630289954846,23
1783615800,25101.3,25112.4,25100.2,25110.4,25102,25033.80596837591,25071.33663079586,25101.560738530574,30
1783616100,25109.9,25110.7,25105.2,25105.7,25102,25034.521331874657,25072.684213901906,25101.954953908615,20
1783616400,25105.2,25115.2,25104.7,25111,25102,25035.28231364705,25074.18679374889,25102.816386869697,23
1783616700,25111.2,25120.2,25109.1,25119.1,25102,25036.116320476434,25075.948095954816,25104.367207167823,19
1783617000,25118.6,25123.9,25115.5,25115.5,25102,25036.906207834876,25077.49915101541,25105.427473151838,36
1783617300,25114.8,25121.2,25112.8,25120.7,25102,25037.739976911147,25079.193301955984,25106.88199951833,22
1783617600,25121.2,25125,25119.2,25123.2,25102,25038.590325399593,25080.919054820453,25108.4360948023,22
1783617900,25124.7,25133.2,25123.2,25128.9,25102,25039.48892912696,25082.80066051377,25110.38503815446,88
1783618200,25129.4,25131.7,25124.7,25129.7,25102,25040.386551722713,25084.639850297546,25112.22455833023,17
1783618500,25129.2,25138.7,25127.7,25134.2,25102,25041.320018869752,25086.583385579994,25114.317457536872,47
1783618800,25134.7,25137.5,25128.2,25131.3,25102,25042.21534206508,25088.336978302348,25115.93484253336,22
1783619100,25131.8,25142.2,25128.7,25138.7,25138,25043.175388412692,25090.31199876108,25118.102952768277,58
1783619400,25139.2,25143.2,25135.7,25139.2,25138,25044.130857184704,25092.229175280256,25120.112195361773,43
1783619700,25138.7,25139.2,25127.7,25131.7,25138,25045.002191939086,25093.77705075946,25121.21579580351,82
1783620000,25132.2,25140.7,25127.2,25129.2,25138,25045.83998107402,25095.166186023795,25121.976196203177,20
1783620300,25129.7,25136.2,25127.2,25130.7,25138,25046.68435937179,25096.559668924823,25122.807034660018,27
1783620600,25130.8,25138.2,25130.3,25134,25138,25047.55317171635,25098.027917202282,25123.873031359064,5
1783620900,25134.5,25136.2,25122.7,25122.7,25138,25048.300901351013,25098.995449861017,25123.761314086772,6
1783621200,25123,25123,25113.9,25114.6,25138,25048.960593874883,25099.607393003724,25122.88880798327,55
1783621500,25113.1,25114.9,25104.7,25108.7,25138,25049.555015826376,25099.963965827108,25121.537492937245,19
1783621800,25108.2,25115.7,25108.2,25112.2,25138,25050.17834900223,25100.443810304478,25120.648207895603,18
1783622100,25110.7,25110.7,25101.7,25101.7,25138,25050.69100224599,25100.493072645477,25118.84361666745,17
1783622400,25102.2,25115.8,25100.7,25113.3,25138,25051.313977348018,25100.995305090753,25118.315653175312,23
1783622700,25113.8,25113.8,25103.2,25111.5,25102,25051.912843245052,25101.407253910726,25117.666543349093,14
1783623000,25112,25113.7,25108.7,25109.2,25102,25052.4828647053,25101.71285179658,25116.860205887275,17
1783623300,25108.8,25116.4,25105.8,25115.9,25102,25053.11388097689,25102.269210549654,25116.768757707534,34
1783623600,25116.4,25124.8,25102.7,25102.7,25102,25053.607275196024,25102.286104253588,25115.428876021102,50
1783623900,25103.2,25105.6,25099.2,25105.6,25102,25054.124615741337,25102.416060949527,25114.49279259052,23
1783624200,25106.4,25108.2,25101.1,25101.3,25102,25054.59402254988,25102.372293853467,25113.236336153328,26
1783624500,25101.8,25114.2,25099.7,25113.7,25102,25055.18214172849,25102.81651762392,25113.280494614915,15
1783624800,25114.2,25115.2,25108.7,25112.7,25102,25055.754458726216,25103.20410516808,25113.225209413496,11
1783625100,25113.2,25114.2,25110.7,25112.8,25102,25056.322076052325,25103.58041476933,25113.18471327888,4
1783625400,25112.3,25112.3,25098.2,25102.7,25102,25056.783547932402,25103.545888699944,25112.18616915708,39
1783625700,25103.2,25105.4,25097.1,25103.2,25102,25057.245403176858,25103.5323244372,25111.330343523074,63
1783626000,25102.7,25111.2,25102.2,25110.2,25102,25057.772314588034,25103.79380191025,25111.222691758972,20
1783626300,25109.7,25117.2,25108.2,25116.4,25122,25058.355674641884,25104.288162619654,25111.71576873431,72
1783626600,25115.9,25115.9,25103.4,25104.5,25122,25058.814822157885,25104.296469967903,25111.028552664375,119
1783626900,25106,25125.1,25106,25124.8,25122,25059.471391091636,25105.10052996916,25112.340119077293,140
1783627200,25128.1,25128.9,25113.6,25121.3,25122,25060.086601130526,25105.7358033037,25113.193441069932,10
1783627500,25120.5,25132.1,25120.5,25130.6,25122,25060.788226989924,25106.710869840812,25114.851208587083,0
1783627800,25129.8,25130.2,25122.2,25127.7,25122,25061.454015776093,25107.53397298431,25116.07490300736,0
1783628100,25126.8,25131,25122.6,25123.3,25122,25062.069398703694,25108.152248553553,25116.76300748285,0
1783628400,25120.8,25124.2,25115.6,25116.4,25122,25062.61000170167,25108.47568978675,25116.728435341625,0
1783628700,25117.2,25117.2,25112.1,25114.6,25122,25063.127315117574,25108.715858814718,25116.52572721385,0
1783629000,25113.8,25123.8,25112.9,25123,25122,25063.723063225858,25109.27602121414,25117.142324622055,0
1783629300,25123.8,25123.8,25121.3,25122.9,25122,25064.311888467393,25109.810294892017,25117.69067465805,0
1783629600,25123.8,25124.6,25116.2,25116.2,25122,25064.828188084633,25110.060871562917,25117.548705643,0
1783629900,25117,25117.8,25115.3,25116.9,25122,25065.346315566378,25110.329072678098,25117.48692415319,0
1783630200,25116.1,25116.1,25110.9,25111.9,25122,25065.80953630701,25110.390677671112,25116.9548361386,0
1783630500,25111.1,25115.3,25107.7,25109.4,25122,25066.243272264153,25110.351827566363,25116.235327934923,0
1783630800,25111.5,25117.3,25111.2,25116.6,25122,25066.744334231673,25110.59685393631,25116.270058607788,0
1783631100,25115.6,25116.5,25109.6,25110.2,25122,25067.176728915936,25110.581291036848,25115.691957788,0
1783631400,25110,25113.9,25106.4,25109.6,25122,25067.598851016275,25110.542809035403,25115.111771331998,0
1783631700,25109.7,25111.6,25105.9,25107.9,25122,25067.999857473824,25110.439169465386,25114.424935967047,0
1783632000,25107.7,25109.6,25106.5,25108.6,25122,25068.403838991497,25110.367045172625,25113.870180160662,0
1783632300,25106.7,25107.9,25104.6,25104.7,25122,25068.764994822428,25110.14480810703,25112.99682966917,0
1783632600,25105,25109,25104.5,25106.3,25122,25069.138477461012,25109.994031318518,25112.359036367343,0
1783632900,25107.5,25113,25105.7,25110.1,25122,25069.54605479971,25109.998186953086,25112.143890046642,0
1783633200,25109.5,25112,25108.8,25111.9,25122,25069.96748709026,25110.072767856887,25112.120662423153,0
1783633500,25110.7,25110.8,25105.3,25106.3,25102,25070.32900463165,25109.924816176226,25111.566313620948,0
1783633800,25107.1,25107.1,25106.3,25106.3,25102,25070.686924983573,25109.782666522256,25111.06475994276,0
1783634100,25106.1,25111,25106.1,25109.3,25102,25071.07113468523,25109.763738423346,25110.89668756726,0
1783634400,25114.3,25117.6,25109.3,25116.2,25102,25071.520178121198,25110.016140838117,25111.401764941806,0
1783634700,25117.9,25122.1,25109.1,25110.8,25102,25071.91102211999,25110.046880413094,25111.344453994967,0
1783635000,25110,25115,25107.4,25110,25102,25072.29001692477,25110.04504196552,25111.21641075735,0
1783635300,25110.4,25114.5,25106.2,25109.3,25102,25072.658275462833,25110.01582463354,25111.033895447126,0
1783635600,25108.4,25112.2,25105.5,25110.7,25102,25073.036800085094,25110.04265504007,25111.002095880733,0
1783635900,25110.3,25112.4,25105.9,25108,25102,25073.38469262156,25109.962550920853,25110.71618198733,0
1783636200,25108.4,25111.9,25107.6,25109.4,25102,25073.743053889008,25109.940490100427,25110.590831321868,0
1783636500,25109,25113.5,25108.6,25111,25102,25074.11376977071,25109.982039508253,25110.629799767405,0
1783636800,25111.4,25113.3,25110.2,25112.1,25102,25074.4917422108,25110.06509678244,25110.769818837176,0
1783637100,25112.5,25115.8,25111.2,25113.7,25122,25074.8818741291,25110.20764200666,25111.048883709827,0
1783637400,25114.2,25116.7,25113.6,25113.6,25122,25075.26712911289,25110.340675653457,25111.291847166034,0
1783637700,25113.2,25116.1,25112.8,25115.7,25122,25075.669446236145,25110.550845235673,25111.71167124546,0
1783638000,25116.1,25118.6,25109.5,25117.8,25122,25076.088655726333,25110.835125814665,25112.291512079224,0
1783638300,25118.6,25124,25117.8,25124,25122,25076.5653855201,25111.35139539056,25113.40660616692,0
1783638600,25123.2,25125.7,25121.5,25124.8,25122,25077.045331932837,25111.878791649753,25114.49169129388,0
1783638900,25124.3,25126.4,25120.6,25125.6,25122,25077.52846295838,25112.416878251723,25115.549625456366,0
1783639200,25126,25130.6,25123.2,25129,25122,25078.04061755581,25113.067196751654,25116.83061350814,0
1783639500,25129.4,25132.3,25128.6,25131.5,25122,25078.572551709483,25113.790051781,25118.227697935938,0
1783639800,25131.6,25132.4,25126.3,25127.1,25122,25079.055411891477,25114.312010534686,25119.072679084897,0
1783640100,25126.7,25130.8,25126.7,25129.6,25122,25079.558343116438,25114.911539533325,25120.07528107681,0
1783640400,25130,25130.4,25125,25126.3,25122,25080.023434229708,25115.358145826136,25120.668111450446,0
1783640700,25125.9,25126.7,25115.8,25118.3,25122,25080.404295580654,25115.473512656485,25120.442577026595,0
1783641000,25119.2,25129.2,25119.2,25126.3,25122,25080.860969256468,25115.898080787603,25121.000426833587,0
1783641300,25125.9,25130.5,25122.2,25122.2,25122,25081.272302895708,25116.145214874363,25121.114671897056,0
1783641600,25124.7,25124.7,25103.9,25109.7,25122,25081.555165553462,25115.89246134988,25120.027560287814,0
1783641900,25110.1,25112.2,25097.8,25107.4,25122,25081.812328085267,25115.559423649884,25118.8249354985,0
1783642200,25108.2,25108.2,25095.8,25105.7,25122,25082.050016363024,25115.172779585184,25117.5749416415,0
1783642500,25106.6,25113.7,25090.7,25108.2,25122,25082.310215205183,25114.89933724851,25116.682090056594,14
1783642800,25108.7,25116.2,25098.7,25101.5,25122,25082.50115833747,25114.373873042685,25115.23617671787,1
1783643100,25103,25108,25095.2,25096.3,25122,25082.638460244558,25113.665093707677,25113.432731316167,6
1783643400,25097.2,25105.8,25084.8,25084.8,25122,25082.65996810282,25112.533129248553,25110.70580452415,0
1783643700,25087.8,25092.3,25083.8,25083.8,25122,25082.671311703787,25111.40633986626,25108.143346950423,0
1783644000,25082.3,25098.3,25082.3,25098.3,25122,25082.826821040067,25110.892365753854,25107.205885336098,0
1783644300,25097.8,25097.8,25085.3,25088.8,25088,25082.886255656584,25110.02599846939,25105.452943875516,3
1783644600,25089.3,25093.3,25081.8,25084.8,25088,25082.905297888858,25109.036743627454,25103.485996839754,3
1783644900,25085.3,25100.3,25085.3,25100.3,25088,25083.078379501905,25108.694126230297,25103.1825685693,0
1783645200,25101.3,25116.7,25101.3,25102.8,25088,25083.274614531736,25108.462984025187,25103.14613346746,1
1783645500,25102.3,25110.8,25097.3,25102.3,25088,25083.463921849827,25108.221298377142,25103.0655493277,3
1783645800,25101.8,25101.8,25091.8,25098.3,25088,25083.61154451799,25107.83222785255,25102.611687486966,0
1783646100,25096.3,25104.3,25094.8,25101.3,25088,25083.78754905015,25107.57606205441,25102.486764869158,8
1783646400,25101.8,25111.8,25096.3,25111.8,25088,25084.06627990537,25107.741706679728,25103.373739643524,6
1783646700,25111.3,25111.8,25103.8,25111.7,25088,25084.341242294373,25107.896933868757,25104.16671682033,0
1783647000,25111.2,25121.8,25104.2,25120.8,25088,25084.70401600289,25108.40293646214,25105.750839027918,2
1783647300,25121.3,25121.3,25112.8,25117.3,25088,25085.028354152113,25108.751840914603,25106.850759120498,0
1783647600,25117.8,25119.8,25114.8,25115.3,25088,25085.32956455856,25109.00863146697,25107.65544872807,0
1783647900,25114.8,25136.8,25114.3,25134.8,25138,25085.82180769728,25110.020057683952,25110.240644087302,5
1783648200,25133.8,25136.3,25122.3,25124.3,25138,25086.20467528238,25110.580055421837,25111.5796303647,0
1783648500,25124.8,25133.8,25120.4,25120.9,25138,25086.549902394,25110.984759130784,25112.467284615683,0
1783648800,25122.2,25126.3,25113.8,25124.8,25138,25086.930500380127,25111.52653328252,25113.641828937998,4
1783649100,25125.3,25132.3,25120.3,25129.8,25138,25087.3570625654,25112.243139820457,25115.180702372476,12
1783649400,25129.3,25133.3,25124.3,25128.8,25138,25087.76943010206,25112.89242845495,25116.477778337,4
1783649700,25129.3,25130.8,25123.3,25128.8,25138,25088.177694479153,25113.51625479005,25117.651323257287,9
1783650000,25128.3,25145.3,25118.3,25120.3,25138,25088.497319409707,25113.78228401397,25117.903578185163,54
1783650300,25119.8,25122.8,25111.8,25114.8,25138,25088.759037624535,25113.822194444794,25117.607999310385,8
1783650600,25115.8,25125.8,25110.8,25123.8,25138,25089.107703916827,25114.213480937156,25118.197713661775,8
1783650900,25125.3,25128.3,25119.3,25127.3,25138,25089.487726763426,25114.72667776315,25119.06459807494,0
1783651200,25127.8,25130.3,25107.3,25107.3,25138,25089.664963313044,25114.435435497926,25117.94416016304,53
1783651500,25112.3,25117.8,25104.8,25115.3,25122,25089.920038304954,25114.4693399882,25117.692335385607,12
1783651800,25113.8,25122.3,25110.8,25117.8,25122,25090.197450859134,25114.59995410631,25117.702589158405,2
1783652100,25116.3,25118.8,25111.8,25116.3,25122,25090.457177716256,25114.666622572728,25117.569009238556,1
1783652400,25116.7,25122.3,25115.2,25122.3,25122,25090.77402171908,25114.96597070713,25118.019579787266,0
1783652700,25120.3,25139.3,25118.8,25129.3,25122,25091.15736478655,25115.52808950293,25119.09390552181,25
1783653000,25128.8,25130.3,25122.5,25123,25122,25091.47420692798,25115.82110560085,25119.465914519733,0
1783653300,25124.2,25126.8,25120.2,25124.3,25122,25091.800831734665,25116.153611263562,25119.92630361309,10
1783653600,25124.8,25126.8,25115.8,25118.3,25122,25092.064505050737,25116.237783370874,25119.7714175547,3
1783653900,25119.8,25123.3,25101.3,25113.8,25122,25092.28077863232,25116.142184022996,25119.20271112092,21
1783654200,25115.3,25115.3,25109.3,25113.3,25122,25092.48992511359,25116.030725826015,25118.640548157022,1
1783654500,25112.8,25114.3,25101.8,25104.8,25122,25092.612413420917,25115.590305205387,25117.322400713496,0
1783654800,25106.3,25110.4,25104.9,25107.8,25122,25092.763533685385,25115.28480304047,25116.415505407447,0
1783655100,25108.3,25119.3,25101.8,25106.3,25102,25092.898224892495,25114.932457823197,25115.45212394007,29
1783655400,25105.2,25106.8,25101.8,25104.8,25102,25093.016650515456,25114.535106536012,25114.43763594578,1
1783655700,25104.3,25113.3,25104.3,25112.8,25102,25093.213499764057,25114.46706314244,25114.28167061761,3
1783656000,25111.8,25113.3,25102.3,25109.8,25102,25093.3785395674,25114.284041058425,25113.854844844504,30
1783656300,25108.3,25111.3,25104.8,25108.3,25102,25093.527011810507,25114.049372781625,25113.32581200217,1
1783656600,25109.8,25111.8,25105.8,25111.3,25102,25093.703857464134,25113.94155424117,25113.132877525775,0
1783656900,25110.8,25113.8,25104.3,25110.3,25102,25093.86899321076,25113.798748192497,25112.86307966618,0
1783657200,25108.3,25110.3,25094.8,25095.3,25102,25093.883232084285,25113.07330708691,25111.190405412257,1
1783657500,25093.8,25098.4,25093,25097.4,25102,25093.918224799865,25112.458667593306,25109.877033468234,8
1783657800,25097.9,25104.4,25093.3,25099.3,25102,25093.971774801856,25111.942641413178,25108.86969694745,36
1783658100,25099.8,25104.8,25098.8,25104.3,25102,25094.074543211787,25111.64292998521,25108.43448771436,1
1783658400,25104.8,25106.8,25102.8,25102.8,25102,25094.16136367734,25111.29614841716,25107.8978698368,0
1783658700,25103.3,25108.8,25096.3,25096.3,25102,25094.18264364075,25110.70806416551,25106.793310804725,13
1783659000,25092.3,25094.8,25086.8,25087.8,25102,25094.119134748802,25109.80970870804,25104.98442406142,16
1783659300,25087.3,25088.3,25080.3,25085.3,25102,25094.031382164238,25108.848543660664,25103.10971700795,8
1783659600,25086.3,25096.3,25080.3,25085.8,25102,25093.949477864095,25107.944679203385,25101.461172531002,26
1783659900,25085.3,25094.3,25084.8,25087.8,25102,25093.888289029626,25107.154691783646,25100.16010848043,0
1783660200,25087.3,25103.8,25087.3,25101.8,25102,25093.96701252187,25106.944703870562,25100.316288625152,22
1783660500,25102.3,25105.8,25094.3,25101.3,25102,25094.039977571403,25106.723342934463,25100.409975422757,14
1783660800,25099.3,25103.3,25092.3,25092.8,25102,25094.027639486114,25106.177329486054,25099.685215858684,3
1783661100,25093.8,25093.8,25086.3,25091.3,25102,25094.00049879471,25105.593904800327,25098.886623872142,2
1783661400,25091.8,25097.3,25086.3,25092.8,25102,25093.988553533072,25105.092183043453,25098.306945408127,6
1783661700,25093.8,25095.3,25082.3,25084.3,25102,25093.89215001533,25104.276803316257,25096.972950607353,5
1783662000,25083.8,25085.8,25072.8,25075.8,25102,25093.712128622145,25103.160065931304,25094.956479120938,47
1783662300,25080.3,25082.9,25072.3,25072.3,25058,25093.499072615956,25101.949867267333,25092.798719204657,46
1783662600,25072.8,25081.8,25071.8,25078.3,25058,25093.347838062564,25101.022421492144,25091.41788880421,7
1783662900,25077.3,25079.8,25067.8,25079.3,25058,25093.208058579356,25100.170561825784,25090.26380415619,7
1783663200,25079.3,25121.8,25079.3,25119.3,25058,25093.467679887024,25100.92073587183,25093.029156141314,87
1783663500,25118.8,25128.8,25111.8,25124.8,25058,25093.779444266256,25101.857177602345,25096.05495079452,61
1783663800,25124.9,25128.1,25112.3,25119.1,25058,25094.031390094453,25102.53336671598,25098.24971738552,39
1783664100,25118.6,25134.3,25118.6,25125.8,25058,25094.347495665654,25103.44578370751,25100.873553824993,56
1783664400,25125.3,25127.3,25104.3,25104.6,25058,25094.449510634153,25103.491047091527,25101.228453460706,74
1783664700,25105.1,25106.3,25095.3,25103.8,25058,25094.542550329334,25103.50316289186,25101.473362654924,65
1783665000,25102.3,25126.3,25100.3,25106.5,25058,25094.661529928046,25103.620685915706,25101.95209002112,49
1783665300,25106.8,25108.8,25091.2,25093.3,25058,25094.647982366572,25103.2159531347,25101.12808144768,35
1783665600,25092.8,25101.3,25091.8,25099.3,25058,25094.694271099244,25103.062386345104,25100.953978452664,37
1783665900,25098.8,25117.3,25098.3,25117.3,25122,25094.919203725123,25103.620724135493,25102.510742409555,41
1783666200,25117.8,25118.3,25106.3,25114.8,25122,25095.11702259353,25104.059127110573,25103.68114789436,29
1783666500,25115.8,25127.3,25103.3,25109.3,25122,25095.25814674683,25104.26465153761,25104.216276666324,216
1783666800,25108.8,25127.9,25075.9,25096.1,25122,25095.266523396116,25103.94446912437,25103.4432979362,641
1783667100,25095.6,25143,25092.8,25142.6,25122,25095.737503262822,25105.460372295962,25107.17250765656,217
1783667400,25142.8,25144.8,25122.1,25141.9,25122,25096.196831588564,25106.889377303964,25110.479887879745,190
1783667700,25142.1,25157.6,25119.2,25157.4,25122,25096.805818338926,25108.87018603714,25114.948469986437,128
1783668000,25155,25166.1,25142.6,25163.2,25122,25097.46645696242,25111.00076697686,25119.54385379725,105
1783668300,25163.1,25167.5,25146.4,25166.7,25122,25098.155347937918,25113.185050624827,25124.03491534037,184
1783668600,25168.5,25191.3,25168.1,25179.3,25122,25098.962757411173,25115.77779373758,25129.298256736525,240
1783668900,25179.2,25195.6,25171.7,25195.4,25122,25099.922331964295,25118.900233198852,25135.593660856855,110
1783669200,25196.2,25197.5,25154.2,25154.6,25122,25100.46638836266,25120.3002240538,25137.4037883943,167
1783669500,25154.1,25157.7,25101.7,25112.2,25122,25100.58314071726,25119.982568208554,25135.003427594842,266
1783669800,25112.7,25116.6,25094.8,25101,25122,25100.58728857082,25119.238153769,25131.765005919144,163
1783670100,25101.5,25125.6,25094.9,25120,25122,25100.780449878574,25119.268030091785,25130.64452916494,140
1783670400,25120.9,25155.3,25117.2,25126.6,25122,25101.037360825056,25119.55555832348,25130.259335911134,209
1783670700,25127.1,25163.6,25118.1,25160.6,25122,25101.630023901424,25121.16514427158,25133.148922967215,120
1783671000,25159.2,25168.9,25148.3,25158.8,25122,25102.198879384992,25122.641020966814,25135.591882684625,126
1783671300,25158.5,25158.5,25132.6,25145.6,25122,25102.63073133141,25123.54137308576,25136.54503671466,100
1783671600,25146.3,25147.2,25091.4,25106.2,25122,25102.66624644254,25122.861319239262,25133.655033218023,140
1783671900,25105.7,25114.9,25098.6,25106.2,25122,25102.70140816948,25122.207934171056,25131.04026814964,128
1783672200,25108,25111.8,25085.8,25110.2,25122,25102.776021023514,25121.7370347918,25129.05548070682,151
1783672500,25109.8,25116.2,25099.4,25106.6,25122,25102.814070565568,25121.14342558428,25126.916863496645,122
1783672800,25106.1,25114.2,25097,25106.3,25122,25102.848756430587,25120.561330463326,25124.95335268744,61
1783673100,25106.8,25106.8,25076.9,25080.4,25088,25102.625385719835,25118.98637632751,25120.710176241017,147
1783673400,25081.9,25091.7,25066.6,25078,25088,25102.380357006205,25117.379067451922,25116.64254040854,148
1783673700,25077.7,25087.1,25072.4,25082.1,25088,25102.178562409128,25115.99557461067,25113.352774655345,114
1783674000,25081.9,25094.9,25060.7,25082.4,25088,25101.981760793118,25114.678101096528,25110.404891354836,146
1783674300,25081.4,25082.8,25054.9,25068.9,25088,25101.652589043933,25112.882881445683,25106.452044559137,74
1783674600,25069.2,25100.8,25064.4,25093.6,25088,25101.572463779816,25112.12669001644,25105.22804031541,147
1783674900,25092.6,25127.6,25091.6,25123.2,25088,25101.78766314519,25112.560937466777,25106.939655523467,170
1783675200,25121.1,25124.4,25099.6,25104,25088,25101.80967644723,25112.225214428865,25106.659688330757,72
1783675500,25105,25108.1,25086.9,25092.3,25088,25101.715052800988,25111.443833470872,25105.292098965925,63
1783675800,25091.8,25094.6,25076.3,25087.6,25088,25101.57460451441,25110.508781177898,25103.607137159648,160
1783676100,25087.1,25087.6,25063,25072.1,25088,25101.2813248675,25109.002554465038,25100.606457430156,150
1783676400,25073.1,25082.8,25067.9,25082.6,25088,25101.095441037975,25107.96716017229,25098.891556722523,72
1783676700,25082.1,25105.1,25080.3,25095.1,25102,25101.035784908243,25107.46256565573,25098.530456082284,146
1783677000,25095,25120.2,25094.5,25111,25102,25101.134931327066,25107.60128857119,25099.718031693494,174
1783677300,25110.5,25110.7,25079.8,25081.3,25102,25100.9375688263,25106.569865489968,25097.96393343697,196
1783677600,25080.8,25109.2,25079.3,25106.9,25102,25100.99689649967,25106.58281194134,25098.814987395355,128
1783677900,25106.4,25119.8,25104,25111.9,25102,25101.105385091712,25106.79132912011,25100.06117907199,65
1783678200,25109.6,25124.4,25108.1,25117.8,25102,25101.27150066294,25107.223041703637,25101.75059058894,76
1783678500,25118.3,25129.5,25114.4,25129.4,25102,25101.551386228482,25108.09272634271,25104.383867675708,45
1783678800,25129.9,25130.9,25111.6,25127.7,25102,25101.81157144014,25108.861639035153,25106.604451706593,243
1783679100,25128.2,25134.2,25120.7,25128.4,25102,25102.076132918348,25109.62784926907,25108.680218210728,39
1783679400,25128.5,25153.7,25128.5,25150.2,25102,25102.554977366923,25111.218914003617,25112.63448314304,117
1783679700,25150.1,25157.6,25144.1,25146.5,25102,25102.992241273718,25112.602486003474,25115.85977046275,71
1783680000,25147.9,25151.7,25128.4,25136.7,25102,25103.327641858057,25113.547486552357,25117.844554228202,96
1783680300,25137.1,25141.9,25127.4,25138.5,25138,25103.677615570912,25114.52601649148,25119.811739539804,44
1783680600,25140,25143.9,25122.6,25124.8,25138,25103.887788550306,25114.92891780554,25120.286811964583,103
1783680900,25124.6,25140.8,25122.1,25138.8,25138,25104.23517373886,25115.86503867591,25122.04997272986,56
1783681200,25137.2,25148.7,25121.9,25128.4,25138,25104.47561977131,25116.35660578666,25122.654737231776,264
1783681500,25128.1,25144.5,25125.9,25137.6,25138,25104.805215594482,25117.189680069536,25124.078095590656,93
1783681800,25138.2,25144.9,25128.8,25144.9,25138,25105.204168673143,25118.276359282496,25126.061134105832,77
1783682100,25144.4,25153.8,25144.4,25146.8,25138,25105.618057542066,25119.39493342828,25128.036264190992,75
1783682400,25145,25153,25135.6,25140.4,25138,25105.964146521746,25120.218661529132,25129.21376283947,124
1783682700,25140.3,25140.3,25120.6,25127.1,25138,25106.17445352153,25120.488517939753,25129.012452092855,148
1783683000,25126.6,25127.5,25093.8,25102,25138,25106.13291667057,25119.763478020548,25126.43983760782,128
1783683300,25101.5,25107,25094,25102.5,25138,25106.096768245985,25119.086478882487,25124.159853073743,54
1783683600,25102,25114.3,25098.4,25110.9,25138,25106.14456159677,25118.76544049494,25122.89700992386,74
1783683900,25110.4,25125.1,25107,25112.7,25122,25106.20978983959,25118.527580083373,25121.92586612159,67
1783684200,25114.1,25121.7,25101.2,25104.4,25122,25106.19178198049,25117.973557335004,25120.256736014773,81
1783684500,25102.4,25108.3,25092.3,25106.6,25122,25106.195843851332,25117.52753547873,25118.956094489557,55
1783684800,25108.6,25112.7,25085.3,25085.4,25122,25105.988920031916,25116.267632126623,25115.760275966742,107
1783685100,25084.4,25094.2,25073.5,25091.8,25122,25105.847736748015,25115.308117141263,25113.478344922292,60
1783685400,25091.5,25190.5,25091.5,25155.9,25122,25106.345769218184,25116.899955684745,25117.51850254874,590
1783685700,25156.5,25158.9,25117.3,25122.3,25122,25106.504517783178,25117.11172212848,25117.973883258386,134
1783686000,25119.8,25129.8,25108.9,25128.9,25122,25106.72735840225,25117.574007535208,25119.014465805205,99
1783686300,25128.4,25138.3,25119.2,25122.3,25122,25106.88231005994,25117.759340573044,25119.32737382376,73
1783686600,25121.3,25121.8,25099.5,25108.3,25122,25106.896416427502,25117.38838604077,25118.277147745306,84
1783686900,25108.7,25121.7,25096.3,25119.2,25122,25107.018840144643,25117.459429725444,25118.36503843623,58
1783687200,25118.6,25122.2,25110.4,25116.7,25122,25107.115170093453,25117.429648167585,25118.206463347065,69
1783687500,25116.5,25129.2,25113.9,25124,25122,25107.28317835123,25117.687309023757,25118.758228742583,26
1783687800,25122.9,25129.4,25119.9,25128.8,25122,25107.497276079077,25118.123100826746,25119.714587909955,45
1783688100,25127.8,25130.6,25116.7,25123.6,25122,25107.657502187743,25118.337881186482,25120.084627156626,53
1783688400,25124.3,25139.3,25116,25127,25122,25107.849964852543,25118.677572120345,25120.74323409409,99
1783688700,25126.9,25135,25126.9,25129.3,25122,25108.06339803809,25119.094137919546,25121.55816418037,62
1783689000,25130.6,25145.1,25126.6,25145,25122,25108.430926415822,25120.110054079563,25123.790719972716,59
1783689300,25144,25156.6,25142.4,25148.1,25122,25108.825643565913,25121.20769901762,25126.105889499126,56
1783689600,25145.9,25149.8,25140.1,25141,25122,25109.145786416004,25121.983867683597,25127.524376213496,41
1783689900,25140.5,25144.7,25132.7,25140.2,25122,25109.454783566092,25122.698225813652,25128.731578478877,42
1783690200,25142.4,25161.7,25118.2,25119.9,25122,25109.55871606792,25122.588491468017,25127.890475766602,153
1783690500,25119.4,25128.7,25105.3,25111,25122,25109.573057201575,25122.134040822213,25126.281859026927,123
1783690800,25110.9,25113.5,25097.4,25104,25122,25109.517603896085,25121.42290196644,25124.159777214838,151
1783691100,25104.5,25121.8,25100,25119,25122,25109.611956096123,25121.327886203053,25123.668369861043,107
1783691400,25116.7,25126.3,25101.9,25113.7,25122,25109.652633149894,25121.028753410777,25122.71900130285,86
1783691700,25113.8,25114.9,25088.9,25089.6,25122,25109.453104461834,25119.79625327702,25119.564810702577,124
1783692000,25091.9,25122.8,25087.6,25109.7,25122,25109.455561133855,25119.400321775964,25118.62530492138,106
1783692300,25108.2,25121.9,25098.7,25120.7,25122,25109.567446097695,25119.451289549455,25118.822894928868,111
1783692600,25120.9,25122.5,25098.2,25109.5,25122,25109.566774992247,25119.061042900456,25117.935000173737,85
1783692900,25110,25128.3,25100.5,25119.9,25122,25109.669593151528,25119.09394317887,25118.122143014334,53
1783693200,25119.3,25127.7,25092,25097.1,25122,25109.544522572905,25118.231435603226,25116.120034155825,82
1783693500,25096.6,25113.1,25093.2,25094.2,25122,25109.39184075626,25117.289026363884,25114.03241185527,99
1783693800,25095.3,25106,24930.3,25048.9,25122,25108.789931893014,25114.60710376138,25107.829325011913,1146
1783694100,25049.1,25081.3,25041.8,25064.3,25122,25108.34724600353,25112.634276162895,25103.68367501078,214
1783694400,25064.2,25072.2,25054.6,25063.3,25122,25107.89901470001,25110.69959866631,25099.83761072404,112
1783694700,25063.5,25072,25053,25067.3,25058,25107.495044404488,25108.997653620572,25096.738790655083,129
1783695000,25067.8,25070.5,25052.3,25065.8,25058,25107.080168340763,25107.303627988393,25093.792239164122,115
1783695300,25065.3,25065.8,25036,25042.4,25058,25106.43658457618,25104.758387675123,25088.89774019611,155
1783695600,25043.5,25047.8,25017,25019.2,25058,25105.568558859002,25101.403156785902,25082.259860177433,205
1783695900,25018.7,25028.3,25012.8,25020.1,25058,25104.71812543752,25098.21479769626,25076.339873493867,225
1783696200,25021.5,25037.7,25016,25032.4,25058,25103.998542099835,25095.633825237583,25072.15512363731,221
1783696500,25032.2,25066,25030.9,25061.9,25058,25103.579651133667,25094.310930130225,25071.17844519566,271
1783696800,25061.8,25075.7,25051.2,25063.8,25058,25103.183833709452,25093.114423066294,25070.475736129407,193
1783697100,25063.9,25092.3,25063.8,25090.5,25058,25103.05762640886,25093.011896671538,25072.38280887899,515
1783697400,25091,25092.3,25065.8,25078.8,25058,25102.816256991857,25092.4545673903,25072.993969938132,491
1783697700,25075.8,25081.8,25061.5,25064.5,25058,25102.43500070338,25091.358309845582,25072.185020420216,305
1783698000,25065,25072.3,25055.8,25066.8,25058,25102.080423581952,25090.395238871246,25071.672161332575,88
1783698300,25066.3,25081.8,25062.3,25077.9,25088,25101.83982235228,25089.905229503747,25072.26528882471,114
1783698600,25078.4,25085.8,25075.9,25080.3,25088,25101.625495761713,25089.528553836935,25073.030499412835,56
1783698900,25079.3,25084.3,25074.8,25079.8,25088,25101.408326649656,25089.147041921762,25073.675213754468,34
1783699200,25082.3,25095.8,25082.1,25087.8,25088,25101.272920414336,25089.09421674836,25075.02043149214,83
1783699500,25088.3,25091.3,25081.3,25087.8,25088,25101.13886150474,25089.043463150385,25076.237533254793,36
1783699800,25088.3,25098.3,25085.8,25091.8,25088,25101.04593750967,25089.151562634685,25077.71967294481,47
1783700100,25091.3,25101.8,25091.3,25093.8,25088,25100.973838628975,25089.33385429607,25079.251132664354,20
1783700400,25094.8,25099.3,25085.6,25086.3,25088,25100.82783028441,25089.214879617793,25079.922453362986,37
1783700700,25086.8,25094.1,25086.2,25089.3,25088,25100.71312550546,25089.218217671998,25080.815553042703,42
1783701000,25090.3,25093.6,25080.8,25082.9,25088,25100.535880475552,25088.97044442996,25081.014071800542,45
1783701300,25083.4,25086.8,25076.8,25080.3,25088,25100.33452843102,25088.630427001335,25080.946064962394,38
1783701600,25079.8,25097.3,25079.8,25097.3,25088,25100.304334118275,25088.970410256185,25082.503582585025,46
1783701900,25096.8,25101.8,25094.3,25098.8,25102,25100.289365619585,25089.355884363784,25084.05562233883,30
1783702200,25099.3,25112.9,25098.8,25112.4,25102,25100.409869444265,25090.259575173048,25086.75508687799,38
1783702500,25113.3,25115.3,25109.2,25114.3,25102,25100.54807969855,25091.202336930968,25089.37841193723,15
1783702800,25113.8,25121.3,25109.3,25109.8,25102,25100.64013860702,25091.931657051322,25091.323325086065,22
1783703100,25111.8,25112.3,25104.3,25106.3,25102,25100.696455635807,25092.495121480682,25092.749675077866,13
1783703400,25106.8,25111.3,25103.8,25111.3,25102,25100.80196353993,25093.232567697127,25094.516372689497,37
1783703700,25110.8,25115.3,25109.3,25112.3,25102,25100.916371862913,25093.980310140378,25096.21005148097,10
1783704000,25112.8,25119.8,25112.3,25119.8,25102,25101.104268660296,25094.99284699762,25098.45671324469,16
1783704300,25119.3,25119.8,25113.3,25117.9,25102,25101.271390365167,25095.891166723202,25100.308454840433,9
1783704600,25117.8,25125.4,25117.3,25120.8,25102,25101.4657048889,25096.86798371445,25102.260030569916,18
1783704900,25121.3,25126.8,25117.7,25117.7,25102,25101.627240163634,25097.684925529567,25103.730503848972,14
1783705200,25118.4,25124.3,25118.4,25122.8,25102,25101.83791439086,25098.66983041076,25105.546646339546,10
1783705500,25122.3,25124.8,25119.3,25122.8,25122,25102.04649235712,25099.616111571122,25107.189822878638,21
1783705800,25122.3,25128.5,25122.3,25122.8,25122,25102.25299492073,25100.52528366637,25108.676506414005,10
1783706100,25123.8,25123.8,25112.8,25113.8,25122,25102.36789049366,25101.045860777493,25109.1644581841,7
1783706400,25114.3,25120.8,25112.8,25120.3,25122,25102.546319443973,25101.80092506073,25110.22498597609,16
1783706700,25120.8,25121.3,25114.3,25116.3,25122,25102.683171986817,25102.369516234816,25110.80355874027,18
1783707000,25116.8,25124.3,25112.8,25114.8,25122,25102.803737439684,25102.85698618639,25111.184172193578,98
1783707300,25115.3,25116.3,25109.3,25112.3,25122,25102.898227614412,25103.227300453593,25111.290441508474,7
1783707600,25112.8,25119.3,25108.3,25116.3,25122,25103.031578583425,25103.739955337765,25111.76754231719,28
1783707900,25116.8,25123.8,25115.3,25122.8,25122,25103.22827929404,25104.487408069617,25112.818252572695,126
1783708200,25122.3,25131.8,25122.2,25130.3,25122,25103.497649649322,25105.499666576692,25114.483180899104,17
1783708500,25129.8,25129.8,25119.3,25120.3,25122,25103.664837215,25106.080071808978,25115.03716367062,2
1783708800,25120.8,25124.8,25119.3,25120.3,25122,25103.830361222812,25106.637716051762,25115.538386178177,11
1783709100,25120.8,25122.3,25115.8,25115.8,25122,25103.949462106168,25106.997021304633,25115.563301780257,17
1783709400,25116.3,25119.3,25111.3,25119,25122,25104.099218702126,25107.46772635151,25115.890606372614,44
1783709700,25118.5,25119.3,25114.6,25115.6,25122,25104.21365433693,25107.78663904361,25115.86292957522,12
1783710000,25116.1,25121.4,25113.8,25120.3,25122,25104.373717477858,25108.277359081116,25116.285507710916,43
1783710300,25119.8,25121.7,25117.2,25121.3,25122,25104.54213819947,25108.788050881856,25116.763078405114,20
1783710600,25122.3,25123.4,25114.8,25121.4,25122,25104.709878117883,25109.282637121785,25117.20468998558,46
1783710900,25121.9,25125.9,25118.5,25119.5,25122,25104.857043509746,25109.68331801897,25117.423290939336,18
1783711200,25118.8,25119.3,25105.8,25107.3,25122,25104.881351534525,25109.589854567246,25116.459167992733,52
1783711500,25106.8,25114.7,25104.8,25114.7,25122,25104.979049529207,25109.790252427356,25116.291628183903,26
1783711800,25114.2,25123.8,25111.2,25112.3,25122,25105.051894807522,25109.888673900794,25115.91147311877,107
1783712100,25111.8,25113.3,25107.8,25110.3,25122,25105.104114759688,25109.904804336056,25115.377047107457,45
1783712400,25109.8,25116.5,25103.6,25106,25122,25105.113029040687,25109.75167475425,25114.483995001985,77
1783712700,25105,25108.3,25101.4,25105.3,25102,25105.114889448243,25109.57709927369,25113.60932881132,53
1783713000,25106.8,25115.8,25105.3,25110.8,25102,25105.17145771244,25109.625056164918,25113.341773686432,77
1783713300,25111.3,25117.2,25103.8,25109.8,25102,25105.21751285958,25109.63191670747,25113.00446190677,144
1783713600,25101.6,25111.2,25090.4,25106.6,25102,25105.23126895053,25109.513018013058,25112.394513153744,8
1783713900,25107.4,25107.4,25099.9,25104.7,25102,25105.22598269232,25109.324272208625,25111.661702377198,0
1783714200,25103.9,25109.6,25103.8,25107.1,25102,25105.244629630703,25109.2370458475,25111.22725453175,0
1783714500,25107.9,25110.5,25105.5,25108,25102,25105.27204625129,25109.188534245637,25110.919896957297,0
1783714800,25108.8,25108.8,25104.5,25106.2,25102,25105.281279621926,25109.07133682424,25110.470382961365,0
1783715100,25105.4,25116,25104.6,25114.3,25102,25105.37101813315,25109.276382438977,25110.835108393614,0
1783715400,25115.2,25118.4,25111.8,25115.1,25102,25105.46782392287,25109.504759598232,25111.241288546604,0
1783715700,25116,25116,25113.3,25115.7,25102,25105.569636620156,25109.747710202224,25111.66592773264,0
1783716000,25114.9,25118.1,25114,25117.2,25102,25105.68536162891,25110.03995686096,25112.192982234294,0
1783716300,25116.3,25121.1,25116.3,25119.4,25122,25105.821825692306,25110.407017376216,25112.879364878645,0
1783716600,25121,25122.6,25120.1,25121.8,25122,25105.980812501337,25110.85380100852,25113.72894917592,0
1783716900,25122.6,25126.6,25115.7,25119.9,25122,25106.119311879433,25111.208553910146,25114.31666830202,0
1783893600,25045.2,25045.2,25005.4,25008,25122,25105.143000318443,25107.16115963916,25104.191271320877,0
1783893900,25008.5,25016.9,24991.7,24991.7,25122,25104.014214245624,25102.633271025858,25093.477816909366,0
1783894200,24992.2,24994.8,24967.2,24974.3,25122,25102.723525546662,25097.600593730727,25082.127548632285,0
1783894500,24974.7,24992.4,24969.2,24973.9,25122,25101.44169942182,25092.749590055013,25071.820163048258,0
1783894800,24971.9,24988.9,24971.9,24983.5,25122,25100.26815017384,25088.465292405795,25063.408718948423,0
1783895100,24984,24988.7,24978.5,24988.2,25122,25099.15304420196,25084.533320154587,25056.245983810477,0
1783895400,24988.7,24997.5,24988.2,24994.5,25122,25098.111720379056,25081.00260171715,25050.365413923766,0
1783895700,24994,24998.6,24983.6,24996.6,25122,25097.101653509613,25077.69269576746,25045.24489831198,0
1783896000,24996.1,25000.7,24990.2,24998.7,25122,25096.12253257917,25074.594942992266,25040.812050853696,0
1783896300,24998.2,24999.2,24987.8,24990.8,24988,25095.074547180375,25071.30886679649,25036.048998391438,0
1783896600,24990.4,25002.3,24990.4,25000.3,24988,25094.131516860172,25068.524205353493,25032.644331877967,0
1783896900,24999.8,25012.6,24999.8,25005.9,24988,25093.253591319273,25066.06835416316,25030.097252651496,0
1783897200,25004.9,25006.8,24996.4,24998.3,24988,25092.30877946535,25063.410771646955,25027.068942875165,0
1783897500,24999.3,25004.8,24996.8,24997.3,24988,25091.363418475645,25060.81819236668,25024.233805458483,0
1783897800,24998.3,25000.3,24994.1,24997,24988,25090.424478988323,25058.315518156225,25021.640109700533,0
1783898100,24996,24998,24989.1,24996,24988,25089.48493193371,25055.871772346178,25019.198194490957,0
1783898400,24997,24997,24987.9,24989.9,24988,25088.4940370886,25053.284644018877,25016.407890253722,0
1783898700,24990.4,24994.5,24988.3,24993,24988,25087.543847664834,25050.920540331863,25014.178567372415,0
1783899000,24992.5,24995,24988.6,24990.8,24988,25086.581222314937,25048.562872083556,25011.95203714647,0
1783899300,24991.8,24991.8,24982.4,24989.6,24988,25085.61623502822,25046.250602590084,25009.82327170395,0
1783899600,24990.6,24991.6,24986.7,24986.7,24988,25084.63199388366,25043.915284841452,25007.621055351192,0
1783899900,24987.7,24988.7,24971.1,24984.1,24988,25083.63167553656,25041.56958739669,25005.380954841556,0
1783900200,24984.5,25004.2,24983.1,24994.9,24988,25082.748773292413,25039.739407498782,25004.382768666168,0
1783900500,24995.3,25005.1,24989.9,25001,24988,25081.935352662636,25038.22021504785,25004.060600221772,0
1783900800,25000.5,25038.5,24989.6,25030.1,24988,25081.419578009278,25037.901775242055,25006.540543057792,0
1783901100,25029.5,25049.5,25024,25045.6,24988,25081.063164297742,25038.203666409034,25010.260491338002,0
1783901400,25046.1,25070.4,25046.1,25065.9,24988,25080.91228704105,25039.28979713809,25015.559492162953,0
1783901700,25065.5,25073.4,25014.4,25024.2,24988,25080.347985677457,25038.69804038758,25016.382397671245,23
1783902000,25025.2,25041.8,25025.2,25038.4,24988,25079.930592785146,25038.686352529243,25018.479312178744,13
1783902300,25038.9,25048.1,25034.9,25034.9,24988,25079.482527185293,25038.53786811633,25020.04318720934,5
1783902600,25035,25035,25002.4,25002.4,24988,25078.715536865042,25037.120696817652,25018.36288366559,4
1783902900,25000.4,25005.4,24982.4,24987.9,24988,25077.811899682307,25035.190473413037,25015.461656649823,10
1783903200,24987.4,24990,24970.4,24977.9,24988,25076.817751426763,25032.943788181154,25011.884356016508,1
1783903500,24978.4,24991.9,24966.9,24967.9,24958,25075.733992706097,25030.393051389736,25007.695369729223,1
1783903800,24967.4,24971.4,24942.9,24947.4,24958,25074.457037554792,25027.13842192347,25001.952953564534,6
1783904100,24946.4,24954.9,24940.9,24952.9,24958,25073.247514793053,25024.227111259806,24997.281243701247,3
1783904400,24953.4,24957.9,24937.4,24942.9,24958,25071.950524596108,25021.037812779028,24992.102077634463,8
1783904700,24943.4,24947.4,24930.9,24932.4,24958,25070.561962162315,25017.561820121027,24986.4161654788,4
1783905000,24931.4,24941.9,24922.9,24936.9,24958,25069.231992389556,25014.39861148883,24981.700340195104,2
1783905300,24937.4,24956.4,24935.4,24941.4,24958,25067.960032266277,25011.53592084221,24977.862212557477,0
1783905600,24942.4,24950.2,24928.4,24932.4,24958,25066.611176223825,25008.432551397414,24973.53247802819,1
1783905900,24932.9,24935.9,24921.4,24931.9,24958,25065.270766510155,25005.431274872026,24969.567480120746,2
1783906200,24930.9,24939.9,24920.7,24929.4,24958,25063.91881858468,25002.449656249595,24965.742005823533,2
1783906500,24929.9,24951.9,24925.4,24946.4,24958,25062.749477106227,25000.251630514318,24963.899910030817,1
1783906800,24945.9,24947.9,24927.4,24931.4,24958,25061.44251713502,24997.55156657258,24960.804680504072,5
1783907100,24931.9,24934.4,24918.9,24918.9,24922,25060.024183631187,24994.46719141287,24956.813758551303,0
1783907400,24918.4,24926.4,24907.9,24913.9,24922,25058.570211654758,24991.307693710405,24952.72673392737,4
1783907700,24914.4,24916.9,24900.4,24914.4,24922,25057.135682185555,24988.29170572176,24949.07656879143,13
1783908000,24915.4,24918.4,24891.3,24900.4,24922,25055.576123158833,24984.844972164043,24944.44070509701,1
1783908300,24900.9,24909.4,24894.9,24906.4,24922,25054.091783624914,24981.768698745844,24940.81778080206,3
1783908600,24904.9,24916.9,24902.9,24903.4,24922,25052.592362892326,24978.695416442086,24937.254182630433,2
1783908900,24904.4,24914.4,24900.4,24908.4,24922,25051.1576130128,24975.938733444356,24934.50616523706,3
1783909200,24907.9,24925.9,24907.9,24922.9,24922,25049.881417858443,24973.858783113206,24933.400816166864,3
1783909500,24923.4,24928.9,24918.9,24921,24922,25048.5990156907,24971.785889657785,24932.219786055735,0
1783909800,24922,24922,24903.4,24915.9,24922,25047.278627474872,24969.594286141793,24930.665520717095,2
1783910100,24915.4,24920.9,24911.9,24912.9,24922,25045.941526703977,24967.370980802898,24928.973566363085,2
1783910400,24912.4,24912.4,24904.9,24909.9,24922,25044.587879672097,24965.11721684984,24927.157036233268,3
1783910700,24908.9,24909.4,24898.4,24904.4,24902,25043.192975396752,24962.736149522396,24924.989699449146,3
1783911000,24904.9,24907.4,24897.9,24899.9,24902,25041.767174646535,24960.271986796026,24922.600204263512,0
1783911300,24900.4,24902.4,24892.2,24892.7,24902,25040.283919177415,24957.622104960887,24919.752565762225,5
1783911600,24892.9,24894.9,24878.4,24878.9,24902,25038.678109036347,24954.53496358987,24915.86184521344,6
1783911900,24879.4,24884.4,24863.4,24867.9,24902,25036.97882436932,24951.137514037327,24911.294050431206,12
1783912200,24868.4,24871.4,24862.9,24866.9,24902,25035.28649775868,24947.834082114296,24907.066045628235,6
1783912500,24867.9,24869.4,24860.4,24862.4,24902,25033.566234099388,24944.483725952952,24902.812136520784,3
1783912800,24862.9,24866.9,24857.4,24862.9,24902,25031.868062615813,24941.284364150877,24899.010980661664,9
1783913100,24863.4,24870.4,24859.9,24865.9,24902,25030.2166391072,24938.328114576332,24895.857553931983,4
1783913400,24865.4,24868.9,24855.9,24856.4,24902,25028.487120310114,24935.115247338046,24892.099691652747,6
1783913700,24855.9,24871.9,24847.4,24870.9,24902,25026.919089262254,24932.5970023444,24890.080673400105,14
1783914000,24870.4,24875.9,24856.6,24859.1,24902,25025.249247578053,24929.714766958343,24887.130133076287,10
1783914300,24859.4,24866.9,24856.7,24864.9,24858,25023.65373267678,24927.173011391347,24885.01297754521,9
1783914600,24865.4,24866.4,24852.9,24860.9,24858,25022.03429255064,24924.574069768158,24882.716503493288,5
1783914900,24860.4,24860.9,24847.8,24849.4,24858,25020.31653839591,24921.62606703215,24879.543503160592,3
1783915200,24848.9,24848.9,24833.4,24835.9,24858,25018.48154796411,24918.26426048187,24875.38697905006,8
1783915500,24837.4,24838.4,24824.4,24825.4,24858,25016.56033853163,24914.622524776696,24870.626314378627,35
1783915800,24825.9,24829.4,24822.9,24824.9,24858,25014.653270486542,24911.103994393296,24866.27142729495,5
1783916100,24823.9,24837.4,24822.4,24833.9,24858,25012.8547304817,24908.07638677003,24863.18843421924,7
1783916400,24833.4,24841.9,24828.9,24828.9,24858,25011.024335153525,24904.971430426107,24859.922869055503,5
1783916700,24829.4,24833.9,24819.4,24829.9,24858,25009.222102962944,24902.027452762337,24857.063548193073,6
1783917000,24830.4,24833.9,24820.9,24828.9,24858,25007.427853182216,24899.159709516756,24854.381305508017,8
1783917300,24828.4,24828.9,24818.9,24828.4,24858,25005.64648150876,24896.38481894747,24851.906895459633,18
1783917600,24827.9,24828.4,24810.9,24815.4,24858,25003.75348169275,24893.20894369463,24848.430048273003,9
1783917900,24814.4,24817.4,24801.4,24802.9,24802,25001.754939586357,24889.66741649092,24844.093853199385,6
1783918200,24802.4,24806.4,24794.9,24801.4,24802,24999.761358097934,24886.20594917755,24840.0277719423,8
1783918500,24802.4,24809.4,24797.9,24807.9,24802,24997.852289858154,24883.135127641177,24836.96798413827,3
1783918800,24809.4,24832.9,24802.4,24828.4,24802,24996.166197421753,24880.988652047407,24836.151985648914,14
1783919100,24827.9,24846.9,24824.9,24846.9,24802,24994.680961626513,24879.651842163195,24837.1756060633,2
1783919400,24847.4,24861.9,24847.4,24860.3,24802,24993.34383763023,24878.89294639209,24839.37792929537,31
1783919700,24861.8,24862.9,24838.4,24844.9,24802,24991.86678451948,24877.559889670832,24839.90384079105,4
1783920000,24845.4,24845.9,24806.4,24815.9,24802,24990.11587124068,24875.14185478178,24837.61776071571,11
1783920300,24815.4,24822.9,24805.4,24808.9,24802,24988.31272824326,24872.544134986416,24834.882735885643,10
1783920600,24809.9,24838.4,24775.4,24837.9,24802,24986.81608418114,24871.185541457537,24835.170094372726,70
1783920900,24837.4,24851.9,24837.4,24846.9,24802,24985.423884338543,24870.23316728273,24836.287228241992,7
1783921200,24845.4,24857.9,24833.4,24839.4,24802,24983.970910365024,24869.024023467722,24836.583682695134,36
1783921500,24838.4,24841.9,24826.4,24841.9,24838,24982.55726946587,24867.96033627291,24837.08999862893,8
1783921800,24842.9,24863.4,24837.9,24839.4,24838,24981.132819023424,24866.840323085737,24837.30999875951,42
1783922100,24836.9,24853.4,24828.4,24853.4,24838,24979.86184569981,24866.31325159218,24838.842379830032,36
1783922400,24853.4,24875.9,24850.9,24869.9,24838,24978.767697981402,24866.453908392486,24841.800248417647,125
1783922700,24871.9,24877.4,24851.9,24872.4,24838,24977.70931292686,24866.687088455525,24844.71451047311,103
1783923000,24873.4,24881.8,24858.4,24863.9,24838,24976.576881952464,24866.577790869032,24846.54169995186,46
1783923300,24864.4,24884.9,24862.9,24883.9,24838,24975.654723923086,24867.257093187894,24850.099633289778,55
1783923600,24884.4,24893.7,24877.3,24888.3,24838,24974.78552269002,24868.08230521974,24853.737763452657,37
1783923900,24888.8,24905.9,24888.8,24902.9,24838,24974.070243857284,24869.447705015045,24858.41988121907,88
1783924200,24904.9,24908.8,24889.9,24890.7,24838,24973.240689192036,24870.28112834779,24861.494178245826,41
1783924500,24889.9,24902.4,24887.4,24891.4,24838,24972.426353976196,24871.109319392974,24864.342351746225,63
1783924800,24891.9,24910.6,24889.4,24906.9,24838,24971.774350454045,24872.51287549521,24868.395461103726,43
1783925100,24906.4,24922.8,24903.4,24914.9,24922,24971.20843651918,24874.175115671867,24872.824464808135,86
1783925400,24915.4,24924.7,24911.4,24922.2,24922,24970.72079038466,24876.05844446905,24877.526896731168,73
1783925700,24921.7,24931.9,24914.9,24929.3,24922,24970.308643216653,24878.14634860752,24882.457668471056,175
1783926000,24929.2,25019.5,24929.2,25016.4,24922,24970.76726368216,24883.56806042683,24895.214080997623,1122
1783926300,25017.4,25034.4,25008.4,25025.8,24922,24971.314853098258,24889.14578354735,24907.650835188324,352
1783926600,25025.3,25051.9,25021.4,25050.4,24922,24972.10176998285,24895.4694783102,24921.245993741817,255
1783926900,25051.4,25055.9,25011.6,25012.2,24922,24972.500757346206,24900.047145827444,24929.90828005212,323
1783927200,25010.5,25047.4,25009.5,25045.2,24922,24973.224132895,24905.739414618525,24940.888443856682,252
1783927500,25045.7,25061.7,25033.7,25048.3,24922,24973.971156448282,24911.330025809955,24951.118115870333,217
1783927800,25047.9,25053.3,25012.1,25030.1,24922,24974.52965240402,24915.987671856623,24958.640200073158,276
1783928100,25029.9,25047.7,25022.2,25039.6,24922,24975.177118549254,24920.835214136754,24966.35065720905,118
1783928400,25041.6,25062.5,25033.6,25041.2,24922,24975.83406264329,24925.555401817666,24973.479166046283,106
1783928700,25041.3,25050.6,25034.6,25037.5,25038,24976.447654059775,24929.94538606011,24979.57638832759,87
1783929000,25036.4,25062.6,25026.7,25060.6,25038,24977.2849908353,24935.069096410694,24987.29292277258,125
1783929300,25060.9,25068.9,25051.1,25068,25038,24978.18762774241,24940.28207302204,24994.979311079955,168
1783929600,25068.4,25081.7,25048,25056.6,25038,24978.96785035194,24944.84356035451,25000.847948119957,158
1783929900,25054.6,25082.7,25054.5,25068.6,25038,24979.85971253749,24949.6967540661,25007.300524489485,107
1783930200,25067.2,25088.9,25065.2,25081.1,25038,24980.867078581894,24954.849822534095,25014.329045966675,177
1783930500,25081.6,25102.1,25079.8,25095.4,25038,24982.00670964078,24960.361594199425,25022.050089207944,147
1783930800,25094.9,25097.2,25083,25092.6,25038,24983.107140390624,24965.547414034743,25028.769128330998,136
1783931100,25093.1,25103.6,25088.1,25088.7,25038,24984.15781561062,24970.37692720985,25034.476830394713,103
1783931400,25090,25101.5,25085.7,25090.9,25038,24985.219926898077,24975.103322221228,25039.850465595217,145
1783931700,25090.4,25110.4,25090.4,25096.9,25038,24986.331171406553,24979.879662526277,25045.283754586148,103
1783932000,25096.6,25102.5,25086.3,25091.2,25038,24987.374642337832,24984.245165956618,25049.656730339848,66
1783932300,25086.7,25102.4,25085.3,25096.6,25102,24988.461461817056,24988.651237879887,25054.12751792653,108
1783932600,25096.8,25121.1,25095.9,25118.6,25102,24989.756372644748,24993.74726776695,25060.26775431448,144
1783932900,25118.4,25118.6,25102.7,25114.8,25102,24991.00058784231,24998.494433736872,25065.461301522624,123
1783933200,25117.3,25125.5,25107.1,25112.9,25102,24992.213517316515,25002.980926531505,25069.979272806184,97
1783933500,25113.4,25115.1,25094.7,25100.6,25102,24993.291989781028,25006.809125491054,25072.89553253893,95
1783933800,25099.9,25099.9,25087.9,25094.3,25102,24994.297044609077,25010.24014017768,25074.934053249508,83
1783934100,25094.4,25106.8,25088.5,25101.4,25102,24995.36274565774,25013.8150366413,25077.4546196067,99
1783934400,25101.7,25118.5,25097.5,25117.4,25102,24996.577046695973,25017.87719206713,25081.258941548916,171
1783934700,25117.9,25143.4,25113.4,25135.9,25102,24997.9633447388,25022.505537476263,25086.46285187759,166
1783935000,25136.5,25146.3,25130,25140,25102,24999.37664479115,25027.113163457587,25091.56162788925,130
1783935300,25139.5,25155,25135.5,25152.5,25102,25000.900260265866,25032.03029430239,25097.365282375988,82
1783935600,25152.6,25153.9,25137,25141.6,25102,25002.300257676157,25036.327145506217,25101.57811262589,76
1783935900,25141.1,25155.2,25141.1,25148.6,25150,25003.75597650525,25040.730002545188,25106.056387613902,54
1783936200,25148.2,25148.2,25134.6,25139.2,25150,25005.103678231568,25044.591571072826,25109.212922126862,77
1783936500,25139.7,25148.3,25137.8,25143.2,25150,25006.477770985482,25048.458568285656,25112.449786686208,61
1783936800,25144.6,25155.4,25125.6,25134,25150,25007.746648886125,25051.81313423524,25114.50218795419,101
1783937100,25135,25135.6,25110.4,25114.4,25150,25008.80787626039,25054.267521127975,25114.492455768075,182
1783937400,25114.3,25124,25112.6,25123.6,25150,25009.950086446854,25056.986441868055,25115.35984093302,61
1783937700,25123.3,25123.3,25102.9,25107.9,25150,25010.924712452357,25058.983051990876,25114.64937989178,95
1783938000,25108.7,25108.7,25083.6,25084.9,25150,25011.66078496527,25059.999402893194,25111.816105616374,70
1783938300,25084.6,25089.7,25075.1,25080.3,25150,25012.343762229295,25060.79550474052,25108.814571748146,91
1783938600,25080.7,25085.5,25065.4,25076.6,25150,25012.98312777925,25061.415288868342,25105.746517295942,116
1783938900,25077.1,25106.3,25075.1,25101.3,25150,25013.861902627217,25062.97939518723,25105.32303945823,106
1783939200,25099.1,25108.4,25087.5,25101.2,25150,25014.73093842197,25064.47824243479,25104.93036903364,63
1783939500,25101.4,25116.7,25099.9,25110.9,25102,25015.687844507323,25066.29870351578,25105.498905316148,75
1783939800,25111.4,25111.4,25092.7,25097.4,25102,25016.500900780884,25067.518362201434,25104.727581000323,76
1783940100,25097.9,25104.8,25090.3,25104.3,25102,25017.374523658687,25068.960779370005,25104.686859000292,77
1783940400,25106.1,25117,25092.1,25113.4,25102,25018.330001035218,25070.703493904515,25105.516681952646,119
1783940700,25113.9,25132.8,25108.9,25123.9,25102,25019.380448786113,25072.789631398457,25107.267474147633,95
1783941000,25122.8,25123.6,25101,25107.5,25102,25020.25726024098,25074.15082232401,25107.289619466905,107
1783941300,25107,25117.7,25095.5,25096,25102,25021.010919343058,25075.007652821107,25106.214417612915,52
1783941600,25096.5,25111.7,25094,25108.6,25102,25021.882452483922,25076.3249997693,25106.441615935495,33
1783941900,25108.1,25124,25106.2,25119.5,25102,25022.85377136468,25078.018137033247,25107.685271560687,43
1783942200,25117.7,25126.2,25112.1,25125.2,25102,25023.872141798864,25079.868406169197,25109.35334093586,60
1783942500,25127.2,25129.5,25110.2,25111.7,25102,25024.746050835693,25081.116703966483,25109.576832275303,49
1783942800,25111.4,25123.7,25106,25123.7,25102,25025.730667245287,25082.78663714427,25110.92189586813,30
1783943100,25123.8,25124.7,25104.4,25110.6,25102,25026.57513821797,25083.877357256257,25110.891239118784,40
1783943400,25111.9,25115.4,25092.4,25097.7,25102,25027.282848285453,25084.41942167758,25109.63493063128,94
1783943700,25097.2,25099.7,25086.4,25097.2,25102,25027.97854133734,25084.920620827477,25108.45065152354,40
1783944000,25099,25099,25080.4,25083.9,25102,25028.53497376184,25084.8805964813,25106.112494235585,48
1783944300,25086.4,25099.2,25076.2,25098.3,25102,25029.229153127395,25085.40684759968,25105.36844716553,102
1783944600,25097.4,25116.9,25068.7,25073.2,25102,25029.6666739918,25084.92814769381,25102.304785530716,188
1783944900,25074.7,25099,25073.2,25093.2,25102,25030.29884638989,25085.252534058756,25101.43766309922,89
1783945200,25092,25093.4,25074.1,25079,25102,25030.783434983026,25085.00733664469,25099.300742804055,53
1783945500,25078.5,25080.2,25072.1,25077.4,25102,25031.247281401105,25084.709009717448,25097.214957775097,37
1783945800,25077.9,25081.4,25068.7,25074.9,25102,25031.681636810048,25084.324342669704,25095.08972370128,59
1783946100,25073.9,25073.9,25053.5,25058.9,25102,25031.952466294526,25083.327309623834,25091.643083348776,89
1783946400,25059.5,25066.1,25048.5,25064.2,25102,25032.27333727667,25082.57721905035,25089.02945636318,103
1783946700,25064,25089.6,25062.4,25086.3,25088,25032.810916010236,25082.72321046014,25088.769508138113,63
1783947000,25084.8,25104.1,25082.4,25098.1,25088,25033.460558636998,25083.326221814645,25089.658126410675,71
1783947300,25098.6,25123.6,25096.2,25119.1,25088,25034.312692381904,25084.729115076814,25092.462114371563,78
1783947600,25117.2,25130.6,25112.2,25117.2,25088,25035.13744171144,25086.002483113018,25094.818103479032,78
1783947900,25116.2,25122.6,25108.2,25111.6,25088,25035.898263186948,25087.006307304662,25096.41637933817,64
1783948200,25112.1,25115.1,25099.6,25108.9,25088,25036.624648627872,25087.864883488794,25097.60529559168,51
1783948500,25108.4,25108.4,25079.2,25079.2,25088,25037.04828396491,25087.52508413629,25095.852410297233,160
1783948800,25079.1,25098.7,25076.7,25092.2,25088,25037.59705725879,25087.70841417016,25095.504561697497,66
1783949100,25094.7,25105.7,25086,25094.3,25088,25038.161265644274,25087.966907732116,25095.38984153583,45
1783949400,25093.2,25116.3,25093.2,25100,25088,25038.776576433884,25088.438793703404,25095.828904246704,121
1783949700,25102,25113.7,25094.3,25099.5,25088,25039.380789603696,25088.87256649935,25096.178532413684,84
1783950000,25101.1,25117,25088.7,25098.6,25088,25039.970035478287,25089.254034479767,25096.409148374285,78
1783950300,25098.9,25101.7,25067.7,25073.7,25088,25040.305657015815,25088.644072343304,25094.24637233864,196
1783950600,25072.2,25103.2,25063.7,25097.2,25088,25040.87176988133,25088.97959891808,25094.52767021115,167
1783950900,25096.7,25131.5,25091.4,25116.8,25088,25041.62727465863,25090.07059503894,25096.648844476756,201
1783951200,25116.6,25130.5,25082,25094.4,25088,25042.15237640332,25090.240375625646,25096.434668812304,209
1783951500,25093.9,25100.8,25080.7,25095.9,25088,25042.687178628163,25090.46232167954,25096.383747973035,59
1783951800,25097.4,25113.3,25085.1,25107,25088,25043.327107199028,25091.110858084263,25097.39481959465,70
1783952100,25106.5,25113.3,24971.7,25040.6,25088,25043.299971804012,25089.130040120173,25091.985789157065,895
1783952400,25040.1,25068.1,25012.2,25064.4,25088,25043.509922333324,25088.160234625266,25089.358571142107,310
1783952700,25064.9,25085,25053.2,25078.5,25088,25043.858082310107,25087.781401894863,25088.324421509526,219
1783953000,25078.7,25092.5,25075.6,25087.1,25088,25044.288350147817,25087.75468025193,25088.20780993719,85
1783953300,25086.6,25093.7,25062.4,25070.9,25088,25044.55314268366,25087.09371239891,25086.55944708603,178
1783953600,25072.3,25082.7,25056.7,25062.8,25088,25044.734703452978,25086.14101779503,25084.296642601646,81
1783953900,25063.3,25101.5,25054.8,25097.6,25102,25045.26072630419,25086.590389646208,25085.563629020537,166
1783954200,25097.1,25113.5,25096.7,25101.3,25102,25045.81833101758,25087.16723711106,25087.06233101858,143
1783954500,25100.8,25123.8,25099,25118,25102,25046.536556579595,25088.376365067492,25090.008775683476,103
1783954800,25117.8,25123.8,25094.7,25094.8,25102,25047.01678984746,25088.628272319747,25090.465082761242,146
1783955100,25094.3,25109.4,25087.7,25106.4,25102,25047.60766756042,25089.325202817014,25091.98269392684,129
1783955400,25107.5,25128.6,25102.3,25109.3,25102,25048.221521614545,25090.10852819674,25093.6319611719,169
1783955700,25107.8,25108.5,25083.4,25102.4,25102,25048.760610951715,25090.590546698826,25094.46701248886,151
1783956000,25102.8,25102.8,25069.3,25085.3,25102,25049.124186962144,25090.383074279263,25093.5939636804,123
1783956300,25084.3,25091,25068.5,25086.9,25102,25049.50006569884,25090.246483131057,25092.956443329884,190
1783956600,25085.8,25127.3,25082.8,25109.3,25102,25050.095089920742,25090.993679871015,25094.512972536562,547
1783956900,25112.8,25118.8,25099.8,25104.4,25102,25050.635437284716,25091.51941791529,25095.454594199746,391
1783957200,25104.9,25105.8,25095.3,25100.8,25102,25051.13458716248,25091.883362310768,25095.963680466437,59
1783957500,25101.8,25108.8,25097.9,25105.2,25102,25051.67255146932,25092.40558339662,25096.843329945823,36
1783957800,25104.7,25108.8,25086.3,25090.8,25102,25052.061879315395,25092.34261934185,25096.267774712887,57
1783958100,25089.8,25092.3,25083.3,25087.3,25102,25052.41250738191,25092.144869563737,25095.41370093071,114
1783958400,25086.8,25092.9,25081.8,25088.3,25102,25052.769596860697,25091.99409036516,25094.736205603975,274
1783958700,25088.6,25098.3,25087.3,25094.8,25102,25053.187809827257,25092.104126037113,25094.74228126074,16
1783959000,25094.3,25102.8,25082.7,25088.6,25102,25053.540169928478,25091.966709329776,25094.157302093052,22
1783959300,25089.1,25089.6,25072.8,25078.9,25102,25053.792506546106,25091.454289356057,25092.704225703237,64
1783959600,25079.5,25081.9,25067.5,25069.8,25102,25053.951785087935,25090.605101538174,25090.522870874356,83
1783959900,25069.3,25070.3,25046.9,25056.1,25102,25053.973160360692,25089.251960301382,25087.244502219655,75
1783960200,25055.6,25059.8,25036.7,25041.8,25102,25053.852034386953,25087.391099113094,25082.91645438921,96
1783960500,25042.8,25065.8,25025.8,25060.8,25102,25053.921168373152,25086.34831091258,25080.810125399763,107
1783960800,25060.3,25075.3,25055.3,25075.3,25102,25054.133893065955,25085.91504381797,25080.285351552167,44
1783961100,25074.8,25079.7,25062,25067.3,25058,25054.2648991051,25085.18504209962,25079.04865140434,25
1783961400,25067.8,25068.8,25038.8,25039.3,25058,25054.11599463639,25083.385628683947,25075.263065556308,102
1783961700,25038.8,25049.8,25033.3,25048.8,25058,25054.06309916737,25082.02932951987,25072.742773598566,44
1783962000,25050.8,25059.4,25047.8,25049.3,25058,25054.015705145805,25080.745826401446,25070.51012849394,45
1783962300,25051.3,25074.8,25047.8,25071.8,25058,25054.19266330356,25080.39500967982,25070.63297339928,43
1783962600,25071.3,25077.3,25061.3,25063.3,25058,25054.283283569195,25079.724617143358,25069.9345949803,26
1783962900,25062.8,25068.3,25054.5,25065.4,25058,25054.393897663034,25079.16286745146,25069.5027287917,16
1783963200,25064.4,25066.8,25050.9,25052.4,25058,25054.374057885292,25078.113343237677,25067.873897478206,11
1783963500,25053.4,25058.1,25049.1,25049.8,25058,25054.328544871507,25077.003016051887,25066.152573908854,56
1783963800,25050.3,25060.8,25049.8,25060.8,25058,25054.39293745985,25076.367603657694,25065.642804965155,13
1783964100,25060.3,25060.3,25039.8,25046.3,25058,25054.312410718954,25075.188481945628,25063.80063306371,26
1783964400,25045.8,25057.3,25041.3,25054.8,25058,25054.31726235359,25074.388933634036,25062.943429914787,23
1783964700,25055.3,25062.8,25040.8,25044.3,25050,25054.217588101317,25073.208975452308,25061.167865161,38
1783965000,25043.8,25045.8,25026.8,25034.8,25050,25054.024378269463,25071.702741120844,25058.65663990757,32
1783965300,25034.3,25035.8,25013.3,25015.3,25050,25053.639061072754,25069.490868920027,25054.52743610685,37
1783965600,25016.3,25024.3,25001.3,25009.8,25050,25053.202851509843,25067.150050531007,25050.26768028715,88
1783965900,25008.8,25020.8,25008.8,25013.3,25050,25052.805808211237,25065.038283843518,25046.74694883123,49
1783966200,25012.6,25013.6,24994.8,25010.3,25050,25052.38286484595,25062.891684477105,25043.275810847303,49
1783966500,25008.8,25011.8,24983.8,24993.3,25050,25051.7949756435,25060.162598811337,25038.516209814225,53
1783966800,24992.8,25002.3,24989.3,25001.3,25050,25051.292538074907,25057.85426160305,25034.971808879538,47
1783967100,25000.8,25004.8,24988.3,24988.8,25050,25050.670721775656,25055.146251344107,25030.574493748154,29
1783967400,24989.3,24997.8,24982.8,24986.3,25050,25050.03021708137,25052.44639835022,25026.357875295947,36
1783967700,24987.3,25004.3,24987.3,24998.8,25050,25049.520463677574,25050.34261802276,25023.733315743953,19
1783968000,24999.3,25006.2,24996.8,25000.8,25050,25049.035682944464,25048.39977025716,25021.549190435006,16
1783968300,25000.3,25010.8,24990.3,25010.3,25002,25048.650253263426,25046.905661619625,25020.477838965006,57
1783968600,25008.8,25020.3,25003.8,25014.3,25002,25048.308459698615,25045.62700822278,25019.88947334929,95
1783968900,25013.3,25021.8,25013.3,25018.8,25002,25048.014843184203,25044.57496868463,25019.78571398269,76
1783969200,25019.3,25025.9,25007.3,25025.9,25002,25047.794794993315,25043.842616971506,25020.368026936718,33
1783969500,25025.4,25028.3,25005.3,25005.8,25002,25047.376936336666,25042.35074963929,25018.980595799887,33
1783969800,25004.8,25005.3,24992.6,24993.8,25002,25046.84383249252,25040.44679867304,25016.582443818945,19
1783970100,24994.3,24995.3,24988.8,24990.3,25002,25046.28120729359,25038.48025754861,25014.079353931425,21
1783970400,24990.8,24991.8,24971.8,24982.3,25002,25045.644578365293,25036.27711019376,25011.0527487951,39
1783970700,24981.3,24981.3,24968.8,24974.3,25002,25044.93468206315,25033.8466352842,25007.55248700509,59
1783971000,24977.3,24990.3,24973.5,24986.8,25002,25044.356227515258,25032.001669194626,25005.57605967127,114
1783971300,24985.8,24985.8,24968.3,24974.8,25002,25043.664125748935,25029.75846648111,25002.645006369246,63
1783971600,24974.3,24990.8,24971.6,24988.3,25002,25043.11323892556,25028.132644266167,25001.27881528646,63
1783971900,24989.3,24995.8,24982.8,24995.8,25002,25042.64246042879,25026.8646974322,25000.757023354417,59
1783972200,24996.3,25008,24987.3,24997.8,25002,25042.196266792682,25025.724905376035,25000.475402082568,109
1783972500,24997.3,25012.8,24993.8,25012.8,25002,25041.90376662559,25025.21804634168,25001.6491733128,132
1783972800,25013.3,25014.2,24996.5,25006.3,25002,25041.549500291007,25024.476162171417,25002.09210918777,10
1783973100,25007.4,25013.6,25000.4,25004.8,25002,25041.183833621446,25023.704547968617,25002.35000355084,0
1783973400,25005.8,25005.8,24990.7,24997.4,25002,25040.748173585413,25022.672997067886,25001.878574641236,0
1783973700,24996.3,24996.3,24946.1,24976.1,25002,25040.104908176603,25020.846605026007,24999.423472294453,0
1783974000,24976.2,24986.8,24975.1,24983.7,25002,25039.543665309175,25019.389875417142,24997.9259987426,0
1783974300,24984.8,24990,24982.6,24986.2,25002,25039.01288256978,25018.088311675292,24996.809236957593,0
1783974600,24985.6,24985.6,24972.6,24980.1,25002,25038.426684733266,25016.598573962536,24995.21788105687,0
1783974900,24979,24982.1,24977.8,24981,25002,25037.855274934926,25015.2025514542,24993.863797146692,0
1783975200,24982.1,24982.1,24974.1,24978.7,25002,25037.26666523408,25013.771078848153,24992.419625989864,0
1783975500,24977.6,24978.6,24973.1,24976.3,24988,25036.660031749165,25012.301624775675,24990.88442351464,0
1783975800,24975.2,24979.5,24968.6,24977.3,24988,25036.069384667084,25010.929012039374,24989.590668894198,0
1783976100,24977.2,24982.8,24974.2,24978.6,24988,25035.49754999378,25009.661207645673,24988.543938523322,0
1783976400,24978.8,24985.8,24978.8,24985.6,24988,25035.001056959016,25008.717630875253,24988.263563425862,0
1783976700,24985.4,24985.4,24976.2,24981.9,24988,25034.472688233054,25007.665959076225,24987.657509766257,0
1783977000,24979.1,24979.1,24975.8,24975.8,24988,25033.88888038994,25006.416313622256,24986.52822312185,0
1783977300,24975.5,24975.8,24973.1,24975.8,24988,25033.310881580088,25005.215673872364,24985.506487586437,0
1783977600,24974.5,24976.3,24974.5,24976.3,24988,25032.743609126555,25004.08172587737,24984.62967924487,0
1783977900,24976.2,24977.1,24974.1,24975.8,24988,25032.177006050668,25002.972638588064,24983.788757412025,0
1783978200,24976,24976.1,24973,24974.8,24988,25031.606090567577,25001.86782923167,24982.932685277545,0
1783978500,24976.5,24978.1,24974.3,24977,24988,25031.062746382824,25000.892620242194,24982.367667632065,0
1783978800,24976.4,24979,24976.4,24979,24988,25030.544709105383,25000.034086115047,24982.04693738139,0
1783979100,24979.4,24982.3,24979.4,24981,24988,25030.05172692523,24999.287651365437,24981.947229059355,0
1783979400,24982.1,24982.1,24981.7,24981.9,24988,25029.572605264282,24998.60578268444,24981.942731053703,0
1783979700,24981.7,24984.1,24981.7,24984.1,24988,25029.120141530308,24998.036928461523,24982.148185239064,0
1783980000,24988.4,25015.9,24988.4,24994,24988,25028.770687385728,24997.878617541464,24983.27692950201,0
1783980300,24995.1,25010.8,24995.1,24999.3,24988,25028.477446715224,24997.934358030034,24984.802936216107,0
1783980600,24999.9,25000.9,24990.5,24991.6,24988,25028.110506946912,24997.685951832776,24985.450275624098,0
1783980900,24992.2,24998.8,24991.6,24993.9,24988,25027.770103892715,24997.537483133452,24986.255011278947,0
1783981200,24993.4,25002,24988.6,24990.2,24988,25027.396272013186,24997.249738696846,24986.630724490475,0
1783981500,24989.6,24994.7,24985.3,24986,24988,25026.984368809073,24996.80857247344,24986.57065549138,0
1783981800,24985.4,24988.2,24981.7,24985.1,24988,25026.567608920424,24996.3494127686,24986.43059306363,0
1783982100,24985.7,24989.5,24984.1,24987.4,24988,25026.17788146848,24995.998455405126,24986.52291753376,0
1783982400,24987.9,24994.4,24987.4,24992.8,24988,25025.845763244914,24995.873025781395,24987.120734911496,0
1783982700,24993.4,25002.3,24989.6,24994.7,24988,25025.535855152924,24995.82702477036,24987.84256968183,0
1783983000,24994.2,24995.2,24974.6,24974.6,24988,25025.02903072354,24994.99459242642,24986.581372569275,0
1783983300,24975.1,24975.7,24966.5,24970.3,24988,25024.484463253655,24994.02617703715,24985.030765657917,0
1783983600,24969.7,24970.8,24952.2,24952.2,24988,25023.765214863073,24992.3859348004,24981.90402607145,0
1783983900,24952.7,24959.3,24950.7,24956.1,24988,25023.091929143044,24990.96295696509,24979.44649977893,0
1783984200,24956.6,24959.3,24945.8,24951.7,24988,25022.381561688882,24989.42323316254,24976.80397599046,0
1783984500,24952.8,24955.9,24949.6,24953.8,24988,25021.69915808999,24988.026243626755,24974.613121134225,0
1783984800,24954.9,24963.6,24953.3,24961.5,24988,25021.10016149208,24986.985998778648,24973.364252454776,0
1783985100,24962,24965.3,24948,24950.2,24988,25020.394687248376,24985.54341059125,24971.15813317337,0
1783985400,24949.1,24949.6,24940.6,24943.5,24988,25019.629565982224,24983.894649391594,24968.524025252096,0
1783985700,24943,24954.3,24942.5,24945.3,24988,25018.88996831076,24982.381133729177,24966.312213323326,0
1783986000,24945.8,24948.1,24932.5,24934.1,24988,25018.046287034034,24980.487755935876,24963.24438348301,0
1783986300,24934.6,24945.5,24930.3,24936.9,24938,25017.2388612924,24978.778432173684,24960.735394579864,0
1783986600,24937.9,24962.7,24934.1,24953.9,24938,25016.608623866607,24977.80280738256,24960.084404619876,0
1783986900,24954.4,24978.3,24945.3,24976.2,24938,25016.206548007238,24977.739952191085,24961.619223227506,0
1784023200,24995.7,25022.5,24992.4,25018,24938,25016.224393300698,24979.318777595356,24966.988821015362,87
1784023500,25019,25024.1,24998.9,25012.6,24938,25016.188329685767,24980.62392357201,24971.332742823422,108
1784023800,25012.7,25016.7,24981.5,24994.5,24938,25015.972525410285,24981.16808343193,24973.53914826881,63
1784024100,24995.2,25007.6,24994.4,24996.5,24938,25015.77876893854,24981.76933506205,24975.725896052732,60
1784024400,24996.6,25005.4,24992.5,25000.1,24938,25015.62276128741,24982.48818466746,24978.047239285806,23
1784024700,25000.6,25004,24974.9,24988.5,24938,25015.352883065643,24982.723942131484,24979.042740306206,53
1784025000,24989,24994,24959.7,24968.1,24938,25014.88270512469,24982.15045420476,24978.000574562757,157
1784025300,24968.6,25000.7,24964.6,24987.6,24938,25014.61123542196,24982.364161883004,24978.91480555678,78
1784025600,24986.4,24988.8,24952.2,24955.2,24938,25014.020078850597,24981.29890063269,24976.656252646608,126
1784025900,24955.1,24967.3,24945.2,24959.9,24958,25013.481570603326,24980.45972805886,24975.060419061218,78
1784026200,24960.9,24961.8,24933.8,24936.8,24958,25012.718569900804,24978.747581860473,24971.416569626817,125
1784026500,24937.3,24954.9,24921.5,24950.3,24958,25012.097489603282,24977.631990414964,24969.405467757595,118
1784026800,24950.2,24954.9,24901.7,24922.3,24958,25011.203982244046,24975.462108437907,24964.919232733064,517
1784027100,24924.3,24930.9,24903.9,24912.1,24958,25010.217872967987,24972.977319871716,24959.88882961563,121
1784027400,24913.4,24927.8,24891.1,24924,24958,25009.359983684724,24971.05664066106,24956.470845842712,273
1784027700,24923.7,24938,24919,24927.3,24958,25008.54346643413,24969.34069396847,24953.692670048167,128
1784028000,24926.8,24943.7,24913.1,24941.7,24958,25007.87835731538,24968.25674518539,24952.55051099596,112
1784028300,24942.2,24956.2,24934.5,24943.2,24958,25007.23479157095,24967.274127727138,24951.659986139202,128
1784028600,24942.8,24947.6,24929.3,24937.3,24958,25006.538922998105,24966.09867173784,24950.292368411658,126
1784028900,24937.8,24939.3,24919.4,24921.8,24958,25005.69574963494,24964.36146892459,24947.578809515308,67
1784029200,24922.9,24925.9,24903.9,24910.4,24958,25004.74753322066,24962.245332888335,24944.03797051385,55
1784029500,24910.1,24920.9,24898.2,24907,24902,25003.774920949807,24960.078849245656,24940.51054475063,104
1784029800,24905.8,24924,24903.1,24906.7,24902,25002.809001338366,24957.985561039943,24937.290492869615,98
1784030100,24907.2,24917.8,24891,24917.1,24902,25001.9561754544,24956.382205705042,24935.367588786794,137
1784030400,24919.2,24920.2,24873.4,24890.8,24902,25000.85014385784,24953.81035450092,24931.123056521385,275
1784030700,24890.7,24899,24882.4,24889.1,24902,24999.738202127908,24951.2726935401,24927.120860662206,304
1784031000,24888.2,24898.3,24871.4,24893.3,24902,24998.67911553957,24948.999254577742,24923.899826313424,134
1784031300,24893.6,24896.9,24881,24896.5,24902,24997.66240792226,24946.940460280577,24921.290319045478,81
1784031600,24896.3,24913,24889.1,24909.9,24902,24996.78915013199,24945.48789321075,24920.20552675543,84
1784031900,24908.9,24937.3,24907.9,24937.3,24902,24996.19721828988,24945.166799359347,24921.833571826344,124
1784032200,24937,25097.9,24937,25011.4,24902,24996.348489749682,24947.764179776626,24930.363707842884,750
1784032500,25010.9,25024.9,24984.8,24988.6,24902,24996.271390349186,24949.36558449127,24935.910021381656,267
1784032800,24988.3,24998.2,24969.1,24985.3,24902,24996.16222228601,24950.774777256316,24940.613828869118,127
1784033100,24985.8,24987.2,24946.1,24970.2,24958,24995.903891716,24951.536550697245,24943.431559453013,236
1784033400,24971.5,24984.1,24959.6,24983.4,24958,24995.779474883006,24952.786097728724,24947.238077600345,98
1784033700,24983.5,25001.5,24977.6,24988.6,24958,24995.70803732198,24954.19056448446,24951.177308305072,116
1784034000,24987.6,25006,24981.4,24994.6,24958,24995.697012074994,24955.775248230166,24955.312802752207,141
1784034300,24994.1,25032.7,24991.1,25017.6,24958,24995.91495225335,24958.199748299572,24961.244916775806,113
1784034600,25018.1,25033.5,25016.9,25028.7,24958,24996.241171633916,24960.96446405253,24967.669210416207,88
1784034900,25028.9,25034.6,25001.6,25004.8,24958,24996.32633410522,24962.68350467792,24971.205476090854,81
1784035200,25005,25019.4,24997.6,25013,24958,24996.49224122855,24964.656700572905,24975.185906939343,58
1784035500,25012.5,25031.4,25008.4,25031.2,24958,24996.837592062097,24967.26624172691,24980.52058246893,70
1784035800,25031.1,25049.4,25005.2,25020.6,24958,24997.074033932124,24969.357761659187,24984.33766985284,193
1784036100,25019.6,25075.6,25013.4,25072.3,24958,24997.822551007426,24973.394712182355,24992.71503462876,173
1784036400,25073.3,25091.5,25058.7,25085.6,24958,24998.695958460088,24977.794919547752,25001.561221806973,198
1784036700,25086.1,25097.5,25063,25072.7,25058,24999.432317082377,24981.516687408624,25008.336343539642,174
1784037000,25073.2,25101.3,25070.6,25093.8,25058,25000.371299001956,24985.91995456907,25016.47573939301,150
1784037300,25093.6,25107.3,25087.2,25105.9,25058,25001.421335827807,24990.625054389893,25024.992335641295,148
1784037600,25105.4,25105.4,25071.8,25075.6,25058,25002.159431988723,24993.957405198133,25029.812113199267,199
1784037900,25073.6,25085,25062.7,25072.3,25058,25002.85734808834,24997.029663817815,25033.85857860886,172
1784038200,25071.8,25080.2,25047.2,25068.6,25058,25003.511503828755,24999.836343668096,25037.167285408013,149
1784038500,25068.1,25086.2,25041.3,25076.7,25058,25004.23974757175,25002.850604700718,25040.932305845345,112
1784038800,25076.2,25092,25068.1,25085.7,25058,25005.050297347156,25006.099600594807,25045.195895764835,98
1784039100,25084.7,25109.9,25076.7,25105.3,25058,25006.04780682629,25009.98981233619,25050.920096168185,241
1784039400,25105.4,25221.9,25093.8,25137.1,25058,25007.351808748415,25014.974525577905,25059.12770605693,271
1784039700,25138.6,25147.8,25130.2,25135.5,25058,25008.62691512903,25019.70101477093,25066.40125786103,523
1784040000,25135.8,25156.8,25132.8,25138.3,25058,25009.91719458048,25024.351955368147,25073.24875711236,194
1784040300,25138.8,25141.1,25120.1,25121.9,25122,25011.031451350824,25028.177368883124,25077.882208815947,108
1784040600,25121,25139,25110,25139,25122,25012.304770242856,25032.523354417117,25083.702950833474,145
1784040900,25139.5,25146.3,25130.2,25130.5,25122,25013.48084218074,25036.365575812524,25088.159812658858,125
1784041200,25130.3,25184.7,25103.9,25145.7,25122,25014.79645569138,25040.653200290464,25093.63983050087,398
1784041500,25146.1,25176.4,25141,25162.5,25122,25016.266142699424,25045.431506161425,25100.19794188174,395
1784041800,25163,25172,25155.4,25167.1,25122,25017.766977100426,25050.202819645292,25106.56956646443,180
1784042100,25165.1,25168.5,25130.9,25130.9,25122,25018.89267882082,25053.367414953318,25108.886750610676,228
1784042400,25130.5,25147.2,25123.2,25138.3,25122,25020.080811369866,25056.69810456299,25111.688012457278,251
1784042700,25139.3,25157.5,25130.9,25145.7,25122,25021.33075354529,25060.188374972284,25114.92724936611,385
1784043000,25146,25173.9,25137.4,25141.1,25122,25022.52248734086,25063.361379875332,25117.419892283622,474
1784043300,25141.6,25151.1,25124.1,25128.1,25122,25023.57300985488,25065.900149291985,25118.437045399467,232
1784043600,25127.6,25130.6,25103.4,25121.1,25122,25024.54342766727,25068.06484931975,25118.690660123328,105
1784043900,25121.6,25131.9,25120.6,25125.1,25122,25025.543990576054,25070.301521895446,25119.301073444916,85
1784044200,25125.6,25128.6,25084.7,25087.6,25122,25026.161463306642,25070.97989358582,25116.28192359302,108
1784044500,25087.1,25095.1,25079.1,25093.1,25122,25026.827518398117,25071.847348739317,25114.074121346064,71
1784044800,25093.6,25095.1,25072.4,25082.1,25122,25027.37749333943,25072.24941349464,25111.028966932154,94
1784045100,25080.6,25097.6,25074.6,25094.1,25122,25028.04139887834,25073.106299239946,25109.41668436719,148
1784045400,25095.1,25099.1,25084.8,25095.1,25122,25028.708648640746,25073.968797308968,25108.05319061793,29
1784045700,25094.6,25096.6,25084.1,25089.4,25122,25029.31254268412,25074.57394251254,25106.276696273366,25
1784046000,25090.1,25090.8,25077.6,25083.4,25122,25029.850726339006,25074.920062414007,25104.09796329495,26
1784046300,25083.9,25101.6,25079.4,25093.1,25122,25030.48007234558,25075.63300114287,25103.05053821924,45
1784046600,25093.6,25098.1,25082.6,25087.4,25122,25031.04643978493,25076.094452078443,25101.560010769786,14
1784046900,25086.9,25093.6,25083.1,25089.6,25122,25031.62906227463,25076.6240814087,25100.420962125045,7
1784047200,25090.1,25099.6,25086.1,25093.7,25122,25032.24668354553,25077.293725275023,25099.780870494087,19
1784047500,25092.9,25094,25073.1,25084.1,25088,25032.762636943087,25077.560638009338,25098.287454256555,100
1784047800,25083.1,25096.1,25079.1,25095.1,25088,25033.38290921231,25078.248456126617,25097.983887184502,44
1784048100,25095.6,25109.1,25095.6,25108.6,25088,25034.131337976367,25079.438712749103,25098.99494554788,39
1784048400,25109.3,25113.6,25095.3,25097.7,25088,25034.7638619766,25080.154841660904,25098.871617400466,66
1784048700,25098.2,25107.6,25093.6,25107.6,25088,25035.488599668377,25081.231122380083,25099.702891933754,24
1784049000,25107.9,25112.1,25102.6,25102.6,25088,25036.156374796054,25082.069117580864,25099.97880698768,28
1784049300,25103.1,25108.6,25093.6,25106.6,25088,25036.857306390124,25083.03111296985,25100.60939679838,38
1784049600,25107.1,25114.3,25104.9,25111.4,25088,25037.5990247345,25084.14361834358,25101.637073293772,22
1784049900,25111.9,25115,25107.1,25113.1,25088,25038.35027821973,25085.27916272226,25102.728780599125,33
1784050200,25113.6,25117.6,25100.6,25100.9,25088,25038.972663511075,25085.89174457629,25102.554611018255,28
1784050500,25100.4,25101.9,25095.2,25100.6,25088,25039.585870839324,25086.46853890663,25102.368457587945,17
1784050800,25100.1,25102.6,25092.6,25097.1,25088,25040.15815073147,25086.885458949506,25101.866699722428,20
1784051100,25097.6,25099.6,25082.6,25095.1,25102,25040.704835798817,25087.20759781423,25101.222252129817,17
1784051400,25096.6,25098.6,25082.1,25085.6,25102,25041.15155385057,25087.144554762694,25099.734418593645,24
1784051700,25086.6,25086.6,25078.1,25080.6,25102,25041.544075702805,25086.887905556312,25097.9120930133,29
1784052000,25081.6,25083.6,25067.3,25080.1,25102,25041.92771674059,25086.621713181554,25096.21570320251,53
1784052300,25080.6,25084.6,25073.3,25079.6,25102,25042.302565330236,25086.346351880315,25094.633255278462,41
1784052600,25080.1,25085.1,25077.1,25082.6,25102,25042.703534829438,25086.199436120303,25093.487230966228,27
1784052900,25083.1,25086.1,25074.4,25077.1,25102,25043.04578821422,25085.842595488135,25091.92654230278,16
1784053200,25076.6,25079.2,25069.1,25070.6,25102,25043.319959475768,25085.244846645463,25089.895443035846,20
1784053500,25071.1,25078.6,25067.6,25078.6,25102,25043.671004655112,25084.98426442407,25088.819686556242,11
1784053800,25079.1,25079.6,25065.1,25073.1,25102,25043.96383047944,25084.518214838812,25087.322573550886,32
1784054100,25072.6,25073.1,25060.6,25064.5,25102,25044.16817047467,25083.73318680592,25085.14899511747,179
1784054400,25063.5,25064.6,25044.6,25063.6,25102,25044.361522012234,25082.94365006843,25083.096709868187,154
1784054700,25063.1,25069.1,25059.3,25061.1,25058,25044.528074032012,25082.087036340257,25081.001785118835,15
1784055000,25060.6,25066.1,25056.6,25062,25058,25044.701924041645,25081.299309424954,25079.192091297995,22
1784055300,25062.5,25064.1,25058.1,25059.6,25058,25044.85016360342,25080.44835611417,25077.32617784104,25
1784055600,25060.1,25065.1,25051.6,25056.1,25058,25044.962102274032,25079.4935186195,25075.304637094276,81
1784055900,25056.6,25064.1,25054.1,25058.6,25058,25045.09780274892,25078.67416494815,25073.713719275773,37
1784056200,25058.1,25063.8,25051.1,25061.1,25058,25045.257028592212,25077.984982009006,25072.51241267808,28
1784056500,25061.6,25069.6,25061.3,25065.7,25058,25045.460441243034,25077.503218008653,25071.863611470642,58
1784056800,25067.2,25069.2,25063.6,25065.1,25058,25045.65585973813,25077.016817302432,25071.21945799725,11
1784057100,25064.6,25069.1,25060.6,25063.1,25058,25045.829433273073,25076.47105976116,25070.446176283225,28
1784057400,25065.1,25065.1,25046.3,25054.1,25058,25045.91172746936,25075.593763299938,25068.889397589584,211
1784057700,25053.6,25054.6,25043.6,25049.1,25058,25045.94345157414,25074.554792190134,25067.004693057243,37
1784058000,25047.1,25057.6,25046.1,25054.6,25058,25046.02958638435,25073.772251319933,25065.82329371846,25
1784058300,25055.6,25062,25052.1,25054.1,25058,25046.10988900739,25073.000790483857,25064.706789554795,68
1784058600,25054.6,25056.1,25048.6,25054.6,25058,25046.194367723736,25072.27919085704,25063.744238168623,56
1784058900,25055.1,25055.1,25037,25040.6,25058,25046.13870237325,25071.03686964696,25061.54002500971,254
1784059200,25041.1,25042.9,25026.2,25035.2,25058,25046.029859563565,25069.631502209824,25059.03145119926,17
1784059500,25034.1,25049.4,25034.1,25039.6,25058,25045.96588086144,25068.45379624081,25057.18083679933,0
1784059800,25038.5,25047.8,25031.2,25043.5,25058,25045.941344733466,25067.475215996074,25055.8778999613,0
1784060100,25042.5,25047.1,25041.8,25043.9,25058,25045.92103284557,25066.55069772172,25054.737147584034,0
1784060400,25042.9,25042.9,25029,25037.6,25058,25045.838236498847,25065.415376242436,25053.105038290316,0
1784060700,25039.8,25040.9,25028.9,25029.9,25058,25045.679647080946,25064.02261638979,25050.895034643618,0
1784061000,25031,25036.5,25028.9,25034.4,25058,25045.567411786607,25062.860945158816,25049.324078963273,0
1784061300,25035.5,25045.3,25035.5,25044,25058,25045.55181564943,25062.121300250627,25048.817023823914,0
1784061600,25044.1,25045,25039.6,25041.8,25058,25045.51448415043,25061.32438651531,25048.148735840685,0
1784061900,25041.7,25045,25034.2,25034.2,25038,25045.401902218586,25060.260685083336,25046.82028480824,0
1784062200,25035.3,25047.1,25034.2,25047.1,25038,25045.418798713923,25059.74457978595,25046.846924350313,0
1784062500,25046,25054.6,25044.7,25051.3,25038,25045.477318129706,25059.413419794346,25047.27102679314,0
1784062800,25049,25055.4,25047.8,25054.1,25038,25045.56311595926,25059.205050390647,25047.921405193792,0
1784063100,25054,25054.7,25048.6,25051.6,25038,25045.623184457178,25058.906813120426,25048.27174755629,0
1784063400,25051.4,25052.4,25048.1,25051.2,25038,25045.678675159095,25058.60458515492,25048.550628741406,0
1784063700,25051.5,25054,25050.6,25050.8,25038,25045.729633615225,25058.298522991983,25048.76485457556,0
1784064000,25051.2,25053.9,25051.1,25051.1,25038,25045.783070096666,25058.01622797269,25048.987249377886,0
1784064300,25051.8,25052.7,25045.9,25052.7,25038,25045.851895269832,25057.80774844435,25049.34084467523,0
1784064600,25052.6,25052.9,25052.6,25052.9,25038,25045.922025665157,25057.61528772104,25049.67981184902,0
1784064900,25053.8,25053.8,25053.7,25053.7,25038,25045.999418444608,25057.461747026096,25050.062686911016,0
1784065200,25054.3,25055.9,25050.5,25050.5,25038,25046.044200350632,25057.188737338798,25050.104335776636,0
1784065500,25049.2,25050.5,25048.3,25050.5,25050,25046.088536665553,25056.926433913748,25050.14201808362,0
1784065800,25050.2,25050.5,25048.7,25050.2,25050,25046.129446748484,25056.66265219164,25050.147540170896,0
1784066100,25052.2,25052.2,25051.3,25052.1,25050,25046.18885523855,25056.483724654714,25050.33348872605,0
1784066400,25053,25054.6,25043.9,25046.6,25050,25046.1929462312,25056.09612760943,25049.977918371187,0
1784066700,25047.2,25048.2,25036.1,25038.5,25050,25046.11639950253,25055.406083389455,25048.884783288217,0
1784067000,25039.1,25040.7,25017.9,25022.5,25050,25045.881410452756,25054.11564874673,25046.371946784577,0
1784067300,25023.6,25042.9,25023.4,25042.3,25050,25045.845774527854,25053.65228997235,25045.984142328904,0
1784067600,25042.9,25056.6,25041.7,25055.1,25050,25045.937856373348,25053.70906291461,25046.85231924996,0
1784067900,25055.6,25055.6,25048.4,25049.6,25050,25045.974295613414,25053.54792319247,25047.114003130915,0
1784068200,25050.7,25057,25049.5,25051,25050,25046.024302622234,25053.448004635902,25047.48409807083,0
1784068500,25050.5,25053.2,25050.5,25052.1,25050,25046.08475732251,25053.395141709003,25047.92370777837,0
1784068800,25051.6,25053.2,25049.4,25050.5,25050,25046.128690085472,25053.281606740024,25048.169068942334,0
1784069100,25051,25052.1,25045.2,25046.9,25050,25046.13636481099,25053.03134765218,25048.04820523354,0
1784069400,25047.4,25049.4,25040.7,25042.8,25050,25046.10316715118,25052.630118332487,25047.54837616368,0
1784069700,25042.2,25044.4,25039.5,25043.3,25050,25046.075274940722,25052.264231339057,25047.143768909995,0
1784070000,25042.8,25048.1,25037.4,25047.5,25050,25046.08945130947,25052.077398737525,25047.17769568047,0
1784070300,25048.1,25053.4,25046.4,25051.8,25050,25046.14627268948,25052.06652035566,25047.617915139475,0
1784070600,25052.4,25058,25051.3,25057,25050,25046.25426997615,25052.259990145634,25048.511447030953,0
1784070900,25056.4,25058.6,25052.1,25055.9,25050,25046.350247389324,25052.40273563012,25049.21511874229,0
1784071200,25055.3,25063.3,25054.8,25061.6,25050,25046.501986221272,25052.763412664233,25050.394631243023,0
1784071500,25061.1,25088.4,25061.1,25086.8,25050,25046.902961482752,25054.09818079505,25053.861809219878,0
1784071800,25087.9,25095.6,25086.5,25090.1,25050,25047.332782761532,25055.5100168423,25057.31306548465,0
1784072100,25090.6,25093.8,25087.7,25088.8,25050,25047.745391888282,25056.815506377898,25060.31182115278,0
1784072400,25088.2,25099.3,25088.2,25090.7,25050,25048.172800924218,25058.144310049352,25063.205933423942,0
1784072700,25090.1,25099.8,25087.4,25096.6,25102,25048.65466360159,25059.652376321927,25066.3863207169,0
1784073000,25096.1,25103,25093.4,25100.4,25102,25049.169542570726,25061.25032234852,25069.625718743864,0
1784073300,25101,25102.2,25090,25096.7,25102,25049.642482445644,25062.640505785832,25072.20422172064,0
1784109600,24947.2,24976.3,24942.3,24976.3,25102,25048.912706500912,25059.25460359815,25063.070486318673,108
1784109900,24977.3,24982,24966.8,24972.8,25102,25048.15536613772,25055.864226986458,25054.473297145465,355
1784110200,24971.7,24979.1,24965.6,24975.7,25102,25047.434417220924,25052.72053181052,25046.97107836971,141
1784110500,24975.4,24989,24971.5,24980.3,25102,25046.766413069472,25049.880510955205,25040.621451858307,27
1784110800,24981.5,24984.1,24963.5,24964,25102,25045.94286667077,25046.51264778049,25033.324170728945,98
1784111100,24964.5,24968.8,24942.3,24951.6,25102,25045.004131679023,25042.790583161648,25025.540916373808,57
1784111400,24952.1,24968,24947.3,24952.8,25102,25044.086677632466,25039.26154068472,25018.613210052492,52
1784111700,24953.3,24972,24952.3,24964.3,25102,25043.292780342592,25036.321872422577,25013.440523380825,35
1784112000,24963.9,24965.4,24946.9,24946.9,25102,25042.33364819988,25032.815132327574,25007.103330677888,70
1784112300,24943,24954.4,24939.7,24951.1,24950,25041.425850705356,25029.610617334336,25001.76968013714,65
1784112600,24952.8,24957,24942.2,24954.7,24950,25040.562906917243,25026.672946066323,24997.28685345741,46
1784112900,24955.2,24958.1,24939.5,24940,24950,25039.562280977767,25023.274007004897,24991.830962651944,43
1784113200,24939.6,24943.8,24927.1,24934.6,24950,25038.517880172018,25019.79659496549,24986.38039478033,153
1784113500,24934.1,24941.6,24926.7,24935.6,24950,25037.493821662843,25016.49476771194,24981.544166706015,35
1784113800,24935.9,24935.9,24915.8,24934.9,24950,25036.472987616446,25013.29497289971,24977.101865114964,111
1784114100,24934.4,24946.7,24932.4,24938.3,24950,25035.49614196852,25010.35399357031,24973.40644938973,85
1784114400,24938.4,24952.1,24938.4,24942,24950,25034.565832098186,25007.673444802844,24970.415358971662,72
1784114700,24942.5,24952,24931.5,24932.5,24950,25033.5502516793,25004.72546657528,24966.804372402934,40
1784115000,24932.3,24956.7,24923.6,24952.3,24950,25032.741791463584,25002.66956592527,24965.423003602653,57
1784115300,24952.4,24969.3,24951.3,24967.3,24950,25032.09062935947,25001.28252412428,24965.601765164305,49
1784115600,24967.8,24974.9,24963.3,24970.5,24950,25031.477787276293,25000.075366315483,24966.068263720084,37
1784115900,24971.4,24972,24958.7,24960.5,24958,25030.771540636728,24998.523391165854,24965.5379528896,123
1784116200,24959,24982.5,24959,24980.2,24958,25030.268341227405,24997.80482680641,24966.934338328687,61
1784116500,24980.7,25005.3,24975.3,24998.7,24958,25029.95422837937,24997.83993163753,24969.95963944024,61
1784116800,24998,25006,24983.5,24986.1,24958,25029.517867897983,24997.379542161547,24971.49681663641,92
1784117100,24986.4,24991,24975.8,24987.1,24958,25029.095799560688,24996.976422861095,24972.982834099606,98
1784117400,24988.3,25010.2,24987.7,25005.3,24958,25028.859025435704,24997.302837650856,24976.060659423452,85
1784117700,25005.8,25024.8,25004.3,25022.1,24958,25028.79177145127,24998.27527539004,24980.44535852598,97
1784118000,25021.4,25023.1,24994.6,24996.9,24958,25028.474440392052,24998.221343021803,24982.01246723779,68
1784118300,24997.4,25004.6,24992.4,24998,24958,25028.171212129444,24998.2126629033,24983.53508940562,39
1784118600,24999.5,25024.8,24999.5,25010.5,24958,25027.99537917293,24998.694519260036,24986.103176128894,131
1784118900,25011.5,25026,25005.7,25020.1,24958,25027.916818186135,24999.53394987729,24989.34096887852,94
1784119200,25019.3,25026.8,25010.3,25025.1,24958,25027.888790144483,25000.536540078177,24992.746590890092,62
1784119500,25025.4,25034.3,25015.9,25030.2,25038,25027.911787257475,25001.699813016286,24996.31358223389,102
1784119800,25029,25030.8,25004,25010.6,25038,25027.739530667848,25002.048839956824,24997.67419344971,111
1784120100,25010.5,25023.7,25006.1,25015.1,25038,25027.613764193542,25002.560650154595,24999.333794073547,112
1784120400,25016.5,25040,25013.8,25035.4,25038,25027.69123917669,25003.848467795593,25002.76867082845,87
1784120700,25034.9,25041.5,25022.4,25026.3,25038,25027.677396000803,25004.728920038902,25005.00974979717,110
1784121000,25023.8,25023.8,24994.4,24996.3,25038,25027.365183105274,25004.398374155026,25004.180249816487,129
1784121300,24996.2,25010.9,24986.9,25008.4,25038,25027.176474815667,25004.55530065875,25004.582130786344,100
1784121600,25007.9,25021,25007.9,25016,25038,25027.065266111033,25005.004112397623,25005.669546901932,73
1784121900,25016.5,25020,25003.5,25008.8,25038,25026.883522169628,25005.15297073497,25005.967685292224,80
1784122200,25010.2,25052.9,25010.2,25044.8,25038,25027.061795580874,25006.70775619634,25009.66600097868,373
1784122500,25043.3,25054,25011.4,25012.1,25038,25026.912921993004,25006.91921673766,25009.897810409282,167
1784122800,25011.6,25011.6,24983.1,24983.6,25038,25026.481947644814,25006.00473764991,25007.39325703697,201
1784123100,24984.1,24987.4,24959.9,24968.9,24958,25025.90899294188,25004.549649898934,25003.72723255726,120
1784123400,24967.7,24992.1,24955.4,24989.7,24958,25025.548704454897,25003.96731068721,25002.391305647045,157
1784123700,24989.2,25036,24986.3,25015.8,24958,25025.45170242052,25004.431337719085,25003.66832415685,339
1784124000,25015.1,25031,24999.6,25008.5,24958,25025.283028764596,25004.59089310265,25004.12848376096,277
1784124300,25009.5,25026.1,25008.7,25018,24958,25025.21056081669,25005.116740431957,25005.44958054563,92
1784124600,25019.4,25031,25010.9,25026.6,24958,25025.224386082195,25005.95922119933,25007.46390620795,154
1784124900,25027.6,25052,25024,25046.6,24958,25025.437078757994,25007.552977230727,25011.191153235766,182
1784125200,25044.9,25057.7,25011.6,25021.2,24958,25025.39491877035,25008.08815459423,25012.14437673712,281
1784125500,25021.7,25041,25009.4,25031.8,24958,25025.45865092189,25009.01803088465,25014.016340857394,150
1784125800,25032.7,25049.8,25022.4,25046.6,24958,25025.66901260426,25010.491833595057,25017.119546490023,138
1784126100,25047,25050.4,25024.7,25025.5,24958,25025.667330886805,25011.08038914035,25017.917684919543,261
1784126400,25024.1,25036.6,25009,25009.7,24958,25025.50845197251,25011.026256232883,25017.135048260538,152
1784126700,25010.2,25019.2,24993.2,25009.8,25002,25025.35214896781,25010.97816775316,25016.436472235724,125
1784127000,25009.5,25030.2,25003.5,25027.7,25002,25025.375510669623,25011.633925880487,25017.509189165656,108
1784127300,25029.2,25036.2,25018.3,25035.1,25002,25025.472271757488,25012.55416408125,25019.18450448321,103
1784127600,25033.6,25036.2,25009.3,25014.7,25002,25025.36508497383,25012.638314509437,25018.757408818143,107
1784127900,25015,25035,25010.1,25026,25002,25025.37140253628,25013.162302175733,25019.447179406892,91
1784128200,25027,25033,24998.5,25002,25002,25025.13885126726,25012.72456483551,25017.7855432729,100
1784128500,25001,25019,24992.2,25013.3,25002,25025.021051752163,25012.74713092039,25017.358348675483,141
1784128800,25012.8,25015.4,24989,25006.4,25002,25024.835767655128,25012.498223825474,25016.314696420675,124
1784129100,25006.1,25020.4,25000.1,25010.1,25002,25024.689143101346,25012.40417583232,25015.722820571085,554
1784129400,25012,25038.5,25008.8,25015,25002,25024.592733717254,25012.5059728585,25015.653980516698,667
1784129700,25011,25030,25005.5,25021.5,25002,25024.561960247433,25012.858679805227,25016.210744277014,309
1784130000,25022,25029.5,25016,25016,25002,25024.47676661313,25012.981868832474,25016.19067339349,87
1784130300,25014.5,25021.9,25007,25014.5,25022,25024.377495303546,25013.041403388062,25016.029656879822,35
1784130600,25015,25016,25001.5,25010.3,25022,25024.23742072341,25012.933897372845,25015.48397527222,94
1784130900,25009.8,25012.9,24992.5,24995.5,25022,25023.9514762386,25012.250215122927,25013.580739532008,34
1784131200,24996,24998,24969,24971,25022,25023.424595878016,25010.63255962791,25009.52543100515,169
1784131500,24971.5,24975,24958.5,24973,25022,25022.922858605598,25009.156772975835,25006.04681852847,87
1784131800,24972.2,24972.2,24952,24954,25022,25022.237059017483,25006.9937622709,25001.089978668617,45
1784132100,24953.5,24959,24946,24948,25022,25021.49838181333,25004.68028139753,24996.033790223988,69
1784132400,24947.5,24956,24939,24942,25022,25020.70735313857,25002.222231146647,24990.88771496456,107
1784132700,24942.5,24953.5,24938,24953,25022,25020.033648132216,25000.29194757227,24987.27936115841,67
1784133000,24953.5,24957.5,24934.5,24938,25022,25019.21739292692,24997.84912609885,24982.586088667133,23
1784133300,24938.5,24938.5,24922.5,24927,25022,25018.299806927647,24995.070728996932,24977.292175460738,55
1784133600,24926.5,24942,24922,24942,25022,25017.540604868667,24992.989523938228,24973.93101589305,44
1784133900,24942.5,24984,24938,24954,24950,25016.908360044104,24991.460522999474,24972.032823903235,475
1784134200,24952,24966.5,24951.5,24952.5,24950,25016.267480839684,24989.932659352435,24970.17255496007,78
1784134500,24953,24965,24946.8,24961.9,24950,25015.72651088108,24988.83333937783,24969.38469258292,33
1784134800,24963.4,24982,24960.5,24970.5,24950,25015.276495847436,24988.114384892426,24969.49091233693,28
1784135100,24970,24983.4,24967,24976,24950,25014.88568494348,24987.639310975075,24970.110825447697,52
1784135400,24976.5,24981.4,24970.5,24971,24950,25014.449011461456,24986.986788976054,24970.195508738394,21
1784135700,24971.5,24982.5,24969,24981.5,24950,25014.121160601142,24986.771620780914,24971.272126953783,12
1784136000,24980.5,24987.5,24975.5,24984,24950,25013.821447560334,24986.662929769896,24972.484305339138,26
1784136300,24984.5,24996.5,24984,24996,24950,25013.644119723915,24987.029089386764,24974.723895306837,37
1784136600,24995.5,25001.1,24992.5,24999,24950,25013.498407089846,24987.498536861793,24977.035905277615,51
1784136900,24999.5,25019,24997.5,25011,24950,25013.473547317808,24988.420162867213,24980.27058096546,112
1784137200,25011.5,25024,25011,25015,24950,25013.488735901712,24989.46250942144,24983.578144683037,75
1784137500,25013.5,25030,25011,25022.5,25022,25013.578400221097,24990.758097287264,24987.28498804656,91
1784137800,25022.9,25026.6,25014.5,25024,25022,25013.682097731333,24992.061701315215,24990.78165585165,24
1784138100,25023.5,25025.5,25014.5,25016.5,25022,25013.710136559876,24993.020065969522,24993.231021961015,66
1784138400,25017.5,25017.9,25009.5,25011,25022,25013.683170026943,24993.7251614217,24994.923305583776,48
1784138700,25010,25019.5,25010,25015,25022,25013.696272812744,24994.559468816926,24996.835371718655,41
1784139000,25016,25025,25014,25022.5,25022,25013.78387208824,24995.655175922144,24999.279622031165,22
1784139300,25022,25024.5,25016.5,25022.5,25022,25013.87059972915,24996.707914121274,25001.491086599624,15
1784139600,25022,25025,25018,25020.5,25022,25013.93656391095,24997.640937096912,25003.30145930442,41
1784139900,25021,25022.5,25012,25013.5,25022,25013.93221999144,24998.262861132327,25004.272748894477,27
1784140200,25013,25023.5,25012.5,25018.5,25022,25013.97767053879,24999.056474421257,25005.62772519024,10
1784140500,25019,25026.4,25016.5,25025.2,25022,25014.089335508554,25000.081710718463,25007.4917513626,34
1784140800,25025.9,25025.9,25017.5,25018.5,25022,25014.133222717424,25000.803996572642,25008.54015599473,17
1784141100,25018,25019,25007,25012,25002,25014.111996620733,25001.243055530576,25008.869664947615,226
1784141400,25012.5,25013,24999,25005,25002,25014.021329987692,25001.39038668624,25008.501125428793,28
1784141700,25004.5,25010,24995.5,24998.5,25002,25013.866888893288,25001.27703818874,25007.54863729272,31
1784142000,24999,25005,24988.2,25004,25002,25013.76871089435,25001.383821004867,25007.21067183627,20
1784142300,25004.5,25011,25002.5,25004.1,25002,25013.6725048158,25001.490337828207,25006.914417375672,4
1784142600,25003.6,25016.2,25001.1,25014.5,25002,25013.680738598727,25002.000520658472,25007.636853816086,93
1784142900,25014,25017,25006,25006,25002,25013.604313339038,25002.157362985592,25007.48096297646,19
1784143200,25005.5,25006,24992.5,24995,25002,25013.419195793376,25001.876682084196,25006.292299835844,52
1784143500,24994.5,25006.6,24992,25001,25002,25013.29562170588,25001.84230239462,25005.78827128005,18
1784143800,25000.5,25006.8,24986.9,24988.4,25002,25013.047904076968,25001.315153281106,25004.132245443856,93
1784144100,24986.9,24995.5,24979.5,24995.3,25002,25012.8713080165,25001.07926491714,25003.291079211107,41
1784144400,24994.8,24994.8,24985.5,24990.1,25002,25012.644727837232,25000.648705508625,25002.034785952907,94
1784144700,24989.1,24993,24980,24980.5,24988,25012.324879799053,24999.858560194563,24999.98385395739,74
1784145000,24983.5,24996,24977,24992,24988,25012.12264218911,24999.550381363402,24999.22348691383,111
1784145300,24993.5,25003,24982.5,24995.8,24988,25011.960227838972,24999.403307584445,24998.897440541085,212
1784145600,24997.5,25008.2,24984.4,25001.3,24988,25011.854155920177,24999.477687679173,24999.12625572765,6
1784145900,25000.2,25001.3,24965.7,24981.7,24988,25011.554114567738,24998.780523456462,24997.466612325017,0
1784146200,24979.5,24991.4,24978.5,24988.2,24988,25011.321735318306,24998.365600967973,24996.58407781787,0
1784146500,24987.1,24992.6,24983.4,24992.6,24988,25011.13544939474,24998.139498969227,24996.20464183522,0
1784146800,24991.5,25002.1,24991.5,25002.1,24988,25011.045544425637,24998.29481273514,24996.766104517577,0
1784147100,25001,25003.2,24995.1,24997.2,24988,25010.907777814435,24998.25187890239,24996.807427896856,0
1784147400,24996.2,24997.2,24988.6,24989.6,24988,25010.695760124738,24997.91258953367,24996.121006192392,0
1784147700,24988.6,24995,24987.5,24994,24988,25010.529633158323,24997.759154649997,24995.919005602642,0
1784148000,24992.9,24997.9,24991.8,24995,24988,25010.375109445304,24997.65095250686,24995.831481259534,0
1784148300,24996,25000.3,24995,24996,25002,25010.232073530424,24997.5862092713,24995.847530663388,0
1784148600,24995,24997.1,24990.7,24991.7,25002,25010.047674788828,24997.355377535172,24995.452527743066,0
1784148900,24990.7,24997,24989.5,24990.4,25002,25009.8521755372,24997.082617631833,24994.97133462468,0
1784149200,24990.5,24994.6,24986.2,24986.6,25002,25009.62081060648,24996.671534587447,24994.174064660423,0
1784149500,24991.2,24993.8,24989,24993.8,25002,25009.463389605422,24996.55892538794,24994.13843945467,0
1784149800,24994,25005.1,24993.9,24998.9,25002,25009.358281251138,24996.650732235474,24994.591921411367,0
1784150100,25000.9,25002.8,24998.9,24999.6,25002,25009.261183925257,24996.766389794866,24995.06888127695,0
1784150400,25001.8,25001.8,24990.8,24995.8,25002,25009.127241796647,24996.728492155853,24995.13851163153,0
1784150700,24995.6,24995.6,24987.4,24993,25002,25008.966771729018,24996.582276777193,24994.934843857096,0
1784151000,24993.4,24994.9,24992.3,24992.3,25002,25008.80093320435,24996.414344354558,24994.683906346898,0
1784151300,24993.5,24993.9,24991.5,24993.9,25002,25008.652665212267,24996.315742615163,24994.609248599576,0
1784151600,24994.1,24996.9,24994,24995.5,25002,25008.521792921598,24996.283752708685,24994.694082066282,0
1784151900,24994.2,24998.6,24994,24995.3,25002,25008.390232793026,24996.24517417109,24994.75178853616,0
1784152200,24997.4,25001.6,24997.4,25001.6,25002,25008.322668287623,24996.45516734085,24995.403999151764,0
1784152500,24999.9,25000.5,24997.5,24999.2,25002,25008.23189546884,24996.562807837287,24995.76552304207,0
1784152800,24996.6,25018.7,24991.8,25017.6,25002,25008.325110439302,24997.387795765237,24997.844997038064,0
1784153100,25018.1,25023.5,25014.6,25015.1,25002,25008.392522275728,24998.082392009735,24999.488330653487,0
1784153400,25016.2,25016.2,25008.1,25009.2,25002,25008.40055687995,24998.518376636806,25000.413251543632,0
1784153700,25009.4,25009.9,25006,25006,25002,25008.376670741844,24998.81177363144,25000.94532282519,0
1784154000,25008.7,25008.7,24999.3,25000.4,25002,25008.297300883714,24998.874057018445,25000.893387318032,0
1784154300,24999.9,25001.5,24998.2,25000.4,25002,25008.218720775418,24998.933897919684,25000.84639804965,0
1784154600,25001.4,25004.7,24998.2,25000.4,25002,25008.14092255875,24998.99139211891,25000.803883949684,0
1784154900,24999.8,25001.4,24993.9,24994.9,25002,25008.009172085527,24998.83094536915,25000.24160928781,0
1784155200,24993.8,24997.5,24992.7,24994.8,25002,25007.877737537412,24998.672869080165,24999.723360784206,0
1784155500,24995.9,24999.1,24992.5,24993.6,24988,25007.735670497237,24998.473933037807,24999.140183566662,0
1784155800,24993,25004.8,24990.4,24995.7,24988,25007.61591258184,24998.365151350048,24998.812547036505,0
1784156100,24996.2,25008.7,24989.3,25006.6,24988,25007.605803998937,24998.688086591224,24999.554209223505,0
1784156400,25006,25011,25002.3,25009.9,24988,25007.628631819844,24999.12776947,25000.53952263079,0
1784156700,25010.4,25011,25002.9,25007.8,24988,25007.630336975864,24999.467856941767,25001.230996665952,0
1784157000,25007.9,25012.1,25005.7,25007.9,24988,25007.633020190035,24999.79852921856,25001.866139840622,0
1784157300,25007.3,25008,25002.1,25006.3,24988,25007.619756307548,25000.053488857047,25002.288412236754,0
1784157600,25005.8,25010.1,25003.7,25007.4,24988,25007.617569677623,25000.34158733324,25002.77523011897,0
1784157900,25007.9,25014.2,25003.5,25012.1,24988,25007.662170974363,25000.80270155547,25003.66330344097,0
1784158200,25012.6,25022.1,25012.5,25021.5,24988,25007.799860815416,25001.614360318,25005.362036446593,0
1784158500,25021,25022.1,25011.7,25012.8,24988,25007.84961344412,25002.053012854547,25006.07041392787,0
1784158800,25013.8,25016.9,25008.4,25015.3,24988,25007.92374664368,25002.572502546525,25006.949422125217,0
1784159100,25014.8,25018,25000.6,25001.6,25002,25007.860823791503,25002.53436519176,25006.439953351386,0
1784159400,25000.6,25009.1,24999.5,25000.5,25002,25007.78758176373,25002.454586164633,25005.8742435084,0
1784159700,25001.6,25005.3,24995.1,24998.2,25002,25007.69218294021,25002.287739648375,25005.143363174266,0
1784160000,24999.2,25028.6,24996,25028,25002,25007.89425077165,25003.296063583733,25007.3201857291,0
1784160300,25029.1,25033.1,25020.3,25029.8,25002,25008.112218425664,25004.335433639273,25009.461120421565,0
1784160600,25030.9,25042.1,25024.5,25041.6,25002,25008.445430182623,25005.79678918283,25012.5219660957,0
1784160900,25041,25044.8,25008.7,25008.7,25002,25008.447963215633,25005.910640587426,25012.157969324682,25
1784161200,25010.7,25030.5,25005.7,25015.7,25002,25008.520122785627,25006.294537034977,25012.495305579476,11
1784161500,25016.9,25020.7,25005.7,25005.8,25002,25008.493056887262,25006.275143425763,25011.85765742905,2
1784161800,25011.3,25015.2,24989.7,24999.2,25002,25008.40058865953,25005.997686820832,25010.65216624533,3
1784162100,25001.2,25001.7,24980.2,24982.2,25002,25008.139886284807,25005.06444420041,25007.942436126727,0
1784162400,24982.7,24983.9,24975.2,24976.8,25002,25007.82804662028,25003.956034623923,25004.976489828943,1
1784162700,24977.7,24979.7,24962.7,24972.7,24958,25007.47851381809,25002.730307775928,25001.902538416663,3
1784163000,24973.2,24987.7,24963.2,24971.7,24958,25007.12250870547,25001.513432961186,24999.026106186506,2
1784163300,24973.2,24977.7,24960.7,24966.6,24958,25006.719299663626,25000.144278727414,24995.937905597315,0
1784163600,24968.1,24972.2,24947.7,24953.7,24958,25006.19174444309,24998.322934463595,24991.91524792138,0
1784163900,24953.2,24959.7,24948.7,24951.7,24958,25005.64953803072,24996.494584092474,24988.08522430982,0
1784164200,24949.2,24955.2,24932.7,24936.7,24958,25004.963472975687,24994.14969844179,24983.19139342317,1
1784164500,24937.2,24939.2,24915.2,24916.2,24958,25004.080254339115,24991.092847522505,24976.811260716204,5
1784164800,24915.7,24936.2,24910.7,24922.7,24958,25003.270500564595,24988.410775070643,24971.65780731466,16
1784165100,24923.7,24938.7,24920.2,24930.2,24958,25002.543430907237,24986.127999577675,24967.709444713262,1
1784165400,24931.2,24946.7,24927.2,24932.7,24958,25001.848471395722,24984.032783907962,24964.375211883427,1
1784165700,24934.2,24949.2,24934.2,24944.2,24958,25001.27485476492,24982.47071395079,24962.453763132624,2
1784166000,24945.7,24952.2,24932.2,24936.7,24958,25000.632318896613,24980.675783991934,24960.00102378666,1
1784166300,24938.2,24959.2,24931.2,24959.2,24958,25000.220057017043,24979.833596384407,24959.924735806977,4
1784166600,24960.7,24965.7,24937.7,24950.2,24958,24999.72234500692,24978.67149456541,24958.998570492025,2
1784166900,24950.7,24958.7,24931.7,24935.7,24958,24999.085306748148,24976.986337915787,24956.779659016596,7
1784167200,24937.2,24938.7,24916.7,24925.2,24958,24998.350129566574,24974.955501134777,24953.772072443586,4
1784167500,24925.7,24930.7,24920.2,24924.2,24958,24997.61231733208,24972.96508932557,24950.955684591816,0
1784167800,24921.7,24933.2,24921.7,24926.7,24958,24996.906722134747,24971.150772097117,24948.645619392595,0
1784168100,24927.2,24932.2,24918.7,24930.2,24958,24996.242973655793,24969.544859465856,24946.88889373616,0
1784168400,24929.7,24948.2,24928.7,24946.2,24958,24995.745033619416,24968.62937478092,24946.823284808906,1
1784168700,24946.7,24955.7,24946.7,24955.2,24958,24995.341600449072,24968.10273263265,24947.62106720806,0
1784169000,24955.7,24963.2,24952.2,24960.2,24958,24994.991932782912,24967.792821549017,24948.81906080729,1
1784169300,24961.2,24970.7,24959.2,24963.2,24958,24994.675595143282,24967.612710900037,24950.18867406374,0
1784169600,24964.7,24966.2,24956.8,24958.4,24958,24994.314643947826,24967.251428119645,24950.970705105286,0
1784169900,24959.3,24980.5,24958.2,24973.6,24988,24994.108528087647,24967.500391722795,24953.12587604764,0
1784170200,24974.1,24979.7,24968.2,24976.7,24988,24993.935308902695,24967.86116067484,24955.37103070977,0
1784170500,24975.2,24988.7,24975.2,24985.7,24988,24993.85336553053,24968.56072300132,24958.259503975507,0
1784170800,24986.6,24989.2,24981.7,24986.7,24988,24993.782187764056,24969.272067197347,24960.968122644506,0
1784171100,24988.2,25008.7,24985.7,25003.2,24988,24993.875897338545,24970.60257436608,24964.990206202172,0
1784171400,25001.7,25005.7,25000.7,25000.7,24988,24993.943798857563,24971.78286556741,24968.391138944822,0
1784171700,25001.1,25001.7,24988.9,24990.9,24988,24993.913512301766,24972.532557113784,24970.534839997697,0
1784172000,24993.4,24999.2,24987.5,24994.7,24988,24993.921338050008,24973.401868599518,24972.83628380744,1
1784172300,24995.2,25001.2,24992.7,24999.7,24988,24993.978837173887,24974.433167870124,24975.394732968634,0
1784172600,24999.2,25011.3,24994.7,25008.8,24988,24994.126311430864,24975.78088677718,24978.576186971623,0
1784172900,25010.8,25011.3,24996.7,25007.2,24988,24994.256397884288,24977.01300886435,24981.302264402897,4
1784173200,25007.7,25012.2,25005.7,25007.2,24988,24994.38518994514,24978.196812438295,24983.768715412145,0
1784173500,25007.7,25011.2,25004.7,25004.7,25002,24994.48782487106,24979.23615312699,24985.76217108718,0
1784173800,25004.2,25027.4,25004.2,25024.2,25002,24994.78346840468,24980.999441239655,24989.422916697924,10
1784174100,25024.7,25030.7,25022.7,25030.2,25002,24995.135871704137,24982.92887491653,24993.30644844098,1
1784174400,25031.2,25035.2,25021.2,25022.4,25002,24995.407156562804,24984.47676217471,24996.077262875173,4
1784174700,25016.4,25020.7,25011.2,25015.7,25002,24995.609075402976,24985.70120287374,24997.9460949823,0
1784175000,25015.2,25023.7,25010.6,25021,25002,24995.861721418867,24987.08546942771,25000.141704983987,0
1784175300,25021.5,25022.6,25008.7,25008.7,25002,24995.989465484352,24987.933098077607,25000.9567806998,0
1784175600,25008.2,25011.7,25005.7,25008.2,25002,24996.11096334023,24988.727878545153,25001.646611109343,0
1784175900,25007.7,25010.7,24995.2,24995.7,25002,24996.106874152767,24989.001295072794,25001.080267194167,5
1784176200,24999.7,24999.7,24990.7,24990.7,25002,24996.053074409952,24989.067910952293,25000.091670318532,0
1784176500,24990.2,24997.7,24990.2,24992.7,25002,24996.019710485474,24989.210345816908,24999.38770171677,0
1784176800,24992.2,25003.7,24991.2,24999.2,25002,24996.051355157262,24989.602096961342,24999.36982536279,1
1784177100,24998.7,25002.2,24994.1,24999.2,25002,24996.08268495669,24989.978485315798,24999.353651518715,0
1784177400,25001.7,25004.7,24999.2,25003.2,25002,24996.153504011847,24990.49697608773,24999.719970421695,2
1784177700,25002.7,25007.1,24993.2,24993.7,25002,24996.129091036604,24990.6225848686,24999.146639905342,0
1784178000,25000.2,25005.2,24996.7,25003.1,25002,24996.198453314846,24991.11189526591,24999.52315039055,2
1784178300,25001.7,25018.2,24996.3,24997.2,25002,24996.208418953505,24991.350644471167,24999.3018979724,28
1784178600,24998.3,25033.2,24996.8,25031.2,25002,24996.55659388929,24992.913364295826,25002.33981245122,17
1784178900,25031.6,25049.7,25030.7,25037.2,25002,24996.961005890393,24994.650095107754,25005.65983031301,7
1784179200,25036.7,25056.4,25036.7,25048.7,25002,24997.47582175218,24996.769699221175,25009.758894092723,13
1784179500,25046.2,25060.7,25044.7,25051.2,25002,24998.01039068997,24998.904220820346,25013.705666083893,11
1784179800,25052.7,25064.7,25027.5,25028.8,25002,24998.316754961714,25000.076604317586,25015.14322169495,13
1784180100,25028.7,25034.2,25015.2,25022.7,25002,24998.55937431533,25000.963796305132,25015.86291486686,17
1784180400,25023.7,25040.2,25018.7,25028.4,25002,24998.856295963935,25002.039725861792,25017.056922974778,3
1784180700,25028.9,25034.2,25016.7,25017.2,25022,24999.038820382204,25002.634246416234,25017.070549358134,2
1784181000,25017.7,25025.4,25013.4,25021.7,25022,24999.26430475651,25003.381923027362,25017.511449419264,7
1784181300,25021.2,25034.7,25019.7,25025.2,25022,24999.52237137585,25004.237533889034,25018.243692331715,8
1784181600,25024.9,25040.7,25008.7,25015.7,25022,24999.683342804947,25004.687042363974,25018.00143591917,51
1784181900,25015.2,25020.7,24969.2,25004.2,25022,24999.728284667584,25004.667942663425,25016.68701345068,199
1784182200,25003.2,25004.6,24987.7,25004.2,25022,24999.77277934751,25004.64959197074,25015.497774074425,66
1784182500,25003.7,25024.7,25001.7,25022.2,25022,24999.995935771913,25005.337843266007,25016.13608130543,54
1784182800,25021.7,25030.5,25005.7,25022.7,25022,25000.22184685876,25006.018712157536,25016.7612164192,53
1784183100,25022.2,25026.8,25006.2,25007.2,25022,25000.291281218375,25006.065037170967,25015.850624379276,50
1784183400,25008.2,25008.7,24986.7,24988.2,25022,25000.17096996247,25005.364447477987,25013.21723158125,57
1784183700,24987.7,24996.7,24974,24980.7,25022,24999.97722896782,25004.397214243556,25010.120352383034,28
1784184000,24981.7,24995.7,24980.7,24992.2,25022,24999.899843604955,25003.91889211636,25008.41365215608,42
1784184300,24991.7,25009.2,24980.2,25007.8,25002,24999.9784521263,25004.07109242552,25008.355209093595,51
1784184600,25009.3,25014.2,24995.7,25008.2,25002,25000.060258572805,25004.23301036962,25008.340427275158,43
1784184900,25007.7,25035.7,25007.7,25028.2,25002,25000.34025599994,25005.17289231591,25010.231815153715,175
1784185200,25027.8,25053.2,24971.6,25024.7,25002,25000.58264151238,25005.938661244698,25011.609737520026,725
1784185500,25025.7,25030.3,24976.8,24998.3,25002,25000.55992866151,25005.63910590177,25010.3421434705,204
1784185800,24998.8,25001.3,24914.2,24914.2,25002,24999.70062588876,25002.053258611504,25001.185748854263,378
1784186100,24914.1,24930.6,24896.8,24907,25002,24998.77823160131,24998.325679842426,24992.21567753481,304
1784186400,24905,24951.6,24903.7,24949.7,25002,24998.289890988362,24996.41879043684,24988.166565388638,207
1784186700,24949.2,24963.6,24927.5,24942.6,25002,24997.73576271982,24994.308249635396,24983.826892494482,172
1784187000,24944,24955.8,24909.2,24911.3,25002,24996.875705379327,24991.053024159497,24976.919569399768,226
1784187300,24910.9,24911.7,24880.8,24883.8,25002,24995.750573982517,24986.847023212067,24968.051038980742,272
1784187600,24883.3,24908,24874.4,24894.6,25002,24994.744100609558,24983.229492890026,24961.055701934958,200
1784187900,24894.4,24896.8,24864.5,24872.8,24858,24993.53072647414,24978.898924541398,24952.65039698877,232
1784188200,24875.7,24882.6,24862.7,24871.6,24858,24992.317485414693,24974.69112357899,24944.931311561268,146
1784188500,24872.1,24876.1,24845.7,24870.4,24858,24991.104376107083,24970.601275595498,24937.833091412576,272
1784188800,24860.1,24897,24859.5,24893.3,24858,24990.131198235373,24967.569853023124,24933.59184461138,170
1784189100,24892.3,24894.9,24857.4,24858.2,24858,24988.818449994225,24963.28083917908,24926.411668934106,154
1784189400,24858.4,24859.2,24838.7,24843.2,24858,24987.369510193286,24958.57178666225,24918.48674808324,200
1784189700,24842.5,24847.7,24822.2,24845.7,24858,24985.95986332569,24954.14544208726,24911.55467683722,338
1784190000,24843.6,24890,24842,24881.8,24858,24984.923446775185,24951.308365926976,24908.720898090818,319
1784190300,24881.4,24899.1,24876.1,24897.2,24858,24984.050576658017,24949.186469223958,24907.623669701217,184
1784190600,24897,24906.1,24886.2,24897.9,24858,24983.193356989777,24947.175235136743,24906.697605920148,104
1784190900,24897.4,24912.3,24883.5,24883.5,24858,24982.201383288386,24944.678167092166,24904.488310118228,65
1784191200,24883.4,24914.5,24883,24900.3,24858,24981.386444151187,24942.937846814042,24904.089423440302,74
1784191500,24900.2,24938,24900.2,24932.3,24938,24980.898021821326,24942.520676350745,24906.776145017415,149
1784191800,24932.8,24936.9,24900.1,24906.8,24938,24980.16072807186,24941.11986551346,24906.77841692052,237
1784192100,24906.3,24916.1,24900.6,24903.2,24938,24979.394949683086,24939.632811963915,24906.43761530904,69
1784192400,24904.8,24933,24901.4,24923,24938,24978.833805905146,24938.980544828075,24908.01498527961,160
1784192700,24922.5,24933.1,24903.2,24906.3,24938,24978.112076493155,24937.698954834817,24907.851653348218,90
1784193000,24906,24945.2,24900.1,24937,24938,24977.703001105165,24937.671544841294,24910.627686362674,179
1784193300,24937.4,24947.1,24919.5,24925.1,24938,24977.179588158844,24937.178543082813,24912.006001947182,134
1784193600,24925.6,24931.1,24892.7,24893.9,24938,24976.350935540348,24935.48134531486,24910.281620809354,70
1784193900,24893.8,24898.4,24870.7,24878.4,24938,24975.376299365817,24933.242861184866,24907.245275970366,201
1784194200,24877.9,24896.7,24873.1,24876.7,24938,24974.394445640784,24931.02549407958,24904.336202068425,127
1784194500,24876.9,24884.4,24853,24860.2,24938,24973.25818250008,24928.248023723518,24900.132754252383,127
1784194800,24859.6,24870.4,24851.5,24862.4,24938,24972.155116007543,24925.66574828338,24896.5391586093,143
1784195100,24850.8,24855.4,24841.7,24848.3,24850,24970.92272679354,24922.631797370304,24891.94495302746,76
1784195400,24847.6,24865.1,24835.6,24862.6,24850,24969.84488871599,24920.277609238135,24889.150195596274,126
1784195700,24867.6,24867.9,24845.1,24853.6,24850,24968.688223156627,24917.66280103272,24885.764462682342,94
1784196000,24854.5,24866.6,24842.3,24855.5,24850,24967.561972179945,24915.225044129475,24882.882132903072,149
1784196300,24856,24879.9,24852.9,24877.3,24850,24966.663843103528,24913.737787496946,24882.35050119802,134
1784196600,24877,24877,24846,24849.4,24850,24965.49703869454,24911.21473700687,24879.21235822678,152
1784196900,24848.9,24853.4,24832.1,24838.9,24850,24964.237366667727,24908.378864967384,24875.373086014708,162
1784197200,24838.1,24846.3,24815.4,24821.4,24850,24962.8160993377,24904.96792908631,24870.232792108545,156
1784197500,24821.9,24843.5,24814.9,24843,24850,24961.62389934429,24902.53781422018,24867.63919286011,116
1784197800,24843.4,24851.1,24832.5,24842,24850,24960.433611788623,24900.16378228998,24865.197364968673,176
1784198100,24841.5,24856.8,24836.7,24840.7,24850,24959.242232566845,24897.831869259,24862.864282590705,97
1784198400,24842.4,24843.5,24828.8,24842.2,24850,24958.077633237823,24895.650227327274,24860.896255677304,55
1784198700,24842.7,24859.9,24842.5,24848,24850,24956.982333404612,24893.7815909615,24859.668040850895,175
1784199000,24847.5,24849.3,24838.1,24847.4,24850,24955.891961927948,24891.96270504144,24858.499656007953,84
1784199300,24846.9,24848,24827.2,24834.6,24850,24954.685076734633,24889.713187196678,24856.223498292908,94
1784199600,24835.5,24837.5,24812.4,24816.6,24850,24953.311095871602,24886.846003385042,24852.44983178882,169
1784199900,24816.8,24838.5,24811.6,24836.1,24850,24952.14481631069,24884.85596403661,24850.89270495179,93
1784200200,24838,24839,24806.8,24812.3,24850,24950.75332560113,24882.010632113608,24847.2172092421,104
1784200500,24812.8,24816.2,24787.1,24800.3,24850,24949.2562775852,24878.806293599348,24842.748903599993,224
1784200800,24799.3,24823.3,24798.2,24822.8,24850,24947.99800616644,24876.609968360157,24840.849008019042,90
1784201100,24823.3,24826.6,24798.3,24801.8,24850,24946.54329963742,24873.67624411074,24837.13005487437,125
1784201400,24801.2,24802.2,24773.8,24783.6,24850,24944.921973272867,24870.143842380905,24832.031954410144,140
1784201700,24783.1,24792.7,24766.8,24777.7,24850,24943.258073041296,24866.518593660086,24826.857482561558,214
1784202000,24776.5,24796,24766.3,24789.4,24850,24941.727146941383,24863.494335085183,24823.29010326998,167
1784202300,24788.9,24795,24690.1,24705,24702,24939.371652941965,24857.278870964194,24812.024379149032,577
1784202600,24704.9,24766.2,24701.9,24766.2,24702,24937.648551917668,24853.707150534225,24807.66015256341,369
1784202900,24766.7,24781.5,24760.7,24772.1,24702,24936.001302644854,24850.506870121117,24804.273471366894,144
1784203200,24772.6,24796.7,24760.5,24784.9,24702,24934.497807096148,24847.934051684995,24802.428378855762,159
1784203500,24784.4,24788.4,24761.3,24768.2,24702,24932.843102547926,24844.80722612872,24799.168533250453,93
1784203800,24768.6,24769.1,24752.3,24759.4,24702,24931.11730053252,24841.45792314328,24795.381053893267,107
1784204100,24759.9,24775.9,24745.9,24774,24702,24929.553944308318,24838.812514392564,24793.34476304629,245
1784204400,24773.9,24780.1,24731.5,24733.3,24702,24927.601168743062,24834.67476873011,24787.62621418474,443
1784204700,24733.8,24736.9,24712.8,24736.9,24702,24925.703644675967,24830.840464074026,24782.795146167147,259
1784205000,24737.5,24738.8,24716.7,24732.6,24702,24923.782215375708,24826.987896855437,24778.01465605599,87
1784205300,24733.1,24735.6,24707.3,24709.5,24702,24921.650054028687,24822.380528351303,24771.489450717327,128
1784205600,24710,24716.5,24699.1,24708.5,24702,24919.5291579687,24817.914625278703,24765.490455410916,115
1784205900,24708,24738.3,24700.1,24726.7,24722,24917.61045987946,24814.33758115013,24761.796126324163,188
1784206200,24726.8,24757.3,24726.3,24754.3,24722,24915.985480179166,24811.983166203063,24761.082209531385,192
1784206500,24753.8,24755.3,24732.2,24734,24722,24914.17467938136,24808.92500282255,24758.502951480776,106
1784206800,24734.3,24756.5,24724.2,24751.9,24722,24912.56000595468,24806.688728202058,24757.874098958797,105
1784207100,24752.2,24763.1,24743.9,24761.5,24722,24911.056921318315,24804.916621213742,24758.21942286748,75
1784207400,24761.1,24788.6,24756,24781.6,24722,24909.768792747986,24804.002243911244,24760.44614449915,121
1784207700,24781.8,24789.3,24760.9,24764.6,24722,24908.324327148504,24802.45705787551,24760.841749784944,150
1784208000,24764.7,24772.5,24758.4,24762.9,24722,24906.87731891817,24800.90580070392,24761.03777361495,77
1784208300,24763.9,24776.1,24759.9,24766.5,24722,24905.480529675202,24799.55655361749,24761.55798565162,87
1784208600,24767,24779.5,24730.6,24744.8,24722,24903.88171843465,24797.409237789354,24759.96198701813,176
1784208900,24745.3,24766,24740.9,24748.6,24722,24902.336626708933,24795.495150032908,24758.879893016405,97
1784209200,24748.1,24763.1,24733.2,24756.1,24722,24900.881535895907,24793.95024218848,24758.615141300557,129
1784209500,24758.6,24770.4,24744.5,24755.3,24758,24899.43296339943,24792.43454641638,24758.29941355765,225
1784209800,24754.8,24797.6,24751.9,24775.1,24758,24898.19581948501,24791.754760282405,24759.8994694093,181
1784210100,24774.6,24784.1,24761.7,24775.2,24758,24896.97198048516,24791.105553996822,24761.35666279889,128
1784210400,24774.6,24794.7,24771.6,24785.6,24758,24895.86380157486,24790.889649918514,24763.66555205614,162
1784210700,24786.1,24798.4,24777.5,24779.1,24758,24894.701972703468,24790.42731070602,24765.135499479366,204
1784211000,24779.6,24823.1,24776.9,24810.4,24758,24893.86314710443,24791.210553423432,24769.446404290855,242
1784211300,24809.9,24817.6,24801.9,24814.4,24758,24893.072469023788,24792.119943485257,24773.727699120296,118
1784211600,24813.6,24814.1,24785.9,24789.4,24758,24892.040902167828,24792.013279034854,24775.220299204077,85
1784211900,24789.7,24799.4,24777,24789.3,24758,24891.01860463382,24791.90687593545,24776.561223089404,195
1784212200,24789.9,24790.2,24775.3,24780.5,24758,24889.918917025523,24791.45954746739,24776.936344699938,84
1784212500,24780,24802.5,24779.7,24781.7,24758,24888.84211188099,24791.07682011573,24777.390026157085,82
1784212800,24781.9,24793.6,24775.2,24787.6,24758,24887.83472768317,24790.94047422884,24778.362404618314,107
1784213100,24788.1,24800.9,24781.9,24790.4,24788,24886.86522790523,24790.91927916104,24779.508842273714,120
1784213400,24790.3,24821.9,24788,24812.5,24788,24886.12527538876,24791.76558193904,24782.650857295266,128
1784213700,24812.4,24822.5,24804.3,24818.1,24788,24885.44840697693,24792.79830421594,24786.02696612429,155
1784214000,24817.3,24830.4,24810.1,24829,24788,24884.88673128562,24794.217978560413,24790.119636017214,165
1784214300,24828.5,24843.5,24822.6,24841.5,24788,24884.45502251661,24796.072175479614,24795.013004015575,169
1784214600,24840.6,24852.7,24839.1,24851.1,24788,24884.1231317453,24798.230129382373,24800.35462268076,205
1784214900,24851.2,24855.1,24839.6,24845.6,24788,24883.739817001566,24800.087771367376,24804.663706234973,138
1784215200,24847.1,24863.8,24842.3,24862.7,24788,24883.530465588614,24802.543152882383,24810.19097230783,173
1784215500,24862.8,24878.6,24862.1,24865.1,24788,24883.347077871313,24804.99636257327,24815.420403516608,535
1784215800,24864.6,24919.1,24861.1,24917.1,24788,24883.682927842743,24809.392583648827,24825.104174610264,755
1784216100,24916.1,24916.1,24900.6,24907.6,24788,24883.920908660228,24813.243854878285,24832.960919885478,371
1784216400,24907.1,24936.1,24907.1,24918.6,24788,24884.265974245696,24817.37546841247,24841.117022753526,190
1784216700,24918.1,24921.1,24903.1,24913.6,24922,24884.557855098974,24821.148979455116,24848.020163443667,175
1784217000,24914.1,24919.1,24903.1,24903.6,24922,24884.74732917759,24824.38235280982,24853.31348121094,123
1784217300,24903.1,24903.1,24881,24883.1,24922,24884.73093784249,24826.685005640808,24856.150292524184,217
1784217600,24883.6,24884.1,24870.9,24871.6,24922,24884.600281744555,24828.44637796862,24857.621693236168,58
1784217900,24868.6,24886.6,24860.6,24879.1,24922,24884.545552572967,24830.43279451887,24859.667246261295,73
1784218200,24878.6,24880.2,24857.1,24861.1,24922,24884.31226349264,24831.635430027934,24859.803698998316,59
1784218500,24860.6,24873.3,24852.1,24862,24922,24884.090250920573,24832.826197477818,24860.012870522285,105
1784218800,24862.5,24862.6,24833.1,24846.6,24922,24883.71721359798,24833.366346596336,24858.73545428207,155
1784219100,24847.1,24860.6,24841.6,24853,24922,24883.411569681582,24834.136293788637,24858.18922054092,82
1784219400,24852.5,24867.1,24846.1,24858.6,24922,24883.164688391218,24835.095654816534,24858.228342394166,127
1784219700,24859.6,24873.1,24855.6,24861.1,24922,24882.945139252995,24836.11543305902,24858.50183359472,33
1784220000,24861.6,24870.8,24856.6,24867.1,24922,24882.78747617585,24837.33051411553,24859.3207065857,25
1784220300,24867.6,24878.6,24862.1,24876.1,24888,24882.72093412435,24838.850886111,24860.918734529918,66
1784220600,24875.6,24892.7,24871.1,24890.6,24888,24882.79933278978,24840.880263126255,24863.745521717545,33
1784220900,24890.1,24910.6,24890.1,24904.6,24888,24883.016254851573,24843.37907633699,24867.63642441111,49
1784221200,24905.6,24911.1,24898.1,24906.6,24888,24883.2509189824,24845.858328245344,24871.347241133863,37
1784221500,24907.1,24910.6,24893.1,24908.1,24888,24883.49817351989,24848.299178118075,24874.84750388302,29
1784221800,24908.6,24909.1,24893.6,24895.1,24888,24883.613614579393,24850.134504466387,24876.776313037015,19
1784222100,24895.6,24906.6,24893.6,24906.1,24888,24883.837359707955,24852.32922978143,24879.569045128726,32
1784222400,24905.6,24906.6,24898.6,24902.1,24888,24884.019077521807,24854.28102469196,24881.71485035456,11
1784222700,24901.1,24911.1,24889.1,24909.6,24888,24884.273614063877,24856.45039627267,24884.370578892223,65
1784223000,24909.1,24915.6,24894.6,24897.6,24888,24884.406214918963,24858.064106222762,24885.63052375963,53
1784223300,24898.1,24899.6,24883.1,24888.6,24888,24884.44794412375,24859.261592253242,24885.91333102062,116
1784223600,24888.1,24889.1,24872.6,24886.8,24888,24884.471347664807,24860.34152981194,24885.997775685322,85
1784223900,24886.3,24896.1,24875.6,24890.6,24888,24884.532329280082,24861.52813648598,24886.43608276291,37
1784224200,24891.1,24893.1,24881.6,24888.1,24888,24884.567828491225,24862.570170349274,24886.594551071204,25
1784224500,24888.6,24889.1,24875.6,24881.6,24888,24884.53829785947,24863.316438178714,24886.118879540612,60
1784224800,24882.6,24884.6,24864.8,24864.8,24888,24884.341896885744,24863.374617073667,24884.088510060556,14
1784225100,24865.1,24880.6,24861.1,24875.1,24888,24884.249937712753,24863.834436011955,24883.23246148336,49
1784225400,24875.6,24884.6,24872.1,24872.1,24888,24884.12904281014,24864.158575776193,24882.172227056373,40
1784225700,24872.6,24889.1,24867.1,24886.6,24888,24884.153629448843,24865.038631628107,24882.59391971767,9
1784226000,24886.1,24895.1,24885.6,24891.4,24888,24884.225732638406,24866.072410779947,24883.432594030273,33
1784226300,24891.1,24896.1,24885.1,24886.6,24888,24884.249357189266,24866.877414278773,24883.734251741676,5
1784226600,24886.1,24886.6,24877.1,24880.6,24888,24884.213045177432,24867.41555489529,24883.435751575802,28
1784226900,24881.1,24883.4,24870.1,24870.1,24888,24884.072616867208,24867.520827252338,24882.165679997153,20
1784227200,24872.1,24881.9,24862.2,24878.1,24888,24884.013187843655,24867.935696771852,24881.778472378377,26
1784227500,24877.1,24882.6,24875.1,24879.1,24888,24883.964300402426,24868.37351258472,24881.52337977091,11
1784227800,24879.6,24888.6,24873.6,24875.1,24888,24883.87609840837,24868.637296404926,24880.91162931654,15
1784228100,24874.1,24877.9,24871.1,24876.1,24888,24883.798724294855,24868.92995144787,24880.45337890544,14
1784228400,24876.6,24886.6,24874.3,24884.6,24888,24883.806697187443,24869.544463155795,24880.84829520016,12
1784228700,24883.6,24887.6,24868.1,24869.1,24888,24883.660361892045,24869.527033228118,24879.729409943004,10
1784229000,24870.1,24871.1,24865.4,24869.4,24888,24883.518467743866,24869.5220515329,24878.745656615098,27
1784229300,24869.1,24877.6,24865.6,24875.6,24888,24883.439677020047,24869.760402453176,24878.446070270802,13
1784229600,24876.1,24881.6,24867.6,24871.1,24888,24883.316894164127,24869.812935690305,24877.746444530727,15
1784229900,24872.1,24872.1,24861.1,24868.6,24888,24883.170457406275,24869.765369584802,24876.87535457542,14
1784230200,24868.1,24872.6,24851.1,24851.1,24888,24882.851348377357,24869.033394306967,24874.42055890157,88
1784230500,24850.6,24870.6,24842.1,24864.1,24888,24882.664767796487,24868.839927863555,24873.43764852999,82
1784230800,24862.6,24870.1,24859.1,24862.5,24888,24882.4641233408,24868.591303241454,24872.39596771761,69
1784231100,24862,24865.6,24825.5,24839.6,24838,24882.037614650842,24867.454389388848,24869.272542220693,241
1784231400,24842.6,24874.2,24837.6,24873.1,24838,24881.94868316178,24867.675785883403,24869.6370620092,89
1784231700,24874.1,24883.6,24867.8,24878.6,24838,24881.915362931315,24868.104186436994,24870.49067515118,168
1784232000,24873.2,24877.4,24851.6,24862.2,24838,24881.71919016583,24867.872649713976,24869.701087041543,29
1784232300,24858,24865.9,24848.5,24855.6,24838,24881.459297726367,24867.391369333036,24868.35812637092,0
1784232600,24857.7,24858.8,24844.2,24845.2,24838,24881.098508694264,24866.52111955527,24866.15259052607,0
1784232900,24846.3,24861.8,24842.4,24857.6,24838,24880.864692687355,24866.171271729574,24865.338058095018,0
1784233200,24858.7,24872.8,24857.6,24865.8,24838,24880.71479524768,24866.156712053904,24865.38205256216,0
1784233500,24866.9,24868,24853.8,24854.9,24838,24880.457931613375,24865.715272365516,24864.383761841953,0
1784233800,24853.8,24856,24844.3,24855,24838,24880.204618861004,24865.295065606086,24863.490070237956,0
1784234100,24856,24860.2,24854.9,24855.9,24838,24879.96278185741,24864.92663166075,24862.76720640577,0
1784234400,24857,24859.1,24851.6,24852.7,24838,24879.691510396144,24864.447155909347,24861.808424843315,0
1784234700,24853.8,24858,24849.4,24849.4,24850,24879.3901023325,24863.857071363884,24860.62667009633,0
1784235000,24850.4,24858.7,24846.2,24856.6,24850,24879.163335145113,24863.572480330007,24860.243177706205,0
1784235300,24856.4,24859.1,24848.9,24859.1,24850,24878.96369996954,24863.397088944515,24860.134303638948,0
1784235600,24861.8,24866.9,24850.4,24853.4,24850,24878.709334795712,24863.00504624081,24859.49294138762,0
1784235900,24854.3,24856.5,24850.6,24856.5,24850,24878.488346389786,24862.74994638823,24859.207899350702,0
1784236200,24854.9,24858.4,24853.3,24856.5,24850,24878.26955687347,24862.504850451438,24858.950004174443,0
1784236500,24856.3,24857.8,24856.3,24856.7,24850,24878.054934417018,24862.277209257263,24858.73571806259,0
1784236800,24856.9,24858,24856.9,24858,24850,24877.855382830778,24862.1094755609,24858.665649675677,0
1784237100,24858.4,24860.4,24856.5,24860.2,24850,24877.679707379724,24862.034594166355,24858.811778277992,0
1784237400,24859,24860.7,24859,24860.7,24850,24877.510755067487,24861.982257140222,24858.991608918182,0
1784237700,24859.8,24864.6,24859.4,24861.2,24850,24877.348458997163,24861.951580389625,24859.201931878357,0
1784238000,24861.7,24865.6,24861.7,24863.1,24850,24877.20668328575,24861.996616452776,24859.57317646137,0
1784238300,24863.5,24865.4,24862.8,24865.4,24858,24877.08920385007,24862.130082474236,24860.128112036477,0
1784238600,24866.3,24868,24866.3,24868,24858,24876.99876401077,24862.360275318384,24860.87781565205,0
1784238900,24868.2,24874.3,24868.2,24874.3,24858,24876.971910637527,24862.828499815703,24862.15611892328,0
1784239200,24875.6,24880.5,24864,24877.2,24858,24876.97418018342,24863.392088058226,24863.58886950202,0
1784239500,24876.7,24877.7,24868.1,24869.1,24858,24876.895830131845,24863.615927742216,24864.113739073255,0
1784239800,24870.2,24870.7,24859.5,24862.7,24858,24876.75457809073,24863.580009007226,24863.979097256753,0
1784240100,24863.2,24863.7,24849.1,24849.1,24858,24876.47940815948,24863.012165516746,24862.562040375156,0
1784240400,24850.2,24860,24846,24855.7,24858,24876.272647879287,24862.725413927856,24861.90851272038,0
1784240700,24857.9,24857.9,24847,24848.1,24858,24875.992323024766,24862.151868283625,24860.593416270818,0
1784241000,24848.7,24853.2,24841.4,24845.7,24858,24875.690906875265,24861.506696978384,24859.1749956736,0
1784241300,24845.1,24853.2,24843.5,24850,24858,24875.435275961085,24861.055453959623,24858.30118656183,0
1784241600,24851.1,24851.2,24840.5,24849.5,24858,24875.17721351371,24860.602298902384,24857.462978317846,0
1784241900,24850.1,24850.1,24840.5,24842.1,24838,24874.848087011087,24859.87671855327,24855.99983752567,0
1784242200,24842.6,24845.9,24836.5,24838.5,24838,24874.486414503514,24859.038415864907,24854.333186332748,0
1784242500,24838,24848.1,24836.4,24845.6,24838,24874.198987493528,24858.511419164322,24853.50145430106,0
1784242800,24846.1,24849.8,24838.1,24842.3,24838,24873.881584632894,24857.87567723631,24852.43464912953,0
1784243100,24843.4,24843.4,24829.8,24830.9,24838,24873.45390717386,24856.817807540767,24850.383730164813,0
1784243400,24832,24843.5,24826,24840.8,24838,24873.128992674618,24856.18965822544,24849.47099395864,0
1784243700,24841.3,24841.8,24831,24832.6,24838,24872.725719115668,24855.26457358915,24847.864232629247,0
1784244000,24832.1,24833.1,24820.2,24820.7,24838,24872.208050268746,24853.909100115066,24845.277162855033,0
1784244300,24821.2,24829.7,24814.6,24824.9,24838,24871.7373234004,24852.771488345847,24843.336480678365,0
1784244600,24824.4,24826.5,24813,24820.9,24838,24871.231479386468,24851.521626057773,24841.19967299471,0
1784244900,24821.5,24831.5,24809.7,24831.5,24838,24870.836141283122,24850.736464251586,24840.27589461426,0
1784245200,24832.6,24840.6,24831.5,24832.7,24838,24870.456677190752,24850.029151927993,24839.554380841473,0
1784245500,24833.3,24833.8,24819.3,24824.2,24822,24869.99641174607,24849.016244009246,24838.09205885657,0
1784245800,24824.8,24836.1,24823.2,24832.8,24822,24869.62629819636,24848.380312871628,24837.588053251184,0
1784246100,24833.9,24833.9,24817.7,24826.2,24822,24869.194195726745,24847.510496680585,24836.50347675107,0
1784246400,24827.3,24840.1,24820.3,24821.4,24822,24868.71863159016,24846.48655563429,24835.065050393827,0
1784246700,24820.3,24822.5,24800.7,24807.1,24822,24868.10551087782,24844.941984825102,24832.401712261082,0
1784247000,24805.5,24807.1,24794.1,24798.4,24822,24867.411923704905,24843.116808949606,24829.163453950503,0
1784247300,24799.5,24823.5,24777,24812,24822,24866.86056127998,24841.896541931976,24827.52883928855,54
1784247600,24811.5,24828,24810,24816,24822,24866.354486043365,24840.880991267975,24826.4308545944,15
1784247900,24816.5,24817.5,24798.5,24798.5,24822,24865.679317028007,24839.218991610407,24823.77077320446,4
1784248200,24799,24810.3,24796,24796.8,24822,24864.99395068942,24837.555501743333,24821.202128137367,6
1784248500,24795.8,24798.5,24790,24793,24822,24864.277592971117,24835.808227165162,24818.516211171904,4
1784248800,24792.5,24794,24777.5,24783.5,24822,24863.473835827124,24833.756924139077,24815.181333917437,9
1784249100,24784.5,24797.5,24783.5,24797.5,24802,24862.81737974924,24832.33508397676,24813.497397353873,2
1784249400,24797,24810,24791.5,24809.5,24802,24862.286858557705,24831.439590487473,24813.11669284398,1
1784249700,24810.5,24822,24808.5,24809.5,24802,24861.761616183998,24830.579214389923,24812.77224590646,2
1784250000,24810.5,24830,24806,24815.5,24802,24861.301301595104,24829.98787264914,24813.032032010608,6
1784250300,24814.5,24814.5,24792.5,24807.5,24802,24860.765965260824,24829.105995290352,24812.50517181912,0
1784250600,24809,24813,24802.5,24806.5,24802,24860.226005407483,24828.21948567112,24811.93325069349,1
1784250900,24808,24817.5,24807.5,24812.5,24802,24859.751119781537,24827.603035252647,24811.98722681792,5
1784251200,24810.5,24812,24796,24799.5,24802,24859.15160615187,24826.500955438816,24810.797967120976,0
1784251500,24800,24801,24790,24798.5,24802,24858.548107583196,24825.40287875494,24809.626732157074,1
1784251800,24799,24799.5,24778,24778,24802,24857.7466338759,24823.543942333177,24806.61466242783,0
1784252100,24777.5,24786.5,24774,24776,24802,24856.93323453385,24821.679474006385,24803.698980291847,5
1784252400,24776.5,24779,24759.5,24759.5,24802,24855.963749613118,24819.241063261037,24799.489553597385,4
1784252700,24762,24763,24740.5,24742.5,24738,24854.834757079654,24816.23160979982,24794.0619770643,5
1784253000,24743,24746.5,24730,24735,24738,24853.642371437072,24813.046056474337,24788.437026867698,2
1784253300,24734.5,24744.5,24732.5,24738.5,24738,24852.49667619889,24810.122681710636,24783.681119546964,2
1784253600,24739,24754,24736.3,24752,24738,24851.496709271538,24807.84336085924,24780.6638700663,1
1784253900,24754,24754,24740.5,24742.5,24738,24850.412164900677,24805.28087611966,24777.02921577427,0
1784254200,24742,24746,24733,24736,24738,24849.27373539918,24802.56397901693,24773.121671414814,0
1784254500,24736.5,24741.5,24734.5,24739,24738,24848.176484300682,24800.07127395744,24769.87198842293,0
1784254800,24737.5,24739,24727,24732.5,24738,24847.025474506645,24797.421420076756,24766.31275143027,0
1784255100,24732,24735,24728,24728,24738,24845.841141426976,24794.699011446297,24762.66391796072,0
1784255400,24726,24733.5,24717.5,24720,24738,24844.58899076601,24791.769638448404,24758.600687678747,0
1784255700,24718.5,24725.5,24718.5,24722,24738,24843.369199813114,24789.033574195524,24755.114907899817,2
1784256000,24722.5,24737,24721,24737,24738,24842.310799814975,24786.99304187413,24753.389678576026,0
1784256300,24738,24739,24720,24727,24722,24841.16342867254,24784.64037356534,24750.8763758545,9
1784256600,24732.5,24732.5,24722.5,24724.5,24722,24840.002598536492,24782.28192754317,24748.364340058833,5
1784256900,24724,24727.5,24716,24726.5,24722,24838.873219446577,24780.09440097285,24746.28202195799,0
1784257200,24732,24741,24729,24741,24722,24837.89935656651,24778.561287209206,24745.778972247706,0
1784257500,24741.5,24755.5,24741.5,24752.5,24722,24837.049611725055,24777.5392759461,24746.41907012888,0
1784257800,24751,24754.5,24749.5,24750,24722,24836.183446434257,24776.45930434037,24746.760111068987,0
1784258100,24751,24760,24750.5,24760,24722,24835.42540219113,24775.81384142506,24748.02105287194,0
1784258400,24760.5,24776.5,24760,24769.5,24722,24834.769428039974,24775.566239800548,24750.066666884137,5
1784258700,24770.5,24771,24762.5,24764,24722,24834.06525462664,24775.112661769155,24751.39365099041,0
1784259000,24763.5,24765,24742,24744.5,24722,24833.17405806319,24773.912165229187,24750.737112800845,1
1784259300,24744,24761.5,24743,24747,24722,24832.31660474913,24772.85678620059,24750.381197296003,0
1784259600,24748,24748.5,24732,24738.5,24722,24831.38310619441,24771.50946125155,24749.249654696385,0
1784259900,24738,24738.5,24727.8,24729,24722,24830.36436881934,24769.842423555412,24747.32111615387,0
1784260200,24728.5,24729.5,24715.8,24722,24722,24829.286116393276,24767.966250082653,24744.909581282074,3
1784260500,24721.5,24723.5,24709,24710.5,24722,24828.104164986376,24765.712671648038,24741.63247830283,0
1784260800,24712,24712,24686,24687.5,24722,24826.705118568603,24762.645508053996,24736.47700417875,28
1784261100,24688,24693.5,24683,24686,24722,24825.30506763757,24759.6398018558,24731.669670447438,0
1784261400,24681.5,24689.5,24675.5,24678.5,24722,24823.844320695905,24756.457848841845,24726.605892309588,7
1784261700,24677.5,24682,24676,24678.5,24722,24822.398108549678,24753.400678299025,24722.024378756294,24
1784262000,24678,24686.5,24670.7,24670.7,24722,24820.88867463376,24750.157514444163,24717.136342684265,12
1784262300,24671.2,24673,24645.5,24653.5,24722,24819.22311568218,24746.367023681647,24711.075738619096,13
1784262600,24653,24662,24630,24633,24722,24817.370149356982,24741.921258047074,24703.639953988706,10
1784262900,24632.5,24638,24609.5,24619,24722,24815.39631702507,24737.10081655503,24695.57900598978,44
1784263200,24618.5,24640.5,24612.5,24637,24722,24813.62122929348,24733.175294337187,24690.000053038373,4
1784263500,24640.5,24655,24635,24652,24650,24812.013057857723,24729.99194946122,24686.381000368052,11
1784263800,24652.5,24683.5,24652,24680.5,24650,24810.704470217348,24728.051088698034,24685.820905094904,14
1784264100,24680,24681,24661.5,24672.5,24650,24809.329301359463,24725.872614631444,24684.552247466818,1
1784264400,24671.5,24674.4,24647,24670.5,24650,24807.947915276283,24723.70113954786,24683.213938184264,5
1784264700,24670,24673,24658,24661.5,24650,24806.490722089453,24721.26187917343,24681.14594407148,0
1784265000,24662.5,24677.5,24660.1,24670.5,24650,24805.137580576124,24719.271217245063,24680.1320446361,4
1784265300,24671,24677.5,24656.5,24672.5,24650,24803.81780365497,24717.437051862904,24679.405183242183,4
1784265600,24672,24672,24661.5,24662,24650,24802.406681230543,24715.263049829064,24677.74754674293,0
1784265900,24663,24669.5,24652.9,24664.5,24650,24801.034475447155,24713.27234199263,24676.485875624556,3
1784266200,24662.5,24677.5,24661.5,24665,24650,24799.680898577033,24711.37930897331,24675.39198270793,17
1784266500,24666.5,24670,24647,24655,24650,24798.241287645917,24709.16835568024,24673.4498891167,10
1784266800,24652.5,24682,24652,24671.4,24650,24796.97918528128,24707.68724369278,24673.254661581774,16
1784267100,24672.4,24684,24658.5,24682.5,24688,24795.840088910325,24706.699508646005,24674.13517000256,5
1784267400,24683,24706.5,24678.5,24699,24688,24794.876505936092,24706.397567130476,24676.503249049932,30
1784267700,24700,24711,24695,24706.1,24688,24793.99315761832,24706.385897831242,24679.321987235653,28
1784268000,24706.8,24727,24698.5,24712.2,24688,24793.17929535346,24706.61390183786,24682.453226546542,128
1784268300,24713.7,24724.8,24684,24689,24688,24792.142685449446,24705.923160589315,24683.076728780205,84
1784268600,24689.5,24729.3,24686.5,24714.5,24688,24791.370121415122,24706.25950723287,24686.069421277327,92
1784268900,24713,24750,24709.6,24742.7,24688,24790.885841600048,24707.688546164914,24691.462809727105,105
1784269200,24743.2,24772.5,24741.4,24767.5,24688,24790.653146658755,24710.03409337413,24698.704446895954,88
1784269500,24768,24788.9,24768,24779,24688,24790.537194950706,24712.738638732008,24706.351642429672,95
1784269800,24779.5,24785.2,24772.5,24781,24688,24790.44229748851,24715.415554860163,24713.46100981732,92
1784270100,24780.5,24781,24753.2,24758.5,24688,24790.124463682652,24717.105140944077,24717.750437453768,143
1784270400,24759.5,24761.7,24741,24756.6,24688,24789.79088692959,24718.65395894627,24721.450395791504,85
1784270700,24757.2,24758.5,24736,24739,24738,24789.285504970092,24719.451842909162,24723.121786668504,114
1784271000,24739.5,24754.5,24739,24747.5,24738,24788.869728801234,24720.551770638216,24725.443521271503,62
1784271300,24748,24757.5,24733.8,24736.9,24738,24788.35261707187,24721.192877672012,24726.534614483742,194
1784271600,24737.1,24766.4,24709,24760.4,24738,24788.074481578617,24722.73041188095,24729.759889294815,868
1784271900,24760.9,24772.6,24709.3,24735.3,24738,24787.54936235893,24723.223336905226,24730.287518885787,293
1784272200,24733.3,24776.8,24732.6,24756.5,24738,24787.240413479736,24724.528304085412,24732.783945658568,247
1784272500,24758.5,24801.3,24755.8,24777.1,24738,24787.13951384312,24726.589939219317,24737.004522262512,241
1784272800,24777,24778,24740.5,24758.3,24738,24786.852553506375,24727.833471014637,24739.032662999416,193
1784273100,24758.2,24796.6,24758.1,24789.9,24738,24786.882876357056,24730.267452543474,24743.877171285185,209
1784273400,24789.5,24805.4,24777.2,24795.7,24738,24786.970608930616,24732.83343479667,24748.812678781833,140
1784273700,24795.4,24808,24779.9,24804.8,24738,24787.148015806928,24735.65565303994,24754.144804612133,233
1784274000,24804.4,24821.2,24790.3,24821.2,24738,24787.48684152029,24739.010333312883,24760.53101369669,145
1784274300,24820.7,24838.9,24810.3,24835.3,24838,24787.962594340985,24742.78639867316,24767.6518695351,161
1784274600,24834.5,24838.3,24816,24832,24838,24788.40077748187,24746.284971274214,24773.78026291271,121
1784274900,24831.5,24838.2,24797.6,24814.2,24838,24788.657486163644,24748.948305734048,24777.62976168293,212
1784275200,24816.5,24851.9,24807.4,24837.1,24838,24789.13950122669,24752.40523492095,24783.293593903603,173
1784275500,24838.6,24840.3,24808.9,24812.8,24838,24789.37492907518,24754.77365708091,24786.103727817546,157
1784275800,24811.1,24811.1,24777.2,24802.8,24838,24789.508511870452,24756.657043077736,24787.69384897778,116
1784276100,24801.8,24804.4,24760.7,24763.4,24838,24789.248725682686,24756.92147276096,24785.380149075132,167
1784276400,24763.7,24769.3,24730,24742.5,24838,24788.78356423311,24756.35592480955,24781.29632535369,170
1784276700,24738.5,24760.4,24716.3,24741.9,24838,24788.317061106412,24755.789025797414,24777.544294367624,266
1784277000,24741.4,24747.2,24720.1,24722,24838,24787.657189851623,24754.463965962223,24772.254361570707,146
1784277300,24721.7,24727.2,24687.8,24702.4,24838,24786.80885960434,24752.422241806842,24765.60156523064,234
1784277600,24701.9,24734.1,24700.3,24732.6,24838,24786.26946796649,24751.644898990886,24762.4585590182,349
1784277900,24733.1,24743.1,24719.6,24730.1,24738,24785.71056778772,24750.800000991243,24759.376791492658,238
1784278200,24733.1,24733.1,24703.8,24719.4,24738,24785.050761143066,24749.56862840335,24755.569478017165,101
1784278500,24718.9,24740.8,24710.5,24724.9,24738,24784.452246106815,24748.60123121106,24752.648575348863,151
1784278800,24725.1,24725.7,24670.7,24692.2,24738,24783.534313309734,24746.389418222392,24746.89156817278,228
1784279100,24691.9,24694.6,24661.6,24666.9,24738,24782.373772878793,24743.27218613524,24739.273323584897,171
1784279400,24668.5,24706,24661.6,24696.4,24738,24781.51831245214,24741.43406118876,24735.190149910144,205
1784279700,24695.4,24695.4,24677.2,24687.3,24738,24780.58081680585,24739.311156828415,24730.629183252036,213
1784280000,24686,24695.5,24672.7,24693,24738,24779.70936589236,24737.49503303122,24727.045451513746,107
1784280300,24692.5,24720.2,24691.8,24720.2,24738,24779.117232898403,24736.816796441763,24726.393503750533,115
1784280600,24718.6,24719.6,24689.1,24692.7,24738,24778.25735993424,24735.086725993067,24723.184598631433,78
1784280900,24693.7,24704.9,24668.1,24670.8,24738,24777.18813247221,24732.565677914907,24718.195589237963,98
1784281200,24672.6,24677.9,24649.4,24659.7,24738,24776.019096328208,24729.708200349618,24712.62458073911,140
1784281500,24659.8,24675.9,24657.4,24663.7,24658,24774.901493379668,24727.11964347316,24707.965096859196,361
1784281800,24662.9,24686.8,24662.4,24678.5,24658,24773.94227454007,24725.21299078794,24705.15889715832,224
1784282100,24679.5,24694.5,24670.1,24691.6,24658,24773.122948425244,24723.89483428645,24703.86757361943,159
1784282400,24689.5,24705.4,24679.4,24697,24658,24772.365506152357,24722.840134902668,24703.21351898901,112
1784282700,24696.5,24733.9,24694.3,24714.6,24658,24771.790724996612,24722.516992357465,24704.29794575196,162
1784283000,24715.6,24727.9,24702.2,24723.2,24658,24771.30723519565,24722.5437769709,24706.098141394632,114
1784283300,24723.7,24750.4,24723,24734.4,24658,24770.93999902455,24723.008726893608,24708.793556499906,174
1784283600,24733.6,24742.9,24728.1,24738.4,24658,24770.61621793973,24723.612306231113,24711.61321778563,58
1784283900,24737.9,24758.4,24736.4,24751.6,24658,24770.427001840824,24724.7098628495,24715.42148275843,100
1784284200,24751.2,24781.4,24748.3,24777.1,24658,24770.49339983246,24726.764378031872,24721.295627257627,100
1784284500,24777.6,24793.9,24772.6,24777.2,24658,24770.560132172435,24728.742245560035,24726.61985323309,148
1784284800,24777.6,24792.4,24767,24774.4,24658,24770.59833981251,24730.532745734152,24731.170343401365,111
1784285100,24773.9,24794.7,24767.1,24791.9,24788,24770.810296630298,24732.93930472497,24736.95412022028,124
1784285400,24791.3,24794,24762.9,24770.4,24788,24770.80621407676,24734.4083515985,24740.139442104064,126
1784285700,24770.5,24789.4,24763.6,24768.9,24788,24770.787246772514,24735.760965261303,24742.87854285606,138
1784286000,24770.7,24787.3,24745.9,24748,24788,24770.560507998656,24736.24092740792,24743.366300679292,492
1784286300,24748.1,24767.2,24734.5,24737.2,24788,24770.228562645436,24736.278538097802,24742.779033947932,127
1784286600,24736.4,24748.4,24734.9,24738.9,24788,24769.916835653938,24736.38134052534,24742.40960214337,106
1784286900,24738.4,24757.8,24730.1,24752.2,24788,24769.740548732007,24737.00168011258,24743.342020986856,80
1784287200,24751.8,24753.2,24729.1,24739.2,24788,24769.436662674972,24737.087888735616,24742.947542797632,74
1784287500,24738.9,24751.5,24733.1,24740.5,24788,24769.148735683182,24737.221697020494,24742.71444348357,54
1784287800,24741.1,24752,24731.8,24750.9,24788,24768.967156223647,24737.758101058906,24743.49402029466,49
1784288100,24751.4,24771.3,24751.4,24765.5,24788,24768.932657156744,24738.846018664437,24745.589827885644,59
1784288400,24764.2,24776.2,24755.4,24756.6,24788,24768.80994415021,24739.542253226617,24746.63841570606,76
1784288700,24756.5,24783.4,24753.4,24783.4,24788,24768.95511883528,24741.262164864787,24750.13951897215,71
1784289000,24783.2,24799.7,24774.5,24797.8,24788,24769.242132578212,24743.47933487009,24754.678612403375,102
1784289300,24798.3,24799.2,24788.1,24794.9,24788,24769.497434741614,24745.49583154185,24758.50922074591,70
1784289600,24795.3,24808.5,24779.8,24782.8,24788,24769.62979857503,24746.95874010884,24760.822628293918,115
1784289900,24781.8,24787.9,24757.3,24764.3,24788,24769.57676575339,24747.638789516335,24761.15380655164,182
1784290200,24766.6,24779.1,24765.3,24775.4,24788,24769.63470838271,24748.727464437263,24762.510586880057,84
1784290500,24777.9,24794.2,24764.9,24764.9,24788,24769.587596856512,24749.361681518156,24762.738150034336,77
1784290800,24764.5,24774.8,24752.6,24769.9,24788,24769.5907053455,24750.167105772347,24763.420230983447,53
1784291100,24770.4,24792.8,24769.9,24774.9,24788,24769.643534148032,24751.137023193038,24764.513542318356,84
1784291400,24774.3,24795.4,24769.9,24784.5,24788,24769.791359678897,24752.445375224685,24766.417014478513,75
1784291700,24784,24799.9,24781.8,24799.9,24788,24770.090948139805,24754.30634090215,24769.605870242463,70
1784292000,24799.4,24803,24788.4,24796.1,24788,24770.34974467573,24755.945307925595,24772.12912069556,97
1784292300,24796.3,24809.9,24779.5,24780.3,24788,24770.448752191394,24756.900393889297,24772.907299676936,71
1784292600,24780.8,24794.3,24774.1,24787.7,24788,24770.620406398444,24758.10822157991,24774.316128279133,88
1784292900,24787.2,24787.2,24762.5,24765.3,24788,24770.567467031295,24758.39025210619,24773.457449395406,71
1784293200,24765.4,24768.4,24732.9,24743.9,24788,24770.302119100634,24757.822006925555,24770.642454214892,192
1784293500,24742.9,24746.9,24725.5,24725.9,24788,24769.86030697028,24756.57016351671,24766.381268099187,155
1784293800,24725.8,24725.8,24709.1,24717.6,24788,24769.34030391585,24755.04192181017,24761.735433042122,106
1784294100,24715.9,24734.8,24714.2,24717.8,24788,24768.827465070917,24753.581454288204,24757.551106085728,142
1784294400,24717.3,24721.5,24694,24714.4,24788,24768.285898254293,24752.04492666906,24753.441476934706,130
1784294700,24714.1,24736,24711.2,24724.2,24788,24767.847232600023,24750.95296876047,24750.656574369496,120
1784295000,24723.2,24753,24717.8,24727,24788,24767.44079247465,24750.013636652217,24748.403567286685,179
1784295300,24728.5,24751,24723.1,24736.6,24788,24767.133918917687,24749.48761168546,24747.279418021288,117
1784295600,24737.9,24776.9,24737.4,24746.1,24788,24766.924626192136,24749.354764168384,24747.167092495452,196
1784295900,24745.6,24795.2,24742.1,24788.6,24788,24767.14030155341,24750.893793024527,24751.113083686363,176
1784296200,24786.5,24792.2,24770.9,24778,24788,24767.24835825437,24751.95678153337,24753.6737423829,151
1784296500,24779,24801.6,24774.7,24800.6,24788,24767.580215386166,24753.864358728137,24758.142909775004,176
1784296800,24802.7,24812.9,24770.3,24779.2,24788,24767.695835133567,24754.85791328782,24760.148346939288,241
1784297100,24779,24787.4,24767,24782.2,24788,24767.840155181988,24755.930151982415,24762.24850437364,109
1784297400,24782.4,24793,24772.8,24775.8,24788,24767.91935761799,24756.709361708596,24763.539123004724,212
1784297700,24775.3,24797.8,24768.8,24774.2,24788,24767.98185157204,24757.395269092573,24764.55444462332,135
1784298000,24774.4,24794.2,24772.9,24788,24788,24768.181037128536,24758.595454618353,24766.787354659195,56
1784298300,24786,24794.6,24775.3,24780.2,24788,24768.300628798897,24759.442691692144,24768.06474945356,95
1784298600,24780.1,24787.5,24767.9,24767.9,24788,24768.29664244269,24759.77435084147,24768.04905902941,136
1784298900,24768.4,24801.8,24768.2,24789.6,24788,24768.508616149727,24760.943984141806,24770.101529598036,127
1784299200,24788.8,24788.8,24766.6,24778,24788,24768.603057780078,24761.612847508793,24770.853764874413,149
1784299500,24777.5,24800.2,24762.6,24793.7,24788,24768.852778598186,24762.871167214333,24773.029596791137,130
1784299800,24794.2,24818.4,24789.2,24803.3,24788,24769.195537020096,24764.4566116373,24775.91249233484,216
1784300100,24803.2,24822.5,24795.1,24798.9,24788,24769.491103815915,24765.807332749562,24778.10177877914,133
1784300400,24798.4,24806,24772.9,24789.6,24788,24769.691192335158,24766.74037852409,24779.19684746684,132
1784300700,24790.1,24797.2,24769.1,24772.3,24788,24769.71715062038,24766.958402895692,24778.54000485095,102
1784301000,24772.4,24781.9,24761.8,24780.1,24788,24769.820462554508,24767.47375964488,24778.688575817527,177
1784301300,24780.2,24799.1,24770.4,24797.6,24788,24770.096875862422,24768.655180835278,24780.489663834906,138
1784301600,24797.1,24807.1,24786.7,24800.1,24788,24770.395414411054,24769.8883109986,24782.357314898247,123
1784301900,24800.6,24830.9,24794.1,24829.9,24788,24770.9874998398,24772.241710567283,24786.885189669843,333
1784302200,24828.6,24843.6,24802.6,24821.1,24788,24771.48613168219,24774.157721917585,24790.14374303462,705
1784302500,24828.6,24854.1,24820.6,24844.6,24788,24772.213632859482,24776.920164195326,24795.330053221798,476
1784302800,24845.1,24852.6,24825.6,24833.6,24788,24772.82444248277,24779.14290285433,24798.974810057818,203
1784303100,24832.6,24848.1,24827.1,24848.1,24850,24773.57345300533,24781.8471027424,24803.65339957612,97
1784303400,24847.6,24852.6,24841.1,24850.6,24850,24774.33988630876,24784.543294791714,24808.124504378393,105
1784303700,24850.1,24876.6,24843.1,24874.1,24850,24775.332524255937,24788.05532244694,24814.407884913784,157
1784304000,24874.6,24880.1,24833.6,24841.6,24850,24775.99190212404,24790.15511372353,24816.99761016009,333
1784304300,24841.1,24850.6,24829.6,24849.6,24850,24776.724321008376,24792.486285734372,24820.102599668655,105
1784304600,24850.1,24854.1,24842.1,24850.1,24850,24777.454427267,24794.74564707812,24822.959494938306,73
1784304900,24851.1,24854.1,24842.6,24844.6,24850,24778.122542418572,24796.700719741726,24825.020495420373,66
1784305200,24845.1,24845.1,24817.2,24819.6,24850,24778.535253439284,24797.598730732247,24824.50425776129,78
1784305500,24819.1,24837,24817.1,24830.1,24850,24779.048335494615,24798.873290311374,24825.03718559355,45
1784305800,24829.6,24833.6,24821.6,24826.1,24850,24779.516511260837,24799.94100441681,24825.13840601321,21
1784306100,24827.1,24832.9,24823.1,24830.1,24850,24780.01982955675,24801.123710125954,24825.610938773858,49
1784306400,24830.6,24847.1,24826.1,24847.1,24850,24780.68729393927,24802.92670188572,24827.65751603349,42
1784306700,24846.8,24861.1,24843.1,24858.6,24858,24781.462544745846,24805.10996847844,24830.604419268395,39
1784307000,24858.1,24864.6,24852.1,24856.6,24858,24782.210181116534,24807.129185400852,24833.08018886188,80
1784307300,24857.1,24857.6,24843.1,24850.1,24858,24782.88570170244,24808.814315385134,24834.70112325599,44
1784307600,24850.6,24873.1,24847.6,24867.6,24858,24783.728630043708,24811.119636350424,24837.83434961256,42
1784307900,24866.6,24871.1,24862.1,24870.1,24858,24784.58804666019,24813.432591787663,24840.90726869708,32
1784308200,24869.6,24875.1,24860.1,24860.1,24858,24785.339409379987,24815.26268622736,24842.735147868785,26
1784308500,24861.1,24870.6,24857.1,24859.6,24858,24786.07832072944,24817.001404414525,24844.341324262234,60
1784308800,24859.1,24863.1,24853.6,24856.1,24858,24786.775053856512,24818.53468267278,24845.46119814202,33
1784309100,24856.6,24868.6,24854.6,24865.6,24858,24787.559381678835,24820.380381391493,24847.379179271353,42
1784309400,24865.1,24865.6,24858.6,24862.3,24858,24788.303069423324,24822.02428800359,24848.800209816938,46
1784309700,24862.8,24863.6,24850.8,24855.6,24858,24788.972690623094,24823.340982591686,24849.447808881992,69
1784310000,24855.1,24855.6,24834.1,24838.6,24858,24789.466494696495,24823.939375431226,24848.414684226565,43
1784310300,24838.8,24843.2,24835.6,24838.1,24838,24789.95041017215,24824.494694041765,24847.432333347846,18
1784310600,24839.1,24839.6,24824.2,24829.6,24838,24790.34493345402,24824.694902118557,24845.734015886148,50
1784310900,24830.1,24834.1,24816.1,24817.6,24838,24790.61612814602,24824.41667066293,24843.054585801754,24
1784311200,24818.6,24830.6,24811.1,24816,24838,24790.86870398536,24824.086605146735,24840.477958582538,48
1784311500,24815,24823.6,24810.6,24819.6,24838,24791.154587527795,24823.910659846864,24838.48958157468,40
1784311800,24820.1,24822.1,24811.1,24815.1,24838,24791.392850338463,24823.56514377444,24836.26200237709,15
1784312100,24814.6,24818.6,24805.1,24812.1,24838,24791.598891628626,24823.11553029309,24833.96085929356,4
1784312400,24811.6,24819,24805.1,24808.3,24838,24791.765071811427,24822.534529105124,24831.516967932268,7
1784312700,24807.8,24811.1,24801.6,24808.6,24838,24791.932583534697,24821.988076983354,24829.334399557767,11
1784313000,24808.1,24823.6,24806.6,24814.6,24838,24792.15812996719,24821.698348474205,24827.93112340941,38
1784313300,24815.1,24818.6,24806.6,24807.6,24838,24792.311780415275,24821.14547206345,24825.994825941845,73
1784313600,24808.1,24810.1,24789.1,24794.6,24838,24792.33454876935,24820.104473159,24823.00484251881,27
1784313900,24794.1,24812,24790.6,24804.1,24802,24792.451617935825,24819.476846760608,24821.204381326545,7
1784314200,24803.6,24815.1,24799.7,24815.1,24802,24792.67697497129,24819.30520571117,24820.623011676398,19
1784314500,24812.6,24813.6,24804.6,24807.1,24802,24792.820487658144,24818.826570193087,24819.335105802456,10
1784314800,24806.6,24808.6,24796.1,24804.1,24802,24792.932721611793,24818.249057636494,24817.88414334508,18
1784315100,24804.6,24805.6,24790.1,24795.6,24802,24792.959261695258,24817.36085929781,24815.761843978882,32
1784315400,24795.1,24797.6,24784.1,24785.1,24802,24792.88106008635,24816.09572756064,24812.841668361845,21
1784315700,24784.6,24791.6,24782.4,24790.1,24802,24792.853387846684,24815.076287264146,24810.675795184525,31
1784316000,24789.6,24789.6,24773.1,24773.6,24802,24792.66181184821,24813.449766194964,24807.144767071713,9
1784316300,24773.1,24787,24763.1,24785.5,24802,24792.590550038774,24812.353696932416,24805.08336068393,34
1784316600,24786,24798.1,24786,24795.1,24802,24792.61551969013,24811.677081366437,24804.132564428317,129
1784316900,24794.1,24814.6,24793.1,24803.7,24802,24792.725813026547,24811.364254646185,24804.091367816098,125
1784317200,24804.2,24825.1,24799.5,24822.6,24802,24793.023068618324,24811.80487211104,24805.854094690756,32
1784317500,24822.1,24838.1,24822.1,24830.1,24838,24793.391993308687,24812.522328106683,24808.16322852973,77
1784317800,24834.1,24836.1,24817.6,24829.6,24838,24793.752271982234,24813.19204072995,24810.204825812612,97
1784318100,24830.1,24843.6,24823.7,24828.6,24838,24794.099015544598,24813.796274426815,24811.956747163793,128
1784318400,24821.8,24822.9,24784.1,24797.5,24838,24794.132856185945,24813.15720484145,24810.579914100574,11
1784318700,24795.3,24800.4,24784.6,24793.8,24838,24794.129544184096,24812.398098769234,24808.981827043375,0
1784319000,24794.8,24798.6,24775.5,24793.2,24838,24794.120294988235,24811.645232150833,24807.478795896386,0
1784319300,24794.3,24799.7,24787.8,24794.6,24838,24794.12506817243,24810.97679167433,24806.252243906252,0
1784319600,24795.7,24809.2,24795.2,24808.1,24838,24794.264122220466,24810.86397631455,24806.428220677084,0
1784319900,24809.2,24813.5,24807,24810.3,24838,24794.423683193396,24810.841859596334,24806.79696156498,0
1784320200,24809.2,24822.1,24808.3,24818.9,24838,24794.66722863426,24811.15786510236,24807.949631892126,0
1784320500,24817.8,24822.2,24810.2,24817.9,24838,24794.898400488644,24811.422262549324,24808.89728599764,0
1784320800,24816.8,24824.1,24816.4,24823,24838,24795.17801839423,24811.876291468958,24810.24040161691,0
1784321100,24824.1,24825,24814.2,24816.7,24822,24795.392167464932,24812.06545650939,24810.855601462918,0
1784321400,24815.6,24827.3,24812.4,24825.2,24822,24795.68876281354,24812.580536646277,24812.221734656927,0
1784321700,24826.3,24828.6,24816.5,24816.5,24822,24795.895839800472,24812.734241091523,24812.629188499126,0
1784498400,24821.3,24826.2,24780.8,24787.8,24822,24795.815284180568,24811.756427715383,24810.26450388016,0
1784498700,24787.2,24790,24762.8,24784.7,24822,24795.704684337976,24810.69539133439,24807.829789224907,0
1784499000,24783.6,24785.7,24764.2,24770.2,24822,24795.450906384365,24809.107336772257,24804.245999774914,0
1784499300,24770.8,24807.6,24770.2,24807.1,24822,24795.566817763625,24809.028617683147,24804.51780932016,0
1784499600,24806,24825.2,24800,24800,24822,24795.61092902966,24808.674554244593,24804.08754176586,0
1784499900,24800.5,24801.1,24784.6,24785.1,24822,24795.506342671157,24807.750061921277,24802.279204454826,0
1784500200,24784.6,24826.2,24780.8,24826.2,24822,24795.811752196816,24808.473588904755,24804.557375459128,0
1784500500,24824.6,24830.2,24815.5,24820.9,24822,24796.061386503316,24808.960899143785,24806.113815891593,0
1784500800,24822,24848.5,24820.4,24840.4,24822,24796.502566737112,24810.193805059716,24809.37916675906,0
1784501100,24840.9,24848.5,24825.6,24834.2,24838,24796.87766557555,24811.13522446914,24811.74305563915,0
1784501400,24834.7,24835.3,24817.4,24822.4,24838,24797.131619151914,24811.576980372312,24812.758002721133,0
1784501700,24821.8,24828.3,24818.6,24822.4,24838,24797.38304582702,24812.001412514575,24813.676288176262,0
1784502000,24824,24826,24807,24817,24838,24797.578239400882,24812.19743555322,24813.992832159474,0
1784502300,24814.9,24829.5,24812.7,24828.4,24838,24797.88492358595,24812.832830237407,24815.36494338238,0
1784502600,24828.9,24833.7,24820.2,24821.3,24838,24798.117909420915,24813.164876110448,24815.930186869773,0
1784502900,24823,24825.1,24813.2,24819.8,24838,24798.333651615732,24813.425077047294,24816.298740501225,0
1784503200,24820.9,24826.3,24809.1,24825.8,24838,24798.606948614583,24813.91036814348,24817.20362235825,0
1784503500,24831.2,24832.3,24802.9,24814.3,24838,24798.76309837961,24813.925647824126,24816.92708689556,0
1784503800,24814.8,24830.3,24805.1,24830.3,24838,24799.076898395735,24814.567779282002,24818.200697667413,0
1784504100,24830.9,24837.5,24819.6,24830,24838,24799.384590949012,24815.172964408197,24819.324440746706,0
1784504400,24828.9,24848.4,24826,24847.9,24838,24799.86733133758,24816.45637756866,24822.045922580353,0
1784504700,24848.4,24849,24817.1,24824.4,24822,24800.111437493426,24816.767892173808,24822.270120429843,0
1784505000,24823.8,24853,24823.8,24841.3,24822,24800.521273936276,24817.729935617972,24824.082489912715,0
1784505300,24842.4,24859.4,24837.5,24854.6,24822,24801.05937071303,24819.175820495697,24826.988919444837,0
1784505600,24858.4,24858.4,24821.8,24849.7,24822,24801.543357074093,24820.372847142924,24829.15187949771,0
1784505900,24848.7,24885,24848.1,24872.2,24822,24802.246408247487,24822.405284509867,24833.251700497927,0
1784506200,24871.2,24884.7,24865.1,24872.8,24822,24802.94843403607,24824.38154786242,24837.01820521241,0
1784506500,24873.9,24883.7,24859.2,24878.2,24822,24803.697205836706,24826.492075397226,24840.940280906467,30
1784506800,24874.7,24881.5,24855.5,24864.7,24822,24804.304198813457,24827.99042538165,24843.203111296327,9
1784507100,24864.2,24864.7,24847.7,24854.7,24822,24804.805649571532,24829.037859680408,24844.29805307763,12
1784507400,24852.7,24853.2,24825.7,24829.2,24822,24805.048379426542,24829.044218124312,24842.860143260714,6
1784507700,24829.7,24842.2,24823.2,24827,24822,24805.26680351185,24828.964052707674,24841.34965342636,21
1784508000,24826.5,24840.2,24820.2,24820.2,24822,24805.415392531635,24828.620364366197,24839.33540071909,4
1784508300,24818.7,24828.7,24806.7,24826.7,24822,24805.627179670624,24828.54505595968,24838.132029222033,1
1784508600,24825.2,24827.2,24815.7,24819.2,24822,24805.762232609224,24828.17858317695,24836.328978819936,1
1784508900,24818.7,24823.2,24814.2,24816.7,24822,24805.8710661156,24827.728442660205,24834.459552265656,10
1784509200,24817.7,24836,24817.7,24829.7,24822,24806.108169935345,24827.805758634317,24834.00626157369,5
1784509500,24829.2,24855.2,24825.7,24850.7,24822,24806.551869736984,24828.703572021208,24835.596141423815,4
1784509800,24853.7,24858.9,24827.7,24831.2,24822,24806.79712476448,24828.801471157632,24835.177461288215,4
1784510100,24831.7,24843.2,24827.7,24827.7,24822,24807.00511357279,24828.758276210276,24834.465322117907,0
1784510400,24827.2,24850.2,24823.1,24842.7,24822,24807.360286572068,24829.30501047654,24835.249577154296,1
1784510700,24842.2,24851.2,24824.7,24824.7,24822,24807.532821034038,24829.124421830402,24834.244855520556,0
1784511000,24824.2,24824.2,24808.2,24814.2,24822,24807.599161123253,24828.539150386074,24832.335821661454,2
1784511300,24815.2,24815.7,24801.7,24811.7,24822,24807.639965490187,24827.878791547406,24830.370505312745,22
1784511600,24811.2,24815.2,24780.6,24790.5,24822,24807.469418569886,24826.41295658476,24826.57331433058,2
1784511900,24791,24802.2,24790.5,24799.2,24802,24807.387135798046,24825.345781816734,24823.966332013384,4
1784512200,24798.2,24800.7,24775.2,24775.7,24802,24807.071840914483,24823.398888412157,24819.3695384883,2
1784512500,24775.6,24795.2,24771.2,24792.2,24802,24806.92386239792,24822.17540259207,24816.781963394176,1
1784512800,24792.7,24823.9,24791.7,24819.2,24802,24807.046013020827,24822.05872013748,24817.01225259473,2
1784513100,24820.7,24830.2,24815.7,24822.7,24802,24807.201774085297,24822.083868367383,24817.553942823804,0
1784513400,24822.2,24822.2,24800.9,24802.2,24802,24807.152005188927,24821.304108823562,24816.09166255487,0
1784513700,24804.2,24807.7,24788.7,24791.2,24802,24806.993278769136,24820.123555536364,24813.721028025837,0
1784514000,24791.7,24792.2,24781.7,24789.7,24802,24806.82120634357,24818.930474927096,24811.433311070996,0
1784514300,24789.2,24791.7,24774.7,24784.7,24802,24806.601094837664,24817.588103361326,24808.887281445186,1
1784514600,24783.7,24820.2,24783.7,24810.2,24802,24806.63690483928,24817.298373817746,24809.01230225993,0
1784514900,24810.7,24821.7,24803.2,24809.7,24802,24806.667383398093,24817.00039837391,24809.077797282793,0
1784515200,24810.7,24833.2,24806.2,24823.2,24802,24806.83188704587,24817.24352000631,24810.422768970147,0
1784515500,24824.2,24839.2,24822.2,24838.2,24838,24807.144007572777,24818.06534275116,24813.06821954442,0
1784515800,24838.7,24842.7,24828.2,24830.2,24838,24807.37342043275,24818.54121166288,24814.699817683046,1
1784516100,24831.2,24834.7,24821.7,24823.7,24838,24807.53587396078,24818.743517087863,24815.556977903707,0
1784516400,24824.2,24836.7,24822.7,24829.2,24838,24807.751437403957,24819.153575241282,24816.85631334145,4
1784516700,24828.7,24828.7,24811.2,24817.6,24838,24807.849433051677,24819.092650722017,24816.927140642263,2
1784517000,24818.6,24828.8,24817.1,24821.3,24838,24807.983269538723,24819.1792134388,24817.34360343824,0
1784517300,24820.8,24833.8,24816.3,24823.3,24838,24808.135674816946,24819.34081291179,24817.910879301264,1
1784517600,24821.3,24831,24818.8,24826.5,24838,24808.318404420756,24819.62156534662,24818.72889079638,0
1784517900,24826,24829.7,24817.7,24818.7,24838,24808.421703879256,24819.585425529105,24818.726139291965,0
1784518200,24819.2,24829.7,24815.2,24819.4,24838,24808.530940656576,24819.57815393973,24818.790316502254,0
1784518500,24817.9,24825.1,24807.9,24825.1,24838,24808.6958069187,24819.794696922483,24819.391238740136,0
1784518800,24825.2,24832.2,24817.6,24830.2,24838,24808.90977898916,24820.202748023563,24820.42064457441,0
1784519100,24829.7,24832.7,24825.2,24832.7,24838,24809.146497606183,24820.692836336366,24821.590106995893,0
1784519400,24832.2,24848.7,24830.2,24847,24838,24809.523149371296,24821.724489813372,24824.010096805807,1
1784519700,24846,24846.5,24828.2,24832.2,24838,24809.74878967606,24822.135294134416,24824.790087586207,0
1784520000,24832.7,24846.2,24832.2,24837.7,24838,24810.026911171823,24822.745674756596,24826.01960305419,4
1784520300,24837.2,24839.2,24825.2,24826.2,24838,24810.18783742882,24822.88113849163,24826.036783715695,1
1784520600,24829.2,24830.2,24814.3,24816.3,24838,24810.248654966843,24822.623054629214,24825.109470980868,6
1784520900,24815.8,24818.7,24810.6,24817.7,24838,24810.32279770349,24822.42999366336,24824.403807077928,4
1784521200,24816.1,24825.2,24811.7,24822.2,24838,24810.44097882087,24822.420974304016,24824.193920689555,0
1784521500,24823.2,24841.7,24822.7,24837.7,24838,24810.71221286245,24823.02015178229,24825.480213957217,0
1784521800,24838.2,24854.7,24832.2,24848,24838,24811.083235620037,24823.99975367318,24827.624955485102,1
1784522100,24847,24862.2,24846.7,24857.7,24838,24811.54708402183,24825.321331960506,24830.4892454389,2
1784522400,24856.2,24868.2,24856.2,24861.2,24838,24812.041142887283,24826.72833855029,24833.414079206625,4
1784522700,24859.6,24868.7,24858.4,24863.7,24858,24812.555161366017,24828.17820762675,24836.298452615516,3
1784523000,24864.7,24869.2,24857.7,24858.2,24858,24813.009338864864,24829.355532817855,24838.38431427118,1
1784523300,24859.7,24859.7,24840.2,24843.6,24858,24813.313723552776,24829.914139374017,24838.881046245355,0
1784523600,24843.1,24848.7,24828.7,24830.2,24858,24813.48174620399,24829.925349594643,24838.054279936274,1
1784523900,24830.7,24830.7,24818.2,24818.2,24858,24813.528694002955,24829.46553196348,24836.16339613282,4
1784524200,24819.7,24828.2,24796.7,24828.2,24858,24813.674677147203,24829.41590325903,24835.4049774535,16
1784524500,24826.7,24829.2,24813.2,24823.9,24858,24813.7764216532,24829.199593327303,24834.309265315074,0
1784524800,24824.4,24824.4,24802.2,24811.7,24858,24813.75576074123,24828.51333476545,24832.156001951735,15
1784525100,24810.7,24811.2,24803.2,24804.7,24858,24813.665653669177,24827.579478500138,24829.541144623,1
1784525400,24804.2,24810.2,24796.4,24797.9,24858,24813.508781493365,24826.415577382486,24826.527702277952,5
1784525700,24799.9,24803.7,24792.2,24795.2,24858,24813.326604563084,24825.191437092977,24823.544111584815,12
1784526000,24792.2,24800.7,24784.2,24784.2,24858,24813.036787602257,24823.583929755998,24819.797053338643,6
1784526300,24783.2,24784.7,24769.2,24777.2,24788,24812.68020265099,24821.76495211851,24815.740191115914,7
1784526600,24776.7,24779.7,24769.2,24769.2,24788,24812.24756381864,24819.703581447193,24811.30779196202,5
1784526900,24768.7,24774.2,24758.1,24761.7,24788,24811.744602984625,24817.42893119436,24806.58324034659,7
1784527200,24768.5,24786.2,24767.7,24773.7,24788,24811.366049721095,24815.714071147522,24803.451503170723,72
1784527500,24774.7,24780.7,24753.3,24755.2,24788,24810.807183554716,24813.340970318208,24798.856121916368,124
1784527800,24754.7,24761.2,24744.5,24747.7,24788,24810.179251380043,24810.766814619456,24793.984110305286,49
1784528100,24748.2,24761.2,24736.7,24747.2,24788,24809.55259216233,24808.27399835987,24789.5284807524,44
1784528400,24746.2,24759.2,24737.7,24738.7,24788,24808.847591245292,24805.545606267326,24784.687673061697,44
1784528700,24739.2,24757.2,24735.7,24748.3,24788,24808.24512765081,24803.300680531353,24781.222180389155,89
1784529000,24747.3,24758.7,24741.7,24746.2,24788,24807.627763196575,24801.061438157572,24777.886734637807,59
1784529300,24745.2,24745.2,24727.2,24731.2,24788,24806.867287940888,24798.321773916097,24773.440378958014,49
1784529600,24731.7,24761.2,24729.2,24745.7,24788,24806.258658210132,24796.258174938994,24770.79843810487,229
1784529900,24746.2,24751.7,24733.2,24742.2,24738,24805.621258625953,24794.138246510014,24768.07477733298,52
1784530200,24742.7,24759.7,24742.7,24752.5,24738,24805.09268888838,24792.50537409786,24766.591465206027,41
1784530500,24751.8,24758.7,24734.2,24745.2,24738,24804.496741735264,24790.65026138814,24764.554182805452,94
1784530800,24744.7,24799.7,24730.7,24778.1,24738,24804.234087588644,24790.158094274877,24765.844260633505,675
1784531100,24777.1,24790,24745.6,24762.6,24738,24803.819818060398,24789.07738469547,24765.535283430312,224
1784531400,24762.1,24792.6,24758.6,24789.7,24738,24803.679322358304,24789.10180098192,24767.836685008377,141
1784531700,24789.2,24790.7,24748.7,24763.9,24738,24803.283508205484,24788.11349506106,24767.461762626626,146
1784532000,24763.5,24802.7,24759.1,24784.5,24738,24803.096607626325,24787.971789372394,24769.084451900282,231
1784532300,24784,24825.2,24778.5,24822.5,24738,24803.289676207158,24789.325836847987,24774.1716469574,133
1784532600,24822.8,24873.7,24822.8,24870.7,24738,24803.960425697634,24792.51698050101,24783.364823437645,347
1784532900,24872.8,24877.7,24846.4,24855.1,24738,24804.46927718323,24794.971216559792,24790.19674501501,222
1784533200,24855.3,24886.1,24850.3,24884.2,24738,24805.26261770877,24798.47038453784,24799.149435965963,243
1784533500,24884.7,24902.3,24853.2,24856.4,24858,24805.771447383308,24800.742134163807,24804.60187063587,283
1784533800,24858.8,24869.5,24831.5,24834.9,24858,24806.06128372775,24802.081658314248,24807.487406765787,176
1784534100,24835.1,24864.4,24831.3,24856.2,24858,24806.560176426978,24804.203946223493,24812.12670135952,190
1784534400,24855.7,24868.5,24850.6,24852.3,24858,24807.015299049595,24806.090065979435,24815.952729801473,127
1784534700,24852,24863.4,24834.3,24863.4,24858,24807.576340850097,24808.337514372397,24820.47151743943,183
1784535000,24863.7,24888.7,24856.9,24882.8,24858,24808.32483497099,24811.25761184799,24826.40756339758,87
1784535300,24883.3,24902,24879.7,24883.3,24858,24809.07085651357,24814.082803540223,24831.82589069305,155
1784535600,24882.8,24895.2,24869.1,24893.3,24858,24809.908957443782,24817.189360264136,24837.6805677699,78
1784535900,24892.3,24907.8,24886.3,24900.5,24858,24810.8103608523,24820.456444175346,24843.663370839433,94
1784536200,24901.3,24913.9,24886.6,24890.6,24858,24811.60428760999,24823.207171854745,24848.133525997582,128
1784536500,24889.6,24900.7,24873.5,24895.3,24858,24812.437080768097,24826.03434158593,24852.62557114067,149
1784536800,24896.5,24906.9,24881.3,24884.9,24858,24813.158104840055,24828.34279877864,24855.69932627013,97
1784537100,24885,24887.2,24871.3,24880.3,24888,24813.82618339886,24830.38033608144,24858.042247577734,112
1784537400,24881.9,24890.7,24871.7,24886.7,24888,24814.551296001857,24832.588950352758,24860.771557332235,77
1784537700,24887.3,24912.4,24886.8,24904.7,24888,24815.44829803169,24835.41683465265,24864.95521853869,103
1784538000,24902.3,24911.3,24886.5,24887.8,24888,24816.16821546421,24837.47107643098,24867.130912011195,93
1784538300,24887.3,24892.1,24874.3,24883.1,24888,24816.83420337004,24839.260445982705,24868.651777533938,128
1784538600,24884.3,24899.1,24883.9,24891.3,24888,24817.575156570336,24841.301212806913,24870.808751102133,73
1784538900,24891.8,24918.9,24891,24894.9,24888,24818.344557997498,24843.40312603017,24873.103155759072,94
1784539200,24893.8,24914.9,24891.8,24906.4,24888,24819.22073154976,24845.873591676045,24876.27428378202,40
1784539500,24905.4,24912.4,24900.6,24909.1,24888,24820.11505262887,24848.35305866914,24879.400542469444,36
1784539800,24908.6,24928.5,24905.1,24926.7,24888,24821.175599368882,24851.42548774094,24883.90525271045,110
1784540100,24927.2,24932.9,24921.3,24931.9,24888,24822.277334698545,24854.581350966786,24888.47618102374,119
1784540400,24932.9,24946.4,24928.9,24936.8,24888,24823.41686370652,24857.805611713185,24893.07844949767,121
1784540700,24936.3,24938.3,24912.2,24912.2,24922,24824.300277997998,24859.938724979336,24894.89954954551,75
1784541000,24911.8,24917.4,24899.4,24916.5,24922,24825.217688167173,24862.156814195834,24896.95673530308,90
1784541300,24916,24921.4,24900.6,24919.1,24922,24826.15184052372,24864.3898803058,24899.065617655167,38
1784541600,24919,24926.3,24907.8,24917.4,24922,24827.059782409055,24866.4687085291,24900.811749307057,124
1784541900,24917.5,24919.6,24901.6,24907.1,24922,24827.856202484585,24868.062092508353,24901.410630325434,70
1784542200,24906.5,24915.3,24892.3,24895.1,24922,24828.525294997176,24869.122402606066,24900.80961791349,49
1784542500,24895.3,24895.3,24865.8,24882.1,24922,24829.058376638997,24869.631327994062,24899.027749540775,156
1784542800,24881.9,24904.3,24878.5,24895.9,24922,24829.72346741871,24870.661471994295,24898.72986863213,47
1784543100,24895.4,24903.1,24883.5,24888.5,24922,24830.308308538923,24871.361022112167,24897.75559542907,88
1784543400,24890.1,24895.8,24872.6,24876.1,24922,24830.76394725993,24871.54686438228,24895.693157769158,177
1784543700,24875.6,24876.1,24844.5,24849.1,24922,24830.9463955459,24870.666595190818,24891.255714172094,110
1784544000,24848.8,24848.8,24823.3,24836.8,24922,24831.00464036634,24869.33849341863,24886.069455679513,174
1784544300,24836.3,24840.3,24824.6,24831.8,24838,24831.012554392546,24867.866395637506,24880.900936090988,104
1784544600,24830.5,24855,24817.9,24854.4,24838,24831.245265294114,24867.338301690936,24878.377037415656,116
1784544900,24853.9,24864.2,24848.8,24859.8,24838,24831.529392007604,24867.04268201678,24876.607795757023,73
1784545200,24858.8,24885,24858.4,24883,24838,24832.04153736076,24867.668459192595,24877.216577113497,155
1784545500,24882,24889.1,24877,24879.2,24838,24832.51077579498,24868.12067647916,24877.40547453126,79
1784545800,24877.7,24884.3,24865,24867,24838,24832.85395215523,24868.076728381937,24876.414476956856,105
1784546100,24866.7,24882,24861.1,24878,24838,24833.303166561647,24868.465876288526,24876.565479151443,69
1784546400,24877,24883.3,24866.4,24880.7,24838,24833.774776844617,24868.94564584584,24876.95924304178,38
1784546700,24880.2,24880.2,24867.5,24875.1,24838,24834.185973094918,24869.18699306757,24876.782172275896,27
1784547000,24874,24973.8,24874,24955.2,24838,24835.390092765614,24872.56005216296,24884.250536821048,913
1784547300,24954.7,24970,24943,24962.3,24838,24836.652877912224,24876.07926580363,24891.683819028567,264
1784547600,24964.1,24974.9,24939.3,24951.5,24838,24837.795635345934,24879.036941654467,24897.380598168704,162
1784547900,24951.8,24957,24917,24919.2,24922,24838.605629024085,24880.61196355037,24899.45863643835,106
1784548200,24920.2,24944.4,24907.1,24941.8,24922,24839.632438685538,24883.011494391532,24903.491147253746,143
1784548500,24940.8,24958.3,24939.2,24943.4,24922,24840.664951733444,24885.37967108206,24907.291990372436,82
1784548800,24942.9,24948.1,24839.8,24864.8,24922,24840.90510146744,24884.572625157274,24903.24513414649,561
1784549100,24864.3,24884.1,24852.3,24873.6,24922,24841.230423840898,24884.1423261315,24900.4217880373,250
1784549400,24874.1,24897.3,24858.4,24894.2,24922,24841.757484300193,24884.536744714576,24899.829236795653,131
1784549700,24893.2,24906.2,24883.2,24886.2,24922,24842.199698386758,24884.601970412044,24898.531214243685,89
1784550000,24885.2,24889.9,24869.9,24879.8,24922,24842.57383074112,24884.413657846868,24896.74728907762,68
1784550300,24880.8,24901.2,24873.7,24900.2,24922,24843.147225460114,24885.032730088165,24897.076118689274,78
1784550600,24898.9,24912.4,24876.6,24884.6,24922,24843.55969087842,24885.015760280785,24895.88791690934,71
1784550900,24885.1,24912.8,24879.3,24905,24922,24844.17103723784,24885.799455956047,24896.75573434655,51
1784551200,24905.2,24913.8,24882.4,24885.6,24922,24844.583265723035,24885.791634153848,24895.6932834564,77
1784551500,24884.6,24899.5,24881.6,24890.6,24888,24845.04114367604,24885.980197520363,24895.208208841505,39
1784551800,24891.6,24892.1,24848.6,24850.1,24888,24845.091480554885,24884.573130950936,24890.912188951836,86
1784552100,24849.6,24851.6,24828.8,24836.7,24888,24845.00798323593,24882.695753266584,24885.749123337377,164
1784552400,24837.4,24844.7,24816,24833.4,24888,24844.892480915176,24880.762586471817,24880.76349254334,204
1784552700,24832.9,24841.4,24816.9,24835.4,24888,24844.798028368758,24878.98366151214,24876.443159920167,171
1784553000,24835.6,24841.9,24802.6,24803.1,24888,24844.383122613843,24876.007831648916,24869.458097070627,232
1784553300,24803.6,24821.4,24794.3,24820.1,24888,24844.141499503257,24873.815367662683,24864.757325921044,130
1784553600,24819.7,24840.2,24819.7,24832.4,24888,24844.02466866243,24872.19123559748,24861.675675833325,78
1784553900,24829.9,24843.9,24823,24833.2,24888,24843.916960516537,24870.662167534832,24858.96370670634,195
1784554200,24833.5,24849.4,24823.7,24830.8,24888,24843.786443496472,24869.098945278565,24856.281448924787,308
1784554500,24830.7,24839.1,24810.4,24828.3,24888,24843.632349531334,24867.49898664019,24853.61654902719,185
1784554800,24828,24828.3,24785.9,24794.1,24888,24843.139490332018,24864.62059500724,24847.948306262693,175
1784555100,24793.9,24794.4,24759.1,24781.4,24788,24842.525167045133,24861.357042261858,24841.610372332914,240
1784555400,24782.9,24795.4,24764.7,24782,24788,24841.922926577023,24858.245001388845,24835.933194015495,212
1784555700,24782.2,24793.4,24768.3,24787.9,24788,24841.385385019043,24855.4863738834,24831.358604109257,138
1784556000,24786.2,24804.2,24780.8,24793.7,24788,24840.910903576067,24853.06337882915,24827.772070384566,133
1784556300,24793.2,24802.9,24779.4,24785.4,24788,24840.358556276802,24850.409912992713,24823.736635109846,175
1784556600,24785.9,24804.5,24762.1,24798.5,24788,24839.94205322927,24848.37423013025,24821.333146051766,148
1784556900,24798.1,24816.4,24779.7,24787.7,24788,24839.422231804103,24845.99484855652,24818.12998928493,90
1784557200,24786.3,24805.2,24772.1,24798.8,24788,24839.018030492618,24844.144070181752,24816.28903792446,112
1784557500,24798.3,24826.4,24798.3,24824.8,24788,24838.876557552394,24843.385479194232,24817.09960574118,113
1784557800,24825.8,24828.6,24809.1,24823.1,24788,24838.71957688023,24842.589970206223,24817.671071861067,101
1784558100,24822.6,24845.1,24817.1,24842.1,24788,24838.753212931173,24842.57075568833,24819.997636445725,90
1784558400,24841.1,24851.7,24829.9,24837.1,24788,24838.73676305126,24842.356216249573,24821.626432974703,105
1784558700,24836.6,24850.1,24830.7,24834.4,24838,24838.693611180104,24842.0442077692,24822.84296316759,67
1784559000,24834.3,24846.2,24831.7,24836.4,24838,24838.67078917831,24841.822866288054,24824.13410953258,58
1784559300,24834.4,24838.4,24802.6,24826.5,24838,24838.54968679843,24841.221969570874,24824.35943243424,190
1784559600,24827.8,24857.2,24809.7,24839.5,24838,24838.559142651182,24841.15444135241,24825.80139125003,153
1784559900,24837.5,24880.8,24821.4,24874.7,24838,24838.918753172067,24842.469953456235,24830.458401607168,217
1784560200,24874.4,24874.4,24848.2,24852.1,24838,24839.049909856923,24842.847602340305,24832.51950621601,132
1784560500,24852.6,24864.5,24845.6,24852.5,24838,24839.18374159964,24843.226127738726,24834.422410385912,88
1784560800,24853.1,24872,24848.6,24852.7,24838,24839.318231732977,24843.59765214113,24836.1631332063,121
1784561100,24852.5,24869,24849.9,24861.8,24838,24839.541930919713,24844.311469704222,24838.604739567607,224
1784561400,24862.6,24869,24842.9,24851.3,24838,24839.658926631953,24844.58552971582,24839.81381198974,421
1784561700,24851.8,24853,24829.5,24835.5,24838,24839.617544277407,24844.229234432845,24839.40297275262,272
1784562000,24836,24846,24828,24841.7,24838,24839.63826522987,24844.130048768813,24839.62173725237,84
1784562300,24841.2,24844,24826.5,24832.5,24838,24839.567237715146,24843.673968424937,24838.943476561668,57
1784562600,24833,24856.3,24827.8,24853.4,24838,24839.704877140866,24844.05538142788,24840.3202883177,34
1784562900,24852.9,24859.5,24848,24850,24838,24839.80731617429,24844.288503724823,24841.242165620777,32
1784563200,24849.5,24873.5,24847,24871,24838,24840.11769113773,24845.33601338267,24844.076245085464,61
1784563500,24870.5,24880.5,24870.5,24879.5,24838,24840.509554907505,24846.675777563745,24847.449936029705,35
1784563800,24879,24883.5,24867,24872.3,24838,24840.825877744246,24847.680649031834,24849.81660878878,71
1784564100,24872.8,24874,24864,24874,24838,24841.15596851296,24848.71278044235,24852.119788904136,22
1784564400,24875,24875,24867.5,24871,24838,24841.452924050147,24849.586789052453,24853.9179042466,7
1784564700,24872,24872,24859.5,24866,24838,24841.697173562086,24850.23044438373,24855.068580032636,18
1784565000,24866.5,24871,24851,24855.5,24838,24841.834515118684,24850.437093623586,24855.109667648576,24
1784565300,24855,24868.5,24854,24866.5,24838,24842.079942828947,24851.0670115207,24856.194461205854,22
1784565600,24867,24870,24808.5,24836,24838,24842.019445885377,24850.47614832381,24854.27117918625,258
1784565900,24835.5,24844,24823.4,24843,24838,24842.029202642738,24850.182966036602,24853.197733549463,57
1784566200,24842,24843,24820,24823.5,24838,24841.844832467188,24849.136575211636,24850.369377973322,48
1784566500,24823,24828.5,24816,24819,24838,24841.617520701344,24847.954748732747,24847.381818166337,33
1784566800,24820,24826.5,24814.3,24815.5,24838,24841.35764487347,24846.682013488327,24844.34545453145,27
1784567100,24816,24816.5,24799,24813.2,24838,24841.077469302592,24845.36899335153,24841.37922076655,41
1784567400,24814.2,24817,24806.9,24810,24838,24840.768240752317,24843.98197400441,24838.39072355069,21
1784567700,24809.5,24816.5,24798,24809,24838,24840.452138854285,24842.61013188659,24835.591607022052,38
1784568000,24808.5,24820,24807,24812.5,24838,24840.17400811942,24841.429342400843,24833.392406353287,9
1784568300,24812,24817.5,24801.7,24817.5,24838,24839.94839609833,24840.490936816495,24831.87884384345,46
1784568600,24818.5,24825,24808.1,24821.5,24838,24839.764829968,24839.74619419624,24830.890382525027,49
1784568900,24822,24827.5,24812.1,24813.1,24838,24839.49950827678,24838.70124540423,24829.196060379785,25
1784569200,24813.6,24815.1,24789,24792.4,24838,24839.03085645313,24836.88551029034,24825.69167367695,52
1784569500,24791.7,24807.5,24789.8,24797.2,24802,24838.614629025735,24835.32921576915,24822.97818094581,34
1784569800,24796.7,24811,24795.1,24805.5,24802,24838.28513022946,24834.159442601733,24821.313592284307,8
1784570100,24806,24807,24798.9,24803.5,24802,24837.93900953066,24832.95711151931,24819.617059685803,8
1784570400,24804,24818.5,24801.5,24813.5,24802,24837.695835306473,24832.194087538162,24819.034482572868,34
1784570700,24812.5,24818,24806.3,24814.4,24802,24837.46403595019,24831.496280183725,24818.593103280215,5
1784571000,24813.9,24817,24806,24813,24802,24837.220612706904,24830.770935862794,24818.060426777338,24
1784571300,24812.5,24816.2,24806.3,24814.7,24802,24836.996527008327,24830.14070308386,24817.740386131878,38
1784571600,24814.2,24816.9,24790,24791.5,24802,24836.54382524705,24828.625381394297,24815.241301738366,97
1784571900,24790.5,24801.5,24787.5,24792.5,24802,24836.105578229664,24827.208699770992,24813.07546347757,15
1784572200,24792,24793,24738.5,24750.5,24802,24835.25378143136,24824.200515466247,24807.115895527324,157
1784572500,24751,24772.9,24751,24754.5,24802,24834.45026121811,24821.46716191855,24802.104857858056,72
1784572800,24754,24759,24732.1,24735,24802,24833.46070638012,24818.076292823705,24795.71391901443,81
1784573100,24734.5,24752.5,24731,24747.5,24750,24832.60537596838,24815.30859506591,24791.122117203533,114
1784573400,24746,24762,24745.5,24759,24750,24831.872984167698,24813.100414867247,24788.062867946053,34
1784573700,24758,24759.5,24746.5,24747.5,24750,24831.033451986925,24810.527849578335,24784.199737665476,47
1784574000,24748.5,24762.5,24732.5,24734.5,24750,24830.072920126357,24807.546365281145,24779.466429316384,54
1784574300,24734,24735,24719,24727.5,24750,24829.052294055447,24804.407292132866,24774.517245571966,95
1784574600,24728,24738,24706.5,24706.5,24750,24827.83286824395,24800.567790480596,24768.03941266035,122
1784574900,24706,24713.5,24696,24711.5,24750,24826.6753272664,24797.074935951947,24762.654706692698,141
1784575200,24712,24720,24703,24719.5,24750,24825.60890609957,24794.03278160089,24758.54473462673,65
1784575500,24720,24735.5,24707,24735,24750,24824.70732494435,24791.71777055772,24756.302378947992,150
1784575800,24734.5,24743,24721.6,24738,24750,24823.844565492167,24789.61119132016,24754.559295238658,61
1784576100,24737.5,24739.5,24728.2,24730,24750,24822.9107887211,24787.273497542898,24752.220314739738,54
1784576400,24730.5,24739.3,24723.5,24728,24750,24821.966402763675,24784.94904665886,24749.913618097857,64
1784576700,24727.5,24751.5,24719,24749.3,24750,24821.243353979957,24783.551044829102,24749.855178279013,54
1784577000,24749.8,24750.5,24717.6,24722,24750,24820.255857920456,24781.137278365215,24747.202304157203,95
1784577300,24721.5,24728,24704,24705,24750,24819.109033463537,24778.15150274305,24743.18303709461,202
1784577600,24704.5,24737.5,24704.5,24710.6,24750,24818.029341588277,24775.502424204107,24740.07989070465,4
1784577900,24713.8,24715.5,24686.9,24692.5,24750,24816.78029341327,24772.247427176495,24735.5484725423,0
1784578200,24691.4,24697.5,24684.8,24692.1,24750,24815.53969347881,24769.104390816632,24731.41052277637,0
1784578500,24691,24692.1,24677.8,24681.4,24750,24814.204970160616,24765.66500294147,24726.647615845286,0
1784578800,24682.5,24684.6,24678.4,24682.7,24750,24812.89646299484,24762.411473414355,24722.462128621926,0
1784579100,24681.7,24686.1,24669.4,24680.8,24750,24811.582070328222,24759.21102347654,24718.49430684841,0
1784579400,24679.7,24692.2,24678.6,24692.2,24750,24810.394189031424,24756.58314020295,24715.990087148562,0
1784579700,24691.1,24698.9,24689.6,24698,24750,24809.27583889181,24754.285762155778,24714.276745515366,0
1784580000,24696.9,24698,24688.3,24692.7,24750,24808.11588029587,24751.8706342281,24712.221817371046,0
1784580300,24693.8,24701.3,24689.5,24699.2,24702,24807.032140193423,24749.80511916033,24710.98164428809,0
1784580600,24698.1,24700.2,24688.4,24700.2,24702,24805.96913382334,24747.85982036973,24709.95482102256,0
1784580900,24699.1,24702.4,24695.9,24702.2,24702,24804.93660512858,24746.06923917876,24709.216266639458,0
1784581200,24701.1,24701.4,24689.5,24696.3,24702,24803.85564388352,24744.117504309004,24707.98614600713,0
1784581500,24696.5,24703.3,24692.4,24695.4,24702,24802.77648324786,24742.207013943946,24706.787465435023,0
1784581800,24692.8,24702.5,24691,24695.2,24702,24801.706070479224,24740.36360163242,24705.683897298353,0
1784582100,24695.5,24701.6,24695.5,24701.6,24702,24800.709990175947,24738.843460391934,24705.29495469851,0
1784582400,24701.8,24701.8,24699.9,24700.5,24702,24799.71287584584,24737.339795278524,24704.83829234627,0
1784582700,24700.1,24700.5,24700,24700,24702,24798.720707926976,24735.875489581325,24704.377502599007,0
1784583000,24700.1,24700.3,24699.3,24699.3,24702,24797.731447151582,24734.44115665657,24703.89393092291,0
1784583300,24698.4,24700.1,24698.4,24700.1,24702,24796.759989965994,24733.09444463082,24703.532604168347,0
1784583600,24699.9,24699.9,24699.1,24699.2,24702,24795.78924379718,24731.76525072373,24703.119975199934,0
1784583900,24698.6,24698.6,24697.9,24698.4,24702,24794.820196595218,24730.456809518877,24702.670453752322,0
1784584200,24697.6,24701.1,24697.6,24701.1,24702,24793.887657325613,24729.305562086764,24702.520886728293,0
1784584500,24701.3,24706,24701.3,24704.7,24702,24793.00021794924,24728.340638083362,24702.7284213256,0
1784584800,24708.5,24711.8,24675.1,24675.6,24702,24791.83205657661,24726.272377766367,24700.144762151733,0
1784585100,24676.2,24676.2,24659.1,24672.9,24702,24790.648653028587,24724.179343344156,24697.550022899188,0
1784585400,24674,24676.8,24669.7,24671.9,24702,24789.467074391487,24722.129173016936,24695.107163575456,0
1784585700,24670.8,24673.8,24665.7,24670.6,24702,24788.284317432368,24720.10842113392,24692.773147996842,0
1784586000,24671.6,24677.8,24667.3,24675.7,24702,24787.164075467866,24718.366914422786,24691.147133901904,0
1784586300,24676.2,24676.8,24667.2,24671.4,24702,24786.01219411993,24716.5250746415,24689.266454482677,0
1784586600,24671.9,24676.3,24659.5,24662.3,24702,24784.781227014257,24714.398601126148,24686.69822072242,0
1784586900,24661.8,24673.9,24660.8,24669.6,24702,24783.635145153417,24712.641793238847,24685.069818748856,0
1784587200,24670.1,24675.2,24667.5,24675.2,24702,24782.556188485225,24711.173487621636,24684.12983601087,0
1784587500,24676.3,24678.4,24665.3,24669,24658,24781.42627616199,24709.519625361965,24682.68889924793,0
1784587800,24668.5,24672,24665.3,24669.8,24658,24780.315566946447,24707.961992994828,24681.46138503384,0
1784588100,24670.9,24671.6,24668.7,24670.5,24658,24779.222874738025,24706.492895230323,24680.417443602044,0
1784588400,24672.1,24681.3,24667.8,24678.8,24658,24778.223642153567,24705.406899338937,24680.26340135423,0
1784588700,24679.4,24701.2,24678.8,24700.1,24658,24777.446292480396,24705.19878563937,24682.152601225254,0
1784589000,24700.6,24702.3,24695.5,24700.9,24658,24776.68463782885,24705.030205810377,24683.93806777523,0
1784589300,24702,24720.6,24699.8,24719.4,24658,24776.114641432545,24705.593727151147,24687.31539465378,0
1784589600,24718.8,24729.4,24717.3,24726.4,24658,24775.619968383464,24706.40965941973,24691.037738020084,0
1784589900,24726.9,24729.8,24721.5,24728.6,24658,24775.152108001537,24707.27986885425,24694.615096303885,0
1784590200,24728,24734.1,24724.8,24729.7,24658,24774.69984822043,24708.159089683493,24697.956515703514,0
1784590500,24729.1,24729.8,24722.2,24723.2,24658,24774.187411919727,24708.748929303747,24700.360657065085,0
1784590800,24723.7,24727.5,24721,24725.4,24658,24773.701965034954,24709.401912468307,24702.74535639222,0
1784591100,24724.3,24732.9,24716.1,24716.6,24722,24773.133786278388,24709.684190410728,24704.06484625963,0
1784591400,24716.1,24716.1,24691.4,24705.6,24722,24772.461808305467,24709.524026080897,24704.21105137776,0
1784591700,24704.5,24718.8,24701.1,24708.1,24722,24771.821392302427,24709.46818192086,24704.58142743702,0
1784592000,24705.9,24705.9,24675,24686.1,24722,24770.96844312529,24708.551782629846,24702.821291490636,0
1784592300,24686.6,24693,24666.7,24678.7,24722,24770.050349163845,24707.3811244875,24700.524025634386,0
1784592600,24677.6,24700.2,24669,24676.8,24722,24769.12248499306,24706.181864703674,24698.26459462159,0
1784592900,24679,24704.1,24669.6,24704.1,24722,24768.47549509263,24706.10022295059,24698.82034751477,49
1784593200,24701.6,24705.6,24683.1,24695.1,24722,24767.745390663848,24705.66884165841,24698.46602870384,4
1784593500,24696.1,24717.7,24692.6,24707.6,24722,24767.146929065202,24705.744573358083,24699.335930732046,1
1784593800,24706.1,24729.6,24706.1,24720.1,24722,24766.678800417787,24706.307531265607,24701.313461138518,4
1784594100,24720.6,24734,24713.4,24730,24722,24766.31383722955,24707.236647686565,24704.04551245866,6
1784594400,24731.2,24738.1,24723.8,24729.1,24722,24765.943550291944,24708.094034051795,24706.43165412926,2
1784594700,24730.1,24744.7,24730.1,24743.2,24738,24765.71724630894,24709.470738598782,24709.933401355047,7
1784595000,24742.2,24745.2,24735.1,24736.6,24738,24765.42752246507,24710.53463120275,24712.47307741647,0
1784595300,24735.6,24739.1,24730.6,24730.6,24738,24765.08097995298,24711.321508410485,24714.199450995853,2
1784595600,24727.1,24734.6,24718.6,24730.1,24738,24764.732910500712,24712.057919845367,24715.713788996247,3
1784595900,24731.6,24752.6,24729.6,24751.1,24738,24764.59725964996,24713.588981812216,24719.08390432994,5
1784596200,24752.1,24773.8,24747.6,24773.6,24738,24764.68683915593,24715.942355074483,24724.27591344137,21
1784596500,24772.6,24785.6,24755.6,24772.6,24738,24764.765577074777,24718.164223502936,24728.878207399335,15
1784596800,24771.6,24776.1,24761.1,24764.1,24738,24764.758954417317,24719.96562650282,24732.232663837494,2
1784597100,24762.6,24769.1,24754.1,24764.1,24738,24764.752397656946,24721.696386247808,24735.267648233923,7
1784597400,24764.6,24782.1,24760.1,24778.1,24738,24764.88520962056,24723.90829266946,24739.346919830692,4
1784597700,24780.6,24780.6,24757.1,24758.1,24738,24764.817695096972,24725.249143937326,24741.132927465864,2
1784598000,24756.6,24760.1,24747.1,24747.1,24738,24764.64139962337,24726.106040253508,24741.70122008816,1
1784598300,24748.1,24758.6,24746.6,24756.8,24758,24764.563375746522,24727.30972494945,24743.139199127385,0
1784598600,24754.3,24757.3,24743.1,24749.1,24758,24764.409511311234,24728.16424553967,24743.706894448587,0
1784598900,24748.1,24748.1,24739.1,24745.1,24758,24764.217376870325,24728.82839277341,24743.83957116777,1
1784599200,24748.6,24771.5,24744.1,24767.1,24758,24764.246059687535,24730.32924011563,24746.054850104174,4
1784599500,24766.6,24774.1,24753.6,24755.3,24758,24764.157044168256,24731.30848560129,24746.935340570442,0
1784599800,24756.3,24756.3,24744.8,24744.8,24758,24763.964436763596,24731.837564597317,24746.731974801827,1
1784600100,24746.3,24748.6,24737.1,24742.1,24758,24763.746880178882,24732.24001304448,24746.29083434451,3
1784600400,24741.6,24764.6,24740.1,24764.6,24758,24763.75536893332,24733.509032140773,24748.034564406935,0
1784600700,24765.1,24766.6,24756.1,24763.6,24758,24763.753822973787,24734.689070096036,24749.51698684437,3
1784601000,24763.1,24779.1,24763.1,24770.6,24758,24763.821944138228,24736.097341856974,24751.52489285919,2
1784601300,24771.1,24782,24770.1,24779.5,24758,24763.977944694067,24737.79940688219,24754.189188777364,0
1784601600,24778,24780.6,24776.6,24776.6,24758,24764.103537284176,24739.320998769163,24756.32355175095,0
1784601900,24775.6,24778.1,24771.6,24776.6,24788,24764.227880196773,24740.782920386057,24758.254642060383,0
1784602200,24775.1,24779.6,24768.6,24772.1,24788,24764.306209747054,24742.01104115523,24759.573247578443,1
1784602500,24771.6,24781.1,24771.1,24780.1,24788,24764.463361888873,24743.50472581581,24761.528176380496,0
1784602800,24783.6,24792.2,24783.6,24789.6,24788,24764.713477690973,24745.31238362695,24764.20168339188,1
1784603100,24789.1,24790.6,24784.1,24785.1,24788,24764.916328659223,24746.872682308247,24766.191999259318,1
1784603400,24785.6,24790.4,24784.6,24789.6,24788,24765.16193732928,24748.548263394197,24768.42133266319,1
1784603700,24789.1,24800.1,24788.1,24798.1,24788,24765.489679246402,24750.491468751286,24771.247872409553,1
1784604000,24797.6,24801.1,24795.6,24800.1,24788,24765.834060547433,24752.436901349276,24773.99569408483,4
1784604300,24799.6,24802.1,24798.1,24799.1,24788,24766.165064920096,24754.26682678656,24776.386580362465,0
1784604600,24799.6,24802.6,24797.1,24800.6,24788,24766.507701090046,24756.0838139714,24778.692620327944,0
1784604900,24802.6,24816.1,24799.1,24816.1,24788,24767.001156800594,24758.43738989409,24782.255227915757,7
1784605200,24818.1,24823.1,24815.6,24818.6,24788,24767.51457812596,24760.796707937458,24785.71663478092,0
1784605500,24819.1,24830.4,24818.6,24830.3,24838,24768.139308691872,24763.522327234026,24789.96266956369,2
1784605800,24829.8,24831.3,24814.6,24819.6,24838,24768.651355371556,24765.72145165622,24792.785272462388,17
1784606100,24820.1,24820.6,24813.8,24820.6,24838,24769.168257308156,24767.87355159127,24795.434294132636,4
1784606400,24819.6,24826.8,24817.6,24819.3,24838,24769.66708061852,24769.89027505828,24797.707218500957,0
1784606700,24817.8,24824.6,24816.6,24817.1,24838,24770.1390499656,24771.741636820698,24799.554150072294,0
1784607000,24816.6,24819.1,24814.1,24816.6,24838,24770.601347975895,24773.500788317924,24801.177564351125,0
1784607300,24817.1,24824.2,24814.1,24819.6,24838,24771.088896752255,24775.30860054075,24802.93208203197,5
1784607600,24820.1,24822.1,24817.6,24818.1,24838,24771.556668923873,24776.98669463719,24804.37664564797,1
1784607900,24818.6,24820.6,24817.1,24818.1,24838,24772.019786646022,24778.598981122006,24805.683631776737,1
1784608200,24820.1,24821.1,24818.1,24820.1,24838,24772.498196729146,24780.2264720584,24807.056619226572,0
1784608500,24819.6,24827.6,24819.6,24827.6,24838,24773.046473378607,24782.08425746787,24809.013131681186,2
1784608800,24827.1,24829.1,24825.6,24829.1,24838,24773.60421991215,24783.928012076976,24810.926166759167,0
1784609100,24828.6,24834.6,24828.1,24833.6,24838,24774.201192848348,24785.875933171996,24813.08557944877,3
1784609400,24833.1,24833.1,24821.6,24825.6,24838,24774.71262376528,24787.43373971427,24814.277429025078,1
1784609700,24823.6,24826.6,24820.6,24823.6,24838,24775.199065319855,24788.85202443136,24815.165292927453,0
1784610000,24822.1,24824.1,24814.6,24816.6,24838,24775.611014918664,24789.940180336012,24815.301931696267,2
1784610300,24816.1,24817.6,24810.6,24814.6,24838,24775.998965018975,24790.907232087542,24815.235081058527,2
1784610600,24813.6,24817.6,24804.6,24806.1,24838,24776.298477804856,24791.503026907638,24814.365073338668,6
1784610900,24807.5,24808.6,24793.6,24799.1,24838,24776.52535862272,24791.800947421063,24812.911256830223,17
1784611200,24799,24809.6,24795.6,24808.4,24838,24776.84251923344,24792.451890659453,24812.481613322583,0
1784611500,24808.6,24826.1,24808.6,24826.1,24838,24777.332643420174,24793.77142435908,24813.778602529957,7
1784611800,24827.6,24832.6,24815.6,24831.6,24838,24777.872617117486,24795.254897913626,24815.475878479487,6
1784612100,24831.1,24832.6,24824.3,24827.8,24838,24778.369406996913,24796.53117642682,24816.64960433858,3
1784612400,24828.3,24846.7,24828.3,24842.6,24838,24779.008517375052,24798.337796959102,24819.12107059205,31
1784612700,24841.6,24858.1,24837,24855.1,24858,24779.7656465554,24800.563765705803,24822.547635297567,18
1784613000,24853.6,24866.2,24850.6,24860.6,24858,24780.56996848022,24802.918127834986,24826.171670031134,36
1784613300,24860.1,24863.5,24854.6,24858.1,24858,24781.34141157992,24805.08212282185,24829.212463361502,8
1784613600,24857.6,24873.6,24854.6,24868.1,24858,24782.20468111644,24807.553412122954,24832.916038279454,140
1784613900,24868.6,24872.1,24849.1,24855.1,24858,24782.930007672494,24809.417984196563,24835.028796538554,83
1784614200,24854.6,24858.6,24840.9,24850.6,24858,24783.603340929483,24811.032965208462,24836.511768296787,29
1784614500,24850.1,24853.6,24836.6,24836.6,24858,24784.130670870483,24812.035594023815,24836.52017131614,65
1784614800,24836.2,24844.1,24827.6,24837.3,24858,24784.659718921524,24813.02635504249,24836.5944407146,70
1784615100,24838.3,24859.1,24837.6,24840.1,24858,24785.21136350937,24814.088066609453,24836.928303503686,95
1784615400,24843.6,24857.6,24841.6,24852.6,24858,24785.881897205792,24815.59833850712,24838.420846027144,24
1784615700,24853.1,24864.5,24851.1,24856.3,24858,24786.582574845535,24817.194482095074,24840.123622595987,34
1784616000,24855.8,24865.6,24848.1,24853.9,24858,24787.25239997145,24818.633914169775,24841.435658539227,40
1784616300,24854.4,24857.1,24832.1,24842.1,24838,24787.798147235415,24819.554152829784,24841.49892915454,28
1784616600,24841.1,24850.1,24841.1,24846.6,24838,24788.38324029775,24820.61477428744,24841.984745425536,41
1784616900,24846.1,24871.3,24842.6,24867.1,24838,24789.16649163807,24822.437724315383,24844.376674432628,172
1784617200,24858.1,24934.1,24854.9,24897.8,24838,24790.24742206953,24825.393107675565,24849.46461020095,919
1784617500,24898,24922,24889.7,24889.9,24838,24791.238990009137,24827.922789727505,24853.31559970562,257
1784617800,24889.6,24898,24863.4,24877.1,24838,24792.093328417006,24829.851307777408,24855.580780686036,172
1784618100,24876.6,24903.1,24865.2,24902.8,24838,24793.194887338228,24832.712040805745,24860.077849192126,159
1784618400,24901.9,24906.5,24876.2,24887.1,24838,24794.129266568692,24834.84490195062,24862.651387364305,150
1784618700,24886.6,24894.2,24842.5,24856.2,24838,24794.746885806813,24835.682356776084,24862.036969520086,179
1784619000,24857.5,24869.4,24822.2,24867.5,24838,24795.470797390826,24836.93010749075,24862.55725813722,208
1784619300,24867,24882.7,24856,24882.2,24838,24796.333774531216,24838.705397393074,24864.427995457485,99
1784619600,24881.4,24887.9,24857.9,24858.9,24838,24796.95632403837,24839.497342593346,24863.90151969963,119
1784619900,24858.4,24863.5,24841.9,24862.6,24858,24797.60949494346,24840.40332915831,24863.77756544252,109
1784620200,24863.1,24879.7,24852.9,24870.7,24858,24798.336763650488,24841.5914338972,24864.436844924185,102
1784620500,24870.6,24878.8,24863,24874.7,24858,24799.096596847994,24842.889809038486,24865.41428826474,48
1784620800,24875.1,24877.4,24849.4,24857.5,24858,24799.677725237565,24843.462757703644,24864.66054652524,98
1784621100,24858.5,24863.4,24846.7,24856.9,24858,24800.247101105848,24843.989708381934,24863.92144685617,73
1784621400,24857.7,24869,24835.6,24868.7,24858,24800.928224477928,24844.95873942578,24864.37654715558,81
1784621700,24867.2,24882.5,24851.7,24880.6,24858,24801.72097846322,24846.356435918886,24865.92163790267,87
1784622000,24880.1,24888.6,24871.6,24871.8,24858,24802.418282160106,24847.354222745595,24866.48148191194,75
1784622300,24872,24882.1,24850.1,24860,24858,24802.991234576424,24847.8501355791,24865.864197920324,69
1784622600,24860.8,24873.4,24854.2,24865,24858,24803.608237217453,24848.522679281883,24865.781893356485,59
1784622900,24866,24881.3,24858.9,24876,24858,24804.32855326504,24849.60022127083,24866.755046370152,42
1784623200,24875.9,24906,24870.6,24905,24858,24805.330259202703,24851.77276161315,24870.397422906328,96
1784623500,24905.4,24906.7,24876.9,24892.6,24888,24806.198614832527,24853.37382978518,24872.511954058107,104
1784623800,24892.2,24902.1,24881.3,24896.2,24888,24807.094151003348,24855.053287440664,24874.767958433527,66
1784624100,24897.2,24900.4,24880.4,24884.7,24888,24807.866348505802,24856.21590361946,24875.713867154143,47
1784624400,24886,24910.2,24882.1,24906.5,24888,24808.847777873903,24858.18782896772,24878.64587980613,138
1784624700,24906,24931.7,24905.5,24924.8,24888,24810.001531327893,24860.800070968984,24883.041510300784,99
1784625000,24923.8,24931.8,24919.6,24925.1,24888,24811.14678972264,24863.321636813336,24887.04708074833,83
1784625300,24926.6,24951.6,24926.6,24942.6,24888,24812.454781864704,24866.43059223242,24892.337834962775,231
1784625600,24944.9,24952.9,24934.9,24938.1,24888,24813.70498304018,24869.241157242912,24896.69613639489,128
1784625900,24938.6,24940.9,24911.9,24917.8,24888,24814.740754353214,24871.14542558633,24898.706028166805,182
1784626200,24918,24951.6,24913.7,24946.6,24888,24816.052786648208,24874.10442850451,24903.267358817586,125
1784626500,24946.3,24949.4,24930.1,24935.3,24888,24817.239326084546,24876.504254837666,24906.318086549243,78
1784626800,24935.1,24937.5,24915.2,24932.7,24888,24818.388188511566,24878.708009549915,24908.83064973503,126
1784627100,24932.2,24956.9,24931,24951.4,24950,24819.711689123393,24881.558675842076,24912.88487356979,148
1784627400,24951.2,24952.2,24933.3,24946.7,24950,24820.97525440575,24884.113237573758,24916.105361801237,87
1784627700,24946.2,24948.8,24922.7,24930.6,24950,24822.06604789425,24885.936247864982,24917.48580353445,110
1784628000,24931.7,24962.6,24931.1,24949.1,24950,24823.330067318188,24888.41325775263,24920.496679388314,176
1784628300,24949.6,24958.2,24936.9,24954.3,24950,24824.63325072796,24890.99705156625,24923.716043256092,100
1784628600,24952.3,24989,24945.8,24951.2,24950,24825.892621367482,24893.35795150483,24926.333562945987,423
1784628900,24950.9,24966.2,24942.5,24964,24950,24827.266824139944,24896.128227916404,24929.92084266542,96
1784629200,24965.9,24972.2,24958.9,24964.2,24950,24828.62934330273,24898.797709174585,24933.18552431633,54
1784629500,24963.7,24967.8,24954.2,24956.5,24950,24829.90168814549,24901.060544108914,24935.405950571916,53
1784629800,24955.1,24971.9,24954.5,24968.9,24950,24831.28475592514,24903.720914928173,24938.595860041256,59
1784630100,24968.4,24980.2,24959.6,24963.3,24950,24832.598340443295,24906.057349636874,24940.94863527542,99
1784630400,24963.5,24966.8,24947.7,24962.8,24950,24833.893879344356,24908.282551611897,24943.029717630143,70
1784630700,24963.3,24963.9,24947.9,24952.4,24950,24835.073044724013,24910.012647627118,24943.92212547489,69
1784631000,24952.7,24958.5,24936.9,24944.9,24950,24836.16585024915,24911.38077909272,24944.015256382045,51
1784631300,24944.8,24950.9,24931.2,24934.7,24950,24837.14628955015,24912.295258343987,24943.128089107566,33
1784631600,24935.4,24941.1,24907.9,24909.9,24950,24837.870207067062,24912.201326644223,24939.96350919256,116
1784631900,24911.4,24915.7,24900.3,24908,24950,24838.56801595197,24912.036568736607,24936.919365459933,89
1784632200,24907.8,24908.1,24881.6,24889.6,24950,24839.07579688777,24911.156703295954,24932.412759225652,113
1784632500,24889.1,24896.1,24872.6,24875.6,24950,24839.43922179436,24909.762322774543,24927.00202025178,114
1784632800,24875.1,24878.3,24866.5,24874,24950,24839.783110134715,24908.35987874417,24921.95420879923,96
1784633100,24874.5,24889.8,24867.4,24887.1,24950,24840.253924959245,24907.526158009103,24918.63476034216,162
1784633400,24885.8,24907.3,24879.5,24888.1,24950,24840.73000530791,24906.764347891098,24915.72668792862,146
1784633700,24887.6,24912.1,24886.8,24905.9,24950,24841.378462966535,24906.730451895368,24914.7908128878,69
1784634000,24906.3,24910,24886.4,24893.6,24950,24841.89808025045,24906.215532213195,24912.77264023182,64
1784634300,24894.1,24903.2,24890.4,24898.3,24902,24842.459293382286,24905.905119185227,24911.394293543075,26
1784634600,24899.2,24902,24881.9,24892.7,24902,24842.95920091082,24905.387271374042,24909.61388463421,71
1784634900,24892.2,24898.2,24884.4,24897.8,24902,24843.504880503748,24905.089731320157,24908.488752764286,37
1784635200,24898,24911.6,24896.9,24899.9,24902,24844.066025971373,24904.886212444857,24907.670776310544,72
1784635500,24900.1,24907.8,24895.8,24899.7,24902,24844.619597852256,24904.682831564667,24906.911654757158,44
1784635800,24899.4,24910.6,24891.7,24904.6,24902,24845.216417774125,24904.679583268015,24906.69149716124,67
1784636100,24904.1,24909.6,24869.3,24879,24902,24845.55257282115,24903.672540786916,24904.05421171731,114
1784636400,24878.2,24885.2,24870.7,24882.2,24902,24845.917223837856,24902.8304803639,24901.972858220422,33
1784636700,24881.7,24881.7,24844.2,24846.7,24902,24845.92501265539,24900.62928505551,24896.708776485146,89
1784637000,24847.9,24882.8,24843.4,24880.4,24902,24846.268047355334,24899.835979759217,24895.155559677038,93
1784637300,24879.9,24883.9,24868,24876.4,24902,24846.56786777966,24898.916921729444,24893.36931589827,75
1784637600,24876,24876.1,24827.9,24853.6,24902,24846.63783924454,24897.139787543976,24889.5817620032,196
1784637900,24853.1,24881.3,24849.3,24877.5,24888,24846.944925421212,24896.36959979715,24888.431118002896,102
1784638200,24877.6,24896.2,24873.3,24892.8,24888,24847.401194820006,24896.229615491382,24888.84720200262,78
1784638500,24893.3,24903.2,24888.7,24897.4,24888,24847.898695369062,24896.275512923094,24889.661754192846,100
1784638800,24896.5,24899.9,24868.2,24879.1,24888,24848.209156111658,24895.601963396697,24888.655872841147,77
1784639100,24878.9,24881.9,24866.2,24868.5,24888,24848.41105505582,24894.53914130271,24886.736265903895,53
1784639400,24870.4,24883.1,24868.2,24873,24888,24848.65572117467,24893.69446909476,24885.428050103525,50
1784639700,24873.4,24882,24868.2,24878.3,24888,24848.95068912318,24893.090764424378,24884.749188188904,36
1784640000,24878.6,24885.5,24868.5,24873.4,24888,24849.19396584832,24892.318577584207,24883.668313123293,57
1784640300,24873.7,24878.2,24850.1,24866.9,24888,24849.370145292614,24891.32177062012,24882.071330921073,102
1784640600,24867.2,24894.7,24864.7,24888.4,24888,24849.758502055873,24891.207191380116,24882.674061309543,155
1784640900,24887.4,24905.6,24844.4,24844.4,24888,24849.705183627455,24889.37161524756,24879.028912613398,103
1784641200,24845.1,24853.6,24817.4,24826.2,24888,24849.471301203303,24886.89429700256,24873.997587602596,215
1784641500,24825.7,24851.1,24818.5,24843.5,24838,24849.411885270933,24885.192559865205,24871.09305544997,142
1784641800,24842.8,24852.5,24818.8,24841.6,24838,24849.33415506923,24883.483047713627,24868.28419302616,150
1784642100,24840.6,24849.6,24823.6,24832.4,24838,24849.165656013814,24881.479790940542,24864.86665083319,124
1784642400,24832.7,24876.7,24830.6,24872.2,24838,24849.394853466412,24881.115877570326,24865.565065039555,151
1784642700,24871.7,24884.2,24867.7,24882.2,24838,24849.721272834904,24881.15839217541,24867.1493445596,148
1784643000,24881.7,24901.6,24880.3,24894.8,24838,24850.169817383812,24881.693357188138,24869.782740315826,128
1784643300,24895.3,24907.6,24884.3,24900.8,24838,24850.673600295417,24882.44263729841,24872.73676504765,156
1784643600,24901.4,24925.3,24900.9,24921.5,24838,24851.378340590985,24883.974298580823,24877.38088266216,166
1784643900,24921,24935.6,24920.5,24924.4,24838,24852.104924266696,24885.559620205106,24881.858893837194,146
1784644200,24923.6,24945.3,24923.1,24933.1,24838,24852.91084541827,24887.423948824515,24886.738999186033,159
1784644500,24933.2,24943.5,24922.7,24928.6,24838,24853.663971334507,24889.038695929437,24890.725761168316,191
1784644800,24928.1,24953.8,24927.6,24943.7,24838,24854.55985221675,24891.182276481224,24895.770926771333,147
1784645100,24944.2,24967.5,24943,24960.9,24958,24855.617963139965,24893.91630485451,24901.973695650253,204
1784645400,24959.9,24971,24955,24967,24958,24856.726242113695,24896.782332115115,24908.166677016896,78
1784645700,24966.5,24970.5,24955,24961.1,24958,24857.764786968284,24899.3045936008,24913.20794587243,101
1784646000,24962.2,24970,24943.6,24960.7,24958,24858.789017943724,24901.712256596846,24917.730998646482,275
1784646300,24961.2,24978.3,24958.2,24973.1,24958,24859.92644065075,24904.51177594599,24923.004236870627,107
1784646600,24972.8,24977.8,24966.8,24967.8,24958,24860.999809400495,24906.993667085364,24927.270500025807,122
1784646900,24967.3,24981.7,24967.3,24970.4,24958,24862.088368510937,24909.480189944763,24931.37807145192,169
1784647200,24969.8,25007.7,24967.2,24989.7,24958,24863.35813598844,24912.62606484889,24936.93254083745,523
1784647500,24989.2,24996.7,24987.2,24990.2,24958,24864.62024408806,24915.668179952856,24942.005632186265,376
1784647800,24990.1,25003.7,24986.2,24999.2,24958,24865.959346136933,24918.943937601765,24947.45271483519,555
1784648100,24999.7,25023.2,24999.7,25006.5,24958,24867.357760603234,24922.377508676207,24953.07626580327,588
1784648400,25007,25039.2,25005.2,25022.2,24958,24868.8984794032,24926.292116179102,24959.65947858391,352
1784648700,25024.7,25038.9,25014.7,25033.2,25038,24870.533320404164,24930.484582211295,24966.663337766397,97
1784649000,25032.7,25041.2,25025.2,25039.2,25038,24872.211595823028,24934.747931928498,24973.571591312455,72
1784649300,25039.7,25040.7,25028.7,25032.7,25038,24873.808495367077,24938.58918949993,24979.202868330318,125
1784649600,25032.2,25046.6,25031.7,25046.2,25038,24875.523833721632,24942.809221284246,24985.583547536953,73
1784649900,25046.7,25051.1,25041.7,25044.7,25038,24877.207178659726,24946.80493809663,24991.213685866765,53
1784650200,25045.2,25050.7,25043.2,25047.1,25038,24878.897654493958,24950.738077779115,24996.536191974694,51
1784650500,25046.6,25049.5,25038.7,25048.2,25038,24880.582254946756,24954.56011394464,25001.45655464377,80
1784650800,25047.7,25054.2,25043.7,25048.2,25038,24882.250093205992,24958.232266338968,25005.908311344363,70
1784651100,25047.7,25050.7,25042.2,25047.7,25038,24883.896360935287,24961.74080491391,25009.88847216871,40
1784651400,25048.2,25049.2,25038.7,25043.7,25038,24885.48644689613,24964.954890995716,25013.10861767645,44
1784651700,25043.2,25048.2,25038.2,25040.2,25038,24887.025885235475,24967.90567958412,25015.688749326313,16
1784652000,25040.7,25046.2,25039.7,25043.2,25038,24888.579856526663,24970.858398031804,25018.308868438093,16
1784652300,25043.7,25045.7,25039.2,25042.2,25038,24890.10841516819,24973.65610791291,25020.584214301132,16
1784652600,25041.7,25054.2,25041.7,25052.7,25038,24891.726241882934,24976.755868386914,25023.642860558168,79
1784652900,25053.7,25062.7,25041.7,25043.2,25038,24893.23344345624,24979.361520607035,25025.505445266914,63
1784653200,25042.7,25047.7,25038.2,25039.7,25038,24894.690822128316,24981.72773548519,25026.857307622446,46
1784653500,25039.2,25051.2,25039.2,25048.7,25038,24896.223251758878,24984.354098799497,25028.937564039355,9
1784653800,25048.2,25049.2,25041.2,25044.2,25038,24897.695657214015,24986.70099688579,25030.39112936894,38
1784654100,25043.7,25047.6,25039.2,25041.2,25038,24899.123561122335,24988.83821269419,25031.42054561952,11
1784654400,25040.7,25044.7,25032.7,25036.2,25038,24900.487505787783,24990.695537686574,25031.875731750995,40
1784654700,25036.7,25037.7,25032.7,25033.7,25038,24901.81300324263,24992.38198718906,25032.049471584232,15
1784655000,25034.2,25052.2,25034.2,25037.2,25038,24903.160137538725,24994.1395563189,25032.53999810002,54
1784655300,25038.5,25045.5,25036.2,25043,25038,24904.55157895625,24996.05565214953,25033.53618875716,4
1784655600,25043.6,25044.7,25040.7,25042.2,25038,24905.921214986534,24997.865234418176,25034.36131363743,12
1784655900,25044.2,25048.2,25040.7,25044.2,25050,24907.297123295128,24999.682284048835,25035.298331386246,4
1784656200,25043.2,25046.2,25040.7,25040.7,25050,24908.624515103136,25001.290821929273,25035.812776016126,13
1784656500,25040.2,25040.7,25034.2,25037.8,25050,24909.909843311067,25002.722554402633,25036.00203544316,41
1784656800,25037.3,25046.7,25036.8,25042.2,25050,24911.22616327812,25004.2706895241,25036.59231778191,11
1784657100,25042.7,25047.7,25040.2,25043.7,25050,24912.544310907193,25005.816936993742,25037.26923989792,24
1784657400,25043.2,25048.7,25041.5,25041.6,25050,24913.82844711707,25007.220194366535,25037.681693240975,23
1784657700,25042.1,25044.9,25038.8,25041,25050,24915.09383570297,25008.544892626673,25037.99772245612,10
1784658000,25040.2,25050.7,25039.7,25048.7,25050,24916.42325027309,25010.119602719744,25039.01698698411,22
1784658300,25048.2,25051.2,25045.7,25051.2,25050,24917.764312459425,25011.73059869152,25040.177273938003,20
1784658600,25050.7,25054.9,25044.7,25047.7,25050,24919.057204872763,25013.141163448716,25040.893724039146,15
1784658900,25048.2,25057.2,25048.2,25055.2,25050,24920.411859550644,25014.790529587983,25042.256226511607,30
1784659200,25055.7,25058.7,25051.2,25057.2,25050,24921.772935575016,25016.45364607473,25043.67944303431,28
1784659500,25056.7,25061,25053.2,25053.7,25050,24923.085642683724,25017.914287405132,25044.63378179295,7
1784659800,25054.2,25055.7,25050.2,25053.2,25050,24924.380312905778,25019.298040840225,25045.449612098382,14
1784660100,25053.7,25058.7,25053.2,25054.2,25050,24925.67205108582,25020.666745121,25046.282982374727,8
1784660400,25054.7,25056.2,25048.2,25054.2,25050,24926.950936149646,25021.9817747241,25047.036984053324,13
1784660700,25053.7,25056.7,25043.2,25043.2,25050,24928.107643252635,25022.81386198982,25046.671557000627,15
1784661000,25043.7,25053.7,25043.2,25052.7,25050,24929.347368195395,25023.985867401985,25047.24569442914,18
1784661300,25052.2,25057.7,25050.7,25051.7,25050,24930.564807317827,25025.07269613132,25047.669914007318,16
1784661600,25052.2,25055.7,25050.7,25053.7,25050,24931.79003311566,25026.19533549872,25048.244207911383,12
1784661900,25053.2,25057.7,25051.2,25055.2,25050,24933.017992985155,25027.3327733223,25048.906664300775,33
1784662200,25050.7,25056.8,25047.7,25054.3,25050,24934.224779124605,25028.39031162339,25049.42031531975,74
1784662500,25053.8,25061.7,25052.8,25054.2,25050,24935.418562416897,25029.40245626561,25049.875523384533,57
1784662800,25054.7,25056.6,25045.2,25055.6,25050,24936.61439761673,25030.429810921858,25050.420711633626,35