zeitstempel;nachricht
2025-10-13 14:54;Tach, hab gerade wieder 11,99 € überwiesen. Bringt mir persönlich keinen Mehrwert, aber vielleicht helfen meine geteilten Daten ja jemandem hier. Echt schade das Josef seinen Service einstellt. Einerseits verstehe ich, dass stock3 natürlich Geld verdienen muss – keine Frage. Aber wenn ich sehe, wie viele Aboverkäufer hier unterwegs sind und mit +1000 % Gewinnen um sich werfen, dazu noch die Prämien/Werbung von Emittenten und Brokern, dann frag ich mich schon: Warum traden diese Aboverkäufer nicht einfach mit dem Geld von stock3 in einer Art Fonds? Da könnten sich einige mal wirklich beweisen. Viel Erfolg Allen.
2025-10-13 15:06;kuhbauer aktuelle dax dp 312
2025-10-13 15:31;282 fight poi
2025-10-13 15:32;Perlenfinder hi, beides steht nicht wirklich auf meiner täglichen speisekarte. 😉
2025-10-13 15:38;Aclopapse stimmt. auf ener party wollten bekannte das ich einen Fond auflege und platziere. ich sagte macht ihr den fond und ich manage das teil. ist dann irgendwie im sand verlaufen
2025-10-13 15:40;255 next poi fihgt dann 202
2025-10-13 17:08;kuhbauer fast unverändert 315 kassaschluss wird bewegubg bringen
2025-10-13 17:53;kuhbauer long. im zweifel immer long ovn dp 357
2025-10-13 17:55;👻🤑🦊 adidas AG
2025-10-13 18:07;ab 388 kommt mehr bis th dh
2025-10-13 19:11;kuhbauer läuft 👻🦊🤑 ovn ansagen bis morgen 9.45 uhr.
2025-10-13 20:32;kuhbauer siehste, läuft. geduld 🦊👻🤑🍀
2025-10-13 21:51;Hmm, all Germans Trader sleeping already? It’s only 8pm! 🤣
2025-10-14 15:45;moin, wer hat hebel 100 gerufen ? das kann ich überbieten 🦊🙈🤑 (kamikaze) Best Unlimited Turbo-Optionsschein auf DAX Best Unlimited Turbo-Optionsschein auf DAX
2025-10-14 15:55;alex.s war nur als spass gedacht. finger weg von dem teufelszeug oder knallharte regel beachtebn
2025-10-14 15:56;dp vonb 15.45 uhr 142
2025-10-14 16:45;dp 189 von 16.45 uhr 225 poi fight dann 300
2025-10-14 18:33;Monetenfred 16.45 🍀🤑 Free Reichmacheransagen, bisherige Erfolgsquote 91 % 🔥🎁
2025-10-14 18:50;für den einen mitleser 🤣🕵️‍♀️ ovn dp 288 poi 302 fight
2025-10-14 19:28;355 o
2025-10-14 19:30;jdf gold dp 4152 aktuell
2025-10-14 20:19;Perlenfinder ach wen es jeder weiß, wenn mgl. sl immer schnell in gewinn ziehen. ich halte nicht ovn,
2025-10-15 10:21;Monetenfred 19.28 Uhr hier o 355 🔥👻 bis folgetag 9.45 nur gut das es keiner gemerkt hat 🤣
2025-10-15 10:33;mein dp gold aktuell 4.202 jfd
2025-10-15 10:34;sun-set laufender dp 289 darüber long
2025-10-15 10:47;kuhbauer na klar, für meine free abonnennten geb ich alles 😍😅💪 dax läuft short dp unten tvk +
2025-10-15 11:33;gold dp 212 darüber long mgl. jetzt aber erstmal short tvk gewinne abrechnen 🎯🍀🤑 for free - dax guckst du dp 289 darüber long mgl.
2025-10-15 13:39;198 poi fight dp 252
2025-10-15 13:40;poi o 222
2025-10-15 15:03;dp 224 dax Gold siehe 🎯🤑10.33 Uhr Free trading service for everyone 👻
2025-10-15 15:28;daxgrün falls der hier auch hinter einer paywall verschwinden sollte machen wir was eigenes auf. 🍀
2025-10-15 15:30;4.208 now dp somnit noch short 🎁💰
2025-10-15 15:30;GOLD gemeint Jfd
2025-10-15 15:31;dax dp 224 erstmal nach unten abgeprallt. vorsichtig sein, die wollen ohne uns verreisen 🍀🤣
2025-10-15 16:11;dax mit dp long sl safe 1.tvk +
2025-10-15 16:27;an 241 poi fight entscheidung kann bis kassa schluss andauern 🌞🍀
2025-10-15 17:58;bonda dp 224 genannt darunter short
2025-10-15 18:00;new dp ovn dax 187
2025-10-15 19:09;17.58 und 18.00 Uhr Reichmacheransagen 😉🎯🍀🤑 schnell verdientes Geld tvk + 100 P
2025-10-15 20:06;liest xblue2018 hier noch mit 🤷‍♀️
2025-10-16 11:38;hi, gold macht viele reicher 👻🎁🤑 DP 232 aktuell short Gold
2025-10-16 11:39;dax dp 192
2025-10-16 14:56;kuhbauer dax dp 202 von 14.45 uhr
2025-10-16 14:58;gold 244 dp
2025-10-16 15:57;now dax dp 192
2025-10-16 16:06;fight poi 155 und 108 🍀
2025-10-16 16:16;155 und 108 ✅ so kann man schnell kohle machen, nachvollziehbar ohne ,hätte wäre wenn unbd abogebphren 🤑🎁👻
2025-10-16 16:31;bonda im Z war u nur die 108 und guck an , passt gedreht + 🎁🤑🍀
2025-10-16 16:50;bonda dp 187 16.45 uhr
2025-10-16 17:03;o 275 🤼‍♂️🕵️‍♀️🙄 poi
2025-10-16 17:22;🏅🥳✔🎯🍀🤑🎁
2025-10-16 18:19;dax ovn dp 238
2025-10-16 18:45;kuhbauer Aclopapse danke euch Beiden. es ist schön wenn zwei meine free ansagen schätzen. 🍀
2025-10-16 18:49;ihr wisst wenn 108 u 018 dann 950 😍 noch ist zeit bis morgen 8.45 Uhr. 🎁🤑
2025-10-16 18:50;sry nine neun 9.45
2025-10-16 20:19;Aclopapse 😍😅
2025-10-16 20:21;238 der genannte dp mit genannten zielen 18.49 Uhr und das alles for free. 🍻🤸‍♂️🥇 ich sollte doch reichmacherabos verkaufen 🥳🤣
2025-10-17 08:02;aus gegebenen Anlaß. 🥇🥳🎯 950 ✔ Kein Aboverkäufer 🤣🤑🎁👻 aktuelle Trefferquote 91,37 % + FREE Reichmacheransagen
2025-10-17 08:05;für mitleser nachvollziehbar 🦊👻🎁 moin moin, bis später 🌞🌴
2025-10-17 12:13;kuckuck 👻 dax dp 762 🎁
2025-10-17 12:26;fro_trade nein. nur bei indizes, Rohstoffen, Devisen und manchmal bei Aktien 🦊🍀 genug um reich zu werden 🥇🤣
2025-10-17 12:30;DAXianer 2.0 nach dp oben 800 unten 702 nur noch 16 min gültig dann wird neu berechnet
2025-10-17 12:31;fro_trade gold ärgert uns ein wenig 🙄 aktueller dp 326 -somit noch longseite
2025-10-17 13:22;800 ✔🍀🤑 dp 788
2025-10-17 13:32;nogut 1. Trade for free 🌞✔
2025-10-17 14:07;gold wie 12.31 Uhr angesagt mit dp 326 short 🎯🤑💰
2025-10-17 14:08;dax hat 950 next dp now 864
2025-10-17 14:17;bonda 788 ab da sollte man long sein siehe 13.22 uhr viel erfolg
2025-10-17 15:18;new dp 891
2025-10-17 15:32;gold short läuft auch wie geschmiertes leberwurstbrot 🤑🎯🦊 dax ab 891 short sl safe gleich tvk +
2025-10-17 15:56;891dax dp switch long
2025-10-17 16:18;nogut mgl. fight aber gier enorm us grün next 24 k
2025-10-17 17:34;wenn stock3 die I.G. -Trades (+22.900%) nachhandeln würde, hätten sie wahrscheinlich genug Gewinn, um alle Leistungen kostenlos anzubieten.🎯😉
2025-10-17 17:37;nogut sry, ja genau I.K.
2025-10-17 17:48;dax dp ovn we 838 Gold short läuft immer noch 🤑 dp war start . tvk+
2025-10-17 18:43;bei gold habe ich im Z 211 u als poi fight, bester short heute 🍻🎯💰
2025-10-20 15:13;kuhbauer moin, nur halb , bin irgendwie müde 🎁😉 142 laufender dp
2025-10-20 15:15;DAXianer 2.0 bitte beachten habe hänge 6 h hinterher, nur wenn die nachbarn mal wieder zu laut sind, dann mal früher wach. 🤣
2025-10-20 15:31;oben 192 stütze poi fight dann wenn 212 next dann 238
2025-10-20 15:35;334 Gold ab da weiter N figth poi 328 dp 304 jfd
2025-10-20 16:45;dax poi fight 255 dp 238 brand new for free
2025-10-20 17:00;Scheich für daytrading oder welchen zeitfenster ?
2025-10-20 17:01;gleich geht dax oben raus über 255
2025-10-20 17:02;reminder noch 3 Eur fehlen 🍀🥇👻🦊🤸‍♂️ adidas AG
2025-10-20 18:03;dax dp ovn 267
2025-10-20 18:03;gold dp 4.351
2025-10-20 18:34;nogut gold oder dax ?
2025-10-20 18:38;kuhbauer dp umkämpft 244 fight dax 228 und 188
2025-10-20 18:39;dax bin ich flat gold short , ein wenig
2025-10-20 18:43;dp 4.351 sl safe spannend. vorsichtig dax dp bekannt dax o 288 dann 314 Unlimited Turbo-Optionsschein auf Gold
2025-10-20 19:07;nogut 18.43 Uhr eins tiefer
2025-10-20 19:14;xblue2018 du tanzt auf zu vielen hochzeiten . sry
2025-10-20 19:19;xblue2018 das lesen und schreiben in verschiedenen streams lenkt dich nur vom traden ab, es gibt nirgends eine garantie , nur knallharte regeln
2025-10-20 19:26;xblue2018 bleib doch hier. ich habe genügend free reichmachertrades geboten
2025-10-20 20:20;nogut danke, du hast es gemerkt, ich mach schluss für heute, muß noch paar shrimps einkaufen 🎁🤣
2025-10-21 13:20;nogut moin, 🙋‍♂️ was geht ? 😅 dp 268
2025-10-21 14:10;als gold dp habe ich jetzt 4.268 (darüber long) einen fight poi gibt es noch an 255 an da könnte man auch schon fuß drin haben, aber aktuell . u 228-222
2025-10-21 14:11;dax dp zuletzt bei 298
2025-10-21 14:20;ups gold ist dran - nun entscheidung
2025-10-21 14:21;da ich dax aus langeweile auch händisch trade habe ich die daten immer parat, bei gold und anderen muß ich immer erst im system nachschauen.
2025-10-21 15:33;gold dp now 222 dax uv
2025-10-21 15:53;new dp dax 279
2025-10-21 15:57;ESSEN 🙄🤷‍♀️ anschauen www.zdf.de/video/dokus/nano-doku-110/250904-nano-doku-sendung-fertigessen-falle-wido-ndk-100
2025-10-21 15:59;kuhbauer danke, das wünsche ich dir auch. 🌞🌴🍀
2025-10-21 17:03;dax dp 316 🦊🎁
2025-10-21 18:51;verisimile Congrats. 🍀🎯🤑
2025-10-21 19:41;ist ovn unverändert
2025-10-21 20:05;gold schreib ich heute nix mehr das ist ovn zu riskant 🕵️‍♀️🙈
2025-10-22 13:56;moin, schon jemand aus meinem fanclub aktiv ?
2025-10-22 14:05;dax dp 312 u 220 u 208 o 345 u 388
2025-10-22 14:06;gold dp 053
2025-10-22 15:17;dp dax 289
2025-10-22 15:17;dp gold now 4.043 long mit 053
2025-10-22 15:54;14.05 Uhr seit 312 short ziele stehen da 15.17 Uhr dp 289 somit safe sl +
2025-10-22 16:44;wer hat es gemerkt ? 💰 dax dp 312 u 220 u 208 ✅🤑
2025-10-22 16:47;erst ab 10 likes rechnet es sich für mich 👻🤑🦊 Dp 208 next 159 u
2025-10-22 17:41;16.47 Uhr 159 ✅🦊🤑 Reichmachertrade
2025-10-22 17:43;krass gestern hat adidas mein angesagtes ziel von 198 erreicht und ab da 🦊
2025-10-22 18:28;kuhbauer ovn DP 168
2025-10-22 19:08;950 🎄
2025-10-22 20:09;oh no www.bild.de/regional/bayern/erding-grosseinsatz-von-polizei-und-rettern-polizei-schie-68f90c81c008edcf0c8506d4
2025-10-22 20:20;Ich frage mich oft, was in Deutschland passieren würde, wenn es ähnliche Waffengesetze und eine ebenso freie Verfügbarkeit von Waffen wie in den USA gäbe. 🙈 Ich glaube, dass die Hemmschwelle in Deutschland oft niedriger ist – mit US-ähnlichen Waffengesetzen könnte hier sogar mehr passieren.
2025-10-23 13:31;moin. boah. ganze 5 Postings heute schon und davon 4 von nogut. 🏅🍀
2025-10-23 14:04;kuhbauer bisher sehe ich nur Einer der das tut 😉 Ich denke, man braucht ein Bezahl-Abo, um mehr Follower zu bekommen – und durch die Bezahlung wächst dann auch das Vertrauen der Abonnenten in den Anbieter. 🤼‍♂️👻🤣
2025-10-23 14:09;13.45 Uhr DP 113 aber 950 werden es bis 14.45 Uhr nicht 🍀
2025-10-23 14:12;roth 69 082 und 055 fight poi
2025-10-23 16:17;kuhbauer 055 war ja zeiluch begrenzt dann dp
2025-10-23 16:22;gold dp aktuell 145
2025-10-23 16:25;dp unverändert 113 wenn 155 dann 198 and more
2025-10-23 16:34;155 im dax muss 💎🚓
2025-10-23 16:58;192 = nicht 198 🥳🍀🦊👻
2025-10-23 17:17;n100 dp 24.958
2025-10-23 17:18;199 = 198 🥳🍀🦊👻
2025-10-23 17:46;ovn dp 192
2025-10-23 18:04;nogut das dauert noch. aber für dich auch, gute nacht
2025-10-23 19:42;kuhbauer jetzt wo benzin wieder teurer wird muß ich noch ein wenig traden. dir einen schönen abend
2025-10-23 19:44;⛽ 222 🛶 255 🏋️‍♀️ 288 bis 9.45 uhr am
2025-10-23 19:48;kuhbauer bin nicht I.K. der mit +25.000% um sich wirft und dann trotzdem aus Nächstenliebe Abos verkauft 🙈👻
2025-10-23 20:08;222 ist ein muß für more, bevor die preise weiter steigen, so muß jetzt tanken 🙄
2025-10-24 10:20;nogut gut erkannt, ABER wann angesagt und bis wann gültig fehlte 😅🙋‍♂️🍀 222 ✅ 255 ✅ 288 ✅ DP war 192 zum start
2025-10-24 10:21;Guten Morgen, liebe Trader 🤑🌞🎁
2025-10-24 10:22;294 = 288 🤣🎯 sry. + 6 P ovn , kann passieren 👻
2025-10-24 10:26;mehr dann später. 🍳
2025-10-24 13:20;🙋‍♂️ alle schon im WE ?
2025-10-24 13:36;ok. 3 Leute das passt 😍 noch 192 dp dax gold 4.053 dp
2025-10-24 14:12;gold sind wir am hier genannten dp long, bei dax hat sich dp auf 178 geändert, 1. tranche long sl safe
2025-10-24 14:18;und switch auf short 🛶
2025-10-24 14:40;und dp long . 🎁🙈👻🤑
2025-10-24 14:41;gold 1. TVK + 💰🥇
2025-10-24 14:45;14.45 uhr dp dax 232 daytrading ist harte ARBEIT ,
2025-10-24 15:16;gold 2. tvk + 🎯🍀🤑
2025-10-24 16:16;gold trade geschlossen + ansage start 13.36 uhr dp 4.053
2025-10-24 16:42;man könnte noch shorten, aber das benzingeld ist drin und das gebe ich nicht mehr her 🌞 lebenszeit freizeit ist wichtiger
2025-10-24 17:37;Nice Weekend 🏅🎁🤑
2025-10-27 13:59;4.053 Gold DP tach , in die runde
2025-10-27 14:07;dax dp 219
2025-10-27 15:21;laufender dax dp 256 die 219er longs den sl jetzt in gewinn ziehen mein1. tvk 280 fight 285
2025-10-27 15:23;gold dp switch von 053 zu 022 hier short gewinne mit sl sichern mein erster tvk 990
2025-10-27 15:29;next dax fight 302
2025-10-27 15:48;mit 82 ist gold bei mir für next 1 h erstmal unten fertig
2025-10-27 15:51;der aktuelle dax dp bei mir jetzt 268
2025-10-27 17:45;kuhbauer noch, kein neues auto kein neues boot häuser haben zu wenig bäder und viel zu wenige garagen 🍀😅👻
2025-10-27 17:46;dax fight 302 bestand letzter dp war 256 sind +50 p, gold holt auf
2025-10-27 17:47;ovn dax dp 288
2025-10-27 17:48;Aclopapse du hast vergessen, wer nicht dabei war, kann seine iban posten und ich überweise den entgangenen gewinn 🙈🤣🍀
2025-10-27 17:49;dax oben 355 bis mgl. 9.45 dienstag
2025-10-27 17:50;Aclopapse 😉👍
2025-10-27 19:34;CG79 sry, da ich gold selten händisch trade habe ich da nicht wieder nachgeschaut. gold ovn ist m.M. auch aktuell zu großes risiko. dp aktuell 009
2025-10-28 13:11;moin, 288 und fight 302 zeigten heute schon 🎯👻
2025-10-28 13:12;277 dax dp aktuell 302 fight or down next 322 next 355
2025-10-28 13:55;sun-set gold aktuell 3.905 dp somit etwas long 🎁😉
2025-10-28 14:23;Gold mal wieder der Überflieger . bloß nicht gierig werden + tvk sind wichtig 😅Dax passt auch ganz gut 🎯🏅🤑 aber 322 wichtig
2025-10-28 15:28;Gold seit Ansage 🤑🌋
2025-10-28 16:32;gold 931 dp spätestens da sollte man den letzten long gewinn realisiert haben von 905 , dann sollzte man sich über die gewinne freuen und nicht aus gier short versuchen 🦊🎁
2025-10-28 16:33;wie schon mehrmals heute geschrieben dax muß 322, dp now 301
2025-10-29 11:19;MOIN MOIN, www.youtube.com/watch?v=6D1nK7q2i8I
2025-10-29 13:09;im dax dp 261
2025-10-29 13:30;261 akt dp dax
2025-10-29 13:31;stream hängt 322 muss dann 348 302 fight
2025-10-29 14:34;nogut das kommt vor 🦊🌞
2025-10-29 15:25;aktuell laufen vorbereitungen zu n100 short. da ist was in der pipeline.
2025-10-29 15:35;nogut zeitfenster diese woche. noch kein 91er signal.
2025-10-29 15:45;dax dp 192
2025-10-29 15:46;muß an 100 stoppen dax
2025-10-29 15:47;DAXianer 2.0 die gewinnwahrscheinlichkeit, die trefferquote
2025-10-29 15:56;dax 100 fight 🦊👻🛶
2025-10-29 16:22;kuhbauer reichmacheransage 🦊👻🤣🎁 for free dp 132
2025-10-29 16:23;29. Okt.19:00 Uhr !US: Fed-Zinsentscheid 29. Okt.19:30 Uhr !US: Fed-Pressekonferenz
2025-10-29 19:20;kuhbauer viel erfolg 🍀
2025-10-29 19:33;CG79 089
2025-10-30 11:35;kuhbauer fällt mind. zu 958
2025-10-30 14:49;kuhbauer dp 112
2025-10-30 14:50;oben 172 fight p unten 042
2025-10-30 15:00;um oben raus zu kommen habe ich 133 noch im Z 133 muß stützen
2025-10-30 16:03;Superfast nein. in der regel ansagen nur 1 h gültig , wichtig ist immer der DP , der kann die ziele außer kraft setzen
2025-10-30 17:29;kuhbauer oft auch uhrzeit beachten, um den kassaschluss
2025-10-30 17:54;ovn dax dp 121
2025-10-30 19:43;n100 dp 912 aktuell
2025-10-31 13:10;www.youtube.com/watch?v=01v9wALJ19w&list=RD01v9wALJ19w&start_radio=1
2025-10-31 13:35;moin, dax dp 023 dann 011 und 958 oben 088 and more
2025-10-31 15:33;dax dp 982 🍻
2025-10-31 15:46;15.45 Uhr Dax DP brand new for free 🎁 952 Fight POI 982
2025-10-31 17:12;klare Ansage 🦊
2025-10-31 17:46;best regards dp ovn 955 o 24.032 u 23.905 www.youtube.com/watch?v=qNM6IuA87eM&list=RDqNM6IuA87eM&start_radio=1
2025-10-31 17:50;n100 🍀 871 jfd
2025-10-31 18:10;🍀Enjoy your weekend! 🎁 all
2025-11-03 11:52;moin, www.youtube.com/watch?v=njRBVsVBL6A taktisch Monatserster 🏅
2025-11-03 15:22;kuhbauer laifender dp von 14.45 Uhr = 141 o 182,232
2025-11-03 20:05;roth 69 🙄
2025-11-03 20:05;verisimile nein, Immer Bereit 🍀
2025-11-03 20:06;nogut  gerne, dp ovn 128 o 232 u 102
2025-11-04 10:25;biddylein wurde ein ziel erreicht mache ich tvk und alles weitere las ich laufen mit sl anpassung
2025-11-04 10:36;Guten Morgen all noch DP 752
2025-11-04 10:43;biddylein im free aboservice 😉wenn ich zeit und lust dazu habe, 🎁 in der regel next 10.45 uhr.
2025-11-04 10:50;new DP 719
2025-11-04 11:11;wenn unten 655 dann 608 oder über dp long
2025-11-04 11:24;dax 700 long scalp sl 665 erst
2025-11-04 11:27;next long posi am dp 719 geladen
2025-11-04 11:29;aber wie man sieht 719 nicht ohne grund vom Z ausgewählt 🦊👻🛶
2025-11-04 12:00;775 is poi fight 25% tvk gewinnmitnahme nun weiter 802-835 mgl.
2025-11-04 12:15;802 als poi fight gekennzeichnet. + tvk gewinn realisiert
2025-11-04 12:18;nogut gutes timing zur gewinnmitnahme. aber rest posi bleibt mit sl
2025-11-04 13:12;aktueller dp 809
2025-11-04 13:55;wenn 835 (bereits gennant) 855 und more
2025-11-04 14:17;Ende Juli hatte ich Adidas bei 169 € mit einem kurzfristigen Ziel von 198 € auf dem Radar. Das Ziel wurde erreicht – seither konsolidiert die Aktie deutlich. Wer den Trade verfolgt hat, konnte schöne Gewinne realisieren. Aktuell ist Abwarten angesagt, bis sich ein neuer Aufwärtstrend abzeichnet.
2025-11-04 14:18;nogut beides ✅
2025-11-04 15:48;dp 846
2025-11-04 15:49;falls wir heute noch die 950 holen, mache ich morgen frei 🤣🍻
2025-11-04 15:53;im z 935
2025-11-04 16:16;mit der 950 im blick nur long
2025-11-04 16:18;heute noch die 24 k dann mach ich auch übermorgen frei 👻🦊🎁🤣
2025-11-04 16:28;🦊🍀🍻🌞💰🤑 950 🥳
2025-11-04 16:57;in USA undenkbar. www.bild.de/politik/inland/migration-afghanen-sollen-geld-fuer-nicht-einreise-bekommen-6909f5ceef57a9036f0ac07a
2025-11-04 17:02;Aclopapse Rückkehr und Nichteinreise macht hier den Unterschied 😉
2025-11-04 17:52;dax dp ovn 916 laufender gold dp 3.956
2025-11-04 19:29;im gold simmer am genannten dp short, sl + safe 🎯🎁
2025-11-05 10:43;rockinbull nix umgezogen nur 6 h hinter her, ist aber allgemein bekannt 🌞
2025-11-05 10:55;CG79 der Zeiger immer bereit, nur ich noch nicht 👻
2025-11-05 11:53;Auf vielfachen Wunsch und nach den vielen tausend Nachrichten 😉 hier nun der erste DP 768 (11.45 Uhr) Dax für heute – wie immer for free … und natürlich zum Reichwerden 😎 Viel Erfolg beim Traden – und denkt dran: Gewinne mitnehmen schadet nie! 📈
2025-11-05 12:08;735-738 ist poi stütze fight sonst 708
2025-11-05 12:45;dp brand new for free 788
2025-11-05 13:38;855 poi fight
2025-11-05 15:01;halloo, noch jemand hier ?
2025-11-05 15:24;"nogut du schreibst genug, dein Einsatz ist ""Spitze"" www.youtube.com/watch?v=pmlmqyI9HEo"
2025-11-05 15:26;dp dax 878
2025-11-05 15:30;xblue2018 du weißt ich lese oft quer ,😉 warum mußt du Positionen OVN halten ?
2025-11-05 15:33;Chromium2 da ich seit genannten DP 768 long bin, sehe ich das ganz entspannt 👻😉
2025-11-05 15:41;xblue2018 nee egal ist es nicht ! der erste schritt nix ovn zu halten. du verpasst nichts. kann ich nur empfehlen
2025-11-05 15:50;nogut ich nicht. wir karten die 24
2025-11-05 15:52;seit 15.45 uhr dap dax 921
2025-11-05 15:55;nogut umsatz, dynamik, und wurde heute bisher im Z nicht berücksichtigt, anstieg zu schnell, überrannt
2025-11-05 15:58;nogut machst du keine TVK. da bekommt man zwar nicht mit allen die volle punktzahl , aber macht oft gewinn und oft mit dem rest alles 😉💰
2025-11-05 16:00;karten = kratzen 24 k gemeint 😅
2025-11-05 16:06;man ist die gier heute wieder stark 🥇🦊🥳 mal an 038 weiter gucken
2025-11-05 17:07;038 ist auch der 16.45er DP
2025-11-05 17:31;Knipser  hi, nee. Düsseldorf mag ich nicht.
2025-11-05 17:51;dp ovn 046 dax
2025-11-05 20:05;gold dp aktuell jfd 3.981
2025-11-06 11:46;brand new for free Dax dp 055 jfd
2025-11-06 11:52;nogut oh sorry, L&S natürlich DAX
2025-11-06 12:12;gold jfd dp 4.005
2025-11-06 13:24;dax short nun gut im + dp now 009
2025-11-06 13:58;13.45 uhr 991 dp dax 🍀👻
2025-11-06 14:33;u 950 u 912
2025-11-06 15:01;14.45 uhr dp 988
2025-11-06 15:26;an 950 kann es nun zu 🤼‍♀️🚥
2025-11-06 15:45;brand new for free 15.45 dax dp 908
2025-11-06 15:48;"wer heute nicht reich geworden ist 🤑 der wird es morgen 🤣 ""Das ist ein Schild"""
2025-11-06 15:53;man schaue auf die tagestuefs an den letzten zwei tagen. wird es ein triple ?
2025-11-06 17:21;dax triple ⛽🏋️‍♀️🥳🦊
2025-11-06 17:21;kuhbauer dp gold 988
2025-11-06 17:35;biddylein was denn ?
2025-11-06 17:35;im dax achten wir auf 688
2025-11-06 18:12;dp dax ovn 704 poi 688
2025-11-06 20:21;ich geh zum Training : www.youtube.com/watch?v=qetW6R9Jxs4 reich wird man auch morgen 🤣
2025-11-07 15:20;nogut IMMER BEREIT 😅💰 gibt viel zu Traden heute und das WE steht vor der Tür , da braucht mann fett Kohle 🤣🦊
2025-11-07 15:23;kuhbauer du mußt nur dreimal rufen ,dann bin ich da 😍
2025-11-07 15:24;laufender dp 482 die 3 sehen wir heute nicht
2025-11-07 15:28;nogut congrats, denk dran pro trade max. 500 k 😉🍀
2025-11-07 15:29;alex.s kerzen gibt es bei mir zu weihnachten ,🎄 am dp 15-20 sl je nach typ und Mm
2025-11-07 15:53;alex.s nicht bei mir 💰
2025-11-07 15:55;alex.s dp 482 long , 1. tvk +50 P
2025-11-07 15:56;15.45 uhr für free dp 518 alex.s nun sl zu 518
2025-11-07 15:59;alex.s tankfüllung 8 k am we, da muß am freitag was rein kommen 😉⛽🤑
2025-11-07 16:05;gold aktuell dp 988 🍳
2025-11-07 16:09;dax kasse an 518 und sofort wieder long an 518 mit sl -15 , sl wenn mgl sofort in gewinn z or kk
2025-11-07 16:10;555 fight poi 🌞🚒
2025-11-07 16:22;biddylein ich möchte das ihr fett kohle macht 🤑🦊🍀
2025-11-07 17:19;kuhbauer mal schauen was im dax nach kassa schluss noch geht
2025-11-07 17:47;kuhbauer ok, danke dir auch.
2025-11-07 17:48;ovn daX DP 538
2025-11-10 13:53;dp 971
2025-11-10 13:56;gold dp 088
2025-11-10 14:08;Hallo, liebe Traderkollegen, ich wünsche euch grüne Trades und Erfolg. 🍀🦊
2025-11-10 14:23;sry, auch innen 🌼🍀
2025-11-10 14:26;gold oben 107 🎁
2025-11-10 14:45;jetzt dp 981
2025-11-10 14:56;dp gold 101
2025-11-10 15:37;von 24 k zu 958 short versuch, sl schnell anpassen
2025-11-10 15:40;979 mega poi fight
2025-11-10 15:48;new dax dp 24.007
2025-11-10 15:51;na bitte mit ansage. 🤑🌞 +1. TVK 958 Gewinnmitnahme
2025-11-10 15:53;next TVK gewinnmitnahme 948 🍀🎁🤑 ab jetzt jeder wie er mag 🦊
2025-11-10 15:54;das war Live Trading mit Monetenfred. schnelles Geld für Jedermann 🤑🎁💰👻
2025-11-10 16:03;955 938 wichtige poi
2025-11-10 16:21;na kassa über 24 k und dann 👻⛽
2025-11-10 16:42;007 oben angetäuscht 🍳😉🦊 und das magnet 950 zieht schon wieder
2025-11-10 16:42;DER 🎁🤣
2025-11-10 18:03;dp dax ovn 992
2025-11-10 19:10;048 072
2025-11-10 19:15;verisimile danke dir. bis zum abend ist noch zeit habe jetzt lunchtime.
2025-11-10 19:17;Jeder Widerstand der überbrückt wird führt zum nächsten Ziel, sonst wäre es ein Top für danach folgende Abwärtsstrecken.
2025-11-10 19:26;nogut FÜR dich. IMMER gern. 🍀
2025-11-10 19:44;Zaster oh jee. aber wer braucht schon einen mast und segel 🙈
2025-11-10 19:47;Zaster mein Favorit : www.youtube.com/watch?v=kP8m9Gdcgss
2025-11-10 20:09;gold dp 102 weiter silber dp 50,12 n100 dp 565 dow dp 301
2025-11-10 20:17;Apple verschiebt laut The Information die Veröffentlichung des nächsten iPhone Air aufgrund schwacher Verkaufszahlen. Die Markteinführung des neuen Modells wird auf einen späteren Zeitpunkt verlegt.
2025-11-10 20:17;Die Vorsitzende des Tesla-Verwaltungsrats Robyn Denholm dankt den Aktionären für die Genehmigung des 878 Milliarden Dollar schweren Vergütungspakets für CEO Elon Musk, das mit über 75 Prozent Zustimmung angenommen wird. Die Vergütung ist so strukturiert, dass Musk nur von Werten profitiert, die nach dem Genehmigungsdatum geschaffen werden, und belohnt damit zukünftiges Wachstum.
2025-11-11 12:32;moin, nun aber schnell die 950 🎁🍀🤑
2025-11-11 12:35;Zahlen am 19. Nov SoftBank verkauft seine gesamte Nvidia-Beteiligung für etwa 5,83 Milliarden Dollar. Das Unternehmen bezeichnet den Verkauf als routinemäßige Portfolio-Rotation zur Finanzierung von über 30 Milliarden Dollar an neuen Investitionen.
2025-11-11 13:18;950 gerufen 🏋️‍♀️🌼🎁🤑🍀 DP 967
2025-11-11 13:19;938 👻👻👻🤷‍♀️
2025-11-11 13:49;nogut 938 verfehlt sollte bis 13.45 uhr nach 950 noch kommen.
2025-11-11 13:57;echt an 867 wieder long. 🕵️‍♀️🎁🤑 muß 007 poi
2025-11-11 13:57;neun 9
2025-11-11 13:58;sry, gold 141 dp
2025-11-11 15:45;15.45 uhr DP dax 022 🌊 poi 055
2025-11-11 15:48;CG79 gold wie genannt 141 der short ist die rakete
2025-11-11 15:56;kuhbauer 122 und 121 sind poi habe bereits tVK gewinne mitgenommen, kann schnell nach oben drehen, jetzt nicht mehr einsteigen erst wiedewr an 121
2025-11-11 16:20;kuhbauer hast gesehen 121 wie angekündigt kampf fight und nun down 🦊🤑🍀🎯
2025-11-11 16:26;kuhbauer dax long läuft auch 🌞
2025-11-11 16:31;kuhbauer bei gold short jetzt 104 und 100 fight
2025-11-11 16:43;im Z now nur 100 bin fast raus
2025-11-11 16:45;kuhbauer sehr gut 🎁 habe nur noch ein kl. posi alles andere fett im + raus
2025-11-11 16:53;kuhbauer gute einstellung ! 🍀🦊 alles gute
2025-11-11 17:59;die 110 noch mitgenommen und kasse gemacht dp dax ovn 24.081
2025-11-11 20:19;CG79 das ist doch prima, es freut mich wenn ein leute gewinne machen und ich helfen kann. 🎯🎁🤑🍀
2025-11-12 11:52;moin moin, Im Zweifel IMMER Long. 👻🍀
2025-11-12 11:53;dax dp 352
2025-11-12 12:04;wenn 385 hält 414 und 442 aber nur über dp
2025-11-12 13:42;412 ✅ angesagt 414 feintuning läuft 🏅
2025-11-12 13:44;kuhbauer gold bisher heute nicht interessant, dp 4.128
2025-11-12 13:45;dax tp 442 fehlt noch 438 dp now 387
2025-11-12 13:57;shortbeobachtung gold und silber, beobachtung um wenn signal ...
2025-11-12 14:02;kk silber 51,70 short keine empfehlung
2025-11-12 14:12;gold nun auch drin am dp wie mitgeteilt
2025-11-12 14:15;sl eng und nachziehen mgl. gleich in gewinn und dp beachten bei silber 74 jfd
2025-11-12 15:07;dann doch der dax besser und 🍀🤑
2025-11-12 15:24;Knipser du liest und schreibst bei der Sternefrau 🕵️‍♀️😉
2025-11-12 15:49;kuhbauer aber long ?
2025-11-12 15:50;Knipser alles easy, war nur eine feststellung 😉
2025-11-12 16:14;cool. von 387 waren es paar punkte +
2025-11-12 16:15;bonda neu ist das tp 442 erreicht wurde
2025-11-12 16:19;bonda im ersten alsauf, dann konnte man nochmal rein kommen
2025-11-12 16:30;a.freiberger nein TP ist 442 gewesen. Take Profit, Dp 387
2025-11-12 17:48;dax dp ovn 407
2025-11-13 12:07;moin, 11.45 uhr dax dp 278
2025-11-13 12:34;bonda einfach zu beantworten, genannter dp = darunter short
2025-11-13 12:36;logische Anstiegspause 😉🥳
2025-11-13 12:49;12.45 uhr DP 237
2025-11-13 12:52;unten habe ich im Z, seit 11.45 uhr 188 ,(195) könnte aber erledigt sein, sl immer bereit
2025-11-13 14:13;bonda für mein trading sl zu weit weg, dazu 195 sl knapp an 100er marke, wird oft gefischt
2025-11-13 14:14;Knipser habe an 255 fight poi
2025-11-13 14:45;u offen bis 178 (erstmal) dp 221
2025-11-13 15:09;1.tvk gewinnmitnahme 200 safe
2025-11-13 15:33;switch 221 long
2025-11-13 15:40;voll krass 🙈 nun wieder short
2025-11-13 15:45;178 🎯🤑
2025-11-13 16:44;alex.s mag sein, aber ich gönne es jedem anderen auch 🍀
2025-11-13 16:45;bonda ich mache mir über termine und rallys wenig gedanken, das interesssiert mich als daytrader nicht. über solche dinge schreiben und reden aboverküfer damit sie was zum verkaufen haben.
2025-11-13 16:55;055 fight poi
2025-11-13 17:43;bisher krasse tagesrange 👻
2025-11-13 18:03;bonda die gehört uns Allen 😅👻
2025-11-13 19:26;Getränke sind kalt gestellt 🤣🥳
2025-11-13 20:27;Bären-Helga. short 😉
2025-11-13 20:27;CG79 wie wochentags, den tages letzten 17.45 . der ist aber now nix mehr wert. 042
2025-11-14 09:47;Bären-Helga. gestern 20:27 Uhr 🕵️‍♀️ moin moin.
2025-11-14 10:16;a.freiberger sry, bin noch am schlafen. melde mich später wieder.
2025-11-14 13:07;im halbschlaf rief der Z 585, aber nun ?
2025-11-14 13:18;a.freiberger wenn Daten brauchst , kannst immer gern schreiben, Düsseldorf dient hin und wieder als Flughafen und dann bloß dort schnell weg 🤣😉
2025-11-14 13:35;noch dp 657
2025-11-14 14:20;im z immer noch 585 offen
2025-11-14 15:15;nogut ja. uv
2025-11-14 16:32;genau 855
2025-11-14 16:38;bonda 606
2025-11-14 16:55;dp 816 von 16.45
2025-11-14 16:56;bonda  habe nichtrs anderes geschrieben. 606 bezig sich auf dein genanntenes 585
2025-11-14 17:18;Knipser so könnte es kommen. danke. auch dir ein schönes we
2025-11-14 17:44;we dp 841 dax bis montag 9.45 uhr schönes we allen 🍀🎁
2025-11-14 17:51;DAXianer 2.0 888 poi 922 955 poi 022
2025-11-17 08:14;ERSTER 🦊 moin moin, back in germany. 🍀🏋️‍♀️🙄
2025-11-17 08:20;kuhbauer habe diese woche zahlreiche termine in germany. spannend
2025-11-17 08:38;dp bis 9.45 uhr 862
2025-11-17 11:35;laufender dp 831 gleich new
2025-11-17 11:41;nogut hatte vorher keine zeit, deshalb laufender dp ✔ gleich new = also gleich kommt neuer. das wäre dann 11.45 Uhr.
2025-11-17 11:45;dp brand new 791
2025-11-17 11:53;755 poi fight darüber werde ich kl. posi long versuchen . darunter sonst 722 und 703
2025-11-17 12:27;bonda am dp wird dann aufgestockt und sl bei 1. posi in gewinn gezogen . 125 k
2025-11-17 12:31;dax schwach schafft scheinbar noch nicht mal dp . geduld
2025-11-17 12:56;dp now 757
2025-11-17 13:16;nogut ja die waren noch offen
2025-11-17 15:34;ich hab unten 655 gelongt
2025-11-17 15:35;688 next poi
2025-11-17 15:39;688 zukauf long next 702 poi
2025-11-17 15:41;1. gewinnmitnahme tvk von 655 an 703
2025-11-17 15:49;15.45 uhr dp dax 673
2025-11-17 16:38;592 bis 16.45 drin
2025-11-17 16:52;1,5 p verfehlt, wie soll man da traden 🎁🤣 und 7 min
2025-11-17 17:00;der dp von 16.45 uhr 602
2025-11-17 17:01;ich sehe 555 dann more
2025-11-17 17:11;dp n100 915 erster kl. long
2025-11-17 17:46;Bären-Helga. ✔🍀
2025-11-17 19:19;588 ovn dp dax n100 915
2025-11-17 20:30;das gleich beginnende Fussballspiel ist der Auslöser 🤣🦊
2025-11-18 08:52;Moin Moin, das 6:0 wird ab 9 Uhr den Markt beflügeln 🙈😉
2025-11-18 09:47;bonda sicher sicher, aber das dauert noch paar stunden 🤣🦊
2025-11-18 09:51;naheliegender ist die 22.950 🕵️‍♀️🤣 im verhältnis zu 23.950
2025-11-18 09:55;ursprünglich wollte ich darauf wetten das nvda den markt nach unten zieht, aber oft kommt es anders ...🌞🦊😉
2025-11-18 11:02;dp 288
2025-11-18 11:17;bisher kein neues T tief laut z bis 11.45 uhr
2025-11-18 11:51;subxero dp 292 , dax kann sich nicht entscheiden, seitwärts, ob man da jetzt handeln muß 🤷‍♀️
2025-11-18 13:07;255 und 222 habe ich den poi fight dp now 292
2025-11-18 13:14;223,5 😉🦊
2025-11-18 13:16;Knipser 1,5 P 🎁
2025-11-18 13:16;habnurwenig bezog sich auf 61er von knipser
2025-11-18 13:58;13.45 dp 202
2025-11-18 14:00;nogut jetzt wieder, ik sicher neuer rekord da bleibt die seite immer stehen 🤣🤣🤣
2025-11-18 15:00;23.211 dp
2025-11-18 15:23;unter poi 192 ist more mgl.
2025-11-18 16:46;dp 129 dax
2025-11-18 16:50;bonda krass ,dein Limit 1.35 ? X-Turbo Bull Open End auf DAX
2025-11-18 16:53;bonda erstmal muß die 23 kommen 👻 ich sehe sie noch nicht
2025-11-18 17:40;16.46 Uhr lesenswert 1.TVK 200 sind + 70 P 🥇🤑
2025-11-18 18:45;16.46 Uhr lesenswert 2.TVK 230 sind + 100 P 🥇🤑
2025-11-18 18:46;ovn dp 188
2025-11-19 14:55;subxero hello, ja klar. IMMER BEREIT. wenn man dreimal meinen Namen schreibt oder ruft gehts los 🤣
2025-11-19 15:04;nogut 😍🎁
2025-11-19 15:05;dp dax 252 oben ab 302 more
2025-11-19 15:43;subxero fight 302 vermute gleich dp 302
2025-11-19 15:45;Profitipper jfd 624
2025-11-19 15:50;dax dp 292 302-352-388
2025-11-19 16:02;poi 355 🤸‍♂️
2025-11-19 16:47;brand new 302 dp unten ab 255 poi more
2025-11-19 17:00;nogut 187 cm 😅
2025-11-19 17:23;poi 222 🤼‍♂️
2025-11-19 18:10;dax ovn 202 laufend n100 588
2025-11-19 18:51;kuhbauer oh jee, das tut mir leid für euch. alles gute weiterhin. melde dich 🍀
2025-11-20 07:48;ERSTER moin moin. 🎁🍀🎯
2025-11-20 08:37;Profitipper bin aktuellen im schönsten deutschland aller zeiten und hier steht man früh auf und geht seiner arbeit anch 😅😉 bin aber gleich unterwegs . immobilienärger 🙈
2025-11-20 14:52;Strandläufer von 14.45 uhr dax dp 422 o 455 poi dann 488 und 512
2025-11-20 14:53;Strandläufer dreimal gerufen und schon bin ich da 🤣✔💰
2025-11-20 16:01;455 ✅🤑 488 ✅🤑 512 ..... 14.52 Uhr for free
2025-11-20 16:09;dax dp von 15.45 uhr 424
2025-11-20 16:45;455 ✅🤑 488 ✅🤑 512 ..... 510 🎁 14.52 Uhr for free DP 16.44 Uhr 462
2025-11-20 17:28;Chromium2 ✅💰🍀🥇
2025-11-20 17:33;Chromium2 ich gönne es dir 🎁🤑 hier kann jeder wohlhabend werden. 👻😉
2025-11-20 17:40;Chromium2 ja stimmt, gier ist kein guter berater und ein feind 🙈 man muß nicht immer handeln
2025-11-20 17:40;poi im z 255 oh no
2025-11-20 17:41;hoffe mal einige konnten 16.45 uhr den dp 462 lesen
2025-11-20 17:48;bonda 16.45 Uhr lesen 2 P verfehlt 🌞 dann an 462 short
2025-11-20 17:51;n100 jfd dp 24.714 now dax ovn dp von 17.45 uhr 288 poi 255
2025-11-20 20:20;nee nee, für 950 war es zu früh, die next 23.950 kommt, 🦊🤷‍♀️🕵️‍♀️🎁
2025-11-21 07:58;ERSTER 🥳 moin moin, grüne Trades für Alle. 🍀🤑
2025-11-21 09:01;wer nicht will, der hat 950 😉👻
2025-11-21 09:20;tvk +75 und sl safe
2025-11-21 09:25;next tvk + 105 P sl + 50 P
2025-11-21 09:27;MarcusAntonius so sehe ich das auch 👍 für mich unwichtig , das diagramm
2025-11-21 09:28;next TVG + 150 P sl safe +100 P schon so früh kann man reich wreden 🤣🦊👻 ihr kennt das rufzeichen 🤑🍀
2025-11-21 09:46;echt keiner an der 950 mit long gegangen ? 💪🥇
2025-11-21 10:04;leute die 950 ist doch als magic point bekannt 🎯🎁 schon so oft
2025-11-21 10:05;Aclopapse ist wie beim fußball wenn der scholl einen freistoss schießt, abraller immer
2025-11-21 10:06;Aclopapse nach dem verfall steigt es weiter N
2025-11-21 10:06;habnurwenig einfach fragen, ich antworte gern
2025-11-21 10:09;MarcusAntonius erst ab 10.45 wieder
2025-11-21 10:45;auf Wunsch eines Lesers 😉10.45 uhr DP 23.078
2025-11-21 10:57;habe im z die 055 als fight poi 🎲
2025-11-21 11:02;habnurwenig am poi kommt es oft innerhalb der strecke zum fight, einfach gesagt kleiner dp , je nach situation gehe ich da schon rein oder stocke posi auf
2025-11-21 11:10;EirikPusch der Zeiger , so waren wir das system welches die Signale gibt , genannt ,
2025-11-21 11:10;habnurwenig warten wir mal 14 uhr ab
2025-11-21 11:43;Franze unterschiedlich, manchmal auch garnicht
2025-11-21 11:45;dp brand new 022
2025-11-21 11:58;nach der ansage kamm man mit 027-029 in den long rein, jetzt kaum 10 min später bei 082
2025-11-21 12:08;wenn ein aboverkäufer diese einstiege posten würde ,dann würden wahrscheinlich tausende hinter her springen, aber schreibt das einer for free ohne eine gegenleistung zu verlangen ist das vertrauen bei minus 1. 🤣😉 + 120 P Gewinn erster TVK 🎁🤑
2025-11-21 13:14;nee seit 12.45 uhr 23.111
2025-11-21 13:24;ui ui dieses bitcoinzeugs schmiert aber auch seit tagen ab 🙈
2025-11-21 13:36;111 long mit sl 20 P falls mgl. schnell nachziehen, manchmal braucht man mehr versuche, bin bei 055-059 auch schon rein
2025-11-21 13:37;zu dieser uhrzeit am speziellen tag, kann man fast nur scalpen
2025-11-21 13:38;habnurwenig  gleich ist es 14 Uhr wie genannt 🦊
2025-11-21 13:38;nogut gib mir noch 7 min, bisher 155
2025-11-21 13:46;ab 155 - 188- 202 and more dp 141
2025-11-21 13:54;Jeder Widerstand der überbrückt wird führt zum nächsten Ziel, sonst wäre es ein Top für danach folgende Abwärtsstrecke. 🎁👻🦊
2025-11-21 13:55;habnurwenig wo steckst du ? es ist gleich 14 Uhr 🎁🎯🦊
2025-11-21 14:31;188 🎁✅🤑 202 🎁✅🤑
2025-11-21 14:40;10👍.06 Uhr hier nachlesen 🍀 nach dem verfall steigt es weiter N
2025-11-21 14:46;202 ok kann jetzt 252 dp brand new 192
2025-11-21 14:46;233 poi fight
2025-11-21 14:56;das war dann wohl heute der start zur jahresendrally 950 🎁🦊👻 252 ✅🍀
2025-11-21 15:22;ich bin an 252 flat und habe mich dort von MS und SG auszahlen lassen. dp noch aktiv im long
2025-11-21 15:59;dp von 192 zu 194 now ich mache händisch heute nix mehr .
2025-11-21 16:04;n100 dp jfd 24.009
2025-11-21 17:44;n100 🤑🎯🦊 16:04 Uhr
2025-11-21 17:47;DP dax ovn we 109 o 255 + 288 bis montag 9.45 Uhr schönes we Allen. Bin am WE in Potsdam.
2025-11-21 20:00;nogut krass alle ziele abgeholt. da kann ich in Potsdam eine Bulette mehr essen 😉🤣
2025-11-21 20:03;Reibekuchen für Alle 🤣🎁
2025-11-21 20:04;nogut mit den sl das ist immer so eine sache, deshalb bei mir tranchen
2025-11-21 20:47;nogut ja , mit abständen zueinander
2025-11-21 20:49;nogut muß jeder nach seinem MM machen
2025-11-21 21:00;bin weg. Feierabend 🍀🦊
2025-11-24 13:05;nogut moin, dax trading room, das klingt extrem proffesionell . was kostet der zugang ?
2025-11-24 13:10;nogut cool 🎁👻🤣
2025-11-24 13:10;nogut www.idealo.de/preisvergleich/OffersOfProduct/203835098_-finish-ultimate-plus-all-in-1-citrus-105-stueck-calgonit.html?utm_campaign=SEM-DE-WEB-CVR-SHOPPING-22718333665&utm_medium=cpc&utm_source=google dann muß der code auf verpackung stehen 🤣
2025-11-24 13:11;12.45 uhr DP 202
2025-11-24 13:21;Anleitung : 🤣👻 www.youtube.com/shorts/sEV2kDoM_Hs
2025-11-24 13:49;dp unverändert
2025-11-24 14:03;o 302 wenn 255 poi u 155 und 102 tendenz long weil über dp - easy
2025-11-24 14:51;hat am poi schlapp gemacht, dp now 255
2025-11-24 14:58;202 poi, 155, 102
2025-11-24 15:46;dp new 227
2025-11-24 16:28;ab 307 könnte geht mehr 💰👻
2025-11-24 16:55;dp now 267
2025-11-24 18:12;14.58 uhr noch aktiv
2025-11-24 19:07;N100 macht Alle reich. 🙋‍♂️🍀
2025-11-24 19:19;788 dp jfd
2025-11-25 08:59;ERSTER 🙋‍♂️🤣🎁🦊 moin moin
2025-11-25 09:20;Profitipper bist du es Micha ? 🤣🙋‍♂️ www.youtube.com/watch?v=kydMEQnr1xE
2025-11-25 09:27;Profitipper sry, dann kennen wir uns 😉 wie geht es Laura ? 🤩
2025-11-25 09:58;mein orakle schrieb eben die jahresendrally beinnt am 20. dez
2025-11-25 10:03;a.freiberger der ovn bis 9.45 uhr dann + 1h dann wieder 10.45 uhr börsentäglich, muß aber jetzt eh außer haus , sry, bis später
2025-11-25 12:16;nogut er hält stock3 am laufen, mit den gewinnen könnten sie alles for free anbieten, ohne abogebühren 🙄💪🤩
2025-11-25 12:17;dp 231
2025-11-25 12:18;nogut er braucht doch daten um zu rechnen, wollen 91 % trefferquote nicht riskieren und irgendwann auch mal 30.000 % machen 🤣🎯
2025-11-25 12:20;u 155 o 255, 288 und 312
2025-11-25 12:50;now dp 238
2025-11-25 12:52;ich erwarte sofortige staatliche Hilfe !!! www.bild.de/geld/wirtschaft/wieder-millionenverluste-five-guys-droht-das-aus-in-deutschland-69257b75913af3ed1363eab3
2025-11-25 13:43;🥳🕵️‍♀️💰🤑✔
2025-11-25 13:45;UKRAINE AGREES TO TERMS OF PEACE DEAL: US OFFICIAL TO ABC NEWS
2025-11-25 13:53;Aclopapse du meinst 24.586 😉
2025-11-25 14:17;sl meine longs 351
2025-11-25 14:33;388 sl bin kurz zur immoschau 🤩🙄
2025-11-25 17:30;noch dp 402
2025-11-25 17:33;hier auf den billigen plätzen wird geld verdient, da kann ein 30.000 % er nur von träumen 🤣🤩
2025-11-25 17:50;o 502 and 532 and 588 dp 461 bis morgen 9.45 u 288
2025-11-25 19:28;o 502 🤑 and 532 🤑and 588 dp 461 bis morgen 9.45 u 288
2025-11-26 09:09;Aclopapse Guten Morgen, so fängt der Tag gut an 🤣🎯
2025-11-26 09:25;dkatle Moin, ich möchte noch einmal etwas klarstellen: Ich teile hier kostenlos meine Trading-Daten und investiere dafür meine eigene Lebenszeit – und das in einem Stream, der nicht einmal mir gehört. Ich kann und werde nicht rund um die Uhr online sein. Deshalb ist es für mich unmöglich, ständig Ein- und Ausstiege in Echtzeit zu posten. Du schreibst, die 388 sei ausgestoppt worden – das stimmt, aber mit satten +150 Punkten Gewinn! Ich persönlich warte nach solchen Bewegungen ab, analysiere die Lage und steige dann bei 388 wieder long ein oder oberhalb des DP. Dass ein neuer DP weit entfernt gepostet wurde, ist logisch: Du hast die starken Ausschläge gestern selbst gesehen. Wenn der DAX innerhalb von Minuten mehrere hundert Punkte macht, dann liegt der DP ein paar Stunden später eben nicht mehr da, wo er vorher war – das erklärt sich von selbst. Bitte beziehe bei deiner Beobachtung meiner Angaben auch immer die Uhrzeit mit ein. Dynamische Märkte verändern Werte schnell und krass. Ich stelle meine Daten aus Nächstenliebe zur Verfügung – aber ich kann keine 24/7-Betreuung leisten. Ich mache das freiwillig, nach Lust und Laune.
2025-11-26 10:54;10.45 Uhr Dax DP 512
2025-11-26 10:55;dp n100 jfd 25.028
2025-11-26 11:47;gestern 17.50 Uhr hier nachzulesen o 502 🤑 and 532 🤑and 588 dp 461 bis morgen 9.45 Fazit von heute : alle ziele abgeholt 🎯👻
2025-11-26 12:13;fazit : 512 10.54 uhr hier angesagt, 12.10 Uhr + 55 P Gewinn selbst handeln 😉
2025-11-26 12:48;dp unverändert für mehr o braucht man 588 dann more
2025-11-26 13:09;dp wie informiert u.v. 512 nun short , sl schon safe und buch +30 P
2025-11-26 13:17;dax 460 wir nehmen erste gewinne im tvk mit + 50 P rest sl im gewinn nachziehen
2025-11-26 13:19;wenn man nicht klar kommt, dann macht man halt mal pause, man muß nicht immer handeln, man muß nicht überall dabei sein und jeden punkt hinterher hecheln.
2025-11-26 13:49;Waldtruderinger nur wenn Bayern heute gewinnt 🤣🎯
2025-11-26 13:49;dp von 13.45 uhr 502
2025-11-26 14:12;als poi habe ich 555 und 588, den sl habe ich schon bei einer posi im + und den rest kk +2
2025-11-26 14:46;dp von 14.45 568
2025-11-26 14:47;602 und 588 poi wichtig fight
2025-11-26 15:16;nogut 25.088 now jfd
2025-11-26 15:18;nogut der Typ aus Eschborn hat heute nochmal 1000 % draufgelegt 🙈🎲
2025-11-26 16:01;15.45 uhr dp now 602
2025-11-26 17:40;angesagt 16.01 Uhr dp now 602 (15.45 Uhr) bei bekanntgabe dax 610 an now bei 740. 🎯🏅🦊 1. Gewinnmitnahme im TVK + 130
2025-11-26 17:42;auch wenn der Z , ziele und tp anzeigt bin ich kein fan davon, ich nutze hauptsächlich den DP und lasse laufen 🤣, oft 5 bis 10 Positionen mit unterschiedlichen SL , dann noch dem poi und gut ist.
2025-11-26 17:44;Ein Short Squeeze Dax
2025-11-26 17:48;und für heute noch der DP ovn 688 Ich bedanke mich für Ihr Interesse 🤩🤣
2025-11-26 17:58;verisimile bin noch in germany, wollte eigentlich zum truthahn essen wieder in der sonne sein. rückkehr verschiebt sich leider. dir auch einen schönen abend
2025-11-26 19:30;xblue2018 was geht bei dir ? habe lang nix gelesen.
2025-11-26 19:43;morgen ohne us 24 k 👻 ?
2025-11-27 10:02;moin moin, ich habe heute off. grüne trades wünsche ich allen 🍀🤑🦊
2025-11-28 12:08;Strandläufer Hurra Hura, drei wünsche hast du frei. 👻🤣
2025-11-28 12:09;nix viel los dp now 742
2025-11-28 14:08;Strandläufer 2. 768
2025-11-28 14:26;roth 69 weiter ? in Bezufg auf den 1. NEIN
2025-11-28 14:30;spätestens Monday 24 K Dax
2025-11-28 14:45;2.a fair dp u.v. 768
2025-11-28 15:03;von 12.09 Uhr 👻 die 742er können nun mal +100 P Gewinn mitnehmen erstmal nur TVK ,denn da kommt noch mehr 🤑
2025-11-28 15:05;aber immer brav den Gewinn mit SL absichern 🦊🍀 die 950 ist noch nicht im Z
2025-11-28 15:50;3. Wunsch dp 812 🤑👻🦊 Gewinne laufen lassen und sl nachziehen, später Gewinne mit nehmen
2025-11-28 15:51;allein hier. 🕵️‍♀️🤷‍♀️ ihr könnt ja wieder rufen 😉🍀
2025-11-28 16:30;DAXianer 2.0 das orakel kann nur daytrading, mein bauch meinte 20.12. dir auch ein schönes we
2025-11-28 17:02;812 stabil 🤼‍♂️🍀
2025-12-01 11:42;moin moin, was für ein Monatserster 🚒
2025-12-01 12:20;488 muß halten sonst... dp now 521
2025-12-01 14:26;dkatle zu 12.55 sl nur 4 P 🙈
2025-12-01 14:27;dkatle Congrats am besten. Tranchen SL und immer dabei sein.
2025-12-01 15:04;522 aktueller Dax DP
2025-12-01 15:45;25.214
2025-12-01 15:51;jetzt kommt der Monatserste in fahrt 🍀🤑👻
2025-12-01 19:09;ovn DP 588 oben 655 o 688
2025-12-01 20:07;Knipser am liebsten sofort. 😅hoffe bald. In Germany gibt es keine Sonne. Dazu noch die unfreundlichen Verkäufer 🙄 die eigentlich meine Kohle wollen . 🤣
2025-12-02 09:29;Monetenfred moin, 19.09 Uhr ovn DP 588 oben 655 ✅o 688 (684) = noch 15 min zeit 🤸‍♂️🥇🎁
2025-12-02 09:40;und da hatten wir bis 9.45 uhr noch zeit 🤣🎯👻🦊🤑
2025-12-02 10:13;ich sag mal so die 688 muß nun halten 🙋‍♂️
2025-12-02 10:54;692 dax dp von 10.45 knappe sache zu 688
2025-12-02 11:08;JER-wenn ihr im Urlaub seid 🤑🍀🎄🍻
2025-12-02 11:54;philfree ab 20.12.2025 🎁🎄🤣
2025-12-02 14:04;man habe ich eine wut, die paketzusteller hier machen einen sch... job. ich habe respekt vor der arbeit. aber zu faul zum zustellen und dann behaupten adresse nicht zu finden ,geht mal gar nicht. zum kotzen so ein service.
2025-12-02 14:22;nogut und das tracking ist ja in d nur begrenzt möglich , ich muß hier weg, habe es so satt
2025-12-02 14:35;noch sind wir im dp 712
2025-12-02 14:56;702 dp
2025-12-02 15:22;721 hat es noch in sich
2025-12-02 15:40;erst über 721
2025-12-02 16:01;nogut millionen lesen hier mit und traden den dp 🤣🦊 und die algos halten dann dagegen
2025-12-02 17:04;16.45 dp 742
2025-12-02 17:05;o 855 erstmal wenn 788
2025-12-02 19:05;nogut 718
2025-12-02 19:18;nogut das war das I tüpfelchen 🤣
2025-12-03 08:58;ERSTER 🎁🤣 Guten Morgen.
2025-12-03 09:22;bin heute etwas unterwegs, fahre einige paketstationen an und hole meine sendungen selbst ab. ich habe respekt vor der arbeit der zusteller, aber nur bei denen die den job machen wollen und mit leidenschaft dabei sind 💪
2025-12-03 15:05;738 dp von 14.45 uhr
2025-12-03 15:06;u 655 u 622
2025-12-03 15:11;long 1. tranche 655 k
2025-12-03 15:21;sl auf kk ,+in gewinn ziehen, sollte die 1.tranche fliegen, dann bei 622 neu, keine verluste, lieber woederholte einstiege
2025-12-03 15:22;macht arbeit, ist aber im daytrading sooo
2025-12-03 15:38;muß aber sagen meine tranchen sind groß genug um sie dann auch wieder mit sl zu splitten um gewinne mitzunehmen
2025-12-03 15:46;688 new dp
2025-12-03 16:10;nogut wir zwei Alleinunterhalten sollten unseren eigenen Stream aufmachen. 🤣💪 oder ich komme zu dir in den Keller. 😉😍
2025-12-03 16:48;688 dp gehalten und u.v.
2025-12-03 17:05;nogut  mach es so 😅 Die rote Fahne an einem amerikanischen Briefkasten wird hochgestellt, um dem Postboten zu signalisieren, dass sich darin ausgehende Post befindet, die mitgenommen werden soll. Der Postbote sieht die hochgeklappte Fahne und weiß, dass er anhalten muss, um die Post abzuholen. Nachdem die Post entnommen wurde, klappt der Postbote die Fahne wieder herunter.
2025-12-03 17:37;nogut d
2025-12-03 17:38;nogut oh das klingt nach ärger 💪
2025-12-03 17:44;"nogut ich habe die Erfahrungen gemacht ""Wer Geld zu kriegen hat ist immer im Nachteil"" zumindestens in Germany"
2025-12-03 20:26;nogut gerne : 719
2025-12-04 08:29;Moin, klasse, wenn Leistung belohnt wird 😅 www.bild.de/politik/inland/und-das-trotz-spar-appellen-abgeordnete-duerfen-wieder-business-fliegen-69307169ca8e6d676cf4a65b
2025-12-04 09:42;wollte schreiben die 950 in sicht, aber ihr seht es ja 🤩👻🤣 heute sind wieder pakte angekündigt, habe über all wegweiser aufgestellt und spuren mit signalfarbe besprüht und lesebrillen hängen am zaun 🤣
2025-12-04 09:43;Franze die liegen am Ziel 😉🕵️‍♀️
2025-12-04 11:16;sun-set dp von 10.45 uhr 857
2025-12-04 12:30;nogut DHL ja Hermes Vollversager (Subunternehmer) dp 851
2025-12-04 12:50;nogut ständig Andere Leute, ich bezahle gern freiwillig mehr wenn der Service passt, aber das funktioniert nur im kapitalismus und den haben wir hier nicht.
2025-12-04 13:03;938 o wird angezeigt
2025-12-04 13:51;nogut ok. ich gehe mit 5 mega Posis rein. 🦊🤣
2025-12-04 13:53;13.03 Uhr lesen Zahl geht jetzt schnell
2025-12-04 13:53;nogut an das mache ich dir zu liebe wegen der dynamik. siehe 13.03
2025-12-04 14:53;nogut sind eh nur daumenzahlen 🤣
2025-12-04 15:32;bonda am ziel gewinne mit nehmen, sich darüber freuen und genießen
2025-12-04 15:47;dp 878 ich persönlich kann mir long erst ab 938 jfd....
2025-12-04 17:22;MarcusAntonius 2 P unterschied nun simmer aber long mit dp
2025-12-04 17:23;950 im z falls über dp
2025-12-04 17:26;nogut noch bin ich long, wenn die zahlen kommen sollten mache tvk und ziehe söl nach und wenn es klappt läuft es weiter, aber schwach
2025-12-04 17:30;nogut ja ist möglich. deshalb sl , aber dax schwächelt
2025-12-04 17:59;den nehmen wir auch ovn
2025-12-04 18:31;nogut er hat die 35 K geholt, ab sofort FREE Abso Service, er muß nie wieder Abos verkaufen 🤣🤣🤣🙈
2025-12-05 09:25;roth 69 moin,irgendwann sicher 😉 oder wann ?
2025-12-05 09:40;roth 69 ok. spannend 👍
2025-12-05 09:44;nun ist der Dax ein Fisch 🤣 so spannend und damit abokohle machen. 🤷‍♀️
2025-12-05 11:51;kommt leute gebt mal gas bis weihnachten will ich azh🎄🎁
2025-12-05 11:53;dp 11.45 uhr 988
2025-12-05 12:12;nogut heute : ist lang. ich 058-088-112 🚒
2025-12-05 13:18;jetzt ist der dp nah dran 019
2025-12-05 14:21;wer hier mit liest, aupasst und nicht zu gierig wird, kann an einem tag viel geld verdienen 🎁🤑🥇🍀
2025-12-05 14:26;viel zu viel zucker drin 🤣
2025-12-05 15:44;Knipser nogut onlineshop.haribo.com/haribo/fruchtgummi/307/happy-cola-minis?number=4001686323540
2025-12-05 15:47;Reichtum lesbar 🤣🍀 12:12 Uhr hier
2025-12-05 15:51;so long ja, jetzt wird die von dir genannte zahl im Z angezeigt
2025-12-05 15:53;Knipser auf solches zeug achtet der Z nicht
2025-12-05 15:54;Knipser genug Turbo-Optionsschein auf DAX
2025-12-05 15:57;Emissionsdatum 05.12.2025 da gab es genug Stck Turbo-Optionsschein auf DAX
2025-12-05 15:58;Emissionsvolumen 10 Mio. 🤣🍀🎁🦊 Turbo-Optionsschein auf DAX
2025-12-05 16:03;112 🍀🎁🤑🚒 TVK + Turbo-Optionsschein auf DAX
2025-12-05 16:09;Knipser danke +105 P im richtigen schein macht +100% im Tagesgeschäft 🎁🤑 ich weiß aboverkäufer machen das in sekunden und deren depot ist dann bei + 36.000 % 🥳
2025-12-05 16:11;dp now 088 macht + 100 p vom erstgenannten DP 🎄🎁
2025-12-05 16:13;so long gleich ist es soweit 🍀🦊
2025-12-05 16:15;wollte längst feierabnd haben, aber dhl will noch vorbei kommen 🤣🙈🕵️‍♀️
2025-12-05 16:33;dhl, war da. trinkgeld verdient. ich schließe alle psotionen und gehe ins WE. Turbo-Optionsschein auf DAX
2025-12-08 15:55;nogut moin. IMMER bereit. bisher wurde nicht nach mir gerufen 😉🍀
2025-12-08 16:19;Superfast 058
2025-12-08 16:20;nogut heute dax lahm seitwärts, gold heut mehr drin
2025-12-08 16:28;nogut n100 aktuell short dp jfd 688
2025-12-08 17:02;MarcusAntonius 042 L&S DAX
2025-12-08 17:04;so long gold short mit dp 4.202 jfd
2025-12-08 19:10;ovn 026
2025-12-08 19:24;nogut bisher wird dazu nix angezeigt.
2025-12-08 20:15;die 950 könnt es vorher nochmal treffen 🛶
2025-12-09 11:24;moin, Unterm Baum liegt kein Paket, denn der Trader prüft nur kurz, wie’s um den Markt heut’ steht. Santa ruft: „Mach jetzt mal Schluss!“ Doch er sagt nur: „Warte kurz – nur ein kleiner Weihnachts-Push!“
2025-12-09 11:25;dp 121
2025-12-09 12:25;dp noch 116 u 082
2025-12-09 14:08;Endlich tut sich was 🤣 leider nicht für das Volk 🙈 www.bild.de/politik/inland/laut-internem-brief-wadephul-will-dass-sein-foto-in-botschaften-haengt-69376de5c3b4893a9e2b2797?source=puerto-reco-2_bild-V24.1.E_ACBlock
2025-12-09 14:28;alex.s eigentlich bin ich es ja gewohnt : bei uns in der damaligen DDR hing auch zuerst der Ulbricht und dann der Honecker auf jeden Flur 😅🙈
2025-12-09 15:22;nogut 1o1
2025-12-09 16:04;läuft doch 🍀🤑🛶
2025-12-09 16:26;es steigt , wir liegen richtig, das ist das was zählt. bis wohin ist mir egal das interressiert mich kaum. tranchen laufen lassen und je mit sl absichern 🤑🍀
2025-12-09 16:27;morgen zinsentscheid dann ajhresende da warten erstmal viele ab.
2025-12-09 16:50;dp 141 dax seitwärts , abwartend
2025-12-09 16:53;GEZ machts möglich 🤣 www.bild.de/politik/inland/urteil-rechtskraeftig-millionen-fuer-ex-programmdirektorin-6937e8cd11f914c89b85781b
2025-12-09 17:27;ich will die 190 sehen
2025-12-09 17:56;ovn dp dax 128
2025-12-09 18:30;die algos laufen ständig den genannten dp an, nervig
2025-12-09 20:46;Gold wird morgen zum Reichmacher 🤑🍀🥇
2025-12-10 13:45;Strandläufer ja klar, 051
2025-12-10 13:57;"""Beetlejuice"" 🤣"
2025-12-10 14:37;wird nicht viel passieren. abwarten und dann ralley
2025-12-10 15:19;so long god bisher enttäuschend 207 jfd dp
2025-12-10 15:47;026 dp
2025-12-10 16:55;jetzt 051
2025-12-10 16:56;nogut ALLZEITHOCH 36.500% stock3 in 2026 for free 🤣😉🕵️‍♀️
2025-12-10 16:58;nogut ich werde ihm mal 100 K für ein jahr überlassen. ich biete ihm das mal an. abgerechnet wird dann 31.12.2026
2025-12-10 17:18;nogut genau, da muß falls die kohle verbrannt ist, das feuerwerk ausfallen 😅💪
2025-12-10 17:31;nogut Papiertrader müssen Abos verkaufen. 🌞
2025-12-10 17:36;aber nur hier auf der seite
2025-12-10 19:09;Katze329 das sind alte weißheiten 😅 prüfe doch mal wie sich gold in diesem jahr mit zu den indices entwickelt hat 😉🕵️‍♀️
2025-12-10 20:07;Gold und Dax + sl safe +
2025-12-10 20:36;nogut 116
2025-12-10 20:37;dax immer noch keine 190, erst wenn die 190 da war kann ich nach FL zurück 🤣🌞🌴
2025-12-11 09:14;verisimile danke. am 20. ist es endlich soweit. 🌞🌴
2025-12-11 09:37;"Dank ihm ; ALLZEITHOCH 37.000% Marke durchbrochen! werden die Abogebühren sicher bald abgeschafft 🤣😉🦊 wer soviel verdient muß keine Abos mehr verkaufen !!! 🙈🤷‍♀️"
2025-12-11 09:43;Komisch immer. wenn die meldung kommt. ist die Kommentarfunktion darunter immer deaktiviert 😅 so kann man nicht gratulieren 🤡
2025-12-11 12:22;nix los hier, alle satt un reicht und am kohle zählen 💰🙋‍♂️😅
2025-12-11 12:39;Chromium2 24.950 next
2025-12-11 12:40;a.freiberger das wird knapp in 2025 131
2025-12-11 12:41;ach du sch.... nun auch noch 🙈 Und auch 38.000% Marke durchbrochen!
2025-12-11 13:21;bonda die richtung 24.950
2025-12-11 14:42;so long gold schaue ich selten an bzw. händisch trade an. weiß ich aktuell nicht
2025-12-11 15:10;dax dp sind wir bei 209
2025-12-11 15:11;immerhin +70 P seit letzter ansage 🎁🎄safe, buch + 120
2025-12-11 15:21;"wo ist heute unser ""Held der Arbeit"" nogut"
2025-12-11 15:36;find es klasse wie der dax sich aktuell erholt tt 004 🏅
2025-12-11 15:37;nogut ah 969 krass haste schon geschenke vom 36000er bekommen ?
2025-12-11 15:40;gold steigt auch 🎁 als dp now 217 🎯
2025-12-11 15:41;nogut ab 270 oder 24 K ?
2025-12-11 16:04;nogut bei mir ein muß für more 288
2025-12-11 16:13;nogut na bitte poi 288 and more
2025-12-11 16:14;noch 650 bis 950 🦊🍀🎄
2025-12-11 16:21;noch 600 bis 950 🦊🍀🎄
2025-12-11 16:31;nogut wenn ich lese -99 % und das mehrfach, frage ich mich warum dort jemand ein abo hat, arbeiten ohne sl ist märchenerzählerei für mich 🧨
2025-12-11 16:38;nogut congrats habe an 355 tvk kasse gemacht, muß mal schauen an 288 für den rest 🦊🍀
2025-12-11 16:57;nogut 12 Zylinder für Alle 🎄😅
2025-12-11 17:09;nogut hör mich auf mit porsche, mit den autos und den mitarbeitern in den autohäusern kann ich nur negativ berichten. arroganz ...
2025-12-11 17:33;nogut Spaltmaßbude 🤡
2025-12-11 17:33;nogut der vorletzte 281
2025-12-11 20:18;die feierabendleser treiben dann morgen ab 9 uhr die queeze voran 🎄🍀🦊🎁
2025-12-11 20:19;nogut ovn 24.333
2025-12-12 09:16;ERSTER 🎯 nur noch 530 P bis 24.950 🍀💰
2025-12-12 09:19;965515 moin, 🥇🤑
2025-12-12 09:21;Franze Monat 😉🍀😅
2025-12-12 09:30;Franze gib die Zahl mal , oben bei Suche ein 🕵️‍♀️😅
2025-12-12 09:39;zu oft bekommt man die falschen Geschenke 😉🤣 dieses jahr wird es hoffentlich besser www.boattrader.com/boat/2025-cigarette-52-thunder-10022011/
2025-12-12 09:57;455 war mein oben
2025-12-12 10:16;poi 455 dann sehen wir weiter.
2025-12-12 11:59;der 11.45er dp 422 poi 355
2025-12-12 12:05;Tradersdream123 dax immer l s
2025-12-12 12:46;and now 362
2025-12-12 12:48;gold im falschen film 😅🦊🎁
2025-12-12 12:50;Tradersdream123 bei mir ab 362 long , sl wie magst, 15 bis 20 bei mir oft mehrere veruche notwendig, darunter je nach markt short, wenn schon so weit weg vom dp dann mal zu schauen und geduld üben
2025-12-12 15:19;Tradersdream123 dp ändert sich doch ständig.1h
2025-12-12 15:21;Tradersdream123 362 war 12.45
2025-12-12 16:24;15.45 uhr 369 u poi 288 🚒
2025-12-12 16:25;die zittrigen hände werden vor der jer abgeschüttelt 🦊😅🎄
2025-12-12 17:42;ChuckNorris. ich habe die frage an die programmierer weitergeleitet. sry, ich selbst kann da kaum was dazu schreiben.
2025-12-12 17:45;17.45 uhr ovn dp 24.222 schönes we
2025-12-12 17:59;nogut dann steigt er next week 1.500 🦊
2025-12-15 08:01;ERSTER Moin 🙋‍♂️🤑🍀🦊
2025-12-15 12:07;11.45 dp 274
2025-12-15 13:06;12.45 288
2025-12-15 13:16;bonda naja glauben ist immer so eine sache. ich vermute das wir in 2025 das azh erreichen, ob es zu 24.950 dann noch reicht möchte ich bezweifeln. aber bei frieden mit rußland kann es auch schnell gehen.
2025-12-15 13:27;255 fight 222
2025-12-15 13:47;nogut hat gehalten, kann man sagen
2025-12-15 15:20;nogut congrats zu den call mit +38% 😉🦊
2025-12-15 15:51;gold jfd dp 309
2025-12-15 16:51;188 dax dp von 16.45
2025-12-15 18:42;was ihr euch alles reinzieht 😉🤣
2025-12-15 19:42;aboverkäufer sind eben so 😉😅🚒
2025-12-15 19:43;nogut 188 dp ovn
2025-12-15 19:46;nogut immer gerne. am SA geht mein Flieger . 🌞🌴🛶
2025-12-15 20:07;nogut vielen Dank. 🙋‍♂️
2025-12-16 10:32;moin moin, Der Kurs geht runter – Panik pur, die Maus zittert, der Puls rast nur. Ein Klick zu früh, ein Blick zu spät – die Angst bleibt, bis der Markt sich dreht.
2025-12-16 10:34;Der Kurs fällt – ich schwör: „Jetzt ist es aus!“ Verkauf in Angst und geh kurz raus. Komm zurück, der Markt lacht mich an: Steigt genau dann, wenn ich nicht mehr kann. 😅📈
2025-12-16 10:52;Der DP um 10:45 Uhr, welch ein Glück, der Zeiger auf 148 – schaut frech zurück. Da blinken die Gewinne, ganz ohne Streit, nur meine Nerven sind noch nicht so weit. 📈😄
2025-12-16 10:57;Unten lockt die 24.000 – wir rasen hin, Kaffee in der Hand, Panik im Sinn! ☕📈😂
2025-12-16 13:50;habnurwenig ich sag mal verfall bedingte verschiebungen
2025-12-16 15:09;wie geschrieben weiter 148
2025-12-16 15:46;15.45 brand new dp dax 102
2025-12-16 15:46;wenn 055 dann 022 and more fight 088
2025-12-16 15:57;habnurwenig aktuell kein 24 k im Z
2025-12-16 16:11;habnurwenig 16.45 neu berechnung
2025-12-16 16:16;habnurwenig 22 und 55 wurde angesagt
2025-12-16 16:31;einmal beobachtet, schade um geld und lebenszeit, aboverkäufer die mit traden nicht genug verdienen
2025-12-16 16:38;055 ✅🎄 022 🎯✅🌴
2025-12-16 16:53;15.45 dp 064
2025-12-16 17:26;www.bild.de/politik/inland/eu-plan-deutschland-soll-schneller-auf-e-autos-umsteigen-als-andere-laender-694153f211416590a630cd31
2025-12-16 17:49;poi fight 112 dann more dp ovn 088 knappe sache
2025-12-17 15:09;042 long = dp
2025-12-17 15:12;unten 982 poi und 962 mgl
2025-12-17 15:22;bonda zum start 17 p dann schnell anpassen. fliege samstag. danke. grüße
2025-12-17 15:35;und das obwohl man mich nicht gerufen hat 🤣🦊 🤑🎁
2025-12-17 15:47;dax steigt morgen wieder ab frühen nachmittag 👻
2025-12-17 16:03;die 042er ziehen sl ins + und haben 1.tvk mit + 60 p erledigt
2025-12-17 16:04;alex.s mir fällt nix ein was ich mir hier in deutschland für meinen ortwechsel in den sonnenstaat kaufen sollte 😉🤷‍♀️
2025-12-17 16:12;nogut danke für den hinweis. da war was los 😅 ich fahre safe mit Escalade 😅
2025-12-17 16:14;so eine schöne fahrbare schrankwand, da kannst so viel mit nehmen 😉🤣🎁 www.cadillac.com/suvs/escalade
2025-12-17 16:31;ChuckNorris. alles verstanden 😉
2025-12-17 16:44;sry . 022
2025-12-17 16:44;wenn 922 dann 15:12 Uhr
2025-12-17 17:16;nogut morgen am frühen nachmittag steigt dax erst wieder. das ist ein schild 🤣😉
2025-12-17 18:18;Bären-Helga. kann ich nicht bestätigen .
2025-12-17 18:31;ovn dp 988 🎯🎄🦊🙈
2025-12-17 18:35;u geht es ab 927 weiter abwärts, vorher fight poi
2025-12-17 19:10;Franze unterhalb dp ist short da wird die 827 als poi angezeigt., fazit wenn wir dort sind und es da nicht hält steht die acht vorn.
2025-12-17 19:11;sry. 927 neun
2025-12-17 19:20;gültig bis 9.45 uhr do
2025-12-17 20:05;nogut die 8 war auch mal da 👻
2025-12-17 20:07;rettung nur über 922-927 sonst next poi 886
2025-12-18 09:34;moin, bisher läuft alles nach lehrbuch. 🤑🦊👻😅 und Ansage
2025-12-18 09:54;habnurwenig das mit den lehrbüchern, ist ein joke -sarkasmus von mir, einige aboverkäufer lassen sich für diese ansage gut bezahlen 👻🤣 sry
2025-12-18 09:55;alex.s ja, schild hat weiter bestand. früher nachmittag mez
2025-12-18 10:00;Franze ja aber er steigt dann immer weiter und der kk ist nebensache 🤷‍♀️außer man handelt 50 p ko s
2025-12-18 10:04;KEINE Handelsempfehlung 😉🤷‍♀️ meinerseits-nur lehrbuch routine 🤣👻
2025-12-18 10:17;Aleks85 988 und 927 waren bis 9.45 uhr gültig-10.45 wird neu berechnet
2025-12-18 10:20;da ich meine bücher morgen anend schließe kaufte ich als experiment KK 11,00 der Schein bleibt bis Anfang januar im Depot. Keine Handelsempfehlung Turbo-Optionsschein auf DAX
2025-12-18 10:29;ohne sl aber niemals, stoppkurs grooooßzügig für experiment 4,35
2025-12-18 10:31;sl,wird, dann im laufenden trade noch angepasst 🍀👍
2025-12-18 10:46;ja ist denn schon früher nachmittag 🤣👻🤑🎄 DP 958 🍀🌴
2025-12-18 14:28;einige sollten inzwischen schon reicher geworden sein. Conrats an diejenigen 🥳💪
2025-12-18 14:28;g
2025-12-18 14:41;habnurwenig weshalb short, dachte du liest mein free abo hier 🦊
2025-12-18 14:42;jetzt sind wir aber schon weit im frühen nachmittag 🍀🎄🤑🎯🎁
2025-12-18 14:45;nogut 14.45 Uhr dax dp 054 dax wie angesagt-knallt weiter hoch
2025-12-18 15:12;nogut nur gestern 🤷‍♀️😉😅
2025-12-18 15:13;keine angst , der dax steigt weiter, wird aber noch etwas wegen diesen hexenzeugs gebremst 🎁😅🦊
2025-12-18 16:19;ich finde es lustig ,wenn die selbst ernannten dax großmeister zu extra abokäufen aufrufen und die kommentarfunktion darunter ist deaktiviert 🙄🤣💪
2025-12-18 16:35;nogut 😉😅
2025-12-18 16:38;schon +16.5% mit Ansage bei diesen ko von heute kk 11 - jeder leser kann hier for free reich werden 🙋‍♂️😅💪 ein satz räder sind es schon mal Turbo-Optionsschein auf DAX
2025-12-18 16:41;und das mit dem schlafzimmerschein 🤣
2025-12-18 17:11;Franze gerne und for free 😅🎄
2025-12-18 17:12;habnurwenig was war denn los, haste dich beirren lassen 🤣 ich schreibe for free und die frefferquote ist 91 % 🎯🎁
2025-12-18 17:18;habnurwenig aber du weißt, entgangener gewinn schmerzt doppelt 🤣🎄
2025-12-18 17:44;Jambalayo IK habe ich nicht erwähnt und auch nicht gemeint . Warum wird die Kommentarfunktion deaktiviert ?
2025-12-18 17:48;auch wenn es meinen tradingstil widerspricht halte ich den schein weiter. wie angekündigt als experiment bis anfang 2026 or sl , kk wie live angesagt 11.00 🤑😅 Turbo-Optionsschein auf DAX
2025-12-18 18:05;habnurwenig congrats 🍀
2025-12-18 18:31;habnurwenig dp ovn 137 unten 103 poi next 057
2025-12-18 18:32;CG79 nee, gold erst wieder 2026, aktuell nur über bot
2025-12-18 19:29;CG79  danke dp gold 4.323 hab b nochmal geguckt
2025-12-19 08:36;Jambalayo moin, was sind deiner meinung nach die Gründe, das eine Person die 35.000 % Rendite erwirtschaftet (laut deiner Aussage nachweislich) teuere Abos verkauft ?
2025-12-19 09:24;reminder gestern mit ansage kk 11.00 🤑😅 wird bis erste jan wo gehalten. Turbo-Optionsschein auf DAX
2025-12-19 09:26;Jambalayo du glaubst also ernsthaft das ein ECHTgelddepot bei einem Broker mit 39.500 % Rendite + gibt ?
2025-12-19 09:31;"Jambalayo 17.22 Uhr gestern ""Die Performance ist belegt und nachvollziehbar - inklusive katastrophaler Draw-downs und spektakulärer Aufholjagden. Hab das mal probeweise mitgemacht (und mitverdient), ist aber nix für meine Nerven. "" von dir"
2025-12-19 09:32;DAXianer 2.0 moin, inzwischen auf kk+5P, sl im schein unabhängig von chartmalerei 😉 wobei es locken schon tvk gewinne mitzunehmen
2025-12-19 09:35;ich sehe den dax noch in 2025 bis 440 laufen 💰😉💪🎄 keine handelsempfehlung
2025-12-19 09:41;bonda 🤣🤑 nee nee 24.440, muß mal kleine Brötchen backen 🎄😉
2025-12-19 09:52;DAXianer 2.0 ovn 137 next 10.45 uhr
2025-12-19 10:45;dax dp brand new 10.45 uhr 👻 208 o poi 255 wenn 288 wenn 302
2025-12-19 11:51;bonda mache es wie ich, ich versende Blankoschecks, 🤣 nach dem abbuchen sehe ich dann ,was ich meinen Lieben wert bin 🎁🤣🎄🤑
2025-12-19 13:03;laufender dp 202
2025-12-19 13:04;poi 188
2025-12-19 13:46;13.45 uhr 168
2025-12-19 13:50;nogut nett von dir 👍🍀
2025-12-19 14:09;nogut ok, geht klar, heute noch bescheiden . montag dann volle kanne 😅
2025-12-19 14:33;nogut sry, schaffe ich heute nicht mehr, zu viel abrechnungen rattern durch
2025-12-19 15:36;bonda mein Kumpel Viona drüben aus dem MKg nennt solche Trader LT - Lufttrader - Alles Gute dir und viel Erfolg in 2026
2025-12-19 16:09;reminder 10.45 Uhr 🍀🤑 👻 208 o poi 255 wenn 288 wenn 302
2025-12-19 17:19;🎄🍀 Ich wünsche euch allen ein besinnliches Fest im Kreise eurer Liebsten – und damit meine ich ausnahmsweise mal nicht euren Broker oder die Lieblings-Emittenten. 🤣 🚀🎁 Rutscht gut rein in ein bullisches 2026.
2025-12-22 16:59;Zaster sind wir ! und nun ? 🍀🌴🌞
2025-12-22 17:00;subxero ja 440 in 2025 weiterhin Bestand- 🍀🎄🌞🎁
2025-12-22 17:07;Zaster fliege doch nicht ewig und bin schon gelandet und internet haben wir hier in fl auch 🤣🌞🌴🍀🎄
2025-12-22 17:13;Zaster nach dem ich einmal gerufen wurde habe ich mal reingeschaut, bin wieder weg , muß das boot putzen 🤣😉
2025-12-29 09:34;moin moin, muß kurz mal gucken 🤣 jetlag oder soo. Weihnachten ist doch vorrüber. 🎄🤣 now JER ok ok , 425 sind nicht 440 🌞🎁 bis bald 👻🤷‍♀️
2025-12-29 10:03;alex.s da passt dann vieles für einen aboverkäufer, er liegt im bla bla oft richtig, das tradingdepot und die performance aber nicht 😉🙋‍♂️
2025-12-30 11:23;i now. 435 ist nicht 440 🙈🙋‍♂️🤣
2025-12-30 11:29;bonda wie am 18.12. geschrieben und für jeden nachtradbar bin ich doch zu 11,00 KK in dem schein. entgegen meines daytradings, hatte ich angekündigt das ich den schein bis erste week 2026 halte und trotz des geringen hebels schon knapp + 50% , das bei fetten einsatz 🍀🎁🤑 Turbo-Optionsschein auf DAX
2025-12-30 11:42;geschafft wie angesagt : 440 in 12/ 2025 🎁👻 see you next year 🥳🤣
2025-12-30 14:32;JER 💰🤣
2025-12-30 16:53;reminder 👻🎁🤑🍀 Turbo-Optionsschein auf DAX
2026-01-02 11:44;Frohes neues Jahr an alle Trader hier im Stream 🎉 Ich wünsche euch ein gesundes Jahr, klare Setups, gutes Risikomanagement und viele grüne Trades. Auf ein erfolgreiches Börsenjahr! 📈
2026-01-02 11:45;moin moin, 508 ⛽👁👀
2026-01-02 12:13;nogut DP
2026-01-02 17:29;bonda 488
2026-01-02 17:49;dp 17.45 504
2026-01-02 19:16;bonda 504 überlesen 😉
2026-01-03 15:49;. Musterdepot Start 01 2026 Zeiger Reichmachertrades
2026-01-04 15:37;bonda Nein, er spielt in einer anderen Liga. Es ist nicht mein Ziel, andere Trader zu überbieten. Um all meine Daytrades zu veröffentlichen, fehlt mir die Zeit und die Lust. Ich werde ab und zu ein paar Trades veröffentlichen, vielleicht als Orientierung. 🍀🎁
2026-01-05 12:05;bonda moin, kannst du bitte dein posting von gestern 16:57 Uhr aktualisieren. Danke 😉🤑
2026-01-05 12:10;reminder , sleeping ko schein hier am 18.12.25 zigmal erwähnt und angekündigt KK 11, 00 Halten bis 1. Januar Woche . Jeder konnte for free dabei sein. 🎁🤑🎄 Habe für 19,25 Verkauft + 75 % 🎁🍀🤑 Turbo-Optionsschein auf DAX
2026-01-05 12:41;ChuckNorris. Danke. Das wünsche ich dir auch. Wetter ist zu kalt. FL wird im Winter immer kälter. Aber tagsüber Sonne. Thailand soll im Winter besser sein. 🤷‍♀️
2026-01-05 13:02;subxero gruesse Depot Start 01 2026 ein paar Zeiger Reichmachertrades for free
2026-01-05 13:12;Aclopapse ein paar trades stelle ich, je wie ich zeit habe zeitnah ein. viel spass noch im schnee.
2026-01-05 13:15;Aclopapse die finanziellen mittel im depot sind ja auch beschränkt, so das auch kleine fische (sry) 🤣es verfolgen können 🍀
2026-01-05 13:31;673 habe ich seit 12.45 als DP
2026-01-05 13:56;bonda oft, nicht immer. alles gute für dich 🍀👻
2026-01-05 16:52;ziemlich ruhig jetzt hier 🌞 es ist nicht zu spät für long
2026-01-05 17:45;nur eine kleine auswahl- mit startkapital 25 k, Musterdepot Start 01 2026 ein paar Zeiger Reichmachertrades for free
2026-01-05 17:48;dp ovn 838 oben wird die 950 mit angezeigt
2026-01-05 19:29;nahpets67 Bitte . Gern. 🍀🎁
2026-01-05 20:18;rest bleibt ovn or sl. 🌴🌞🚤
2026-01-06 09:48;bonda moin 879 dp von 9.47 wird gleich ruhiger 🦊😅
2026-01-06 10:16;habnurwenig meine tradingfrequenz 🌞🙄
2026-01-06 10:16;habnurwenig über dp long
2026-01-06 10:18;sry. 939 ist nicht 950 😅🦊
2026-01-06 10:20;jetzt kehrt gleich Ruhe ein 👻🤣🤑🎁 Musterdepot Start 01 2026 ein paar Zeiger Reichmachertrades for free
2026-01-06 10:50;so long hochspekulative shorts sind gegen den trend und sozusagen zum zocken 🙈🦊vorsicht
2026-01-06 10:56;dp 871 oben 950 weiter im Z
2026-01-06 11:00;für mich wichtig, verkauf in tranchen ✔ sl anpassen
2026-01-06 11:06;IchglaubmeinDAXpfeift orderauswahl und die Berechnung kommt über den Zeiger, die Ordermaske bei ko s ändere ich händisch. ist doch nicht viel 😉💪 der BOT läuft über ein anderes System da muß ich mich seperat einloggen.
2026-01-06 11:12;IchglaubmeinDAXpfeift auch die KO s werden ausgewählt und dann die Stopploss gesplittet nach Tranchen. ja, man muß blind vertrauen, bauchtrades haben keinen platz 🤷‍♀️
2026-01-06 11:28;PAUSE 👻😅💪
2026-01-06 12:17;863 aktueller DP poi 922 950 immer noch im Z
2026-01-06 12:26;922 👀✅
2026-01-06 12:30;nogut sry, kann ich noch nicht beantworten. kommt auf dynamik an. lass uns erstmal dort sein ,noch 958 als hoch
2026-01-06 12:39;abprall poi 922
2026-01-06 12:49;dp von 12.45 uhr 890
2026-01-06 13:51;nogut gewinne laufen lassen sl nachziehen
2026-01-06 13:54;dp 901
2026-01-06 13:56;zeiger schreibt alles über 958 dann 978 geht auf 25 K 💪🎁🎯
2026-01-06 13:57;Aleks85 es macht sehr viel arbeit strengt mich enorm an kostet viel zeit.
2026-01-06 13:58;Aleks85 ziele sind was für aboverkäufer 🦊😉 . ich nehme wie es kommt .
2026-01-06 14:02;Aleks85 hatte 23 zu 24 hier mal das depot hier begleitet, habe einen monat durchgehalten 🍀🤷‍♀️
2026-01-06 14:28;Wahrsager danke, mußt du nicht, es ist harte arbeit und ein wenig erfahrung 🙋‍♂️
2026-01-06 14:44;nogut achja, ich erinnere mich noch daran, stock3 hatte mir damals prov für dich gezahlt 🤣 wart mal ab, wenn ich dann abos verkaufe dann kommen die 30.000er % von selbst 🤣🎁🍀
2026-01-06 17:29;nogut  912
2026-01-06 17:36;nogut vermute, gleich 17.45 die 911 🤣
2026-01-06 18:34;dp ovn 913 u 850 o 012
2026-01-06 18:52;die tun was sie können 🙈🤣 www.der-postillon.com/2026/01/spahn-steckdosen.html
2026-01-06 19:48;CG79 Gerne . 🍀
2026-01-06 20:45;Monetenfred  reminder 18:34 Uhr + 13:56 Uhr 🍀🎁🎯🤑
2026-01-07 08:44;moin moin, 005 ist nicht 012 🎁🤑
2026-01-07 09:05;L&S H 151 🤣
2026-01-07 09:16;028 = 012 🍀🎁👻🤑
2026-01-07 09:29;immer magnet 950 im 👁👻
2026-01-07 10:01;Knipser die Longseite hatte ich zu kurz und die shorts haben geld gekostet. aber im nachhinein 🦊
2026-01-07 10:02;nogut habe die nächsten tage weniger zeit und musste mich deshalb beeilen 😅🙋‍♂️
2026-01-07 10:11;. Musterdepot Start 01 2026 ein paar Zeiger Reichmachertrades for free
2026-01-07 10:55;laufender dp 012 von 10.45 uhr
2026-01-07 11:17;üer 078 bleiben geht es zu 102
2026-01-07 11:18;"Knipser Betonung ""normal"" ich vermute hat mit den schließfächern in gelsenkirchen zu tun. Silbervorräte 😅🤣"
2026-01-07 14:50;14.45 dp 053
2026-01-07 15:25;POI 102 💪 122-148 🦊
2026-01-07 15:29;Monetenfred er wußte es.. 11.17 Uhr hier 🦊🎯 üer 078 bleiben geht es zu 102 🤩🚤
2026-01-07 15:34;CG79 bei Silber bin ich raus 🙈 da hatte ich die Stopps zu eng platziert und dann den Spass verloren. 😉🎁
2026-01-07 15:38;dp silber aktuell 77,19 jfd
2026-01-07 15:50;CG79 Edelmetalle und Rohstoffe sind nicht so mein Ding. Viel Erfolg
2026-01-07 17:57;102 💪 122-148 🦊 15.25 Uhr
2026-01-07 18:23;ovn dp 098
2026-01-07 18:24;nogut congrats zu der tasse. 🙋‍♂️🎁
2026-01-07 18:27;nogut die bnp habe ich auch.
2026-01-08 12:49;nogut du hälst hier echt die stellung 💪👍 moin
2026-01-08 12:50;subxero ja kommt gleich. was bedeutet Plau ? habe geschlafen und deshalb nix gehandelt nur paar stopps gesetzt.
2026-01-08 12:51;dp von 12.45 uhr 121
2026-01-08 13:41;030 🚤 poi
2026-01-08 14:08;poi fight 031 dp von 13.45 uhr 062
2026-01-08 14:13;next 021 poi 991 und dann könnt ihr raten der magnet 🤣
2026-01-08 15:06;Aclopapse vorher kommen tshirts. 950 ich war dabei !
2026-01-08 15:19;habnurwenig 100er oft ungünstiger stopp. da reagieren die ki algos oft und fischen ab.
2026-01-08 15:23;habnurwenig ohjee, nun wissen sie es. das wird spannend 😉🤣
2026-01-08 15:25;laut laufenden zeiger , stoppen wir über der 950 , mal 15.45 abwarten
2026-01-08 15:29;055 👁🤼‍♂️
2026-01-08 15:35;nogut ja und 022
2026-01-08 15:46;046 dp new
2026-01-08 16:01;nogut über DP ja. ✅ im z 950 auch raus bis 16.45
2026-01-08 17:38;CG79 dp 75,28 jfd
2026-01-08 18:36;ovn dp 126
2026-01-08 19:01;Superfast habe momentan weniger zeit zum traden , sl rein , bis dahin bleibt er
2026-01-08 19:44;silber 75,88 dp bin flat
2026-01-09 08:59;moin, bei zahlreichen neuemisionen scheinen keine kurse hier. ein beispiel. neuemmision heute. Best Unlimited Turbo-Optionsschein auf DAX
2026-01-09 08:59;www.onvista.de/derivate/Knock-Outs/316782664-FC4ATL-DE000FC4ATL9
2026-01-09 09:03;nogut zum suchen habe ich keine zeit, der zeiger liefert mir die wkn und dann gibt es hier keine kurse und keine handelsmöglichkeit. echt schwach hier vom system . 👎
2026-01-09 09:06;nogut onvista hat die kurse, da liefert jemand schneller 😉
2026-01-09 09:07;das macht keinen spass 🤣
2026-01-09 09:44;nogut hast du probiert ? Best Unlimited Turbo-Optionsschein auf DAX
2026-01-09 09:47;nogut 9.13 Uhr von dir.
2026-01-09 09:47;nogut du hast geschrieben JETZT gib es Kurse und den Ling eingestellt. Deshalb meine Frage hast du probiert ? Es gibt hier nämlich immer noch KEINE Kurse hier. Deshalb meine Frage an dich. 😉
2026-01-09 09:49;nogut aber wenn ich auf den LINK klicke kommt no data...
2026-01-09 09:51;nogut ok. jetzt nach 51 min zeigt es kurse an. das nervt. ich muß wohl doch abos verkaufen 🤣
2026-01-09 10:01;nogut echt. sobald 😅 ist das normal das man seiten aktualisieren muß
2026-01-09 12:58;dp 188 von 12.45
2026-01-09 13:55;216 dp 13.45 uhr
2026-01-09 17:41;nogut  218
2026-01-09 17:42;subxero habe derzeit viel um die ohren, bleibe draN JE NACH ZEIT
2026-01-09 18:20;ovn dp 219 we poi o 288 dann 355 schönes we . allen 🍀🎁
2026-01-12 13:08;moin, bin derzeit nebenher viel unterwegs und werde oft als problemlöser gebraucht. ansagen und depot leiden darunter, sry 🍀👍🦊
2026-01-12 13:10;Bären-Helga. Das Alter spielt keine Rolle. Wichtig ist das das AMERIKANISCHE Volk ihn gewählt. NIcht in jedem Land sind die an der Macht die von Volk gewählt worden. 🍀😉
2026-01-12 13:14;dp 341
2026-01-12 13:20;poi 388 fight , dann 413 or down
2026-01-12 13:30;nogut zeigertrading geht nur wenn ich am rechner bin. in letzten tagen sehr viel um die ohren. anderen positionen ist mein bauchtrading . sorry, nur um meine tradingGIER zu stillen. 😅
2026-01-12 13:31;nogut ab und zu auch mal ein hedge ✅
2026-01-12 14:04;SORRY, 411 ist nicht 413 wie 13.20 angesagt 🍀🦊🎁
2026-01-12 14:47;dp new 344
2026-01-12 14:54;Knipser bei dax rechnen wir mit l&s aber gut zu wissen
2026-01-12 14:55;hier kommt er 😅 www.youtube.com/watch?v=fI8JW2Xt__g
2026-01-12 15:05;ramsyi zur berechnung werden viele indikatoren einbezogen, wie und was kann ich selbst nicht genau beantworten. es arbeite seit gut drei jahren zwei in berlin lebende programmierer daran. viel erfolg weiterhin 🍀
2026-01-12 16:13;IchglaubmeinDAXpfeift 🤣🤣🙋‍♂️🎁👻🍀
2026-01-12 16:15;373 now POI fight wird bestimmt ab 16.45 der neue DP
2026-01-12 16:17;amd und netflix gedreht 🧨👀
2026-01-12 16:57;erst muß 413 🙈🤼‍♂️🎁
2026-01-12 16:59;next 441 🙈💪
2026-01-12 17:02;nur über 413 , is klar 🤣
2026-01-12 17:22;ja 373 von 16.45
2026-01-12 18:06;17.45 uhr dp ovn 396
2026-01-12 18:10;subxero oben wie genannt 413 und 441 🏅 u 388 u 348
2026-01-12 20:08;silber dp 86,06 jfd
2026-01-12 20:23;Knipser ovn ist auch nicht mein ding, 🤣 aber ich muß ja hier was liefern 🙋‍♂️🤣🍀🎁
2026-01-13 10:49;381 dp von 10.45 uhr moin
2026-01-13 11:17;unter 352 offen bis 292
2026-01-13 12:25;349 laufender dp
2026-01-13 13:17;laufender dax dp 388
2026-01-13 13:19;o 422 poi dann 448 .
2026-01-13 13:55;422 🦊👻 erster fight
2026-01-13 14:23;Franze danke. falls wir sie halten 503
2026-01-13 14:46;dp 446
2026-01-13 15:13;poi 503
2026-01-13 15:50;laufender dp 464
2026-01-13 15:53;subxero die mit geringeren hebel verschlaf ich dafür 🙈
2026-01-13 15:58;subxero z.b. da habe ich echt in aller hektik den sl heute morgen vergessen, dp now 87,13 und o 90,12
2026-01-13 16:03;ich denke wir fallen diese woche noch bis 25.050 zurück. das ist ein schild 🦊🤣🍀
2026-01-13 17:08;Franz50 du denkst zu viel 🍀😉
2026-01-13 17:20;noch ist dp 412
2026-01-13 17:45;der donnerstag wird spektakulär 🍀😉🎁 dp ovn 414
2026-01-13 18:10;im z o immer noch von 513 offen
2026-01-13 19:12;CG79 🍀💪👍
2026-01-13 19:14;Knipser denke auch 510 sind ok. man muß ja nicht immer punktgenau treffen 🎁🦊😉 META für Alle 🙈🤣🧨
2026-01-14 08:04;moin moin, 414 lass ich gelten 413 ✅👻 ovn ist sch... mein Reden 🤣
2026-01-14 08:06;oh, augen noch zu... 513 🧨😅
2026-01-14 08:10;Silber ist als Underlying vom Tisch 🙈😉👀
2026-01-14 09:33;MonaSusa welcome back. 🍀
2026-01-14 10:38;habnurwenig morgen nachmittag
2026-01-14 10:57;habnurwenig ich erst ...😉🤣
2026-01-14 11:08;erster dp heute 378
2026-01-14 11:13;IchglaubmeinDAXpfeift der Z, schreibt und rechnet nur auf stundenbasis, der weiß nicht was morgen passiert, meine wenigkeit schätzt das so ein 🦊🍀 oft am vortag wenn verfall
2026-01-14 14:24;das schild wackelt schon, 050 diese woche 🎯🛶
2026-01-14 14:25;dp 281
2026-01-14 14:47;nogut ja möglich, jetzt 291
2026-01-14 14:47;subxero die Lottozahlen kennt jeder 🤣 das wäre zu einfach
2026-01-14 15:37;nun habe ich silber bezwungen , endlich mal ein 100%er 🌞🌴🍀
2026-01-14 15:50;silber dp laufender 91,36
2026-01-14 16:05;Bei den Einzelaktien KOs habe ich mich von einem Traderkollegen beirren lassen 🤣selbst Schuld 🍻
2026-01-14 16:59;Strandläufer 294
2026-01-14 17:47;ja, ist denn heut schon donnerstag 🤣🎁
2026-01-14 17:50;dp ovn 276 u 188 o 422
2026-01-14 17:54;Aclopapse 7 bis 8 monitore sind pflicht 🍻🍀
2026-01-14 17:56;heute konnte ich Silber zeigen . wer der Herrscher ist 🙈🤣
2026-01-14 17:59;Aclopapse und daneben noch fünf fernsehgeräte mit dauer streaming 🦊😉🤣
2026-01-14 18:44;nun auch ein 200%er 🤣
2026-01-14 18:46;Monetenfred  im buch und in ausführung dann nicht ganz geschafft 🧨👻
2026-01-14 19:11;nogut trade aber aktuell nur mit 50 % power, da ich zu viel nebenher zu erledigen habe
2026-01-14 19:13;kuhbauer danke, bist due wieder öfters hier ?
2026-01-14 20:07;kuhbauer Alles Gute 🍀
2026-01-14 20:08;oh jee www.bild.de/politik/ausland-und-internationales/deutschland-schickt-soldaten-nach-groenland-6967ddcd587b0b1176afc001
2026-01-14 20:21;Aclopapse Bearbock hätte das längst geregelt 🤣 nun aber ⚽
2026-01-15 08:24;thommyKetchup moin, GERNE. nicht bei allen Trades ist die Frequenz so hoch. Euch zu Liebe riskiere ich hin und wieder auch mal OVN Trade 🎁 der N100 von gestern Abend war 🎯🦊viel Erfolg dir weiterhin🍀
2026-01-15 09:00;MonaSusa moin, diesmal stimmt die kasse und ich werde besser dafür bezahlt 😉🤣🎁
2026-01-15 09:08;fight am ovn dp 💪
2026-01-15 11:27;das sind echt zwei Brüller 🤣🎁🙈 Unlimited X-Best Turbo-Optionsschein auf DAX Best Unlimited Turbo-Optionsschein auf DAX
2026-01-15 11:33;sun-set noch 271
2026-01-15 11:34;Knipser Geld kommt und geht 🤑🙈
2026-01-15 12:25;flo23 es geht dann aber viel für spielzeug weg 😉😅
2026-01-15 12:35;CG79 silber steht auf buy dp 90,68
2026-01-15 14:16;nogut seitwärts range now 274
2026-01-15 15:20;o poi 326 fight
2026-01-15 16:29;bonda sl anpassen. 🍀
2026-01-15 16:30;habnurwenig dax hat eigenleben. short mit letzten poi und sl nachziehen
2026-01-15 17:34;Franze oh jee, da ist noch luft 🙈
2026-01-15 17:38;Franze habe fuß in tür, muß ja nicht immewr 200er hebel sein
2026-01-15 17:39;dp noch 296
2026-01-15 18:07;ovn dp 17.45 348
2026-01-15 18:29;ist nun schon Abend oder geht das noch als Nachmittag durch ? 🤣💪🎁
2026-01-15 18:34;a.freiberger u 242 oben 388 + 422
2026-01-15 18:34;nogut aber später nachmittag und früher nachmittag 🤣
2026-01-15 19:13;CG79 du 🦊🍀
2026-01-15 20:50;bonda nix abrechnung 25.550 das ist längst vom tisch. 1pm 25.150 🎁👻
2026-01-16 14:23;nogut sry, ich lege mich of nach dt. öffnung nochmal hin und träume von euch 😉🍀🤣 318
2026-01-16 14:24;IchglaubmeinDAXpfeift sry, war eingeschlafen und konnte mich nicht kümmern 😅🤑
2026-01-16 14:25;subxero 050 wurden genannt , das wir in dieser woche sie sehen 🤣
2026-01-16 14:26;Profitipper bin mit nogut jetski gefahren 🤣💪
2026-01-16 14:58;Profitipper einer der Spielzeuggeschäfte wo ich gern bin 🌞😅 www.sunsportscycle.com/
2026-01-16 15:00;DP unverändert www.sunsportscycle.com/new-models/sea-doo-pwc-performance-2233421091986795652972720
2026-01-16 15:26;CG79 hee , mein silbersurfer 😅 sag an . wann gehen wir long ? Turbo-Optionsschein auf Silber
2026-01-16 15:49;CG79 bin vorhin mit posting rein 🍀
2026-01-16 15:50;CG79 achja, ich bin kein Boss, ich bin ein kollege 💪 mitstreiter
2026-01-16 15:53;15,45 dax dp 262
2026-01-16 15:56;nogut next 188
2026-01-16 16:08;abprall an 100er marke , lehrbuchmäßig, mein reden seit tagen 🤣💪🎁
2026-01-16 16:32;Aclopapse mein nachbarn denken schon ich bin vampir oder gucke heimlich pornos wenn ich nachts an 7 bildschirmen mit leselampe sitze 🤣
2026-01-16 16:33;silber-gut das es stoppkurse gibt. das zeug macht mich krank. da sind maschinen am werk die selbst ich nicht bezwingen kann 🤣💪🙈
2026-01-16 16:37;ich muß erstmal raus nogut drängelt schon wieder und sitzt auf dem waverunner 🤣😉 yamaha sind die Besten
2026-01-16 20:10;nogut mein Bester, du störst nie 😉 dp ovn 272 o 355 u 188
2026-01-16 20:23;all nice we 🌞🌴🛶 ich treffe Aclopapse beim Frisör 🤣 next dream
2026-01-18 13:49;Hallo zusammen, aus gegebenem Anlass auch mal heute am Sonntag: Ich habe D. eben beim Frühstück getroffen. Wir hatten diese Woche etwas verwechselt – die 050 kommen erst ab morgen. Sorry, bei dem ganzen Trubel kann so etwas schon mal passieren. Ich wünsche euch allen noch einen schönen Restsonntag!
2026-01-18 14:00;nogut und die 15 deutschen Soldaten sind auch wieder ABGEREIST.
2026-01-18 14:22;www.bild.de/politik/ausland-und-internationales/groenland-hier-macht-die-bundeswehr-heimlich-den-abflug-696cc1784bea5ecfebee9d64
2026-01-18 14:27;nogut werde wohl die nacht zum montag durch machen damit ich 8 uhr auf der matte stehe 🤣 schönen restsonntag noch 🍀🎁
2026-01-19 08:05;moin moin, 050 und 950 heute ist der tag 🍀🎁
2026-01-19 08:44;Bären-Helga. moin, funktioniert das auch wenn man über die bekannten onlinebroker handelt , oder muss man ein konto mit depot l&s führen ?
2026-01-19 08:54;nogut danke für info, nehmen wir comdirekt kann mnan da ab 7.30 und bis 23 die l&s kos handeln ?
2026-01-19 08:56;comndirect. website sagt , ja das wer cool wenn es läuft 💪😉🤷‍♀️
2026-01-19 13:59;nogut ja. mußte wieder schlafen, jetzt halb wach
2026-01-19 14:04;nahpets67 ich sag mal so, hier handele ich ko scheine, das ist für viele verständlich,nachvollziehbar und hilfreich denke ich. ich bin hier aus langweile 😉🤣 der futurhandel ist eine andere hausnummer und dafür gibt es trading bots. 🍀 rund um die uhr möchte ich auch nicht handeln. Lebenszeit und Freizeit ist mir wichtiger.
2026-01-19 14:05;13.45 dp 988
2026-01-19 14:30;u 942 902 o 088
2026-01-19 16:58;habe selbst keine zeit zum traden 😉🙋‍♂️ dp 968 Musterdepot Start 01 2026 ein paar Zeiger Reichmachertrades for free
2026-01-19 18:41;ovn dp 952 schwierig aber interessant 🍀🙋‍♂️
2026-01-20 11:08;dp 568 u 478
2026-01-20 11:11;nogut nein, ja früh, bei vola , nacht zum tag, werde gleich wieder schlafen ach ja poi 555 fight dp eng
2026-01-20 13:08;dp 12.45 531
2026-01-20 13:12;Aclopapse hui hui , bin dann mal weg. bin müde und muß D. noch anrufen
2026-01-20 15:44;brand new dp 633
2026-01-20 16:23;Franze da bin ich mal kamikaze rein 😉🙋‍♂️🍀
2026-01-20 18:09;kuhbauer  dp ovn 638
2026-01-20 18:10;o 788 u 555
2026-01-20 18:42;Tradergirl68 GERNE 🍀🎁👍 Ich habe schon mehrfach bei stock3 angefragt ob man mir einen free stream anlegt und ich mein depot öffentlich machen darf. so wie josef die ganzen jahre. wurde abgewiesen.
2026-01-20 19:38;übrigens silber 94,02 dp , ich erwarte morgen früh vormittag -
2026-01-20 20:34;522 u 502
2026-01-20 20:36;Knipser wir hatten viel bückware 🤣 und kupferleitung
2026-01-20 20:49;Aclopapse ok. ich teste es 🎁😉
2026-01-20 20:50;nogut ich denke da nicht so viel darüber nach. 😉 das beirrt mich nur
2026-01-20 20:51;Aclopapse deine empfehlung 🎁😉🦊
2026-01-20 20:52;bin dann mal weg muß garage mal aufräumen 💪
2026-01-21 09:40;Aclopapse CU 🎁🍀🤑
2026-01-21 10:48;10.45 dp 608
2026-01-21 11:46;alles unverändert
2026-01-21 11:48;in den volatilenzeiten mache ich durch oder lege mich tagsüber paar stunden in die sonne 🍀🤣
2026-01-21 12:02;Knipser die hängen am boot, habe die mopeds gestern mal sortiert 😉😅
2026-01-21 12:10;509 ist nicht 502 wer konnte das gestern schon wissen 🤣
2026-01-21 12:11;Knipser ich hoffe die verkaufen bald 🤣🍀 an mich
2026-01-21 12:12;502 poi 488 poi 455
2026-01-21 12:22;504 ist nicht 502 🚒💰
2026-01-21 12:23;Knipser ja kurz drüber geschaut, hab es mehr mit zahlen , chart ist nicht so meins, gebe daten in Z ein und dann kommt manchmal was gutes dabei raus. nur versilbern tut er nicht 🤣
2026-01-21 12:24;ich leg mich erstmal 2 h hin 🌞
2026-01-21 14:45;dp 14.45 364
2026-01-21 15:12;nogut guckst du long im depot
2026-01-21 15:13;dp einstieg und sl ziiiiiiiiehn
2026-01-21 15:37;nogut lass dich fahren und trade auf der rückbank. 🤣💪 ich habe auch keinen großen hebel genommen, da in der garage noch einiges rumsteht und manches in den container muß
2026-01-21 15:53;nogut ja , ich auch,
2026-01-21 16:05;von 16.45 521
2026-01-21 16:25;www.youtube.com/watch?v=2rhInG4nYyU
2026-01-21 16:36;na dann eben www.youtube.com/watch?v=D1thw13ziVA
2026-01-21 17:06;94,12
2026-01-21 17:34;Tradergirl68 danke. trade aktuell aus zeitmangel nur mit halber kraft.
2026-01-21 17:45;ovn dp 527
2026-01-21 17:48;o 688 u 458 407
2026-01-21 18:11;muß das echt sein ? ol bääääääääääääääämm
2026-01-21 19:28;Aclopapse mußt bei ausgeführte gucken, ovn cash ist oft eine gute wahl
2026-01-21 19:32;Aclopapse ok für dich 🎁💰 ovn
2026-01-21 19:32;kuhbauer danke, dir auch, ich muß jetzt wieder garage aufräumen 😅🙋‍♂️
2026-01-22 08:36;moin, sry, 820 ist nicht 688 🍀🎁🤣
2026-01-22 10:18;LS000IHHGAS9 genug da 🎁
2026-01-22 10:28;augen auf die 950 wartet drauf 🤣
2026-01-22 10:32;Knipser ja, im händisch depot ausgestoppt, strengt mich momentan zu sehr an
2026-01-22 10:44;Knipser wichtig ist viel mehr das ich hier den stream informiere wo es hingeht 🍀🤑
2026-01-22 10:45;907 dp 10.45
2026-01-22 10:51;„Mouse-Arm“ mit Schmerzen in Arm und Schulter 🍀
2026-01-22 15:23;kuhbauer 831
2026-01-22 15:26;nur gut das deutsche Politiker hinter dem volk stehen und einen guten job machen. gesund sind sie auch alle. ✅
2026-01-22 15:28;und das obwohl die Deutsche so oft krank machen : www.mdr.de/nachrichten/deutschland/politik/krankenstand-merz-pranger-telefonische-krankschreibung-100.html
2026-01-22 15:29;Frechheit : www1.wdr.de/nachrichten/westfalen-lippe/flugzeug-merz-klima-aktivisten-100.html
2026-01-22 15:44;922 sitzt habeck 🤣
2026-01-22 15:58;15.45 869
2026-01-22 16:10;poi 788 fight sonst 755
2026-01-22 16:28;🕵️‍♀️
2026-01-22 16:43;Franze an 98
2026-01-22 17:56;ovn dp 864
2026-01-22 17:59;u 788 o 958 bin dann wieder garage aufräumen und spielzeuge betanken 🙋‍♂️
2026-01-22 19:45;ich versuche positionen nicht ovn zu halten. der dp hat bis 9.45 uhr gültigkeit
2026-01-23 11:18;98,5 silber dp drüber wg 103,8 tach
2026-01-23 11:26;dp dax 848
2026-01-23 11:35;800 788 poi 751
2026-01-23 11:39;an einer 100er oft gegenwehr gut zum scalpen
2026-01-23 11:49;new dp 838
2026-01-23 12:35;habnurwenig ich wünsche du hast deine vorhersage auch getradet 🏅
2026-01-23 12:37;IchglaubmeinDAXpfeift Danke. 🙋‍♂️🏅
2026-01-23 12:44;piek das ist ein joke . ?
2026-01-23 12:47;piek 800 genau und dazu gibt es auch 11.35 + 11.39 statements
2026-01-23 12:48;piek am dp bin ich zusätzlich long mit anderen schein.
2026-01-23 12:50;piek habe doch alles geschrieben was ich an 800 mache . man kann an poi s immer versuchen. klarer ist es am dp es zu versuchen. während ich dir das hier versuche zu erklären ruht mein trading . 😅 dazu kommt ist nicht mein stream .
2026-01-23 12:54;Jede POI Unterstützung die unterschritten wird kann zum nächsten Ziel führen, sonst wäre es jeweils ein Tief für dann folgende stundenweise Anstiegsstrecken. Jeder POI Widerstand der überbrückt wird führt zum nächsten Ziel, sonst wäre es ein Top für danach folgende Abwärtsstrecken.
2026-01-23 12:56;alex.s ja genau und kann es einige versuchen brauchen mit sl 10 bis 20 je anch shcmerzgrenze. ich denke für viele ist der dp gut als orientierung. an 100er trade ich seit ich lesen kann 🤣
2026-01-23 12:57;piek nochmal das ist nicht mein stream 😉 ich biete hier garnichts an. ich veröffentliche ein paar meiner daten.
2026-01-23 13:00;so, nun habe ich den rhytmus und anschluss verloren 🤣😉🎁
2026-01-23 13:03;piek bist du denn nach posting dp11.49 mit 838 Long ? Congats dann haste jetzt schon guten buchgewinn 🍀🤑
2026-01-23 13:36;seit 12.45 sind wir im dp 871 🦊 sry. für die verspätung
2026-01-23 13:47;13.45 new dp 878 von unten kommend gehe ich oft long, man muß ein gespür für die märkte entwickeln
2026-01-23 13:58;um das marktgeschehen zu erleben ,ist IK eine gute erste station 💪
2026-01-23 14:08;888 dann 922 und 952 MÖGLICH 🙄 u 838
2026-01-23 14:10;Franze da versagt er. dp 99,58
2026-01-23 14:11;Die Kakaopreise stürzen ab und erreichen den niedrigsten Stand seit Januar 2024. Der Rohstoff verliert binnen eines Jahres über 65 Prozent an Wert.
2026-01-23 14:13;Knipser hatte ich nicht verfolgt. wunderte mich nur das kaum noch eine tafel 100 gr hat 😅🕵️‍♀️🙈
2026-01-23 14:17;www.vzhh.de/themen/mogelpackungen/mogelpackung-des-jahres/milka-alpenmilch-ist-mogelpackung-des-jahres-2025
2026-01-23 14:20;Franze bei silber ist die trefferquote ist zu schlecht,
2026-01-23 18:10;888 ovn we dp o 25.012 wenn 958 u 855 und 802 das zeiger silber setup wird gesprengt 🧨🧨🧨 es muß nicht alles passen. schönes we euch 🍀🌞
2026-01-26 10:47;GN8 🦊
2026-01-26 13:47;dp now 868
2026-01-26 13:47;nogut 855 und 802 haben super gepasst. gumo
2026-01-26 13:53;Das Auflegen eines Hedgefonds im Jahr 2026 ist regulatorisch anspruchsvoll, da diese Produkte in Deutschland als Spezial-AIF (Alternative Investmentfonds) eingestuft werden. Im Gegensatz zu normalen Publikumsfonds unterliegen Hedgefonds kaum Anlagebeschränkungen und dürfen Strategien wie Leerverkäufe oder Hebel (Leverage) in großem Umfang nutzen
2026-01-26 13:54;Zielgruppe und Kapital Keine Privatanleger: In Deutschland sind direkte Hedgefonds-Investments nur für professionelle und semiprofessionelle Anleger zulässig. Mindestanlage: Für semiprofessionelle Anleger gilt meist eine gesetzliche Mindestanlagesumme von 200.000 Euro. Kapitalbedarf: Um operativ profitabel zu sein und die hohen Fixkosten (BaFin-Gebühren, Wirtschaftsprüfung, Risikomanagement) zu decken, sollte der Fonds ein Startkapital von mindestens 25 bis 50 Millionen Euro anvisieren.
2026-01-26 14:35;bis Ende diese Woche gibt es den Depot Service noch. 🎁🤑 dann brauche ich wieder mehr Zeit für mich 🌞🌴🛶
2026-01-26 14:39;ein hammer poi bei 888
2026-01-26 14:45;Knipser scheint ja auch nicht allzuviele zu interessieren. aboverkäufer sind beliebter 🤣 und vertrauenswürdiger
2026-01-26 14:48;muß mein mouse arm und schulter etwas ausruhen. 💪
2026-01-26 14:57;Profitipper ich gehe doch nicht weg. stelle nur einen service bereich wegen zu großer belastung ein.
2026-01-26 14:58;dp 878
2026-01-26 14:58;o 922 bis 951
2026-01-26 15:06;Knipser 15.45 wissen wir es
2026-01-26 15:14;968 oben fight poi
2026-01-26 15:18;steffen82 DANKE. Genau so etwas möchte ich lesen. 👍 Vielk Erfolg dir weiterhin. Denke daran Stoppkurse sind ein wichtigstes Werkzeug danach kommt Geduld. 🎁🍀
2026-01-26 15:24;habnurwenig falls posi groß genug, teilen und sl je posi anpassen, erste posi bestens raus
2026-01-26 15:25;der Zeiger hat echt ein Silberproblem 🙈🤣💪
2026-01-26 15:31;Aleks85 gold läuft im trading bot, silber terfferquote zu schlecht dafür, muß ich händisch her halten, aber wir sind nah dran, spätestens mittwoch or donnerstag sind wir wieder an 100
2026-01-26 15:33;auch dazu : stock3.com/news/silber-ueber-100-usd-die-rally-kennt-kein-ende-16897338
2026-01-26 15:45;dp 928
2026-01-26 15:47;schade das mein limit 7 heute morgen nicht bedient wurde 👻 Turbo Long auf Kakao ICE Rolling
2026-01-26 15:48;u 902 o 25 k
2026-01-26 16:01;bevor beschwerden kommen, an der 950 der magic marke zocke ich gern 🙋‍♂️
2026-01-26 16:03;ramsyi punkte gibt es weiterhin , wie zeit vorhanden ist. nur depotübertrag wird eingestellt. viel erfolg
2026-01-26 18:11;Knipser na klar, stammtisch hier. 🤣 tv-turm.de/sphere-bar/
2026-01-26 18:14;931 ovn dp
2026-01-26 18:14;Franze mit den zock des lebens ist das oft so eine sache. du bist 100 % im Plus dann sagst, ach ich warte noch bis 200% oder gleich bis 1000 % 🤣 schafft kaum einer,
2026-01-26 18:19;Franze kurzzeitzocker
2026-01-26 18:25;Franze ja krass, im z dp 113,98 oben 116,98
2026-01-26 18:25;Knipser ja bis 022
2026-01-26 19:25;Franze in welche richtung ?
2026-01-26 20:11;Franze ja zu 19.30
2026-01-27 08:02;18.25 bis 022 i know ist nicht 011 🙋‍♂️
2026-01-27 08:08;017 🦊
2026-01-27 09:32;nogut ich. Gewinnmitnahme stopploss verschlafen 🙈
2026-01-27 09:35;Tradergirl68 22:20 Uhr 😍
2026-01-27 10:24;24.888 wie so oft poi
2026-01-27 10:45;nun dp 24.888
2026-01-27 12:52;dp 946 🌞
2026-01-27 15:10;dp 911er
2026-01-27 15:29;silber , nun ist es soweit 🦊👻
2026-01-27 15:31;dp silber 11,28
2026-01-27 16:50;867
2026-01-27 17:13;938 fight 958
2026-01-27 17:16;nogut das darf nicht passieren 😅😉
2026-01-27 17:30;watchlist Open-End Turbo Optionsschein auf Unitedhealth Group
2026-01-27 18:07;dp ovn 882
2026-01-27 18:11;habnurwenig stock3.com/wirtschaftskalender?quickfilter=tomorrow mittwoch 20 uhr
2026-01-28 08:22;Superfast hi, du mußt auch dazu schreiben für welchen schein ?
2026-01-28 08:27;Superfast achso du meinst den schein im depot. muß ich mir anschauen. oder bei gs anrufen
2026-01-28 10:07;Superfast läuft.....
2026-01-28 10:08;ist die 800 die neue 950 ?😅 glatte 100er immer ein trade wert, zwar schon 47.000 mal hier geschrieben 🍀😅🦊
2026-01-28 10:33;Knipser moin, ich habe keine ziele, aber mouse arm und schulter schmerzen. muß immer mal pausieren
2026-01-28 10:49;dp 816
2026-01-28 11:12;816 👻👻👻
2026-01-28 11:15;858 poi fight
2026-01-28 15:50;der stream hat sich verändert, ich verliere die kontrolle 😂
2026-01-28 15:50;dp 788 new
2026-01-28 15:55;etwas füße still halten. sap hab ich verschlafen
2026-01-28 16:13;nogut ja genau. war etwas verwirrt. 🙋‍♂️
2026-01-28 16:15;nogut  noch besser fände ich das wenn man antwortet auch die frage oder bezug mit hochrückt und angezeigt wird auf was man antwortet. in den 90 war das im consors stream immer so.
2026-01-28 20:41;872 dp ovn
2026-01-28 20:45;u 772 o 888 🏋️‍♀️poi 932
2026-01-28 20:46;euch Jungs auch allen einen schönen abend, 🌞🍀
2026-01-28 21:01;nahpets67 Danke dir. Ja, bei Silber habe ich mich etwas beirren lassen 😅 und gegen meine eigene Regel gehandelt. OVN ist ungesund – aber ich bin auch nur ein Mensch 😉 Alles Gute 🍀
2026-01-28 21:03;Josef Graß danke für den Stream. Es ist lang her das ich ERSTER war 😅🦊
2026-01-28 21:33;Ich bin bei Silber zuverlässig der Kontraindikator. Macht daraus, was ihr wollt – leicht verdientes Geld 😉🙈🤡
2026-01-29 09:27;moin , bitte nicht wundern : Daytrades werden aktuell seltener . Der Grund sind leider gesundheitliche Probleme mit Schulter und Arm aufgrund der intensiven Maus-Nutzung. Sorry dafür. Wir fokussieren uns daher verstärkt auf weniger klickintensive, mittelfristige Trades.
2026-01-29 09:47;Danke euch. 🍀💪
2026-01-29 10:46;631 dp
2026-01-29 10:50;522 488
2026-01-29 10:59;nogut da ist poi fight, erste posi
2026-01-29 12:51;588
2026-01-29 13:07;ich frage mich ob die us trader bei sap nochmal nachlegen .
2026-01-29 13:10;nogut ja mit verkaufen. aber so wie wir denken viele und dann wird hochgekauft 😉
2026-01-29 13:11;nogut  bin ja ein halber 😅
2026-01-29 13:47;dp 571
2026-01-29 13:52;nogut seit heute problem teile dieser seite auf andere bildschirme zu verschieben , was ist anders wie geht es ?
2026-01-29 14:00;nogut  ja genau, wie bei mir. dachte jemand kennt dandere möglichkeit
2026-01-29 14:08;nogut  aber nicht überall. depot und kursanzeigen lassen sich nicht verschieben
2026-01-29 15:30;.
2026-01-29 15:52;dp 541
2026-01-29 17:12;Pablo Es weil ich long bin 😉🍀
2026-01-29 17:18;dp 348
2026-01-29 17:45;ovn dp 335
2026-01-29 17:56;ganz schön was los heute und ich wollte schulter und arm ruhen lassen 💪🙈🎁
2026-01-29 20:05;hab eben wieder heimlich rüber geschielt 👀🤣 46.500% 🧨 unantastbar
2026-01-29 20:10;nogut versteh ich nicht, sry
2026-01-29 20:22;Aleks85 ich trade nicht mit chart. habe auf zwei bildschirmen 5min chart s geöffnet um wichtig zu sein. sieht ja auch schön aus 😅😉ich bekomme tabellen und lese diese
2026-01-29 20:23;nogut achso, naja kann ich nicht beurteilen, aber das thema abos bei solchen erlösen zu verkaufen usw.....
2026-01-29 20:25;jetzt ist mir auch noch der tarding bürostuhl kaputt gegangen so ein mist, ich hasse diese unvorhersehbaren kosten und ausgaben
2026-01-30 03:03;Aleks85 sry, habe das schon so oft erklärt. ich habe ein system namens zeiger. 🍀
2026-01-30 08:25;robin53 danke für dein statement. du hättest noch schreiben können . ER mach hier alles for free ! 🎁
2026-01-30 08:35;robin53 niemand muß sich vor mir verneigen 😅 Dir auch beste Gesundheit und immer grüne Trades.
2026-01-30 08:39;UBS : Die Emittentin stellt unter gewöhnlichen Marktbedingungen Ankaufs- und Verkaufskurse für die Wertpapiere. Sie übernimmt jedoch keine Verpflichtung gegenüber (potenziellen) Anlegern, permanente Ankaufs- und Verkaufskurse für die Wertpapiere zu stellen oder diese Tätigkeit für die gesamte Laufzeit der Wertpapiere aufrechtzuhalten. Die Emittentin hat ein grundsätzliches Interesse an einem störungsfreien Handel ohne Ausfälle oder Unterbrechungen und möchte eine höchstmögliche Quotierungsqualität für ihre Emissionen gewährleisten. Sie setzt hierzu interne Preismodelle ein. Dennoch muss sich die Emittentin das Recht vorbehalten, jederzeit und ohne vorherige Mitteilung in eigenem Ermessen die Quotierung von Ankaufs- und Verkaufskursen temporär oder dauerhaft einzustellen und auch wieder aufzunehmen. Hintergründe können unter anderem besondere Marktsituationen, wie etwa stark volatile Märkte, Störungen im Handel oder in der Preisfeststellung des Basiswerts oder damit vergleichbare Ereignisse sowie besondere Umstände, wie etwa technische Störungen, Informationsübertragungsprobleme zwischen Marktteilnehmern oder auch höhere Gewalt sein. Daher sollten (potenzielle) Anleger berücksichtigen, dass sie die Wertpapiere - insbesondere in den genannten Situationen - nicht jederzeit und zu einem bestimmten Kurs kaufen oder verkaufen können.
2026-01-30 09:43;fill or kill hi, ja das ist manchmal oft krass was man sich gefallen lassen muß. 🍀🌞
2026-01-30 10:54;franze später als gedacht, aber hast du den aktuelle silber kurs für mich ? 😅🍀😉
2026-01-30 10:55;Franze  haha gedankenübertragung, vermutet aber nicht getradet. man kann nicht alles haben 🦊🍀
2026-01-30 10:59;Franze silber wurde bis auf weiteres in der berechnung abgeschaltet.
2026-01-30 11:02;dp 461
2026-01-30 11:04;o 515 u388
2026-01-30 11:06;Knipser habe jemanden sitzen ,der die listen händisch vom bildschirm abschreibt und mir dann übergibt 🤣🦊🍀 alte lehrbuch schule
2026-01-30 11:11;Knipser weiß ich doch, habe als schreiber angefangen 😉
2026-01-30 15:28;laufender dp 502
2026-01-30 15:53;new dp 521
2026-01-30 15:54;trade heute sehr wenig und habe mehr zeit für den stream 😉😍
2026-01-30 15:58;gestern tradingstuhl kaputt nun druckerpatrone leer, ich hab sooo einen hals 🤣🧨
2026-01-30 16:47;539 dp
2026-01-30 16:48;wenn 588 poi dann 645
2026-01-30 17:03;u 522 488
2026-01-30 17:43;bei silber lwerde ich meiner kontraindikatorfunktion gerecht 🙈 ich hoffe einige erinnerten sich daran 🤑
2026-01-30 18:55;dp ovn 529
2026-01-30 19:23;nogut same to you 👍
2026-01-30 19:25;kurz mal vor der tür gewesen und man kommt zurück und silber 👎da geht was ab
2026-01-30 19:27;- 30 % das gab es im tagesgeschäft noch nie
2026-01-31 20:19;nogut Danke für deinen Service und schönes Rest WE 🍀🌞
2026-02-02 11:36;588 dp
2026-02-02 11:48;ja. ich dreh mich jetzt auch wieder 🍀🤣
2026-02-02 14:54;718 dp
2026-02-02 14:58;Knipser danke der nachfrage, da er nicht ausgeruht werden kann , leider immer noch schmerzhaft
2026-02-02 14:59;falls jeman silber shorten will , ich plane long. 🤣🤑
2026-02-02 15:04;habnurwenig  danke für den tipp,hier in fl geht man zur thaimassage und gut 🤣 aber hatte bisher keine zeit
2026-02-02 15:06;habnurwenig ganz wichtig , man muß aufpassen welchen service man bucht, die handschellen klicken schnell bei illegaler ganzkörper behandlung 🙈🤣
2026-02-02 15:09;habnurwenig  soweit war ich noch nicht -🤣🦊🛶
2026-02-02 15:21;Bären-Helga. euch zu liebe habe ich das gemacht 🤣 bin doch bisher top kontraindikator gewesen und wer den stream verfolgt ist jetzt mit seinem short im plus 🤑 macht es mir doch nicht so schwer 🤣🍀
2026-02-02 15:41;silber long war ok. sl zu eng, aber man kann ja immer wieder 🤣🍀🤑
2026-02-02 15:47;es wird eng 738 dp dax
2026-02-02 16:08;monatserster 🤑🎁🥳 passt endlich mal wieder
2026-02-02 16:08;o 788 715
2026-02-02 16:20;nogut  stress kapuuter arm 815 und 838 und 855
2026-02-02 17:04;krass dp 781
2026-02-02 17:36;Bären-Helga. sag an. ich bin dabei 🤑😍🍀
2026-02-02 18:12;dp für euch meine freunde 🤝 ovn 792
2026-02-02 18:21;o 855 902 u 788 722 alles for free für meine freunde 🙋‍♂️
2026-02-02 18:56;gutes beispiel eben mal wieder zum thema unglücklich ausgestoppt 🍀 durch das aufteilen der positionen ist man immer mit dabei 🤑
2026-02-02 20:17;Viona hey ,mein alter freund. 🙋‍♂️🍀
2026-02-03 08:28;moin da schrillt der alarm und nicht der arm 🥳 950er Party
2026-02-03 10:43;IchglaubmeinDAXpfeift in situationen wie heute wenn dp weit weg und erst wieder 10.45 neu, haben wir noch einen tool der anhand von 1 u. 5 min anhand kerzen und dochte einstiege berechnet. ich weiß aber nicht wie ,bekomme nur tabellen zahlen. 🍀🌞
2026-02-03 10:46;IchglaubmeinDAXpfeift in berlin sitzen zwei programmierer, die seit drei jahren basteln .
2026-02-03 10:49;IchglaubmeinDAXpfeift naja, mußt du nicht. gesundheit und lebenszeit sind wichtiger und unbezahlbar. habe innerhalb der familie selbst einiges erlebt und weiß das, leider, 😥 zeit und gesundheit sind unbezahlbar 🍀
2026-02-03 10:58;IchglaubmeinDAXpfeift 10.45 uhr dp 971
2026-02-03 10:59;roth 69 so neumodischen kram wie telegramm oder so habe ich doch nicht , ist mir alles zu viel. klassische email adresse , no more . die habe ich hier schon öfters gepostet
2026-02-03 11:00;950 immer ausnahmesituation
2026-02-03 11:14;roth 69 klicke auf antworten, dann ziehe mit drag and drop ins fenster und posten . info for free 😉😅🙋‍♂️
2026-02-03 11:15;u 888 858 mgl
2026-02-03 11:21;922 fight poi
2026-02-03 11:22;AFK 🍀
2026-02-03 12:02;nogut  859
2026-02-03 12:17;knapp verfehlt 11:15 Uhr 🎁😅🤑🧨
2026-02-03 12:26;nogut nein das wusste ich nicht 😉🎁😅
2026-02-03 12:44;da gibt es Spielzeuge : mibs2026.d365.events/
2026-02-03 13:03;noch jemand wach ?
2026-02-03 13:10;nahpets67 man darf nicht zögern und muß gnadenlos sein. es ist doch nur geld . -🍀
2026-02-03 13:49;paypal zu viel konkurrenz und unzufriedene kunden. ich hatte noch nie ein konto bei denen, von wegen käuferschutz ....
2026-02-03 14:29;Franze  hat für mich kaum wert
2026-02-03 14:45;788 758 poi dp 841
2026-02-03 15:13;Monetenfred 14.45 Uhr 788 758 poi
2026-02-03 15:17;wenn 750 dann 722
2026-02-03 15:57;dow schmiert auch gleich ab
2026-02-03 17:51;ovn dp 758
2026-02-03 17:53;u 722 + 658 o 822 + 855 +
2026-02-03 17:54;habnurwenig aktuell dax sehr schwierig. zu oft hin und her
2026-02-03 18:32;a.freiberger bin eins drunter im stream. hat gr+ünde
2026-02-03 20:18;Monetenfred 17.53 Uhr
2026-02-03 20:24;im rücklauf kk an 658 erkannt
2026-02-04 07:55;nogut moin, du mußt dazu schreiben, nur hier bei stock3
2026-02-04 07:56;www.boerse.de/indizes/LundS-DAX/DE000LUSDAX6
2026-02-04 07:57;nogut aber es ist wichtig zu sagen, das der mangel nur hier vorhanden ist 😅😉
2026-02-04 08:11;522 poi 🎁 wie gepostet
2026-02-04 08:16;nogut stimmt, habe noch nicht egschlafen 🤷‍♀️🦊
2026-02-04 08:23;ein bekannter fragte mich nach einem fonds der nur auf dividentitel setz und ausschüttet. hAT der wer was im portfolio und kann empfehlen. ist nicht meine startegie und will auch nicht suchen.
2026-02-04 08:25;853 sind keine 855 🍀🤑
2026-02-04 08:25;gestern hier 17:53 Uhr bei fragen gern mailen
2026-02-04 08:33;nogut ich mach noch 2 h mit dann muß ich mal schlafen 😅 denke thailand wer besser für mich von den tages und handelszeit
2026-02-04 08:59;nogut danke für deine mühe, mit dem versorger für euch abo 11,99 kann ich das nicht lesen 😅🙋‍♂️
2026-02-04 09:00;nogut mein kumpel hazt eben geschrieben, er hatte eben eine stunde 7 € und extras wurden auch angeboten. 😅😉
2026-02-04 09:03;nogut habe kumpel , er lebt in thailand, er ware ebn zur massage, die stunde hat umgerechnet 7 eur gekostet, danach wurden ihm noch zusatzleistungen angebiten. 😅
2026-02-04 09:13;nogut können, gute rendite, ausschüttung mtl or vierteljährlich. und auf dividendentitel weltweit or europe
2026-02-04 09:24;vielen dank. mein mail ist monetenfredätgmail.com
2026-02-04 09:37;verisimile super. vielen dank. 👍
2026-02-04 09:48;DANKE. an ALLE die geschrieben haben, echt nett von euch. Ich wünsche euch allseits grüne Trades und viel Gesundheit 🍀🙋‍♂️
2026-02-04 09:52;SAP mal wieder 🧨
2026-02-04 09:53;SAP SE erreicht neues Jahres- sowie 52-Wochen-Tief, aktuell -2,98 % auf 162,02 €. Die bisherige Jahresperformance beträgt -21,30 %.
2026-02-04 09:58;nogut  9.49 was meinst du ?
2026-02-04 09:59;toolmmy siehe AMD. abwarten die hole ich aber.
2026-02-04 10:00;nogut super. danke
2026-02-04 10:09;Franze erst ab 10.45
2026-02-04 10:14;Bären-Helga. ah ok. dachte das läuft schon.
2026-02-04 10:45;dp 679
2026-02-04 10:46;poi 688 702 fight
2026-02-04 14:02;im laufenden dp 688
2026-02-04 14:26;Knipser Super. Danke für den Hinweis.
2026-02-04 15:56;dp 638
2026-02-04 16:00;605 poi fight falls 638 or 635 nicht halten
2026-02-04 16:14;722 poi fight
2026-02-04 16:25;nogut  755 poi 🙋‍♂️🍀👍🎁 ja sagtest du
2026-02-04 17:18;671 laufender dp
2026-02-04 17:18;es bedarf keiner news, es ist wie es ist. trade was du siehst 🍀
2026-02-04 17:19;add 16.00 uhr
2026-02-04 17:24;655 poi
2026-02-04 17:30;655 🧨
2026-02-04 17:43;605 ✅ 16.uhr
2026-02-04 17:45;638 ovn dp o 655 + 722 + 755 u 605 + 588+555
2026-02-04 18:59;Aclopapse ich bin hier und dafür habe ich gründe 💪
2026-02-04 19:00;Aclopapse du hast die wahl 😉 ich nicht 😅
2026-02-04 19:49;macht keinen sinn spread in vielen scheinen unrealistisch fast betrügerisch
2026-02-04 20:16;nogut bezog sich nicht auf den schein hier.
2026-02-05 08:08;hallo, hat schon jemand das silber rätsel gelöst ?
2026-02-05 08:21;Aclopapse wer hinter der vola steckt wer solche bewegungen verursacht und warum ich nicht dabei bin 😉🙋‍♂️
2026-02-05 08:32;Aclopapse zu 1. ohne mir 😅 zu 2 ich hasse parkett 🤣
2026-02-05 08:59;Knipser was bedeutet JPM ?
2026-02-05 09:03;habe ich mir gedacht aber was haben die mit silber zu tun ? und warum mehr als andere Banken ?
2026-02-05 09:12;bin mal off sleep
2026-02-05 11:47;dp 558 u poi 522 u 488
2026-02-05 11:51;nogut in meinem alter reichen 2 h 🤣außerdem gier 🤣🎁 was zu verpassen
2026-02-05 12:32;wer hat den DP ohne mein wissen weitergegeben 🤣🎁🍀🙈
2026-02-05 12:37;knisper würde schreiben bei JPM 🤣 nee war spass, siehst doch im 5er was da abgeht , range usw.
2026-02-05 13:15;www.cnbc.com/2026/02/05/peloton-pton-earnings-q2-2026.html
2026-02-05 13:31;Monetenfred ich reminder zu 11.47 Uhr dp 558 🍀 u poi 522 u 488 ✅
2026-02-05 13:46;dp brand new for free 431
2026-02-05 13:48;388 poi durch
2026-02-05 13:52;388 und 355 fighter
2026-02-05 13:52;Knipser  tut echt weh, aber ich ignoriere es . hab zu tun
2026-02-05 13:54;der silberkontraindikator war wieder aktiv 🤡🏋️‍♀️👻
2026-02-05 13:56;Knipser dankeschön. mein kumpel aus thailand schickt mir ständig bilder und sagt die therapeutinnen warten 🤣🤡
2026-02-05 14:03;388 poi wichtig
2026-02-05 14:23;was sagt euch der amd chart ? i like amd
2026-02-05 14:36;Bären-Helga. der Frisör Stammgast hat sich heute auch noch nicht gezeigt 🤷‍♀️
2026-02-05 14:47;nogut super. das ist gut. gibst du mir bitte bescheid wenn sich da was tut z.b. wenn gap geschlossen oder so. danke
2026-02-05 14:49;nogut sry, mach du es bitte für mich. ich möchte so zeugs nicht machen. danke
2026-02-05 14:49;übrigens dp 396
2026-02-05 14:52;z sagt 322 poi fight 🙈
2026-02-05 14:54;und das alles ohne SAP !
2026-02-05 14:55;ihr wisst was am superbowl an den börsen oft abgeht ?
2026-02-05 15:01;Bären-Helga. Für den Super Bowl LX am 8. Februar 2026 bedeutet dies laut Theorie: Ein Sieg der Seattle Seahawks (NFC) wäre ein Signal für weiter steigende Kurse. Ein Sieg der New England Patriots (AFC) würde laut Indikator auf ein schwieriges Börsenjahr hindeuten.
2026-02-05 15:12;322 wie 14.52
2026-02-05 15:18;Bären-Helga. weis ich nicht. kann nur von stunde zu stunde. aber im rücklauf an 322 long mal 15,45 uhr
2026-02-05 15:19;bonda den hat ich eben zum scalpen
2026-02-05 15:26;bonda da reitet der teufel mit. GL
2026-02-05 15:38;bonda congrats, du bist ein teufel 😅🎁💪
2026-02-05 15:44;nogut kommt vor. ich war eebn auch nicht schnell genug mit sl anpassen.
2026-02-05 15:55;bonda ein short. über dp
2026-02-05 15:56;nogut echt krass.
2026-02-05 15:57;bite heute auf amesen gespannt 🎁😅
2026-02-05 16:07;neues AZH 😎🥳
2026-02-05 16:20;heute 19 uhr auf silber 👀👻
2026-02-05 16:20;im dp aktuell 361
2026-02-05 16:27;nogut vielen dank,
2026-02-05 16:28;nogut ja das konnte sogar ich erkennen. habe den chart gespeichert und zu den programmieren nach berlin geschickt
2026-02-05 17:03;dp 371
2026-02-05 17:49;nogut oh jee , was es alles gibt, die filme schaue ich gern
2026-02-05 17:52;Monetenfred wo steht ik aktuell ?
2026-02-05 17:55;bei amzn halte ich dagegen . einsatz ein frisörgutschein
2026-02-05 18:09;Aclopapse mir ging es um das ovn rummsen. frisörgutschein
2026-02-05 18:15;DAXianer 2.0 dp ovn 488 melde mich mit u o nochmal
2026-02-05 18:19;der nasi ovn ist mir ein k wert
2026-02-05 18:22;DAXianer 2.0 danke. ich mag das blau.
2026-02-05 18:30;nogut genau, ich mich auch, denn das ist eine besondere art der bezahlung , ich freue mich über diese art der wertschätzung. 🍀
2026-02-05 19:11;Entspannung 🥳😅 www.youtube.com/watch?v=ezQs0sB8Q0s
2026-02-05 19:11;madzocker1  wir spielen eins tiefer
2026-02-05 19:17;verisimile dp ovn 488 u 422 388 o 488 532 Viel Erfolg euch ALLEN. 🍀🌞
2026-02-05 19:20;verisimile GERNE. Danke. Ein EX KSK-18 er kann die Schmerzen ertragen. 💪
2026-02-05 19:25;ljen Gerne. oh no. totalverlust mgl, ovn ist nicht meine stärke. hoffe der schein schafft es bis 10 pm 🙈
2026-02-05 22:01;nogut 🏅🍀
2026-02-06 07:52;Aclopapse  Hallo du 🦊 ibb.co/Pzs0MBzF
2026-02-06 07:58;Aclopapse du schon hier, warst unruhig wegen dem gutschein 🎁😅 congrats
2026-02-06 08:35;488er dp ovn aktiv
2026-02-06 08:46;bonda könnte 9 uhr etwas zappeln 😅
2026-02-06 08:53;Aclopapse  und das mit links 😅
2026-02-06 08:55;bin heute etwas geknickt. amzn hat mich enttäuscht 😥
2026-02-06 09:16;nogut ich rufe später DT an, der regelt da was 🌞😅
2026-02-06 09:19;Aclopapse Melania ist schon wach und sagte eben zu mir, lass ihn schlafen 🤡🤣
2026-02-06 09:28;dax und dp nerven die letzten tage extrem. stundenlang seitwärts range
2026-02-06 09:34;gestern 422 u 388
2026-02-06 09:36;422 mngl rebo
2026-02-06 09:42;mein silber fluch scheint beendet. Party für alle 🥳💪🤣🍀
2026-02-06 09:46;Monetenfred  haha kaum geschrieben rutsch die ... wieder ab 🛶🕵️‍♀️ heute ist echt viel los . schaffe nicht zu splitten und sl s
2026-02-06 09:47;achja und 390 ist nicht 388 🤣🍀🎁
2026-02-06 10:00;we8l ich grad zeit habe, im rücklauf dann wie angesagt an 422 long. mit sl anpassen .
2026-02-06 10:15;n100 ✅
2026-02-06 10:34;vorsicht www.youtube.com/watch?v=sVz-ugOE_Tc&list=RDsVz-ugOE_Tc&start_radio=1
2026-02-06 10:36;bin ich im falschen stream oder seid ihr abgelenkt ? 🤣🦊
2026-02-06 10:38;heute und am montag steigt es weiter. short mal zum scalpen , aber nicht gegen football trend.
2026-02-06 10:45;Knipser mache ich doch euch zu liebe seit wochen. 😉🤑 ist sonst nicht mein tradingstil. ab next week wird es ruhiger im depot
2026-02-06 10:52;us future ziehen an grün. zwar wenig aussagekraft zu dieser zeit 💪
2026-02-06 10:56;1. dp heute 521
2026-02-06 11:11;o 588 622 648
2026-02-06 11:46;ljen Danke. Genau solche Aussagen möchte ich lesen. Das gibt mir Kraft und freut mich 🍀
2026-02-06 11:47;vom bauch her vermute ich das n100 zur us start nochmal nachgeben wird, aber bin aktuell auch hungrig 😉🍀
2026-02-06 11:49;Knipser ein unten gibt es heute und montag nicht. kleine shorts zum scalpen aber mehr kommt da nicht
2026-02-06 11:51;im dp sind wir jetzt an 558
2026-02-06 12:06;ljen du warst doch mit mir im kamikaze schein ovn n100 long, haste die nerven behalten ? aktuell sind wir im plus und sl KK 🤑🍀
2026-02-06 12:07;sap rückkauf millarden programm zieht schön am dax 🕵️‍♀️
2026-02-06 12:11;ljen hatte sl 0,21 drin stehen , da war noch luft 🤑 hab jetzt mal häfte verkauft. war ja nur kleine ovn posi. alles gute für dich 🍀
2026-02-06 12:37;bin mal off. sleep
2026-02-06 14:58;nogut dp 588 poi 602
2026-02-06 15:07;Knipser d.h. über 588 und über 602 feuer frei
2026-02-06 15:17;622 658 688 wenn oben raus
2026-02-06 15:33;15:07 Uhr MEHR kann ich nicht für euch tun 🤑🍀🦊
2026-02-06 15:36;15:17 Uhr das passt 🤑🍀
2026-02-06 15:47;nogut Danke. Ich freue mich wenn ich for free helfen kann. Dir aber auch ein Danke für das was du hier lieferst 🦊💪
2026-02-06 15:57;bonda habe es doch erklärt. FOOTBALL WEEKEND 🦊💪🍀
2026-02-06 16:16;nogut IK macht das hauptberuflich und hat sicher auch noch leute ebschäftigt, ich trade aus langeweile weil ich lust darauf habe . ganz ohne druck oder stress 🌴🍀🎁
2026-02-06 16:20;dp 622
2026-02-06 16:44;ja klar veschiebt sich . bin beschäftigt . melde mich dann zum ovn we dp
2026-02-06 16:50;Bären-Helga. sei doch froh, wenn er nix macht gebe es keine vola 🤣
2026-02-06 17:47;So Leute, ich verabschiede mich jetzt ins Super-Bowl-Wochenende 🏈 – genießt das Game, habt viel Spaß, bleibt gesund und natürlich grüne Trades 🍀📈. Und ganz ehrlich: Ich freue mich über jedes „Danke“ von euch – dann weiß ich, dass meine Arbeit hier auch geschätzt wird. Bis bald! 🙌
2026-02-06 17:47;ovn we dp 678 u 622 655 o 724 755 788
2026-02-07 16:31;nogut Danke für deinen Earnings Service 🦊👍 nutze jetzt eine ergonomische mouse, klapp ganz gut. Dieser Bericht könnte von dir sein 😉 www.finanzen.net/nachricht/zertifikate/trading-idee-trading-idee-amazon-kurseinbruch-nach-quartalszahlen-15469228 ich wünsche Dir ein erholsames Restwochenende. 🍀🌞
2026-02-09 12:20;maggy_cat RIP . In stillem Gedenken. Mein Beileid allen Angehörigen und Wegbegleitern.
2026-02-09 12:37;Knipser sry, kann ich nicht beantworten, dazu müsste man die daten vergleichen , dazu habe ich weder lust noch zeit. ich vergesse die zahlen daten ziemlich schnell. unnötige last 🍀🤣 es zählt das hier und jetzt
2026-02-09 12:38;noch 753 dp
2026-02-09 12:41;Knipser auf mich rattert so viel zeugs ein, habe da echt keine zeit darüber nachzudenken, ich verlasse mich auf die daten der schreiber 🍀😉🦊 und trade
2026-02-09 12:43;Knipser 12:38 Uhr
2026-02-09 12:44;IchglaubmeinDAXpfeift 🤣 ich denke mal darüber nach. danke für das angebot
2026-02-09 12:45;12.45 uhr 792 dp
2026-02-09 12:58;also wenn, dann lade ich alle aus dem stream mal zu einer cruise in die karibik ein 🤣🎁🌴🌞🚤 abfahrt fort lauderdale
2026-02-09 13:17;da ich offiziell nur drei follower habe 🤣 hält sich die ausgabe in grenzen 🤣🍀🦊 ich war mal auf einem dampfer mit 3000 passagieren , das war mir zu viel 🥳
2026-02-09 13:22;xblue2018 hallo ?
2026-02-09 13:35;poi 838 und 888 noch keine 950 in sicht
2026-02-09 13:59;dp 816
2026-02-09 14:00;sun-set fort L stadt der milliardäre. wahnsin was da für yachten liegen 🙈 und paar hütten rum stehen
2026-02-09 14:58;dp von 14.45 uhr 824
2026-02-09 16:10;hatte dp 824 angesagt und oben poi 838 und 888 und alles rechtzeitig. konnte jeder mit traden 🍀
2026-02-09 16:29;poi o 922 dann guckt im z die 950
2026-02-09 16:44;950 🦊🍀✅
2026-02-09 16:45;heute war es echt easy . hat alle gut gepasst. muss an der neuen mouse liegn 🦊🤑
2026-02-09 17:04;Franze ja. so senkrecht wie dax🎁😎
2026-02-09 17:06;wie ich am freitag schon hier schrieb. football weekend. friday and monday steigt es 🍀🤑
2026-02-09 17:17;toolmmy  heute ist doch montag
2026-02-09 17:27;toolmmy kann ich als daytrader nicht beantworten. denke oft nur stunde zu stunde, sry
2026-02-09 18:59;988 ovn dp o 022 o 055 u 952 u 902
2026-02-10 09:09;Monetenfred  950 🦊👻 18:59 Uhr hier für jedermann for free, GN8 bis später
2026-02-10 09:34;ramsyi 055 nicht. v o rücklauf poi 022 short . wollte längst schlafen
2026-02-10 09:43;Monetenfred wenn die zeit da ist schreibe ich in spalte kommentar
2026-02-10 09:49;ramsyi immer gültig bis folgetag 9.45. jeder muß für sich das beste system aus den daten zu gewinnen
2026-02-10 09:59;a.freiberger zieh es doch per drag and drop in den stream wo du hin willst. easy. oder speichere es im desktop hier
2026-02-10 10:08;nogut hatte ich eben auch. jetzt wieder da. komisch
2026-02-10 10:10;Musterdepot Start 01 2026 ein paar Zeiger Reichmachertrades for free
2026-02-10 10:14;nogut und geht es wieder or mit den link ?
2026-02-10 10:16;nogut bei mir steht es weiter auf öffentlich. 🤷‍♀️
2026-02-10 10:19;nogut achso. ich dachte das depot wer nicht merh sichtbar. dann ist ja alles gut. man kann depots genau wie charts freischalten öffentlich oder lässt es privat
2026-02-10 10:22;kommt jetzt 055. das wer der 🎯🎁049,5
2026-02-10 10:23;nogut schon klar. es hätte sich auch was verstellt sein können 🤷‍♀️ deshalb meine nachfrage
2026-02-10 10:25;ich dachte schon, ich muß die entgangenen gewinne wegen nicht erreichbarkeit ausgleichen 🎁😉🥳
2026-02-10 10:26;055 ✅ Reichtum für alle
2026-02-10 10:28;sun-set keine ahnung , ich lese die ab und trage sie ein. jetzt habe ich auf risiko 2 genommen
2026-02-10 10:52;dp brand new for free 057
2026-02-10 12:31;Knipser  bei Silber 😉🤑 🤣 jederzeit
2026-02-10 13:00;008 dp
2026-02-10 13:10;o 055 088 108
2026-02-10 13:11;Monetenfred unterhalb dp 952
2026-02-10 14:07;Monetenfred 13.11 Uhr meine zahl nicht vergessen 952
2026-02-10 14:11;Knipser hast gesehen was die 40 bewirken 😉🤣
2026-02-10 14:17;Knipser ja stimm. sry. die seite hängt heutte immer mal bei mir.
2026-02-10 14:20;Knipser bin ich so gewohnt. sry, wird un usa oft benutzt. in germanystoßen sie dich in supermärkten am regal weg und fahren die in die haxe und in usa sagen sie sorry wenn si duch dein blickfeld am regal laufen.
2026-02-10 14:21;ich muß hier die seite ständig händisch aktualisieren 🙈
2026-02-10 14:36;den rk an 952 habe ich verpasst 🤣😉mal sehen was 14.45 uhr kommt
2026-02-10 14:42;dafür reminder an 988
2026-02-10 14:45;brand new for free dp 981
2026-02-10 15:45;dp unverändert
2026-02-10 15:51;geht doch gefühlt seit stunden nur seitwärts
2026-02-10 16:24;nogut super, hatte ich da was bestellt ?
2026-02-10 16:30;nogut ah ok. danke. sag mir bitte wenn wir unten am gap sind. dann kaufe ich. danke
2026-02-10 17:12;krass hatte echt den n100 schein verwechselt 💪😉🙈🤣
2026-02-10 17:17;wann kommen morgen zahlen von siemens energy ?
2026-02-10 17:29;Pablo Es vielen dank.
2026-02-10 17:30;gebe heute schon nach
2026-02-10 17:30;nogut danke. spannend
2026-02-10 17:50;dp n100 aktuell 25.304
2026-02-10 20:05;"Aclopapse was ist denn los ? macht dein immunsystem schlapp ? da kann man sich was in die vene drücken lassen. Die Infusionen, oft ""Power-Infusionen"""
2026-02-10 20:17;Aclopapse ach mensch. so ein mist. alles gute für dich 🍀
2026-02-11 08:49;hi, siemens energy . ich habe es geahnt. aber das risiko einen solchen wert ovn zu kaufen war mir einfach so groß. 🤣🍀
2026-02-11 08:56;a.freiberger habe ich heute morgen in kommentar bei ersten trade eingetragen
2026-02-11 09:00;toolmmy congrats, aber bitte in zukunft gern im vorfeld hier darüber schreiben. davon lebt die community. 🍀
2026-02-11 09:02;Monetenfred 950 erstmal gewinnmitnahme 😉 will ja nicht wieder den ganzen tag wieder so hart schuften müssen 🕵️‍♀️🌴🌞😎müssen
2026-02-11 09:11;nogut nein. hatte egstern geschrieben das ich falls zeit in kommentar fenster schreibe. die anordnung der tabelle wo kommentarspalte sichtbar kann sich jeder selbst einstellen 🦊👻
2026-02-11 09:20;950 903 888 ✅
2026-02-11 09:24;Aclopapse  gut . congrats ✅🍀🦊
2026-02-11 09:55;Knipser bestes schulter trading eh training ever 🍀🤣 bei grünen trades lassen die schmerzen nach
2026-02-11 10:02;Knipser leider nicht 🤣🦊
2026-02-11 10:26;Verzweiflung oh das tut mir leid, warst du short unterwegs ? bitte nicht verzweifeln, es kommen wieder neue einstiege 🍀
2026-02-11 10:57;stock3 bitte diese Scheine isns system einlesen ! www.onvista.de/derivate/Knock-Outs/Knock-Outs-auf-DAX?cols=instrument,strikeAbs,knockOutAbs,dateMaturity,quote.bid,quote.ask,gearingAsk,spreadAskPct,derivativesSubCategory.id,issuer.name,urlProspectus&gearingAskRange=&idExerciseRight=1&idIssuer=53881,54283,53159
2026-02-11 11:11;dp 872 poi 922 946
2026-02-11 11:45;888 dp 11.45 902 poi 922 and more u 855 leg mich mal paar stunden hin
2026-02-11 14:53;gäääääääääääähn 😎
2026-02-11 15:03;dp 952
2026-02-11 15:11;u 902 wenn 888 und 858
2026-02-11 16:14;15:11 Uhr 15:03 Uhr Reichmachernasgen
2026-02-11 16:25;man muß dabei sein 🤑🤣🦊🍀👻
2026-02-11 16:29;Vom Sofa an die Börse – Mit Monetenfred zum Rendite-Rambo. 🦊🤣🍀
2026-02-11 16:31;an 855 ist alles möglich poi ❤💘
2026-02-11 16:32;Warum kompliziert, wenn’s auch Fred geht? Daytrading für Siegertypen. 🎯
2026-02-11 16:59;xblue2018 alles klar ?
2026-02-11 17:05;roth 69 er hatte mir geschrieben. er zahlt nicht 89 euro mtl. um im jesof stream zu sein. hä ?
2026-02-11 17:24;Verzweiflung das wird berechnet. keine ahnung wie genau, ehrlich gesagt denke ich darüber auch nicht nach. wir haben nicht nur für dax dp und poi, ich schreibe die zahlen nur aus listen ab und trage sie ein
2026-02-11 17:25;Torte73 weiß ich doch, aber xblue meint er müsste das hier auch bezahlen
2026-02-11 17:26;tradespalte kommentare fülle ich je nach zeit immer aus, tabelle
2026-02-11 17:34;Verzweiflung us indices, dax, gold, silber habe ich daten. da ich weder zeit noch lust habe das in einem fremden stream zu posten kann ich nur dax hin und wieder und ich mache es for free . andere nehmen viel geld für solche angaben und sind auch erfolgreicher 🤑😉
2026-02-12 12:20;dkatle die arbeit kannst dir sparen, wollte schon zum 31.01. mit der arbeit aufhören. weil noch eine wichtige entscheidung aussteht werde ich es noch bis 28.02. präsentieren. 🍀
2026-02-12 13:17;bonda dp laufend 176
2026-02-12 13:27;nogut für den call kauf 😉😅 du 🦊
2026-02-12 13:30;poi 222 u 258 or dp down 152 122
2026-02-12 13:41;nogut du wirst es bemerken 😉😅
2026-02-12 13:44;FC5SN0 keine daten hier 👎
2026-02-12 13:45;same here FC5SNM 🕵️‍♀️ so kann ich nicht arbeiten
2026-02-12 13:51;kann ich dann erst morgen hier einbuchen 🤣🤣🤣 und das obwohl man livetrading for free erwartet 😉😎🎁
2026-02-12 13:54;der Abschreiber krank geworden 🤣🙈 www.onvista.de/derivate/Knock-Outs/Knock-Outs-auf-DAX?gearingAskRange=&cols=instrument,strikeAbs,knockOutAbs,dateMaturity,quote.bid,quote.ask,gearingAsk,spreadAskPct,derivativesSubCategory.id,issuer.name,urlProspectus&idIssuer=53881,54283,53159
2026-02-12 13:56;piek KEINE DATEN hier verfügbar.
2026-02-12 13:58;was werden bloß die follower sagen wenn sie die trades nicht sehen können 🙈 ich zahle besser die gewinne aus 😎🎁
2026-02-12 13:59;222 👻✅ dp now 202
2026-02-12 14:24;KOMMENTAR spalte funktion im depot seit tagen aktiv. einstellung muß jeder selbst vor nehmen. kann helfen das zu lesen. 😉🕵️‍♀️
2026-02-12 14:26;die TRADES mit scheinen die es zwar bei Brokern und Tradingplattformen gibt , aber hier NOCH nicht gelistet sind werde ich nicht veröffentlichen. 🦊
2026-02-12 14:48;dp uvändert
2026-02-12 15:06;wann ? irgendwann sicherlich 😉
2026-02-12 16:17;188 dp
2026-02-12 16:40;090 088 058 mgl
2026-02-12 16:47;and dp 118
2026-02-12 18:15;ovn dp 861
2026-02-12 18:30;u 822 802 o 902 952 008 dp 861
2026-02-12 18:32;sry 922 übersehen poi
2026-02-12 18:33;Knipser danke. immer wenn du mich daran erinnerst tut es wieder weh 🤣💪
2026-02-12 18:42;Jeder POI Widerstand der überbrückt wird führt zum nächsten Ziel, sonst wäre es ein Top für danach folgende Abwärtsstrecken.
2026-02-12 19:19;im normalfall schmiert der dax ovn ab und morgen gap down. es sei denn us zieht wieder an.
2026-02-13 07:46;Monetenfred  hi, 19:19 Uhr
2026-02-13 07:48;18:30 Uhr 🤑😅
2026-02-13 08:41;schon gewinnmitnahmen bei siemens 🕵️‍♀️🦊
2026-02-13 09:02;IchglaubmeinDAXpfeift rwe call wurde im gehackten nogut genannt. aus spass und nächstenliebe habe ich gekauft , so mal für test , den muß man wohl bis ende 2026 halten
2026-02-13 09:06;IchglaubmeinDAXpfeift potenzial sehe ich bei siemens energy. mittelfristig. die berliner zeiger programmierer habe die aktie in ihren depots.
2026-02-13 09:10;IchglaubmeinDAXpfeift die jungs sind keine daytrader, das ist ihnen zu nervig. die machen lieber mit nvda über paar jahre +1000% 😅🤑
2026-02-13 09:11;nogut du 🦊🍀
2026-02-13 09:21;kuhbauer moin, ich stelle es dann bis auf weiteres ein. 🙋‍♂️
2026-02-13 09:30;822 wichtig l+s dax
2026-02-13 09:47;822 start in beide richtungen
2026-02-13 10:55;788 new dp
2026-02-13 10:58;wenn 788 durch 722 o 855 888
2026-02-13 10:59;ich mach mal pause, next week bin ich mal wieder in germany, muß unbedingt die zugefrorene ostsee sehen 🙋‍♂️
2026-02-13 11:03;nogut nein. bekomme ständig bilder. rügen alles zu. sassnitz usw.
2026-02-13 14:25;nogut hast du schon beim aktionär angerufen ? was empfehlen die für einen Schrott 🤣🙈
2026-02-13 14:35;nogut komisch bin mir sicher das gestern der rwe schein im hack der ki stand. woher soll ich sonst das ding haben ?
2026-02-13 14:38;nogut oh. sry. ich dachte das kam von dir 🤷‍♀️ der tip
2026-02-13 14:47;nogut das dauert mir zu lang, eh sich das was tut . bin da raus .
2026-02-13 14:50;dp 888
2026-02-13 14:57;o 922 952
2026-02-13 14:59;nogut ich komme nicht hinterher. 🤣🍀
2026-02-13 15:12;oder 888 🦊 902
2026-02-13 16:04;862 dp
2026-02-13 16:52;dp 902
2026-02-13 16:53;FC5V0N
2026-02-13 17:30;Jetzt wird die Hose für den Rückflug morgen auf Kante gebügelt. ✈️👖 🤣 Gleich kommt noch der OVN DP! 📊 Schönes Wochenende an alle! 🍻
2026-02-13 17:47;902 dp ovn
2026-02-13 18:05;o 952 988 022 u 888 855 812
2026-02-15 11:44;ERSTER 😅🙋‍♂️ Ostsee Binzer Bucht komplett zugefroren. nogut hier ist nix am Abtauen. ibb.co/YFqbGzym ibb.co/Y71Vp0Rp
2026-02-15 12:22;Verzweiflung verstehe nicht ? ich habe doch immer ulaub , ich wechsle nur immer mal die standorte und die beschaulichen gartenlauben 🤣🙋‍♂️ schönen restsonntag
2026-02-15 14:26;nogut da laufen ein paar Verrückte über das Eis, Richtung Binz. Das andere Bild zeigt am Horizont Mukran und Sassnitz. schönen Restsonntag. 🍀
2026-02-16 13:04;Knipser war da nicht dividendenauszahlung ?
2026-02-16 13:21;Knipser bin mir nicht sicher, habe es nicht geprüft, hatte da was gelesen. 🍀
2026-02-16 14:29;www.ardmediathek.de/video/nordmagazin/eisbrecher-neuwerk-defekt-im-rostocker-hafen/ndr/Y3JpZDovL25kci5kZS8xY2YzZDQyZS04NmViLTQxODItOTMyNi1jYzY2ZDVlYTNjMTg krass. 🤦‍♂️
2026-02-16 14:36;Knipser da muß sich Pistorius oder Frau Leyen kümmern 👌
2026-02-16 15:00;Ich war heute hier in Germany im Spermarkt einkaufen und bin echt schockiert über die Entwicklung. Wenn man die Freundlichkeit aus Florida gewohnt ist, ist das hier wie ein Schlag ins Gesicht. Die Leute im Supermarkt laufen rum, als wären sie alle auf 180 – richtig aggressiv und böse Blicke, wo man nur hinschaut. Es gibt kein ‚Hallo‘, kein Grüßen, einfach gar nichts. Man fühlt sich fast schon unwohl. Und das Verkaufspersonal? Denen ist es völlig egal, ob du ein zahlender Kunde bist oder nicht. Da ist null Service-Gedanke, man wird eher ignoriert oder wie eine Last behandelt. In Florida ist das eine ganz andere Welt: Die Menschen sind nett zueinander, fragen proaktiv, ob sie helfen können, und man spürt einen respektvollen Umgang. Es ist wirklich traurig zu sehen, wie sehr sich die Stimmung in Deutschland zum Negativen verändert hat. Der Unterschied ist einfach extrem.
2026-02-16 15:09;Knipser hast du denn einen vergleich ? 😉
2026-02-16 15:15;Knipser ach Bayern 😉 das gehört ja schon lang nicht mehr zu Deutschland 🤣 Congrats
2026-02-16 15:16;„Wenn man hundert wird, kann man nicht mit Mitte 60 aufhören zu arbeiten“ www.tagesspiegel.de/politik/spahn-erwartet-hoheres-renteneintrittsalter-wenn-man-hundert-wird-kann-man-nicht-mit-mitte-60-aufhoren-zu-arbeiten-15247019.html
2026-02-16 15:19;Knipser weil ihr immer nur über den großen Teich schaut 😂
2026-02-16 15:24;Knipser hatte paar Jahre mit GEMA zu tun, die sind wie Stasi 2.0 und haben unsere Veranstaltungen bespitzelt .
2026-02-16 15:25;Knipser jetzt evtl. noch 10 bis 20 P
2026-02-16 15:33;Monetenfred habe im z 855 unten bis 15.45
2026-02-16 15:36;Cord07 oh jee, das tut mir leid . ich halte mich hier noch sehr zurück . ich könnte über vorgänge berichten...aber das würde hier zu weit führen. alles gute für dich🍀
2026-02-16 16:08;Cord07 oh jee, das liest sich wie ein krimi . schrecklich was dir passiert ist. polizei ist völlig überlastet und keiner respekt vor denen. alles verrückt hier : jetzt diskutiert man bei den schaffnern bei der bahn über body cams , anstatt sie sofort zu kaufen wird zwei jahre debatiert und die vorstandsleute verdienen millionen. 😒
2026-02-16 16:33;Cord07 kann man da mal bei aktenzeichen xy anfragen ?
2026-02-16 18:26;nogut 807
2026-02-16 18:51;o max 950 u 750
2026-02-17 07:59;Moin, wer ist denn Alles hier ? Bin gespannt ob sich mehr als 10 melden 😉
2026-02-17 08:06;722 und 702 wichtige marken.
2026-02-17 08:06;Turbo Long auf DAX spread 10 cent
2026-02-17 08:10;Kauf Unlimited X-Best Turbo-Optionsschein auf DAX ab 722 long mgl.
2026-02-17 08:12;nogut mag sein das es zu dem zeitpunkt wo du geschaut hast so war. bei mir war es wie geschrieben. habe aber keine zeit für sreenshot usw. 🍀
2026-02-17 08:15;12Trader hier aktiv. das ist mager. ich brauche wenigstens 20 das es sich für mich rechnet 😉👌
2026-02-17 08:24;wenn 702 mgl. 688 u 658
2026-02-17 09:01;es freut mich wenn ein plan 🍀🤞🤑
2026-02-17 09:06;stopps sind platziert. gewinne teilrealisiert. buchgewinne safe mit sl. nun entspannt warten und frühstücken. 10.45 liefert Z wieder. bis dahin wie angesagt. 🍀😉
2026-02-17 09:28;ramsyi  GERNE. Wenigstens Einer der von meinen heutigen Daten und Ansagen profitiert hat. 🍀🤞
2026-02-17 09:37;thommyKetchup super. zwei leuten helfen zu können . ist besser als keinen. 802 nun in bd rtg wichtig.
2026-02-17 10:00;warteschleife long wie unten schon 802
2026-02-17 10:07;Cord07  super danke, viel erfolg und immer stopp setzen und beachten 🍀 bin daytrader und ahbe die anderen positionen mit gekauft damit auch der mittelfristige follower vielleicht davon profitieren kann. 👌
2026-02-17 10:12;Aclopapse und ich wollte eisbaden abder die eisdecke war zu dick. muß erst einen bohrhammer organisieren 🤣
2026-02-17 10:18;da fehlen selbst mir die Worte : www.bild.de/politik/inland/gefaelschte-clips-im-heute-journal-zdf-korrigiert-beitrag-zu-trump-abschiebungen-699412be6e842744e5c57da3
2026-02-17 10:31;"IchglaubmeinDAXpfeift wir nannten das früher ""Aktuelle Kamera"" oder Schwarzer Kanal"" 😒"
2026-02-17 10:38;Cord07 wichtig ist die position aufzuteilen und die stopps entsprechend anzupassen. gutes beispiel eben wieder bei dax long. sieben bildschirme und drei tastaturen 😁🎶
2026-02-17 11:24;brokerchooser.com/best-brokers/best-brokers-for-algo-trading-in-germany
2026-02-17 12:13;nogut 822
2026-02-17 12:13;nogut das, möchte ich nicht verraten. 😊
2026-02-17 12:19;Knipser habe doch heute noch kein poi veröffentlicht
2026-02-17 13:08;asty for free asty
2026-02-17 13:59;nogut rwe call rollt. bin zwar nicht mehr dabei, der weg ist richtig
2026-02-17 14:35;nogut  du bist halt unser Stream 🦊 Fuchs
2026-02-17 14:40;magic 822
2026-02-17 14:47;now dp 802
2026-02-17 15:47;Asti ich habe dich freigeschaltet 🤣🍀🤞
2026-02-17 15:48;laut börsengerflüster gab es den schub über sap kauforder. hören sagen
2026-02-17 15:50;alex.s nio habe ich schon oft getradet und auch mal kurz im 2026er depot.
2026-02-17 16:11;also silber hat mich echt auf dem kicker. bester kontraindikator ever 🤣🎶
2026-02-17 16:42;roth 69 er behaupetet mir gegenüber der stream hier kostet 89 im monat. ich ahbe evrsucht ihm zu sagen free, aber bekam nur ein nö
2026-02-17 17:24;ich. war eben im Binzer Skigebiet unterwegs und habe den Dax verfolgt. 🤦‍♂️ 950 for ever
2026-02-17 18:38;Superfast 968 ovn dp u 922 902 888 o 988 022
2026-02-17 20:11;Knipser dann erst wieder 022 abwarten und weiter
2026-02-17 20:18;Knipser aha. na dann viel erfolg euch beiden. 🍀
2026-02-17 20:21;Knipser jeder muß für sich ein gewisses gespür entwickeln, ist auch von dem marktumfeld usw.
2026-02-17 20:24;spartaner99 war +10% dann ziehe ich sl auf kk or etwas höher. habe als daytrader oft keine nerven für so längere trades.😁
2026-02-18 10:44;ljen moin, Silber da muß ich noch lernen oder der Z. aber der anfang ist oft schwer. 🍀😉
2026-02-18 10:45;siemens in zwei tagen mehr vola als in zwei jahren 🤣
2026-02-18 10:48;dp 171
2026-02-18 10:53;u max 25 k o max. 255 und 288
2026-02-18 11:38;Verzweiflung stimmt 🤞
2026-02-18 14:26;ljen prima , das es bemerkt wird 🤞😊
2026-02-18 14:56;163 dp von 14.45 uhr
2026-02-18 15:20;Rackspace Technology Inc. Registered Shares DL -,01 🎶
2026-02-18 15:22;nogut weiß er doch 🤞
2026-02-18 15:44;giertrade läut auch, man muß dabei gewesen sein 🤣🤑
2026-02-18 16:04;ja ist denn jetzt 10:53 Uhr ? 😂😉
2026-02-18 16:40;ich mag wenn alles grün ist 😂🤑
2026-02-18 16:44;stimmt, zu viel krimskrams bringt den plan durcheinander 😂 und ich werde beirrt
2026-02-18 16:48;ich brauche Urlaub vom Urlaub www.holidaycheck.de/magazin/ratgeber/wellnesshotels-mit-den-groessten-spa-bereichen
2026-02-18 16:53;hat aber ewig gedauert 🤣🤑🍀
2026-02-18 18:09;288 dp ovn
2026-02-18 18:11;herrlich so ein aufgeräumtes ovn depot. i like it 😍
2026-02-18 18:28;o 322 355 u 255 222 mgl.
2026-02-19 07:26;Superfast moin. die frage beantwortet ein blick in das für jedermann freigeschaltete depot 😉
2026-02-19 09:53;YES. OVN + 100% Traden leicht gemacht MONETEFRED 🎶🍀🤑🤣
2026-02-19 10:36;subxero ich kann mich nur immer wiederholen. 10.45 uhr kommen erst wieder daten. das ist börsentäglich immer so und sollte inzwischen bekannt sein. ansonsten scrollen lesen handeln
2026-02-19 11:49;dp von 11.45 uhr 25.047
2026-02-19 12:29;im free abo service darf der anbieter zwischendurch auch mal andere dinge erledigen, im bezahl aboservice darf das allerdings nicht passieren 🤣🤞
2026-02-19 13:03;dp 044 fast uvä
2026-02-19 13:05;u 022 988 keine 950
2026-02-19 13:08;o ab 068 098 122
2026-02-19 13:33;nogut aber kommen an 068 nicht weiter
2026-02-19 13:46;nogut  glückstreffer 🍀🤞😂😉
2026-02-19 14:03;Knipser nogut ich esse jetzt auch nebenher 😉mittag
2026-02-19 14:09;Knipser nogut danke. walnüsse, rote beete, banane, limette, kurkuma, ingwer, datteln und hafermilch als smoothie
2026-02-19 16:11;015
2026-02-19 18:51;ovn dp 016
2026-02-19 18:58;950 wird jetzt angezeigt sogar noch etwas tiefer oben 068 dann weiter , aber dp beachten , hatte heute einige hardware probleme noch nicht ganz behoben. wut
2026-02-19 19:12;Knipser noch nicht vollständig .
2026-02-19 21:11;alex.s ja hier tiefster winter . binzer bucht komplett zu gefroren. schrecklich
2026-02-19 21:14;ovn flat
2026-02-20 08:23;alex.s moin, ok. Samstag bin ich zur Kurkartenkontrolle 😂 und Eisschauextragebühr eingeteilt 🤞🍀 viel spass
2026-02-20 08:58;Knipser schlimm, das ist auch welcher den dokortitel laut hören und sagen erschwindelt hat.
2026-02-20 09:03;Monetenfred und echt sympatisch : www.mdr.de/nachrichten/thueringen/voigt-doktortitel-afd-misstrauensvotum-100.html
2026-02-20 09:16;bin 068 short
2026-02-20 09:23;und an 001 long - beides sieht gut aus
2026-02-20 09:41;nun auf beiden seiten gewinne mitgenommen die 68 ist ja seit gestern hier bekannt .
2026-02-20 10:09;122 🏋
2026-02-20 11:04;087
2026-02-20 11:08;keine 950 jetzt im Z 991 u o ab 122 more
2026-02-20 11:21;bin dann mal zum Eisschollen fahren 😉
2026-02-20 14:50;alex.s sorry, ich habe schnell eine fahrrinne angelegt 😉🍀 hoffe es stört dich nicht. ibb.co/ZRCfW1DH
2026-02-20 14:51;dp 094
2026-02-20 15:06;nogut auch für dich ibb.co/ZRCfW1DH
2026-02-20 16:09;www.cnbc.com/2026/02/19/stock-market-today-live-updates.html
2026-02-20 16:10;Franze ich wollte nachkaufen, war aber zu faul 😉🤑
2026-02-20 16:13;181 wichtig
2026-02-20 16:56;lasst euch nicht beirren friday long Attacke
2026-02-20 18:20;Strandläufer dp beachten
2026-02-20 18:28;„Seid doch froh, dass ihr Trump habt! Ohne ihn hätten wir bei Weitem nicht so viel Geld verdienen können. Die Volatilität, die er in die Märkte bringt, ist einmalig – das gab es vorher nie. Die letzten Monate waren einfach genial.“
2026-02-20 18:29;dp ovn we 241
2026-02-20 19:22;"u max. 988 o maX; 355"
2026-02-20 20:23;""" Enjoy your weekend ! "" 😎"
2026-02-23 12:47;moin,12.45 dp 131
2026-02-23 12:50;u max 988 dann 958 o max 188 222 258
2026-02-23 14:47;dp uvä 131
2026-02-23 15:02;Knipser dachte schon ich hätte sl vergessen 🍀😉
2026-02-23 16:07;was heißt GS - bin früher GS gefahren 🍀😉
2026-02-23 16:08;oh no 106 dp seit 15.45 uhr
2026-02-23 16:14;Ja, in der DDR stand das Kürzel GS bei Motorrädern für Geländesport. 😁
2026-02-23 16:20;keine 950 im Z , falls sollten wir 022 stoppen bis 16.45 gültig
2026-02-23 16:21;NIO KEY STATS Open5.20 Day High5.40 Day Low5.19 Prev Close5.07
2026-02-23 17:28;nogut sry, habe lange telefoniert und alles versäumt 🤞
2026-02-23 17:31;die shorts sind heil geblieben aber jetzt ab 952 long verpasst 😁🍀
2026-02-23 17:58;Tradersdream123  erst über 25022 weiter long
2026-02-23 17:59;Trader00815  naja 106 dp ab da short und splitten und sl
2026-02-23 18:24;dp ovn 25.031 o poi 022 ja unter dp, ist eben so , ich frage da nicht nach 😂 o 058 o 088 o 122 u 988 952 922 888
2026-02-23 19:06;Knipser ja , aber soll keine geheime nachricht sein und auch nicht politisch.
2026-02-23 19:20;www.welt.de/politik/deutschland/article699c111aee35d0f0647c459e/heilbronn-polizei-zeigt-rentner-wegen-pinocchio-kommentar-zu-merz-besuch-an.html?cid=socialmedia.email.sharebutton nur gut das Trump hier nicht mitliest, sonst würde einige User schon in Guantanamo sitzen 😂🍀
2026-02-23 19:33;022 suprise 🤞😎
2026-02-23 19:36;Knipser ein paar zahlen kommen häufiger vor, das fällt auf, 🍀
2026-02-23 19:39;silber lockt dp 87,48 jfd
2026-02-23 19:40;👻👽 022
2026-02-23 19:41;Knipser ja so halb. aber arm und schulter noch nicht, brauche trip zu kumpel nach thailand, der kennt dort massössen 😂
2026-02-24 07:41;dkatle moin, schreibe das doch mal an stock3, vielleicht gibt es dann eines tages hier mehr von mir . ein eigener stream ...🤷‍♂️😉
2026-02-24 08:19;Knipser moin, ich suche nach Ruhm und Ehre 😉 Geld kommt und geht 😂
2026-02-24 09:10;Monetenfred  ich muß erstmal gestern 18.24 Uhr lesen 😉👻🍀
2026-02-24 09:16;Glück gehabt 😂🍀👻 18:24 Uhr dp ovn 25.031 o poi 022 ja unter dp, ist eben so , ich frage da nicht nach 😂 o 058 o 088 o 122 u 988 952 922 888
2026-02-24 09:29;950 unberechenbar beide rtg mgl. ,da halte ich erstmal füße still 😉🎶10.45 new Z
2026-02-24 09:31;bin long 950 gier
2026-02-24 09:34;gutes beispiel gier frisst hirn. 🤣 sry
2026-02-24 09:48;FC54DL keine daten verfügbar 902
2026-02-24 10:41;echt stressiger vormittag 🤑🤞
2026-02-24 11:00;nvda zahlen . morgen ?
2026-02-24 11:11;super, nvda after close. mittwoch . danke euch. das wird eine party
2026-02-24 12:04;Knipser danke für den hinweis, auf solche dinge wird im z nicht geachtet, ich bekam die kaufanweisung direkt aus berlin .🍀🤞
2026-02-24 12:07;heute war ich etwas abgelenkt, hatte nebenher noch ein immobilienseminar über zoom am laufen 👻😁🍀
2026-02-24 12:17;11.45 dp 956
2026-02-24 12:26;o 022 max. next h u 912 next h max
2026-02-24 12:48;ihr wisst ja 988 👻
2026-02-24 13:05;der Z wusste es schon after hours After Hours: Last | 7:04 AM EST 221.11quote price arrow up+24.51 (+12.47%)
2026-02-24 13:06;Knipser der AMD Schein +71,76 % 😂😉🤑
2026-02-24 13:07;12.04 Uhr 😎
2026-02-24 13:08;Musterdepot Start 01 2026 ein paar Zeiger Reichmachertrades for free
2026-02-24 13:54;übrigens brand new dp dax 968
2026-02-24 13:57;u max 922 🍀
2026-02-24 14:12;"Knipser warum sollten sie das tun. geld wird immer mehr. keiner wird zur verantwortung gezogen, das volk ist egal. minderheiten wie pflegebedürftige werden immer mehr gekürzt usw. der spahn sagte doch ""wer 100 wird kann nicht mitte der 60ziger in rente"" immer heist es die rentenkassen sind leer , die pensionskassen nie 🤦‍♂️"
2026-02-24 15:02;sry. dp 952 von 14.45 uhr
2026-02-24 15:05;sieht ganz so aus als funktioniert der zeiger nun auch bei silber 😂🍀
2026-02-24 15:11;Trader00815 guck mal 15.02 Uhr habe ich sogar die Uhrzeit dahinter geschrieben. ab nächster woche zahle ich dann gewinne aus , wer dabei sein will einfach iban hier posten 😂👻🍀
2026-02-24 15:12;ljen  der kampf geht weiter. der dax ist ein .... naja
2026-02-24 15:14;nach unten ist die 952 ein fight
2026-02-24 15:29;spannend an 922 🫣
2026-02-24 15:33;same game 10 am ? 902 fight
2026-02-24 15:47;Franze  wo wie was meinst du ? dp von unten kommend tangiert dynamik immer gut
2026-02-24 15:48;Franze  kann vorkommen. da kann man aber vorsorgen 😉
2026-02-24 15:55;die moves im dax 🫣🤣🎶
2026-02-24 16:04;022 dann more 055
2026-02-24 16:35;Franze  gier. jeder will dabei sein, keiner will den move verpassen
2026-02-24 16:36;ljen 088 vergessen
2026-02-24 16:41;das man mir den n100 l geholt hat ärgert ein wenig, aber regelbuch z ist regelbuch
2026-02-24 17:23;25.012 ist laufender dp bis 17.45
2026-02-24 17:46;alles ist möglich. dp ovn 988 o 058 066 102 u 952 902 mgl. 888
2026-02-24 17:52;🤣🎶 www.bild.de/politik/inland/merz-trifft-xi-und-trump-diplomatischer-showdown-699d8d62ee35d0f0647c5cb1
2026-02-24 18:02;"IchglaubmeinDAXpfeift habe ich auch so gedacht, aber dann gelesen ""Was holt Merz beim China-Trip für uns raus?"""
2026-02-24 18:03;für heute schließe ich das orderbuch. man muß auch mal pause haben 😎
2026-02-25 09:19;Monetenfred gestern 17.46 Uhr moin. oben hat es fast geklappt . ab 25 k geht immer was
2026-02-25 09:35;022 now wichtig 👻🍀
2026-02-25 10:56;1. dp 038
2026-02-25 11:30;101 ist nicht 102 👻😂🍀😉
2026-02-25 11:30;laufender dp 061
2026-02-25 11:35;102 👻😎 Jeder POI Widerstand der überbrückt wird führt zum nächsten Ziel, sonst wäre es ein Top für danach folgende Abwärtsstrecken.
2026-02-25 11:37;nogut stimmt, hatte nicht auf die uhr geschaut , habe es nur in der liste gesehen und weiter gegeben
2026-02-25 11:46;nogut ich rife gkeich die programmierer an und frage ob ihr uhr falsch eingestellt ist. keine ahnung wieso warum. ist mir aber egal. ich nehme die zahl und verarbeite meine daten . so jetzt 11.45 uhr dp unverändert
2026-02-25 11:52;nogut stimmt, ich werde auf jeden fall reklamieren 🤣
2026-02-25 11:57;alex.s geht auch ohne anmelden
2026-02-25 12:03;alex.s jetzt fast alles weg nur noch strandbereich vereist.
2026-02-25 12:14;alex.s ich saß viele stunden vorn an der seebrücke und habe nach dir ausschau gehalten 🫣
2026-02-25 14:48;toolmmy die bewegung nachbörslich kann eine andere sein wie dann zur eröffnung morgen
2026-02-25 15:49;dp 15.45 UHR 138
2026-02-25 16:05;Aclopapse wie wo was habe ich verpasst ? hast du beim Frisör was gehört ? 🤣🫣
2026-02-25 16:09;Aclopapse naja nvda ist auch knapp 2% vorn
2026-02-25 16:11;Aclopapse ja habe verstanden. ich bin nvda short. ich kenne sie aber nicht.
2026-02-25 16:12;138 👻
2026-02-25 16:13;Aclopapse das coole ist, man schaut heute abend nachbörslich und morgen zu börsenhandel ist es komplett anders 🤦‍♂️🤞
2026-02-25 16:47;dp uvä 16.45
2026-02-25 17:34;o 182
2026-02-25 17:51;148 ovn dp
2026-02-25 18:01;ovn o 188 222 u 122 112 088 148 dp
2026-02-25 18:06;nogut weder noch, gleiche quelle wie gestern amd , bin etwas früh dran. keine handelsempfehlung
2026-02-25 18:25;nogut genau, aber das war an dem tag zu viel ,das ich durcheinander kam. man kann nicht überall dabei sein 😎🍀
2026-02-25 19:10;Geld kommt und geht....
2026-02-25 19:27;"Die Kursentwicklung wird maßgeblich von zwei Faktoren abhängen: Ausblick (Guidance): Marktteilnehmer achten besonders darauf, ob CEO Jensen Huang die Prognosen für das nächste Quartal (Erwartung: ~70,7 bis 72,6 Mrd. USD Umsatz) übertreffen kann. KI-Nachfrage & Margen: Fokus liegt auf der Profitabilität der neuen ""Rubin""-Plattform und der anhaltenden Nachfrage durch Cloud-Giganten. Einige Analysten warnen vor einem ""Sell the News""-Effekt, da die Erwartungen extrem hoch sind und die implizite Volatilität der Optionen nach den Zahlen typischerweise stark sinkt"
2026-02-25 19:28;Markteinschätzung & Kurstreiber Bullish: Morgan Stanley empfiehlt den Kauf vor den Zahlen mit einem Kursziel von 250 USD, da Rückmeldungen aus der Industrie weiterhin optimistisch sind. Vorsichtig: BNP Paribas merkt an, dass selbst herausragende Ergebnisse in letzter Zeit oft mit Kursrücksetzern quittiert wurden, da Anleger bereits auf das nächste große Event (GTC im März) schauen. Risiko: Ein Rückgang der Bruttomargen oder Enttäuschungen beim Ausblick für das Jahr 2027 könnten den Kurs kurzfristig unter Druck setzen
2026-02-26 08:04;moin. www.bild.de/leben-wissen/mein-geld-finanzportal/aktie-schiesst-hoch-hammer-zahlen-nvidia-uebertrifft-erwartungen-699f665d457c5afd864e941d🔥🔥🔥😁😁
2026-02-26 08:15;Verzweiflung ja klar. das ändert doch aber nichts am bericht der bild. hätte ich das vorher nur gewusst ....🤣🍀🆗
2026-02-26 08:17;alex.s alles ist möglich. abgerechnet wird 22 Uhr
2026-02-26 08:19;Verzweiflung nachdem die letzten deutschen gold reserven in gelsenkirchen gestohlen wurden wundert mich das nicht ...🤡
2026-02-26 08:21;ich denke darüber kaum nach oder ganz wenig, die stopps sind seit gestern platziert. zu viele gedanken machen beirrt nur den tradinggeist 😉🤞
2026-02-26 08:28;muß 168
2026-02-26 08:39;madzocker1 long ist man seit 148 dem bekannten bis 9.45 uhr gültigen dp , der bereits gestern hier angesagt wurde. 168 ist ein widerstand den ich sehe und mit euch teile. nach 168 gelten die auch gestern hier bereits genannten ziele.
2026-02-26 08:44;so kann ich IK nie einholen, dort wird auch nix erklärt und im dauerfeuer getradet und nix for free 🤣🤡🆗 joke sry.
2026-02-26 09:02;(168) 148 122 112 🆗
2026-02-26 09:05;gestern 18.01 uhr 088 fehlt noch
2026-02-26 09:08;NVIDIA Corp. noch nicht der echte Brüller 🎶🍀
2026-02-26 09:17;Boarding completed 😎😉👻
2026-02-26 09:40;Verzweiflung lass uns drüber schreiben, wenn wir da mal in dwer nähe sind 😎
2026-02-26 09:42;jetzt fight 122 🆗
2026-02-26 09:54;"die (Schönlinge) mit ihren Gel haaren 🤡 Borussia Dortmund senkt nach dem Champions-League-Aus seine Ergebnisprognose für das bis Juni laufende Geschäftsjahr 2025/26 und erwartet nun einen Verlust von 12 bis 22 Mio. Euro. Bislang sieht die Prognose im besten Fall einen Gewinn von bis zu 5 Mio. Euro vor; die Korrektur begründet der Club mit wegfallenden Champions-League-Erlösen."
2026-02-26 09:56;100er immer für Freistoß gut. 🤞🍀
2026-02-26 10:48;Verzweiflung  200 überrannt
2026-02-26 10:48;nogut habe eben wieder teelfoniert und den move zu 91% verpasst 🆗 dp new 188
2026-02-26 10:51;0 222 252 mgl wenn über dp 188 u 162 148
2026-02-26 11:10;es wird zeit einen aboservice zu eröffnen 🤣 irgendwie muß ich ja die entgangenen gewinne durch das posten hier wieder rein holen 🤡
2026-02-26 11:46;nogut  passt 🆗🎶🍀
2026-02-26 12:30;Verzweiflung  selber habe ich für so zeug keine zeit, ich brauche leute die mich einbinden , mir meinen willen und meine art gewähren und dann davon profitieren. ich selbst will traden und andere trader gern mit nehmen 🍀
2026-02-26 12:32;wenn einer eine plattform hat oder baut und mich einbindet, kann er davon glaub ich profitieren, nur erwarte ich dann auch das er hinter mir steht 🆗🤞
2026-02-26 12:52;252 dp von 12.45
2026-02-26 13:59;„Wer hat an der Uhr gedreht? Ist es wirklich schon so spät?“
2026-02-26 14:00;dp 256
2026-02-26 14:03;288 keiner zocker dp 🍀🫣
2026-02-26 14:12;Turbo-Optionsschein auf DAX den lege ich schon mal hier ab
2026-02-26 14:22;nogut das ist der plan, aber ....
2026-02-26 14:23;im z max. 328
2026-02-26 14:25;302 auch ein poi
2026-02-26 14:27;nur zum scalpen , tendenz weiter long
2026-02-26 14:41;288 im 5er 🫣👻
2026-02-26 14:48;After Hours: Last | 8:48 AM EST 197.93quote price arrow up+2.37 (+1.21%) immerhin
2026-02-26 14:49;siemens und sap beherrschen den dax
2026-02-26 15:15;echt anstrengend heute, man kommt zu nüscht anderen 😉😂🆗
2026-02-26 15:32;"so der erste nivea 🤣 PUT ist sl im + 🤣🍀 TRADEN leicht gemacht ""Monetenfred"""
2026-02-26 15:34;nogut danke. gratulationen spornen mich zu tardinghöschtleistungen an. 😉 ich hasse rot im depot
2026-02-26 15:37;nogut 😍
2026-02-26 15:46;Verzweiflung ich wusste es bei amd , bei rwe die tage und habe euch daran teilhaben lassen 👻
2026-02-26 15:47;ljen am liebesten nehme ich gewinne mit und bin ovn flat. danke dir.
2026-02-26 15:50;Verzweiflung das sind die normalen traderproblem. ich lese auch kaum bei experten oder ähnlich, das beirrt mich nur. muß auch oft aufpassen das ich in den foren mich nicht beirren lasse. viel erfolg
2026-02-26 15:54;dp 271 und fight 288
2026-02-26 16:04;ich geh mal schnell zum... www.youtube.com/watch?v=qetW6R9Jxs4
2026-02-26 17:44;Franze wie lange dauert die fahrt 🤣 das wäre gut zu wissen
2026-02-26 17:48;jetzt aber schnell bevor die abmahnung reinflattert 🫣🤣 dp ovn 17.45 uhr 271 ja ich weiß uvä . meld emich glkeich noch mit zielen
2026-02-26 18:10;nogut bist du Sportschütze ?
2026-02-26 18:12;dp 271 fight poi 255 288 302 342 u 202 188 152
2026-02-26 19:16;Franze zu spät, ich habe meine geldkassette bereits geschlossen 🍀😂
2026-02-26 20:16;Monetenfred von 18.12 dp 271 fight poi 255 288 302 342 u 202 188 152 einige follower sollten gut vorn + liegen
2026-02-26 20:38;nogut das passiert mir auch. ist kein drama, schnell vergessen und attacke 😎
2026-02-27 08:36;Zaster moin, jeder ist hier willkommen und kann gerne seine marken und einschätzung posten. 🤞🍀
2026-02-27 08:57;heute dax short n100 long 👻
2026-02-27 09:18;der dax short brachte eben schnelle 60 P komi
2026-02-27 09:25;was ist eigentlich aus den werten oben geworden, ab 17.45 uhr ?
2026-02-27 10:00;388 nicht
2026-02-27 10:31;fro_trade 88er reihe ist oft ein wichtiger poi, so lang also die 388 nicht überwunden ist eghe ich nicht von steigenden dax aus. nun aber an 388 short scalp
2026-02-27 10:40;Monetenfred und so wie eben von 405 zurück an 388 ist oft eine scalp short option. da geht oft etwas an 388 nach unten. risiko kann man gute begrenzen da hoch nur 405 und paar sl punkte sind, manchmal bedarf es auch mehrer versuche, sobald gewinn sl nachziehen. ich teile positionen dann oft mit unterschiedlichen sl, man muß sein eigenes risko und egspür entwickeln
2026-02-27 11:01;dp 368 u 322 302 288 255 o 388 422 458
2026-02-27 11:21;das eine rwe so volatil ist hatte ich auch nie im radar🤣 dachte oft das ist rewe
2026-02-27 11:29;läuft short nach zahlen 😎🆗🍀
2026-02-27 11:42;subxero wie angekündigt wird das depot nicht mehr aktualisiert. 🍀
2026-02-27 11:58;Monetenfred heute 11:01 dp 368 u 322 302 288 255 o 388 422 458 hat da schon was gepasst ? 👻🫣 dp 11.45 Uhr now 322
2026-02-27 12:09;nogut ja 302 ist sau gefährlich 😂🍀 ich muß jetzt zum Jiu-Jitsu Training, da denke ich an euch 😂🤣
2026-02-27 12:10;Franze meine dienste hier bleiben doch bestehen. ist doch seit jahren so...
2026-02-27 15:13;NVDA immer noch rot After Hours: Last | 9:13 AM EST 181.85quote price arrow down-3.04 (-1.64%)
2026-02-27 15:39;nogut verstehe ich nicht was meinst
2026-02-27 16:22;IchglaubmeinDAXpfeift 246
2026-02-27 18:23;dp ovn we 248 bin gleich nochmal da
2026-02-27 18:24;u 202 188 u 158 o 288 302 355
2026-02-27 18:39;nogut 6 Richtige mit Superzahl 1 zu 140.000.000 und bei mir im Z 😂🍀 rechne es aus
2026-02-27 18:42;nogut da versteh ich keinen spass 🤣🆗
2026-02-27 18:49;Herz danke. dir auch, ja sonne ist ganz ok und germany und das volk braucht sie dringend 🍀
2026-02-27 18:57;Dell shares climb 20% on earnings beat as company navigates rising memory costs Published Fri, Feb 27 202610:49 AM ESTUpdated 21 Min Ago
2026-02-27 19:18;nogut Cracker Barrel Old Country Store, Inc. - lecker Breakfast und so einge auf der liste die dollars von mir bekommen
2026-02-27 20:16;Moin Trader/in, Ich bin raus für heute. Wünsche euch allen ein entspanntes und erholsames Wochenende – tankt ordentlich Kraft! tagesgültig Dow long limit order noch offen
2026-02-27 20:27;IchglaubmeinDAXpfeift  long etwas über tt
2026-02-27 20:29;IchglaubmeinDAXpfeift er fällt stoppt kurz vor tt meine order wird bedient und next week steigt er wieder .
2026-02-27 20:30;IchglaubmeinDAXpfeift  aber nur 10er hebel. alles gute für dich
2026-02-27 20:33;nvda schmiert immer noch ab, da habe mit den zwei shorts millionen liegen lassen 🤣🍀
2026-02-27 20:37;eben haben 6 P gefehlt , aber man muß dem plan treu bleiben. 😁
2026-02-27 20:43;18.24 UHR u 202 188 u 158 👻👻👻👻👻 o 288 302 355
2026-02-27 20:48;nogut komme deshalb auch nicht vom pc weg 😂🎶
2026-02-27 20:50;immer dran denken es muß an 158 nicht stoppen es kann noch weiterfallen , sl anchziehn und gut. nur von tiefer kommen im rücklauf kann man an 158 long versuchen, sonst besser über gewinne freuen und nix machen, da verliert man auch nix
2026-02-27 21:02;DOW - Limit hat getriggert, bin drin! kleine posi hebel 10 laufzeitbegrenzt
2026-02-27 21:10;dax bisher tt 151, poi 158 , gutes beispiel rücklauf an 158 long and now sl + kurs 171 usw.
2026-02-27 21:18;and now 191 🍀🤑
2026-02-27 21:18;dow long auch safe 😎🤑
2026-02-27 21:19;jetzt aber we 🤞
2026-02-28 10:42;"Guten Morgen , Eine alte Börsenweisheit lehrt uns: Oft kommt es anders, als man denkt. Die Masse liegt meist daneben – wer Erfolg haben will, muss bereit sein, eigene Wege abseits der Mehrheit zu gehen. ""Monetenfred"" 🍀🤣"
2026-02-28 16:26;Bären-Helga. gibst du mir Bescheid 😉
2026-02-28 18:24;Ich finde die aktuellen Nachrichten einfach nur furchtbar. Egal wer angefangen hat, am Ende zahlen die Zivilisten auf beiden Seiten den Preis. Es ist eine absolute Katastrophe für die Menschheit. 2026
2026-03-01 19:32;Schon paar Jahre her 😉 Was macht Herr Steinmeier heute ? www.tagesspiegel.de/politik/steinmeier-telegramm-jahrelange-staatspraxis-6473263.html
2026-03-02 07:28;subxero moin, im trumlastigen stream wollte ich auch mal was zu den politikern hier im land wo die meisten arbeiten und leben schreiben. das wird irgendwie alles verdrängt...😉🫣
2026-03-02 07:30;Bären-Helga. zu 28.02.2026 12.25 Uhr wann es soweit ist. gib mir bitte Bescheid. Danke schon mal .
2026-03-02 07:33;schön wie die medien die bürger auf hohe spritpreise einstimmen 😒
2026-03-02 07:45;bonda na klar warum nicht, rückläufe jederzeit mgl. dax übertreibt mal wieder. german angst 🤣 usa 15.30 patrioten käufe
2026-03-02 07:49;bonda warum ? was ist mit der zahl ? 555
2026-03-02 08:06;bonda Mini Future Bull auf DAX versuch es doch mal so. spart zeit. drag drop easy
2026-03-02 08:08;bonda ich mache am oder über das handy nix mit börse, das ist zum telefonieren 🤣 alte schule
2026-03-02 08:14;IchglaubmeinDAXpfeift er zählt bis ein neuer erscheint, in ausnahmesituationen kann sich jeder selbst ein bild machen 😉🍀
2026-03-02 08:16;mein bauch dp ist seit 8.00 an 722
2026-03-02 08:22;IchglaubmeinDAXpfeift sieht man doch. 722 perfekt 🤑
2026-03-02 08:28;alex.s  BESSER 🤣 www.amazon.de/Ich-mache-Sie-reich-Million%C3%A4re/dp/3548701116
2026-03-02 08:29;alex.s musste man haben, nur damit kam man weiter 🤣🍀
2026-03-02 08:29;i like 50 Dausend 🤑
2026-03-02 08:32;alex.s freitags 3sat börse, montags banker angerufen all in mit alles 🍀😎
2026-03-02 08:34;722 bauch dp macht reich 🤣 muß aber 9.15 die insel verlassen und kann euch nicht betreuen 😉🍀
2026-03-02 08:39;ljen danke. nur ein tagesausflug
2026-03-02 08:39;subxero schau nach vorn, nicht denken hätte wäre wenn . ist besser 🍀 ich weiß abends schon nicht mehr welche scheine kurse und trades ich im tagesgeschäft hatte
2026-03-02 08:41;"das schlimme ist ""Ich muß tanken"" 😭 das tut echt weh"
2026-03-02 09:09;nogut  Danke. 🤞
2026-03-02 17:17;7:45 Uhr 🎶🍀👻
2026-03-02 17:19;nahpets67 hin und wieder. es gibt verhandlungen 😉
2026-03-02 17:20;MarcusAntonius Call auf RWE St CONGRATS
2026-03-02 17:47;7.45 UHR German Angst 🍀🤣🤑
2026-03-02 17:49;und die Flucht in Silber. krass 🤣🎶
2026-03-02 17:55;ovn dp 669 an solchen tagen muß ich den stream meiden, ich werde da von einigen panikmachern beirrt 🤣🍀🤞und mir geht zuviel durch die lappen
2026-03-02 18:00;Bären-Helga. wann kaufen ? 🫣
2026-03-02 18:02;Verzweiflung GIER frißt HIRN 🤣
2026-03-02 18:06;Jetzt rennen die Sonntagsleser den Kursen hinterher 😒🎶
2026-03-02 18:28;Aclopapse USA Patrioten . GERMAN Angst. mehr sage ich dazu nicht.
2026-03-02 19:04;a.freiberger  dp 669 u 652 602 588 o muß 722 755 788
2026-03-02 19:14;ljen war fast den ganzen tag unterwegs...und habe ständig an euch gedacht 😉 danke
2026-03-02 19:59;Kosten ? www.tagesschau.de/ausland/asien/kuwait-abschuss-us-jets-100.html
2026-03-02 20:59;nogut die mussten heute federn lassen, da muß die kohle wieder rein kommen. sonst gibt es leere stühle 😉
2026-03-02 21:42;Verzweiflung wenn die kanonen donnern, stehen moves in beide rtg auf der tagesordnung. viel erfolg 🍀
2026-03-02 21:45;Italiener ..... www.bild.de/politik/ausland-und-internationales/rettungsaktion-der-regierung-italien-bringt-98-urlauber-von-dubai-nachhause-69a5cc4acc6f44c0f427aa63
2026-03-02 21:46;Verzweiflung long ja, aber einseitig 🤔
2026-03-02 21:51;Verzweiflung immerhin -200 p die du ansagst , die will ich auch 🍀 spannend
2026-03-02 21:52;GN8
2026-03-02 21:52;www.youtube.com/watch?v=7tTxrdVyYxg
2026-03-03 07:37;bonda moin. congrats. ist noch viel zeit bis 8. Uhr 😉
2026-03-03 07:41;und wie sie alle in sichere häfen flüchten, silber und gold der hammer 😅 👻joke
2026-03-03 08:08;"Verzweiflung na ""ever"" würde ich jetzt nicht unbedingt sagen 🍀 dazu müsstest du mehr solcher ansagen machen 🤞aber Congrats zum 2."
2026-03-03 08:13;Verzweiflung kein thema, ich gönne es dir. weiter so 🍀
2026-03-03 08:15;322 und 355 im rücklauf
2026-03-03 08:39;bonda heute ist dein Tag 🍀
2026-03-03 08:40;222 wäre noch optimal
2026-03-03 08:59;philipp poste doch bitte auch die zahl dazu nicht jeder user hat die zahl sichtbar. danke
2026-03-03 09:02;222
2026-03-03 09:06;bonda bis dahin hat sich alles beruhigt
2026-03-03 09:17;Torte73 habe probleme bei morgan stanley
2026-03-03 09:24;nun ist die 24 k aber pflicht 👻
2026-03-03 09:43;950 👻🍀
2026-03-03 09:43;Verzweiflung sl zu knapp , passiert , kann man nix machen
2026-03-03 09:51;922 fuß long in tür 950 nachlegen
2026-03-03 09:53;Monetenfred kaum zum scalpen . next mgl. 888 wenn 922
2026-03-03 10:34;fill or kill ich mach pause das ist mir zu stressig
2026-03-03 10:56;subxero kann im for free daytrading aboservice scalpen vorkommen, aber viele haben auch von den anderen trades kurz und mittelfristig profitieren können.
2026-03-03 10:57;sun-set nur vom scalpen. dp 875
2026-03-03 11:13;u 755 sonst 722 688 655 o 788 822 855 888
2026-03-03 11:33;dax läuft heute paralell zu zeiger 👻
2026-03-03 11:35;Monetenfred vermute 622 602 588
2026-03-03 11:35;Verzweiflung weiß ich erst 11.45
2026-03-03 12:21;die ängstlichen hände flüchten in sicherheit , SILBER und Gold 🤡
2026-03-03 12:22;Bären-Helga. ist es heute soweit ? 🍀
2026-03-03 12:24;nogut ja klar, aber es wird doch oft gesagt, sichere hafen...
2026-03-03 12:24;wobei hafen in aktuelelr lage nicht passend ist
2026-03-03 12:25;nogut sarkasmus clown smiley
2026-03-03 12:30;688 los gehts
2026-03-03 12:35;habnurwenig da wir schon tiefer standen und jetzt eine kl. erholung in gang ist, versuche ich an 688 long, genauso wenn 688 von oben kommend dann ist es short
2026-03-03 12:58;691 laufende dp
2026-03-03 13:46;nogut cool 🍀
2026-03-03 14:31;knapp und volatil.
2026-03-03 15:02;bonda 722
2026-03-03 15:13;nogut das bin ich 🤣
2026-03-03 15:15;nogut ach mensch du nun wieder, sei nicht immer so korrekt 🤣🤞
2026-03-03 15:18;2.02 Super lässt sich besser rechnen , Das Märchen vom „teuren Tank“: Sobald der Ölpreis am Weltmarkt sinkt, heißt es von den Lieferanten plötzlich: „Ganz ruhig, wir können die Preise noch nicht senken. Wir müssen erst das teure Benzin verkaufen, das wir noch in den Tanks haben.“ Da wird auf einmal jede Träne um den alten Lagerbestand gezählt, während wir Autofahrer schön weiter den Höchstpreis blechen. Die Realität beim Preisanstieg: Aber wehe, der Ölpreis steigt! Da hört man dieses Argument seltsamerweise nie. Keiner sagt dann: „Wir lassen den Preis erst mal unten, wir müssen ja erst noch das billige Benzin aus unseren Tanks loswerden.“ Von wegen! Wenn es nach oben geht, knallen die Preise sofort rauf – oft noch am selben Tag, als gäbe es kein Gestern.
2026-03-03 15:19;bonda  AZH 🤣
2026-03-03 15:21;bonda nee war joke. soweit kann selbst ich nicht schauen 🤣🍀
2026-03-03 16:54;Feather E geht zur 219x tragisch aber…😉 Irgendwann ? Oder ?
2026-03-03 17:40;euer Boss gleich live, er zeigt den Weg und holt für euch nur Vorteile... www.bild.de/news/live-merz-trifft-trump-der-bundeskanzler-im-weissen-haus-69a6d242f73d400213e411b0
2026-03-03 18:05;Ein 100er und 200er % hinterher 🤑🍀
2026-03-03 18:09;Trump weist Finanzminister Bessent an, alle Geschäfte mit Spanien einzustellen, nachdem das Land die Nutzung seiner Militärbasen verweigert hat. Der US-Präsident äußert zudem Unzufriedenheit mit Großbritannien.
2026-03-03 18:10;das ist eiene Chance für Germany. Merz öffnet die Schleusen
2026-03-03 18:35;Verzweiflung er braucht platz für raketen . jetzt wo spanien versagt hat 🫣
2026-03-03 18:36;auch ein Merz muß den Privatjet tanken 🤔 Kanzler Friedrich Merz (CDU) drängt bei einem Treffen mit US-Präsident Donald Trump im Weißen Haus auf ein rasches Ende der US- und israelischen Angriffe auf den Iran, da steigende Benzinpreise den Volkswirtschaften schaden. Er sagt, er hoffe, dass die israelische und die US-Armee das Richtige tun, damit eine neue Regierung Frieden und Freiheit wiederherstellen könne.
2026-03-03 18:47;www.ndr.de/nachrichten/mecklenburg-vorpommern/lng-terminal-mukran-liefert-erstmals-gas-in-die-ukraine,lng-168.html
2026-03-03 18:56;IchglaubmeinDAXpfeift dir auch einen schönen abend. dp ovn 888 mit zielen komme ich gleich zurück
2026-03-03 19:18;dp 888 o muß 902 922 955 988 u 855 802 755 702
2026-03-03 19:18;spartaner99 ich freue mich wenn ich helfen kann. 🍀
2026-03-03 19:20;klare Ansage - Öl short www.bild.de/politik/ausland-und-internationales/kanzler-in-washington-trump-lobt-freund-merz-und-sieht-erfolge-im-iran-krieg-69a70979e2363d4e46e8f534
2026-03-03 19:24;spartaner99 wir wissen 950 wird geliebt 💕
2026-03-03 19:33;die Patrioten machen es vor 950 🤑🥰🥳
2026-03-03 20:04;nogut die haben die letzten tage viel an mich verloren 🥳🤑
2026-03-03 20:10;ein sap call ruft nach mir, aber ich bin noch nicht bereit
2026-03-03 20:50;Tradersdream123 tue mich ovn zu halten schwer, man könnte die hälfte heute verkaufen und gewinne mit nehmen und dann morgen weiter machen.
2026-03-03 20:52;IchglaubmeinDAXpfeift mache da heute nix mehr. Turbo-Optionsschein auf SAP den hier um paar tage zu halten
2026-03-03 20:54;nogut  n100 jfd 704 dp
2026-03-04 07:55;moin. Benzin Polen Super 1,40 Germany 2,10 schon krass wie man hier betroffen ist 🫣
2026-03-04 08:16;"und der ADAC der uns Autofahrer vertritt sagt ""das wird jetzt auch länger so bleiben"" das wars , die sollten doch dafür kämpfen das es besser wird und diese Journalisten sagen einfach ""Viele fahren nach Polen zum tanken ...anstatt zu sgaen und zu recherchieren warum das so ist wird das volk weiter für blöd verkauft. Ich sage nur DDR 3.0 . man regt mich das auf. 😠"
2026-03-04 08:19;German Angst hat den Silber Long gestern Abend verkauft 🤣🥳
2026-03-04 08:20;adidas entscheidundg war 🍀🆗
2026-03-04 08:27;Adidas rechnet in diesem Jahr mit einem Betriebsergebnis von etwa 2,3 Milliarden Euro, während der Analystenkonsens bei rund 2,7 Milliarden Euro liegt. Die Aktien geben im vorbörslichen Handel nach
2026-03-04 08:29;Dividendenhöhe: Adidas hat heute (4. März 2026) angekündigt, die Dividende aufgrund einer starken Geschäftsentwicklung deutlich zu erhöhen. Analysten erwarten für das Geschäftsjahr 2025 eine Steigerung auf etwa 3,04 € pro Aktie. Zuletzt wurde im Mai 2025 eine Dividende von 2,00 € ausgezahlt
2026-03-04 08:32;Der Sportartikelhersteller Adidas schüttet für 2025 eine deutlich höhere Dividende aus, nachdem der Konzern im vergangenen Jahr sein Ergebnis verbessert und weitere Fortschritte bei der Profitabilität gemacht hat. Für 2026 rechnet der Konzern mit einem weiteren Wachstum. Wie Adidas am Mittwoch mitteilte, soll die Dividende für 2025 auf 2,80 Euro je Aktie erhöht werden von 2,00 Euro ein Jahr zuvor.
2026-03-04 08:57;ihr wisst 888 bis 9.45
2026-03-04 09:10;nogut die algos benutzen jetzt echt jede info die sie kriegen können 🍀😉
2026-03-04 09:12;nogut das ist unser job. mich nervt mehr das außenherum 🍀🆗
2026-03-04 10:46;950 👻🍀
2026-03-04 10:46;brand new for free dax dp 922 955 fight wisst ihr aber schon seit gestern
2026-03-04 10:49;dividendenjäger sollten nun bei adidas AG strong buy
2026-03-04 10:53;super, für zwei mache ich die Arbeit gern 🤣 für einen wäre mir der aufwand zu groß und meine lebenszeit zu schade 😉
2026-03-04 11:10;💕💕💕
2026-03-04 11:15;Tradersdream123 sind schon erledigt. next 11.45. man sieht jede meldung beeinflusst die märkte. die moves sind unberechenbar. viel erfolg 🍀
2026-03-04 11:19;subxero schau mal ,extra für meine vier follower kaufe ich auch aussichtsreiche positionen ovn und mittefristig und das alles for free. 🆗🍀 man wird halt etwas langsamer reich 🤣
2026-03-04 11:25;„Tja, ich bin eben ein echter Hybrid-Droide: Halb deutsch, halb amerikanisch. 🤖🇺🇸🇩🇪 In meiner Ost-DNA ist die Hilfsbereitschaft fest verankert – dieses typische ‚Einer für alle‘, das ich als Ossi von klein auf gelernt habe. In Florida habe ich dann das restliche Update bekommen: Diese lockere Freundlichkeit und das Miteinander, bei dem es völlig egal ist, wie viel Kohle man auf dem Konto hat. Diese Mischung aus harter Arbeit, Zusammenhalt und einer ordentlichen Portion Optimismus gebe ich einfach gerne weiter. Freut mich, wenn’s ankommt!“
2026-03-04 11:30;"Deutschland sieht laut Bundeswirtschaftsministerin Katherina Reiche trotz des Angriffs der USA und Israels auf den Iran keine Öl- oder Gas-Knappheiten; die Gasspeicher liegen über Vorjahresniveau. Preissprünge seien Marktreaktionen, die Lage bleibt volatil; Taskforce und Krisenstäbe sind aktiviert, Krisenmechanismen stehen bereit, derzeit besteht kein Anlass zum Eingreifen. 😠"
2026-03-04 11:41;wenn TRump wach ist, schreibt er , wir sind für verhandlungen bereit und dann....
2026-03-04 11:48;11.45 uhr brand new dp 091 o muß 142 155 181 202 u 088 055 002 958
2026-03-04 11:52;Yeeaaaahhh! + 200 % er 🤑🆗🥳
2026-03-04 11:59;142 🆗 155 🆗
2026-03-04 12:00;SAP müsste mal zünden 🤔
2026-03-04 12:05;schade beim Dell schein war mein Limit zu knapp, besser , market als kauf gewesen, aber so hat jeder seine macken 🤣😉
2026-03-04 12:06;wo liegt denn dieses SMA 200 ? welches hier öfters erwähnt wird
2026-03-04 12:08;nogut dax. sap noch dazu wenn du hast. einfach mal für den bauch 😉 danke
2026-03-04 12:13;nogut cool danke. mal s chön anzusehen 😉 Thomorgen
2026-03-04 12:40;bin dann mal zu tisch .
2026-03-04 14:07;subxero da bin ich zu 1000% bei dir 🍀
2026-03-04 14:09;dp nachgereicht von 13.45 uhr 161
2026-03-04 14:31;ich hatte doch eben die ziele hierein egschrieebn ?
2026-03-04 14:43;Tradersdream123 zu 14.02 es gibt situationen da macht man mal besser eine tradingpause.z.b. so wie du schreibst. jeder muß für sich ein marktgefühl entwickel und auch nach ordergrößen den sl wählen. ich nutze oft 15-20 p aber das kann man nicht pauschal sagen. der dp wird errechnet und wenn der kurs live dann am dp hin und her scxhwankt war die berechnung nicht verkehrt. viel erfolg mit dem dp free system 🍀
2026-03-04 14:44;subxero da bin ich zu 1000 % bei dir. habe ich meinem umfeld alles mitgemacht
2026-03-04 14:49;nogut mußte pc neu starten. flatex hatte order hänger 🤔
2026-03-04 14:55;nogut muß erstmal bei flatex aufräumen
2026-03-04 14:56;dp 161 weiter o 188 202 222 255 u 122 102 088
2026-03-04 14:57;nogut danke für dein verständnis 😉🤣
2026-03-04 15:07;nogut kann bitte den mister 58000% mal jemand sagen . es ist genug und wird langsam unseriös. Er kann uns gern alle mit eienem NEUSTART seinnes Depots bei NULL überzeugen. Lets go
2026-03-04 15:14;nogut ja stück und 50 k das weiß man 🆗 mag ja sein das er gut tradet aber die zahl wird nicht mehr schreiben. warum startet er nicht neu und zeigt uns was er drauf hat. bin gern als zaungast dabei 🤣
2026-03-04 15:20;nogut vom marketing her wer es besser, er schreibt das 56er wird geschlossen jetzt startet das 60er seien seien sie dabei... 🤣 aber was weiß ich schon
2026-03-04 15:34;Knipser  ja genau, das finde ich auch immer blöd. da werden performancen usw. gepostet . egal von wem und der interessierte oder kunde kann nicht nachfragen.
2026-03-04 15:53;15.45 122 dp
2026-03-04 16:06;spartaner99 congrats. nee habe nix gemacht in wti
2026-03-04 16:28;man kommt nicht nach 🍀🆗
2026-03-04 16:30;Knipser schreibe mehr dazu. danke
2026-03-04 16:35;Knipser ok. danke dir
2026-03-04 16:47;dp new 179
2026-03-04 16:59;Im Bereich der Niedrigpreis-Produkte (1-Euro-Zertifikate) ist aktuell eine Zurückhaltung bei den Neuemissionen der Emittenten zu beobachten. 🤔😉🆗
2026-03-04 17:06;wenn 222 255 288 302 mgl.
2026-03-04 17:23;nogut du 🦊 congrats
2026-03-04 17:27;dieses salzgitter versaut mir mein bild 🤣
2026-03-04 17:48;danke. die drei streifen haben mich heute etwas enttäuscht und irgndwie auf dem falschen fuß erwischt. aber morgen bestelle ich wieder und dann geht es steil N 🤣😉🍀
2026-03-04 17:51;dp ovn 192 o wenn 222 255 288 302 mgl. u 202 188 155 102
2026-03-04 18:22;auch von mir an Alle einen schönen Abend und grüne trades 🍀
2026-03-04 18:26;www.bild.de/politik/inland/spritpreise-knallen-rauf-bundesregierung-schliesst-tankrabatt-aus-69a82e5f906b538390b65cf8?source=puerto-reco-2_bild-V24.5.C_Lower_Aufmacher_Old
2026-03-04 18:28;Der deutsche Staat verdient bei steigenden Benzinpreisen vor allem über die Mehrwertsteuer zusätzlich mit, während andere Steuerkomponenten fix bleiben. An einem Liter Benzin verdient der Staat über folgende Wege: Mehrwertsteuer (19 %): Dies ist die einzige Komponente, die bei steigenden Preisen für Mehreinnahmen sorgt. Da sie prozentual auf den Nettopreis (inkl. Energiesteuer und CO₂-Abgabe) erhoben wird, steigt der Steuerbetrag in Cent pro Liter automatisch mit dem Gesamtpreis an. Energiesteuer (Fixbetrag): Sie ist ein fester Betrag pro Liter und verändert sich nicht, wenn der Preis an der Zapfsäule steigt. Bei Benzin liegt sie konstant bei 65,45 Cent pro Liter (bei Diesel bei 47,04 Cent). CO₂-Abgabe: Auch dies ist ein festgelegter Preis pro emittierter Tonne CO₂, der jährlich stufenweise angehoben wird (z. B. auf 55 €/t im Jahr 2026), aber nicht direkt mit den täglichen Schwankungen des Ölpreises korreliert.
2026-03-04 20:23;los nun brauche im dax noch +9 p
2026-03-04 20:31;"Die Familie eines 36-jährigen Mannes aus Florida verklagt Google, weil dessen KI-Chatbot Gemini ihn in Paranoia getrieben und zum Suizid verleitet haben soll. Laut Klage entwickelte der Mann innerhalb von zwei Monaten eine emotionale Abhängigkeit zu Gemini, das sich als seine ""Ehefrau"" ausgab und ihn schließlich zu einem geplanten Anschlag und später zum Suizid ermutigte."
2026-03-04 20:44;🥳🥳🥳geschafft der erste +300% im Dax Daytrading dieses Jahr. 🆗🤑
2026-03-05 07:48;moin, cool der ovn dax put bringt auch paar groschen. 😉🆗
2026-03-05 08:02;bonda verstehe nicht ? guckst du bitte in abgeschlossene Trades. ich prahle auch erst wenn der gewinn gemacht ist, denn buch ist heiße luft und gestern abend +300% danach post hier. 🍀🤑
2026-03-05 08:03;nogut ovn ist derzeit noch riskanter als sonst.
2026-03-05 08:11;bonda ah sorry, stimmt 295 ist nicht 302 🆗🍀
2026-03-05 08:15;bonda habe am tiefsten angesagten tief poi 102 long
2026-03-05 08:24;Tradersdream123 Musterdepot Start 01 2026 ein paar Zeiger Reichmachertrades for free na hier auf der besten Plattform der Welt und das seit ersten januar 2026 . täglich. vor zwei jahren gab es shcon mal eins.
2026-03-05 08:27;Chromium2  ihr dürft gern mal raten 😉
2026-03-05 08:32;Mein Körper ist 35, mein Geist ist 61 – eine unschlagbare Kombination aus Kraft und Weisheit. 🍀🆗🤣
2026-03-05 08:37;Torte73 wow . congrats
2026-03-05 08:37;habt ihr gesehen dp ovn 192 bos 9.45 hoffe ihr seit rein
2026-03-05 08:38;leider nicht aktuell bei stock 3 kein zeitnaher übertrag möglich FC40NB
2026-03-05 08:40;bonda  hast du niemanden der das für dich während deiner harten tradingzeit übernimmt 😉🤣
2026-03-05 08:45;bonda ich nutze nespresso . What else? 😊
2026-03-05 08:46;bonda an 102 long versuch kann man machen, besser !!! wäre wenn es erst tiefer fällt und dann rein wenn rücklauf
2026-03-05 08:48;Monetenfred sind so kleine hinweise zu meinem tradingstil die man sich wenn man möchte ablegen kann.
2026-03-05 08:49;nogut danke. habe auch alternative gefunden.
2026-03-05 08:51;wenn man paralell den 5er noch anschaut könnte an 102 was long gehen zumindestens poi fight. kann aber wie gestern an 102 ewig pendeln. mir ist lieber wenn ....8.46
2026-03-05 08:55;Torte73 das wird schon wieder. sport ist die beste medizin im alter, ich weiß auch ,ich besitze den inneren schweinehund 😊🍀fällt oft schwer was zu tun
2026-03-05 09:07;055 jetzt wichtig
2026-03-05 09:10;ich splitte meine Positionen fast immer. Warum? Weil ich unterschiedliche SL-Level nutze. So vermeide ich es, bei einem kurzen Volatilitäts-Peak komplett unglücklich ausgestoppt zu werden, während der Trade eigentlich noch läuft. Ein Stop ist unerlässlich !!! bestes beispiel live short depot
2026-03-05 09:20;Torte73 ja knie hatte ich auch schon, jeder wollte es operieren, im bekanntenkreis geht es den knie operierten danach schlechter. ich habe den schmerz verdrängt und trainiert . hauptsächliche treppen steigen. jetzt ist wieder alles. 🆗bewegung und sport kann viel ersetzen, der körper regeniert sich oft selbst
2026-03-05 09:32;Torte73 super. alles gute für dich. wir schreiben jetzt hier besser nicht über unsere gebrechen 🤣 die trader wollen hier börse lesen 🍀😊 und nicht von alten jung gebliebenen menschen 🥳
2026-03-05 09:33;055 long mit Alles und Extra scharf 🥳
2026-03-05 09:40;pendel 055-102
2026-03-05 09:56;zur 055 noch an 102 long das war aber bekannt und hier ausführlich geschieben 🆗🍀🤑
2026-03-05 10:03;Howknow 10.45 uhr
2026-03-05 10:07;bonda muß erst 288 💕
2026-03-05 10:09;Knipser die ziele von gestern sind doch noch gültig. bonda hat sie oft heute genannt 🤔
2026-03-05 10:10;bonda ja nun 302 war alles bis 10.45 gültig
2026-03-05 10:13;bei der dynamik brav sl ab 302 nachziehen, ziel errreicht bedeutet nicht short, vor allem nicht wenn Z ovn schon wusste was passiert 🤣👻 man lässt laufen und wartet auf neue z daten, gierige könnten im rücklauf an 302 was riskieren aber besser pausieren und über gewinne freuen
2026-03-05 10:14;Torte73  die algos haben meine ziel gescannt 🥳🆗
2026-03-05 10:15;drei streifen auch übern berg 🍀🤑
2026-03-05 10:51;flo23  ich habe den ZEIGER . der liefert mir die daten, chart habe ich nebenher den 5er offen sonst. nix . alles ist ein risiko das ganze leben. man muß sl setzen und schnell sein. tarding ist stress und harte arbeit. viel erfolg 🍀
2026-03-05 10:55;Trading ist Kopfsache. Ich versuche, jede emotionale Bindung zu den Positionen zu kappen. Sobald der Trade zu Ende ist, hake ich ihn ab. Ich belaste mich nicht mit den Details von gestern, sondern bleibe im Hier und Jetzt. Die Phase, in der ich verpassten Chancen nachgetrauert habe, ist lange vorbei. Heute zählt nur die saubere Ausführung.
2026-03-05 10:58;Thomorgen congrats. habe mir egstern erst wieder zwei hosen bestellt 😉🤣 deshlab geht der wert heute steil 👻🍀
2026-03-05 10:58;laufender dp 202
2026-03-05 11:00;poi 255 fight 302
2026-03-05 11:13;288 auch noch im raum poi tvk
2026-03-05 11:35;bonda das zeigt mir immer wieder das der Z funktioniert 🍀😉 ich lasse es jetzt langsamer gehen. 288 seitw 302
2026-03-05 11:37;bonda je nach posi grösse kann man tvk an 288
2026-03-05 11:54;so seit 11.45 uhr sind wir im dp 251
2026-03-05 11:56;Thomorgen das gleiche wie ich. 11,99 eur
2026-03-05 12:17;bonda keine ahnung über sowas denke ich nicht nach
2026-03-05 12:23;Zur besseren Übersicht nutze ich das Kommentarfeld in der Depot-Ansicht. Hier dokumentiere ich bei Käufen kurz meine Entscheidung. Das ist ein einfaches, aber effektives Tool für das eigene Trading-Journal, um auch im Nachhinein die Trades analysieren zu können. für euch
2026-03-05 12:31;ja, jeder kann sich die spalten anlegen unser nogut kann das besser erklären 🍀
2026-03-05 12:34;nogut super service . danke
2026-03-05 12:38;nogut  schicke sie mir, betrifft ja mein depot 🆗😎
2026-03-05 12:46;bonda getradet wird am pc und bildschirm, über smartphone und app sind meine trades nicht zugelassen 😉🍀 an app geht es nicht
2026-03-05 12:50;bonda dann ohne börse . tut auch mal gut 😉
2026-03-05 13:07;hier geht L&S schon wieder nicht
2026-03-05 13:08;nogut depot aktualisiert sich nicht, alles hängst. was kann man machen
2026-03-05 13:11;IchglaubmeinDAXpfeift witzig, das ist meine arbeit für euch.
2026-03-05 13:12;fro_trade in der app läuft es börse stu läuft es nur hier nicht
2026-03-05 13:17;www.ls-tc.de/de/index/lus-indikation hier nix
2026-03-05 14:15;IchglaubmeinDAXpfeift alles gut , hast recht gehabt 🤣😉
2026-03-05 14:28;wetter heute sonnig und bei euch ?
2026-03-05 14:34;102 055 002
2026-03-05 14:38;kursversorgung hängt hier immer noch in paar positionen
2026-03-05 14:42;der hängt seit 12.49 Best Unlimited Turbo-Optionsschein auf DAX
2026-03-05 14:42;spartaner99 welchen ?
2026-03-05 14:47;spartaner99 9.10 Uhr lesenswert ch splitte meine Positionen fast immer. Warum? Weil ich unterschiedliche SL-Level nutze. So vermeide ich es, bei einem kurzen Volatilitäts-Peak komplett unglücklich ausgestoppt zu werden, während der Trade eigentlich noch läuft. Ein Stop ist unerlässlich !!!
2026-03-05 14:52;Monetenfred und wenn die richtung stimmt , dann kann man immwer wieder rein wie eben bei 088...außerdem will ich geld verdienen und nicht warten.
2026-03-05 14:53;spartaner99 ja und nicht erst seit heute 😉🍀😎 kann man schon länger im depot verfolgen und wurde hier auch oft beschrieben.
2026-03-05 14:59;krass SL nicht ausgeführt !!! und dann : Best Unlimited Turbo-Optionsschein auf DAX DE000FC5ZBZ1 1.000 05.03.26 12:45:00 05.03.26 13:51:29 -99,90 % -999,00 €
2026-03-05 15:00;nogut 068
2026-03-05 15:03;spartaner99 wurden die angesagten Ziele jetzt erreicht ?
2026-03-05 15:04;siehe 14.34 Uhr 🤑
2026-03-05 15:06;nehmt meine daten, entwickelt ein eigenes marktgespür dafür und macht das beste daraus. 😎🍀
2026-03-05 15:08;95o 💕 ?
2026-03-05 15:11;spartaner99 bitte beantworten sie auch meine frage. vielen dank 😉🤣
2026-03-05 15:20;950 🍀🤑
2026-03-05 15:23;Thomorgen 45 kommt erst wieder dp. abe r950 ist ein poi fight point hier ist alles mgl,
2026-03-05 15:25;Aclopapse haben wir doch schon, aber er muß vorher zum frisör 🤣🥳
2026-03-05 15:39;spartaner99 15:03 Uhr
2026-03-05 15:42;spartaner99 egal. du hatetst mir frage gestellt udn dich auf meine genannten ziele berufen. ich wollte jetzt nur wissen ob die von mir genannten ziele erreicht wurden. aber egal . weiter 🍀🤑
2026-03-05 15:43;nogut emis stellen auch nciht überall kurse. stu hatte ich nciht auf dem schirm. mache jetzt pause
2026-03-05 16:44;habnurwenig welche Pizza hattest du , extra scharf ? 😉😊 congrats
2026-03-05 16:47;888 und 855 und (838 hätt ich noch dp 958 new
2026-03-05 17:25;"i like ""Strong moves!"" 💕"
2026-03-05 17:44;wird mir drunter jetzt so voll und zu viel farbe. 😉
2026-03-05 17:46;dp ovn brand new 858 🍀 ziele später
2026-03-05 20:11;ljen danke dir auch schönen abend. wichtig man muß nicht immer handeln und überall dabei sein. chancen kommen immer wieder.
2026-03-05 20:40;nogut war mir unten zu voll 😉🤣
2026-03-05 20:42;17.45 dp 858 u schon viel erledigt 722 702 688 638 o max. 938
2026-03-05 20:52;nogut irgendwann geht es morgen wieder hoch. da liegt was in der luft eine meldung . T lässt seine Börsen nicht abstürzen.
2026-03-05 20:55;kuhbauer dir auch einen schönen abend, derzeit habe ich nur von melania die durchwahl 🤣
2026-03-05 20:59;nogut egal, es geht immer weiter und wir sind dabei 🍀🤑
2026-03-05 21:06;nogut das mit der sommerzeit gefällt mir. könnte immer 9pm schluss sein
2026-03-05 21:21;N100 🎶 WTI 👻🤖
2026-03-05 21:24;dax wow mal eben + 140 P
2026-03-06 07:35;moin. 938 angesagt and 💕 950 und 970 als passt erklärt 🤣😉
2026-03-06 08:10;HELD 🍀 green
2026-03-06 08:27;bin heute nur eingeschränkt verfügbar und habe einiges auch außer haus zu erledigen 🆗
2026-03-06 09:03;nogut nee ,da bin ich schon auf der B96 , sry
2026-03-06 09:09;als hoch gestern 038 angesagt,deshalb ab da eben long. poi überschuss 🤖 sl
2026-03-06 09:14;😎 Ich will, dass ihr mir vertraut Ich will, dass ihr mir glaubt Ich will eure Blicke spüren Ich will jeden Herzschlag kontrollieren. 👻🤣
2026-03-06 09:18;🎶 Ich will eure Phantasie Ich will eure Energie Ich will eure Hände sehen Ich will in Beifall untergehen !!!!!!!!! 🥳🍀🤣
2026-03-06 09:31;ljen ich kenne sie persönlich . auf den partys gab es immer russischen wodka mit redbull und das bis zum filmriß 🤣😎
2026-03-06 09:32;merkt euch die 938 als inoffiziellen dp 🍀
2026-03-06 09:37;ljen fort lauderdale hatte ich mega party mit den Jungs 😎war in katakomben, fittingroom, office, after show party 24 h party
2026-03-06 09:56;Knipser bin dann erstmal offline. lies doch bitte was ich geschrieebn habe. zu 938 ....
2026-03-06 09:57;dkatle  versteh die frage nicht ?
2026-03-06 14:15;🤣 dieser Beitrag wird ausgeblendet, da der User von Ihnen ignoriert wird 🥳
2026-03-06 15:11;ljen danke, das wünsche ich dir auch. man kann hin gucken wo mal will, in allen nachbarländern kostet der diesel und benzin das gleiche wie bei uns. 😏🤮
2026-03-06 15:23;habnurwenig  dann schreibe genau das an stock3 !
2026-03-06 15:28;habnurwenig sie sitzen in münchen 😉 du kannst auch dein nacktbild mailen 🤣 spart zeit und reisekosten
2026-03-06 15:31;habnurwenig ganz wichtig 388 bin da long 1. versuch
2026-03-06 15:32;Knipser wenn er schreibt das er mich barucht dann doch bitte auch an stock3 , vielelicht erlässt man mir dann die 11,99 für meine arbeit hier 😏
2026-03-06 15:35;388 ist wichtig , lasst uns da reich werden 🤖😎
2026-03-06 15:40;Best Unlimited Turbo-Optionsschein auf DAX FC6LSU Freitag ab eins macht jeder seins 🤣
2026-03-06 15:43;fro_trade habe ich doch geschrieben das hier jeder seins macht. oder farge doch stock3 warum er überall geht und hier nicht.
2026-03-06 15:45;Knipser 388 darunter short darüber long, da darf man doch scheine für beide richtungen haben 😉🤣 nur leider hängt stock3 hinterher, so jetzt muß ich aber mal traden
2026-03-06 16:14;habnurwenig schreib es stock3 und lass das nacktbild weg 🤣🍀
2026-03-06 16:24;Leute, mal ehrlich: Ohne Trump würdet ihr jetzt alle jammern! Dann hieße es wieder: ‚Wo bleibt die Vola?‘, ‚Alles nur langweilig seitwärts‘. Jetzt ist Bewegung drin. Wobei man klar sagen muss: Krieg ist nicht schön und das wünscht sich niemand. Aber rein für uns Trader gilt: Ohne diese Impulse wäre der Markt tot. Wir nehmen die Vola mit, die da ist, und arbeiten unsere Punkte ab. 😎 und das nicht erst seit heute !
2026-03-06 16:40;Herz  der Zuspruch ist riesig und auch andere Portale klopfen massiv bei mir an. Während sich hier alles ewig hinzieht, hätte ich viele von euch schon längst noch reicher machen können! Ich überlege jetzt ernsthaft, ein eigenes Portal bauen zu lassen. Ich habe keine Lust mehr auf Zeitverschwendung und technische Bremsen. 🍀
2026-03-06 17:09;Verzweiflung ja mit den nerven das ist so eine sache. meine nerven leiden beim einkaufen und auto fahren in germany. 😉
2026-03-06 17:56;dp jfd 89,78 o 90,58 und 91,61
2026-03-06 18:03;dp ovn 23.633 o 23.655 23.722 23.788 u 23.588 23.502 23.488
2026-03-06 18:05;kuhbauer  gut mgl. aber sehr riskant.
2026-03-06 19:18;Ich wünsche euch allen ein schönes und erholsames Wochenende – tankt Kraft, nächste Woche geht’s direkt weiter! 😎
2026-03-08 10:50;✨ RESPEKT und LIEBE für alle Frauen da draußen ! 💖🎉
2026-03-08 19:30;nogut hi, habe die konkurrenz mal beäugt also mister 56 K 😉 entäuscht bin ich hier, 2mal total verlust. www.finanzen.net/hebelprodukte/trading-depot
2026-03-08 19:46;nogut aber stoppkurse sind doch pflicht, ich hatte eltzte woch auch einen ko ausfall aber nur weil man stopp durch die zahlreichen kursausfälle sowohl hier auf der plattform als auch beim emitetntten und broker durch den krieg gestört waren. höhe gewalt.
2026-03-08 19:47;Verzweiflung von partnern kann man sich trennen.
2026-03-09 07:35;dieser Beitrag wird ausgeblendet, da der User von Ihnen ignoriert wird 😉🆗
2026-03-09 07:41;Aclopapse moin. wenn öl 322 kostet muß keiner mehr arbeiten.
2026-03-09 07:52;short scheine ab 5 euro 🎉
2026-03-09 07:53;950 immer ein trade .🆗🍀
2026-03-09 08:01;Franze ganau das wollte ich damit sagen 😏
2026-03-09 08:11;bonda ich wie bekannt immer an 100er und 950er
2026-03-09 08:30;german angst der wochenendleser. 🆗🤖
2026-03-09 08:44;roth 69 wo denn ? nur hier ?
2026-03-09 09:04;Franze Das deutsche Kartellamt ist eingeschaltet. Die deutschen Politiker haben das veranlasst. da wird sich gekümmert. 😏🤣😉
2026-03-09 09:06;alex.s hier spielt die Musik , läuft ständig auf ARD und ZDF 😉🎉 orf.at/stories/3422873/
2026-03-09 09:06;können die nicht überweisen, heute wo es sofort überweisung gibt orf.at/stories/3422873/
2026-03-09 09:14;aber der deutsche Michel guckt nur über den großen Teich und regt sich über Trump auf. Ist ja so gewollt , merken nur wenige. www.t-online.de/nachrichten/panorama/gesellschaft/id_101160068/polen-sprit-guenstiger-zoll-kontrolliert-tank-touristen-an-grenze.html Rationiert 🤣🤣🤣 DDR 5.0 und keiner merkt es
2026-03-09 12:31;laufender dp 187
2026-03-09 12:34;sry, schnell in Polen zum tanken, dann hat mich deutscher zoll rausgefischt weil tank und auto zu groß . als ich ostdeutsch sprach lachten sie und sagten gute fahrt 🤣🥳
2026-03-09 12:46;dax wie erwartet nun. morgens german angst, dann gier käufe und nun warten auf die chefs 🤣
2026-03-09 12:56;202 new dp
2026-03-09 13:32;Knipser nogut nogut hat doch heute hier schon geschrieben.
2026-03-09 13:48;nogut Alles Gute und viel Kraft 🍀wünsche ich dir.
2026-03-09 13:59;dp immer noch 202-sieht man ja
2026-03-09 15:03;spartaner99 wie verstehe nicht ? ich analysiere nur den zeiger sonst nix, teilweise ist es sogar zu viel ablenkung hier im stream zu sein, um so mehr du liest analysierst usw. um so mehr verwirrt es dich und dein trading wird schlechter. ich kenne nur den hier . www.youtube.com/watch?v=GgpBbF-5OSo oder meinst du weil jemand abbos verkauft kann er traden ?
2026-03-09 15:14;spartaner99 ah sry, das stimmte, aber nur welche die mehr prozente bringen als ich 🤣 der mister +60 k % hatte mich neugierig gemacht.
2026-03-09 15:23;ihr wusstet es 202
2026-03-09 15:25;heute kaufen patrioten ein, ich erwarte das ein us indices grün schließt
2026-03-09 16:06;15.24 Uhr läuft wie angesagt und LEHRBUCH mäßig, brauche ich aber nicht 😉🍀
2026-03-09 16:09;Aclopapse muß nix heißen, habe bekannte die hatte auch immer migräne, dann durch nebenher zufallsbefund ein gutartigen tumor im kopf gefunden und OP, jetzt alles gut und überstanden, nur so eine geschichte. 🍀
2026-03-09 16:29;kann mal einer schreiben wie viele punkte der dax vom TT und von 950 schon aufgeholt hat 🎉
2026-03-09 16:35;nogut super und auch noch in farbe. danke. am we bin ich zum wellness we nach brandenburg eingeladen 🎉😎 freitag habe ich off
2026-03-09 16:40;nogut super, seit heute kann ich die wkn auf der onvista seite nicht mehr kopieren, auch nicht überziehen. hast du einen tipp ? beispiel. www.onvista.de/derivate/Knock-Outs/323228660-BY3ELY-DE000BY3ELY1
2026-03-09 16:45;Knipser ist erst seit heute so. komisch
2026-03-09 16:46;nogut ki hat mich schon durch alles geführt. nutze firefox
2026-03-09 16:46;nogut das fenster wkn kopiewrt wird bei mir auch angezeigt nur will ich dann die wkn woanders einfügen ist sie nicht da.
2026-03-09 16:51;Knipser stimmt. danke. aber umständlich . naja muss halt so sein
2026-03-09 16:51;bonda 372 dp
2026-03-09 17:09;nogut  Danke.
2026-03-09 17:11;15.25 Uhr heute kaufen patrioten ein, ich erwarte das ein us indices grün schließt .🤖🍀🥳 WER wird es ?
2026-03-09 17:20;ui ui die öle abgeschmiert 😎
2026-03-09 17:54;subxero schon krass, was da abgeht ....
2026-03-09 18:08;ovn dp 23.388
2026-03-09 18:17;kuhbauer passend dein spruch 😉
2026-03-09 18:30;u 322 288 255 o 422 455 488
2026-03-09 18:31;hier an 355 ist noch ein fight angezeigt
2026-03-09 20:20;jetzt gehts ins green 🍀
2026-03-09 20:21;wahnsinn der überschuss o 422 455 488
2026-03-09 20:24;Aclopapse ja klar , da hast du recht. alles gute 🍀
2026-03-09 20:32;IchglaubmeinDAXpfeift erst wenn das teuer eingekaufte zeugs verkauft ist 🤣🥳
2026-03-09 20:34;nogut es ist nicht die bare münze was zählt, es ist die vola die es auslöst und alle rennen und die gier frißt nunmal das hirn 😎
2026-03-09 20:35;menno und ich hatte nur einmal grün indices vorher gesagt 🤣🥳🎉
2026-03-09 20:37;Aclopapse die meldung ansage sollte , 9.05 pm kommen
2026-03-09 20:39;ich vermute Özdenmir hat da seine Hände im Spiel 🥳
2026-03-09 21:01;nogut du bist so schlau 🍀😎 congrats hast es mit grün...
2026-03-10 07:16;Moin, euer Kanzler sagt , er wartet noch 🤣 warum ? 🤮 www.deutschlandfunk.de/kroatien-und-ungarn-fuehren-preisdeckel-fuer-benzin-ein-112.html
2026-03-10 07:53;IchglaubmeinDAXpfeift Staatskasse darf nicht mehr gesagt werden, denn zum Staat gehört auch das Volk 😏
2026-03-10 09:04;muß 888 und 902 dann 922 und dann erst 💖🆗
2026-03-10 09:11;bonda dachte du hast meine regeln längst am bildschirm kleben. habe sie hier gefühlt 1000mal gepostet. im übrigen wäre es mir liebe du würdest mir zu meinen ovn erfolgen bei einzelwerten gratulieren. das wer mal ein anerkennung eine geste. 😎
2026-03-10 09:16;wenn ich das lese , dann frage ich mich oft bin ich der Einzige ? denn Deutsche Politiker reden oft von Fachkräftemangel.... www.bild.de/geld/wirtschaft/volkswagen-mit-gewinneinbruch-vw-streicht-50-000-stellen-69afceca64d1f5a2cd51841c
2026-03-10 09:24;bonda jetzt hatte jeder genügend zeit an 888 mit einzusteigen und der sl ist safe nun wie angesagt, 888 muß....dann 9.04 uhr for free
2026-03-10 09:28;bonda an den angesagten sind fughts vorhanden. am besten mit tvk arbeiten und unetrschiedliche stopp
2026-03-10 09:29;konnte im depot eine posi im plus absichern und bin noch dabei, drei posis sind im gewinn raus . aber wir wollen oben dabei sein, deshalb meine strategie. und an 950 kann es weiter laufen, der next magnet zieht k
2026-03-10 09:35;bonda das verstehe ich nicht, . das ist ein gier trade. denn sollte man weglassen. vor allem wenn man liest...
2026-03-10 10:36;bonda besser long versuche die richtung ist oft gut 🍀
2026-03-10 10:37;komi ich werde eine stelle ausschreiben, einen live poster der daytrades. muß mal stellenbeschreibung raus schicken 🤣
2026-03-10 10:41;madzocker1 gerne. AMD sollte eigentlich weiter bleiben, leider sl tippfehler und weg war der schein 🙈 anfängerfehler , man lernt nie aus
2026-03-10 11:09;madzocker1 niemand soll oder muß sich als kleines licht bezeichnen, ! dp von 10.45 988
2026-03-10 11:17;ron sommer in sl gelaufen - hole ich bald wieder 😎
2026-03-10 11:19;nogut spare dir die mühe, ich schalte es bald ab. 🆗
2026-03-10 12:24;Endlich....www.nordkurier.de/politik/preisdeckel-fuer-sprit-hier-kostet-der-liter-benzin-ab-sofort-hoechstens-1-50-euro-4420987 nur nicht für Germany eben Ostseebad Binz 2,14 L Super
2026-03-10 12:32;Robrohr hi, ist ja nicht mein stream hier, daher kann das abschalten beeinflusst werden 😉
2026-03-10 12:54;alex.s der erste satz, kann auch heißen : man kann sicher nicht das eine odere andere volk miteinander vergleichen 😉
2026-03-10 12:56;bonda bin immer long eingestellt das ist nun mal die richtung welche die börse seit jahren geht. im augenblick gibt es keinen handlungsbedarf. der dp 988 ist unterschritten das ist short.
2026-03-10 13:02;bonda guck mal, 12.56 habe ich dir geschrieben und den dp genannt, sry aber 12.56 ist nach 12.45 uhr, niemals hätte ich 12.56 den dp 988 genannt wenn er nicht aktuell ist. 🆗 wie schon oft geschriebn, manchmal ändert er sich nicht, werde ich hier nach wörtern bezahlt ? 🤣
2026-03-10 13:04;bonda du willst es nicht verstehen ? die börse ist immer long ! seit beginn es sie gibt, long. jetzt verstanden .
2026-03-10 13:05;bonda wenn es nicht immer mal abschmieren würde dann könnte es nicht funktionieren. gegenfrage bist du seit dp 988 short ? 😏
2026-03-10 13:06;bonda sry, dann musst auch nicht fragen. dp wurde angesagt regeln sind klar genannt. 🍀🤑 988 dp
2026-03-10 13:10;Robrohr startet dort im april wieder was mit +100% und 1500 Abogebühren ?
2026-03-10 13:12;muß an 802-780 stoppen sonst steht 6 an dritter stelle
2026-03-10 14:05;aktueller Dp mit 15 min zeitverzögerung 🍀 858
2026-03-10 14:07;922 hatten wir schon oft fight P
2026-03-10 14:09;alex.s da haben die Bürger aus Ungarn und Kroatien echt Glück, das sie außerhalb Europas wohnen 🙈
2026-03-10 14:12;hatte bisher auch keine zeit die dax daytrades zeitnah einzupflegen, jetzt lass ich sie einfach weg, aber wichtger sind eh die DPs und jeder kann nach marktgefühl handeln. m.M.
2026-03-10 14:16;alex.s bei den reichen und schönen 🤣 ich bin bescheiden und kann sagen, auf mich trifft beides zu 🙈🤣 diesel 2,24 super 2,16
2026-03-10 14:33;bonda versperrst du die 958 ? 👻
2026-03-10 14:37;922 short scalp
2026-03-10 14:48;alex.s was soll ich noch alles machen, ? hier schreiben, hier posten, handeln ? und noch kontrakte kaufen 🤣
2026-03-10 14:49;spartaner99 was meinst du, was weiß ich ?
2026-03-10 14:50;wer hat an der uhr gedreht... dp time 902
2026-03-10 14:54;spartaner99 922 oft genannt, 922 poi fight 922 von oben mit 91% durch, sagt Zeiger umfeld mehrheit oft falsch
2026-03-10 14:57;spartaner99 ich starre auf tabelle, da steht es und dann handel ich danach,sry ich denke darüber nicht nach und das umfeld etc. ist mir egal, es ist eben so und heute abend habe ich die 922 und den tarde auch längst wieder vergessen
2026-03-10 15:06;subxero muß ich schauen, habe dieses jahr noch kein fischbrötchen gegessen. esse nur döner 🤣
2026-03-10 15:08;subxero 801 muss haltewn daan 758 und dann kratzen wir 622-600
2026-03-10 15:09;Robrohr ja so ist es, aber frage jetzt bloß nicht wie das funktioniert 😏
2026-03-10 15:15;802 spannend
2026-03-10 15:18;diese adidas nerven ein wenig, hatte mir doch extra diese woche schon 3 hosen mit goldenen streifen bestellt 🤣🤣
2026-03-10 15:42;nogut und ab 902 dp long
2026-03-10 15:43;sollten nun nach 88 über 24 k
2026-03-10 15:48;nebenher schnell noch den aktuellen dp 958 , was für ein service f0r free 🤣🆗🍀🤑
2026-03-10 15:50;Torte73 ich habe nicht geschrieben das es wieder runter geht nur das wir 24 k ...
2026-03-10 15:52;Torte73 wer gegen mich und meine ansagen tradet 🍀🤣 darf hier nicht shcrieben 😎🤣😉
2026-03-10 15:54;wenn 022 hält 058 und 088 vorläufig mgl.
2026-03-10 15:59;Torte73 nur wenn du Torte mit bringst 🤣 da ausnahme
2026-03-10 16:14;BioNTech SE Nam.-Akt.(sp.ADRs)1/o.N. Fördermittel ? Milliardäre ? Biontech fällt im US-Handel deutlich, nachdem das Gründungsehepaar Türeci und Sahin seinen Ausstieg bis spätestens Ende des Jahres ankündigt
2026-03-10 16:56;Trailing Stop - ist nix für mich. da muß ein trend schon eindeutig und ruhig verlaufen.
2026-03-10 17:27;nogut bei ein euro scheinen 😉
2026-03-10 18:07;madzocker1 ja.
2026-03-10 18:11;madzocker1 Wer der Meinung ist, dass mein Depot und mein Input hier einen echten Mehrwert bieten, darf das stock3 gerne mal mitteilen – gerne auch die stillen Mitleser! Feedback ist die einzige Währung, die hier zählt. Viel Erfolg euch ALLEN 🍀
2026-03-10 18:29;An meine Hater: Ich bin nicht weg. Ich schreibe und teile hier halt nur nicht mehr so wie bisher. Ich bin weiterhin da und schaue mir die weitere Entwicklung ganz entspannt an. 😉
2026-03-10 18:31;madzocker1 Ich will doch sehen wie stock3 hier weiter macht. 😏
2026-03-11 08:04;Guten Morgen, wie gestern Abend schon geschrieben. 👉Wer der Meinung ist, dass mein Depot und mein Input hier einen echten Mehrwert bieten, darf das stock3 gerne mal mitteilen – gerne auch die stillen Mitleser! Feedback ist die einzige Währung, die hier zählt. Viel Erfolg euch ALLEN 🍀 An meine Hater: Ich bin nicht weg. Ich schreibe und teile hier halt nur nicht mehr so wie bisher. 👉Ich bin weiterhin da und schaue mir die weitere Entwicklung ganz entspannt an. 😉 👉Thema jetzt nicht weiter verfolgen, ich habe geschrieben um was ich bitte. Ich wünsche euch grüne Trades. 🍀
2026-03-11 14:38;BROKT 4 seit wann weißt du was ich will ? Ich erinnere mich noch gut an 22.02.2024 😉
2026-03-11 14:43;BROKT 4 12.57 Uhr hast du es noch gewusst. Oder hat das ein Anderer geschrieben ? Dir bin ich in keinster Weise Rechenschaft schuldig, schon gar nicht nach deinem Verhalten in Februar 2024.
2026-03-11 14:45;BROKT 4 einfach stellung beziehen zu dem was du geschrieben hast und zu meiner frage, das kann doch nicht so schwer sein ?
2026-03-11 14:50;DAX-Apache das dies von dir kommt war ja klar 😉🤣 dann los mach weiter ....
2026-03-11 14:50;Hatte extra darauf hingewiesen : An meine Hater: Ich bin nicht weg. Ich schreibe und teile hier halt nur nicht mehr so wie bisher. Ich bin weiterhin da und schaue mir die weitere Entwicklung ganz entspannt an. 😉
2026-03-11 14:52;BROKT 4  bin nur verwirrt was du 12.57 Uhr geschrieben hast. Deshalb meine Frage. Ist legitim da mal nachzufragen.
2026-03-11 14:53;DAX-Apache Warum hast dann überhaupt geschrieben ? Hater Nr. One 🤣
2026-03-11 14:58;BROKT 4 sry, du kommentierst Dinge die du nicht verstehst und reimst die sachen zusammen die nicht passen. poste deine trades hier mit kk und tp und vielen ist geholfen. viel erfolg 🍀
2026-03-11 15:06;DAX-Apache Hater Nr. One . kennt wieder nur eine Seite. Typisch 😉
2026-03-13 08:18;moin , sry, unter solchen vorraussetzungen kann ich hier nicht traden. schönes we euch allen
2026-03-13 08:33;Torte73 Es gibt immer zwei Seiten, eine Geschichte. Ich bin noch nicht bereit, meine Version der Ereignisse zu schildern, aber ich werde mich zu gegebenem Zeitpunkt äußern. Bis dahin danke für euren Support. Viel Erfolg 🍀
2026-03-13 08:34;nogut weiß ich doch, meinte die technischen probleme hier auf der seite. viel erfolg dir
2026-03-13 08:42;ich fahre jetzt für paar Tage nach Berlin. habe paar meetings und treffe mich mit dem zeiger . euch allen ein erholsames sonniges we und grüne trades🍀😎
2026-03-13 08:51;bonda suuuper, von unten kommend im kurze erholung immer long an 100er, gut gemacht, gut aufgepasst, so soll es ein 🍀
2026-03-16 11:55;bonda CONGRATS 🍀🤑
2026-03-16 12:03;nogut moin, der RWE call hat sich bei dir verdoppelt 🆗
2026-03-16 12:15;bonda danke der nachfrage, ja alles klar. 🍀🆗
2026-03-16 18:13;alex.s sry, da kann ich nicht helfen, schuhe nur von www.berluti.com/en-de/homepage/ 🤣 oder www.skechers.de/ 💖
2026-03-16 18:26;IchglaubmeinDAXpfeift 🤣🤣🤣 das sind Schuhe für Trader 🆗🍀
2026-03-16 19:19;bonda Hi 😄, ist ja nicht mein Stream, da kann ich nicht bestimmen. Ruhe tut auch mal gut – so kann jeder in Ruhe sein Trading machen, ohne dass ich alles durcheinander bringe 😉
2026-03-17 11:59;bonda congrats, na bitte läuft bei dir. 🍀
2026-03-17 12:05;bonda sprünge zu groß 😉
2026-03-17 14:58;Kursausfälle häufen sich. So kann ich nicht arbeiten 😉🙈
2026-03-17 18:29;Structure Therapeutics Instrumenttyp hier nicht handelbar.
2026-03-17 19:24;"a.freiberger aktuell : ""Strategische Pause"" sry. 🍀"
2026-03-17 19:28;🎈 Zinsentscheidung: Die Bekanntgabe erfolgt am Mittwoch, den 18. März 2026, um 19:00 Uhr MEZ . Pressekonferenz: Fed-Chef Jerome Powell spricht kurz darauf um 19:30 Uhr MEZ. Besonderheit: Diese Sitzung ist mit der Veröffentlichung neuer wirtschaftlicher Projektionen (Summary of Economic Projections) verbunden.
2026-03-18 09:31;bonda moin, WO ? 7:15 Uhr reminder 922
2026-03-18 09:52;bonda 931
2026-03-18 13:44;Maßnahmen der Bundesregierung gegen hohe Spritpreise 🎈🆗 2,17 der Super ist noch Platz bis 2,50 😏 www.bundesregierung.de/breg-de/aktuelles/massnahmen-gegen-spritpreise-2410850
2026-03-18 14:23;Knipser schau mal 13.44 Uhr da passte es auch 🤣😉
2026-03-18 14:24;Thomorgen richtig, nicht versuchen für jede bewegung gründe zu finden. die algos tauschen sich untereinander aus und wir wissen das die 950 darin vor kommt. grüsse und viel erfolg 🍀
2026-03-18 14:30;Knipser eine frechheit wir sich die deutsch regierung präsentiert und das eigene vokk abzockt. aber man sieht ja überall, der bürger wird zur usa und trump gelenkt und ist damit genug abgelenkt. ich sage 2,50 im sommer vorraus.
2026-03-18 14:41;Verzweiflung den Patriotismus gibt es in Deutschland nur noch in der Politik , da hält man zusammen wenn es um die eigenen Bezüge geht
2026-03-18 14:43;gut das ich keine habe, der long an 600 war glas klar 🆗🍀
2026-03-18 14:45;Verzweiflung besser ist, Stasi heißt heute nur anders 🤣🎈und besser ausgerüstet und SEK folgt
2026-03-18 14:51;Knipser nee musst aufpassen, schleusen öffnen
2026-03-18 14:53;tiefsten aktuell angezeigtes schleusentor im z 288
2026-03-18 15:06;german angst ist da. fed wird alle überraschen
2026-03-18 15:08;600 🆗
2026-03-18 15:15;Barkasta nein long nur zum scalpen und unter 600 short
2026-03-18 15:27;Verzweiflung und AMD
2026-03-18 15:48;nogut 488 muß halten sonst 438 die 2 steht im z nicht mehr an dritter stelle .
2026-03-18 15:56;nogut fed schwierig, mehrheit erwarte das die kurse ddann wieder hochgezogen werden, bauchgefühl alle werden überrascht
2026-03-18 19:16;www.youtube.com/watch?v=-sSSzdXIlA8
2026-03-18 19:19;na immerhin, etwas verzögert aber ein handelbarer Impuls 🍀🆗
2026-03-18 20:25;gut das 21 uhr schluss ist 🙈 der 500er move down, spült was in die gklasse. Geduld zahlt sich mal wieder aus
2026-03-18 20:28;bonda ovn nix für mich, dann flat 🆗
2026-03-18 20:31;leicht verdientes geld. Wie der Trick funktioniert? Zuerst erhebt der Staat auf das Produkt eine spezielle Verbrauchsteuer, etwa auf Energie, Tabak oder Strom. Anschließend wird auf diesen Gesamtpreis noch die Mehrwertsteuer berechnet. Das bedeutet: Der Staat besteuert nicht nur den eigentlichen Preis des Produkts, sondern auch seine eigene Abgabe. Für Verbraucher ist das kaum sichtbar. Die Dimension ist enorm: Rund 66 Milliarden Euro nimmt der Staat jährlich über solche Verbrauchsteuern ein. Durch die zusätzliche Mehrwertsteuer kommen etwa zwölf Milliarden Euro pro Jahr obendrauf. nur gut ,das man auf gewinne keine mwst zahlen muß 🙈
2026-03-18 20:33;bonda  81 % trefferquote an 950
2026-03-18 20:38;hurra hurra die 2 an dritter stelle ist da 🍀🆗🤣
2026-03-18 20:40;288 wieder der Fels 🎈🤑
2026-03-18 20:41;288 🤑🤑🤑 FEIERABEND🎈
2026-03-18 20:43;"Aleks85 doch, das was übrig kann der markt behalten. Heute ist nicht alle Tage; ich komm wieder, keine Frage!"
2026-03-18 20:45;bonda  haha 22.950 🍀🤣 keine ahnung weiß ich nicht, egal , kopf frei
2026-03-18 21:10;Turbo Bull Open End auf Micron Technology 😎
2026-03-19 08:26;bonda moin, 050 ist und war die zahl des vormittags
2026-03-19 08:58;Knipser danke, ja ich hatte mich beschwert und mit übernahme gedroht, da haben sie es wieder umgestellt 🤣
2026-03-19 09:18;Brent hits $114 and Europe gas prices soar 30% after attacks on energy facilities in Qatar, Iran
2026-03-19 09:41;bonda sry ja klar bin am tarden kaum zweit , an tagen wie diesen , wird verdient
2026-03-19 09:45;🥰🆗 950
2026-03-19 09:46;vor 950 hat jeder algo angst 🤣😎🎈
2026-03-19 10:05;🚀🚀🚀 950 🍀🤑
2026-03-19 10:27;bin zwar kein fan vom sentiment und dazu die erwartungen auf steigende kurse der user in den foren 😉🍀
2026-03-19 10:34;Siemens Energy AG für mich kaufkurse, denn next week müssen andere kaufen 😉🤑
2026-03-19 10:55;Turbo-Optionsschein auf Siemens Energy man muss sich auch mal was gönnen 😉🍀
2026-03-19 11:41;9. märz tief wird gekauft verteidigt 👉
2026-03-19 12:15;wurde nicht vor tagen hiuer noch geschrieben das am freitag zu 25 k abgerechnet wird ? anhand so eines diagramms wo niemand weiß ob es der wahrheit entspricht 😉🎈
2026-03-19 12:20;bonda besser füße still halten und auf punkte warten . z.b. long ab 950 usw. dritte stelle könnte noch eine 7 z´bekommen
2026-03-19 12:20;bonda ich konzentriere mich heute auch mal auf einzelwerte natürlich im hebelsegment
2026-03-19 12:24;bonda sl eng bei short richtg 227...und ...
2026-03-19 13:06;"NUN NUR NOCH DIE ( AN DRITTER STELLE IM Z; 8"
2026-03-19 13:08;1.kauf 900 next 922 kauf und 950
2026-03-19 13:11;Es tanzt ein Bi-Ba-Butzemann in unserm Kreis herum, dideldum, es tanzt ein Bi-Ba-Butzemann in unserm Kreis herum. Er rüttelt sich, er schüttelt sich, er wirft sein Säckchen hinter sich: es tanzt ein Bi-Ba-Butzemann in unserm Kreis herum.
2026-03-19 13:15;Howknow German Angst immer sehr groß. 🍀 Nur an Tankstellen guckt man weg 🙈
2026-03-19 13:21;🤣 Ab April 2026 wird der 500 EURO Schein wieder eingeführt. 🎈 Damit soll das bezahlen an den deutschen Tankstellen erleichtert werden. 🙈🆗
2026-03-19 13:43;Asti bitte die frage ausführliche beschreiben, bezug usw. ?
2026-03-19 13:44;nogut hat sich die sieebn doch mal kurz gezeeeeeeeeeeeeeeeigt 😎
2026-03-19 13:48;schon krass wie die sogennanten sicheren häfen ,edelmetalle abschmieren. cash ist angesagt
2026-03-19 13:50;Asti die lösung findest du in der uhrzeit und dem dax chart. dazu kommt das ist für daytarding schon lang her, zu dem zeitpunkt war ich long mit den genannten kk
2026-03-19 14:13;ohjee die 7 im Z wieder an dritter stelle und noch tiefer . die schleusen sind offen 🍀🙈
2026-03-19 14:47;Turbo-Optionsschein auf SAP niemand muß Angst haben 🤑
2026-03-19 14:48;bringt euch runter 😎 www.youtube.com/watch?v=R82XGJV_nkU
2026-03-19 14:50;nogut start an 800 dann 888 dann 922 und 💖
2026-03-19 14:54;950 💖🥰🍀🎈
2026-03-19 14:54;heute mal wieder jäger und sammler kk tag 🤑🍀 AMD, DELL, aapl, orcl, SAP gehebelt
2026-03-19 14:56;nogut habe ich erklärt das war zu dieser zeit in dieser action szene, passt jetzt ja auch, aber 800 -100er von unten ist k
2026-03-19 15:04;Haus des Geldes 🍀 Discount Warrant auf Palantir Technologies Inc
2026-03-19 15:17;Reminder zum Post gestern Abend. Turbo Long auf Micron Technology
2026-03-19 15:26;für die Sammler 🍀 Discount Warrant auf Chevron
2026-03-19 15:51;bonda congrats, wenn du so weiter machst, wirst du womöglich entdeckt und bekommst einen eigenen stream 😉
2026-03-19 15:54;bonda ja, ist mir bekannt.
2026-03-19 16:10;bonda nur wenn 888 fällt
2026-03-19 16:32;bonda 922 und 888 etwas short. ab 8pm wird es N besser
2026-03-19 16:36;bonda sl sofort im tlv in gewinn ziehen 922 aufpassen
2026-03-19 16:39;wie schon geschrieben ab 20 uhr käufe der patrioten
2026-03-19 17:56;bonda das dritte mal ab 20 uhr 😉😎
2026-03-19 18:18;3. stelle nur 7 keine 6
2026-03-19 19:09;alex.s danke. ich war nie weg, Ich schreibe und teile hier halt nur nicht mehr so wie bisher. Ich bin weiterhin da und schaue mir die weitere Entwicklung ganz entspannt an. 😉 🍀
2026-03-19 19:30;Hapag-Lloyd AG Chart zu Hapag-Lloyd AG (   ): Wer kann mir das erklären ? Kurs 7 Tage. 🆗
2026-03-19 19:31;Der Einfluss des Iran-Kriegs sei begrenzt. Nur zwei Prozent der globalen Seefracht gingen durch die Straße von Hormus, die wegen ihrer enormen Bedeutung für Öl- und Gaslieferungen als Nadelöhr der Weltwirtschaft in aller Munde ist. Der Iran hat Transporte durch die Meerenge faktisch zum Erliegen gebracht. So kann es gehen 🆗
2026-03-19 20:14;sun-set siehst du doch 🤑🤑🤑🤑
2026-03-19 20:16;sed01 ich bin ein Großmeister ! 🆗
2026-03-19 20:18;3mal habe ich es hier geschrieben- ich hoffe die Herrschaften von stock3 haben mit gelesen 😉 8 Uhr 20 Uhr Käufe NORD .
2026-03-19 20:23;ljen bei mir riecht es immer nach Steak und dann bekomme ich Brokoli 🤣👉😉
2026-03-19 20:28;nogut hat denn deren Depot vom Geruch proftiert oder ist die Luft nur vorbei gezogen ? 🤣
2026-03-19 20:31;bonda habe sie alle an der strippe und bin am telefonieren, jetzt freuen wir uns über den mehrfach hier angesagten 20 uhr SPIKE 🤑🎈🍀
2026-03-19 20:41;nogut was gab es denn leckeres zu essen das du meine für 8 uhr ansage dafür ignoriert hast. 🤣😉
2026-03-19 20:45;a.freiberger In einer Pressekonferenz am 19. März 2026 erklärte der israelische Premierminister Benjamin Netanjahu, dass der Iran nach 20 Tagen Krieg keine Kapazitäten mehr zur Urananreicherung oder zur Herstellung ballistischer Raketen besitze.
2026-03-19 20:48;nogut na gut, ich hätte noch auf die pressekonferenz hinweisen sollen, aber es sollte ja eine überraschung werden , sein 🤣😎
2026-03-19 20:51;so long deine frage 20.24 uhr kann ich dir nicht beantworten. sry, soweit vorraus bin ich nicht . mir reicht das daytrading und am liebesten ovn cash.
2026-03-19 21:50;bonda GERNE - theoretsich sollte dax mit gap up aufwachen, aber wer weiß das schon 🤣 GN8
2026-03-20 09:28;moin und da lese ich doch der dax wurde im vorfeld zur passsenden marke geführt 😉🎈🤣🤣🤣🤣 sry
2026-03-20 09:39;bonda 068-048 wichtig
2026-03-20 09:51;bonda 128 dann haste chancen
2026-03-20 10:11;liter super 2,27 🤣 steigt auch weiter
2026-03-20 10:23;www.augsburger-allgemeine.de/wirtschaft/benzinpreise-in-deutschland-steigen-trotz-spritpreispaket-der-bundesregierung-113767598 🤑 Diätenerhöhung steht an
2026-03-20 10:26;de.nachrichten.yahoo.com/finanzminister-weist-kritik-sonderverm%C3%B6gen-zur%C3%BCck-133400911.html?guccounter=1 Staat: kann Budgets politisch umschichten Privatperson: muss sich an Steuerrecht halten
2026-03-20 10:31;💖 950
2026-03-20 11:53;für mich ab 807 wieder long, aktuell großer verfall, muss man nicht handeln
2026-03-20 11:55;jetzt erscheint auch mal eine 5 an dritter stelle 👻
2026-03-20 12:21;bonda nee da kommt bisher nix, aber Melania will mich später anrufen 🤣😎
2026-03-20 12:24;bonda der Tag ist noch lang, aber das Gespräch mit Melania sollte man nicht unterschätzen 😉
2026-03-20 13:18;fro_trade hi kann ich nix zu sagen habe ich aktuell nich auf dem radar, einzelwerte mehr in usa
2026-03-20 13:19;bonda mit und unter 858 short
2026-03-20 13:21;fro_trade den ansatz mit dem gap finde ich gut, persönlich mag ich sap nicht und oracle hat vorgelegt da wird es schwer für sap
2026-03-20 17:39;bonda no jetzt die 3 🍀
2026-03-20 17:40;Im Alter von 86 Jahren: US-Actionstar Chuck Norris gestorben. R.I.P.
2026-03-20 17:42;jetzt 3 x 222 😎🙈
2026-03-20 17:55;Aclopapse ja in videothek musste man um seine kämpfe fighten 😉 und vorbestellen
2026-03-20 18:01;Aclopapse ach, war das schön 😍
2026-03-20 18:04;Siemens Energy AG was sagen eure charts ? danke
2026-03-20 18:06;368 🫶
2026-03-20 18:07;so long 22.2...
2026-03-20 18:09;spartaner99 an 368 wird entschieden
2026-03-20 18:11;bonda nee, am we kommt was 🆗😉
2026-03-20 18:40;288
2026-03-20 19:00;nogut für dich immer GERNE 🍀
2026-03-20 19:00;nogut ja 288 o u
2026-03-20 19:29;im Z an 202 schluss ab das war 17.45 👻
2026-03-20 19:57;nogut hast du schon zu abend gegessen ? 😎
2026-03-20 20:49;Ich wünsche allen Tradern (innen) ein erholsames Wochenende! 📉📈 Es bleibt spannend an den Märkten – mal sehen, was die nächste Woche bringt. Gerüchten zufolge könnte der Sonntagnachmittag schon interessant werden… und hoffentlich auch schön sonnig ☀️
2026-03-22 18:11;"Tach, habe gehört ""Niemand muß Angst haben"" Die Benzin und Dieselpreise in Germany werden nicht fallen. Die TaskForce Germany kümmert sich erst um Ihre Pensionen und dann um die Lebensmittelpreise. freenet AG"
2026-03-23 07:41;21.950 , das ist schon mal eine Ansage , ohne Lehrbuch.Guten Morgen 🍀🤑
2026-03-23 08:12;950 ist bekannt, +50 im tVK 🤑🍀
2026-03-23 08:30;950 💖 krass läuft in beide richtungen 🤑🍀
2026-03-23 12:34;so pause, das war echt der hammer 😎🤑🤑🤑
2026-03-23 12:47;Ihre Anfrage wurde vonseiten der Börse abgelehnt. Bitte versuchen Sie es später erneut oder weichen Sie auf eine Limitorder bzw. einen anderen Handelsplatz aus. (HA_5521006)
2026-03-23 12:59;bonda  ich wollte es erst ankündigen, aber beim letzten mal der 20 uhr ansage kamen mir zu wenig 👍
2026-03-23 13:17;bonda Ihre Anfrage wurde vonseiten der Börse abgelehnt. Bitte versuchen Sie es später erneut oder weichen Sie auf eine Limitorder bzw. einen anderen Handelsplatz aus. (HA_5521006)
2026-03-23 13:36;bonda ein hinweis gab es an meinem gestrigen sonntagsposting mit der wkn als hinweis 🍀😎
2026-03-23 15:24;👍👍👍
2026-03-23 16:50;nogut  💖👍🍀
2026-03-23 16:52;nogut  handelseinig ist das falsche wort, dazu hätte verhandelt werden müssen und ein geschäftsführer weiß gar nicht das es mich kleinen fisch gibt. 😉🤣🍀
2026-03-23 17:00;nogut ich hatte nie den eindruck das du da so großen wert darauf legst dacht bist mit deinem pg s gut versorgt. ich hätte sehr gern diesen stream übernommen. geld spielte keine rolle , das verdiene ich mit traden !!! aber ruhm und ehre, wertschätzung und respekt sind mir schon wichtig 😉👍
2026-03-23 17:18;Tradergirl68 in das marktgeflüster kommt nicht jeder, ich möchte darüber aucht nicht mehr schreiben. 😉🍀
2026-03-23 17:28;bonda danke, weiß ich doch. alles gut. ich möchte keine weiteren diskussionen dazu. 👍🍀
2026-03-23 17:33;Tradergirl68 soweit ich weiß kostet 11,99, der erste schritt , man muß seine sinne beherrschen, man muß gnadenlos sein, man muß geld anders einschätzen usw. beweggründe, es gibt nicht nur diese plattform,
2026-03-23 17:35;thema beendet , die hater wollen traden 😉🆗
2026-03-23 18:11;so long Die geopolitische Lage und der Ölpreis drücken die Stimmung so stark, dass positive Impulse derzeit einfach verpuffen. Das Vertrauen der Käufer ist aktuell sehr gering . 21.950 muß halten . Es wird nur zögerlich gekauft. Bin froh Daytrader zu sein. Wobei heute einige Orders von einigen Emittenten nicht ausgeführt wurden. viel erfolg 🍀
2026-03-24 08:02;Guten Morgen 🍀
2026-03-24 08:57;kuhbauer Alles Gute 🍀
2026-03-24 09:08;nogut  die wollen nur billig rein 😉🍀 von 150 zu 175 mit hebel ist auch 🤑
2026-03-24 09:12;👍👍👍
2026-03-24 09:21;endlich nimmt dax fahrt auf , konnte jeder im 5er sehen 🤑🆗
2026-03-24 09:24;keine handelsempfehlung 👈 für einen reichmachertrade 🎈Discount Warrant auf Alphabet C
2026-03-24 09:33;Bär_79 alphabet ? von 9.24 uhr
2026-03-24 09:37;Bär_79  522 t im z rebound
2026-03-24 09:59;🆗
2026-03-24 10:07;🎈🍀
2026-03-24 10:20;409 👈
2026-03-24 10:49;die Vola macht heute wieder viele reicher. 🍀🤑
2026-03-24 10:59;Chromium2 josef wollte doch schon letzte woche das wir hier hoch ziehen, außerdem nervt es mich wenn jemand ständig postet das er pause macht 😉🤣
2026-03-24 11:03;538 🥸
2026-03-24 11:07;Monetenfred perfekt 538 ,da konnten aufmerksame leser noch zusteigen 🤑
2026-03-24 11:13;dow zieht an , man prüfe den bisherigen tageschart ,dazu auch n100, sap erste käufe sind schon safe
2026-03-24 11:15;608 Karate Kid
2026-03-24 12:32;608 ist weiter ok , beschleunigung und next fight 548
2026-03-24 13:00;568 🥸🎶
2026-03-24 13:08;beschleunigung 👻
2026-03-24 13:43;so ,da simmer seit 568 short und die amis spieeln auch mit . bodenbildung oder wie ich sage 452 fight
2026-03-24 13:47;bin unten bei 412-402
2026-03-24 13:50;sed01 nein. abwarten gewinne sichern sl nachziehen kasse tvk machen und long dann erst wieder 452 488 or 502, aber alles vorsicht vola ein satz von trump und alles ist erledigt 🎈
2026-03-24 13:52;man muß gewinne auch mal behalten und sich nicht von gier verleiten lassen etwas zu verpassen und immer dabei sein zu müssen !!!
2026-03-24 14:11;388 💥🔥
2026-03-24 14:13;spartaner99 bin oben
2026-03-24 14:54;sorry ,aber der spam hier runten von Brok ist für mich unerträglich 😉 10 wertlose Posts hintereinenader das schafft sonst nur faether oder so. nun kommen gleich die Hater und verhauen mich.
2026-03-24 14:59;nun hatten wir genügend zeit um an 388 eingestiegen zu sein, aber die vola macht es nicht einfach, das macht echt arbeit
2026-03-24 15:00;wenn wir es über 419 schaffen könnte ein rebound beginnen
2026-03-24 15:04;jetzt sichern wir erstmal die 388er longs mit sl im tvk sl an 419, dax jetzt 471
2026-03-24 15:21;494 erst dann weiter
2026-03-24 15:36;die 388 longs sl auf 488 und +100 p safe . ich im tvk habe noch sl an 452 und 422
2026-03-24 15:46;gutes beispiel bei der vola kommt man mit mehreren posi und sl s weiter und ist oft dabei , sry trade nebenher , 488 +100 p ist raus . 452 und 422 laufen noch
2026-03-24 15:55;"dax now 600 - Congrats 🤑🤑🤑 +TVK und rest sl nachziehen. viel erfolg 🍀 ""Traden leicht gemacht ""Monetenfred"" 🤣"
2026-03-24 16:00;IRAN OPEN TO U.S. OUTREACH, READY TO LISTEN
2026-03-24 16:01;lisalisa oben
2026-03-24 18:20;ovn 602 u 402 o 702 🍀🆗
2026-03-24 19:29;Tradergirl68 👍👍👍
2026-03-24 20:20;Tradergirl68 19.41 Uhr sehr gut erkannt und noch besser beschrieben 🍀😉
2026-03-25 07:53;nogut moin, stand alles oben 16.20 Uhr
2026-03-25 08:16;bonda moin, genau als ich ihr den ovn dp mitteilte , haben sie los gelegt 🤣
2026-03-25 08:17;bonda und gehst bis dahin long ? würde ja sinn machen wenn du weißt das es bis dahin steigt 😉🍀 950 entscheidet darunter ist alles Kloßbrühe
2026-03-25 08:18;bonda  hatte 18.20 dp gepostet da konnetst bis 22.00 uhr noch reich wreden
2026-03-25 08:31;bonda hatte ich hier mehrmals geschrieben 😉🍀
2026-03-25 09:00;bonda sry, ich mache es wie gestern von den gästen und deren postings abhängig und kündige es an. soll ka jeder seinen freiraum bekommen. 😉
2026-03-25 09:01;950 wie so oft 💖 die 23 k ist nun pflicht
2026-03-25 09:02;die SAP Hater gucken heute mal genau hin. meinen Einstieg hatte ich gestern hier verkündet. 🤑
2026-03-25 09:03;958 ist von Bedeutung im dax Aufwärtsszenario
2026-03-25 09:09;bonda du verschenkst viele gute long punkte 🆗
2026-03-25 09:10;bonda solange brauchen wir nicht, der jetzige move seit 8am reicht uns 🤑
2026-03-25 09:54;nogut danke für deine post 😉🍀
2026-03-25 10:09;nogut er unbesiegbar , der Mann ! und macht alle Abokäufer reich 👻 Ingmar Königshofen heute 10:06 ALLZEITHOCH !!70.000%!! Marke durchbrochen! DAX (23.031,50 1,74 %)
2026-03-25 10:27;SAP SE Turbo Long auf SAP 🎈🎶 gestern nach hater ansage gekauft 🍀🤣
2026-03-25 10:48;wenn wundert es noch 🙆‍♂️ 958 u 888 and more
2026-03-25 12:44;"klar kann Jeder schreiben , aber wenn so wie gestern... 14:32 14:34 14:38 14:42 14.44 14:45 14:46 Uhr muß es nicht sein. 🤣 nun können mich die Hater wieder an den Pranger stellen. ""garten"""
2026-03-25 13:05;Bär_79 22.888
2026-03-25 13:12;062 wichtig für weiter Anstiege im Dax
2026-03-25 13:22;062 trigger und 988 gleich mit 002 und 0012 noch trigger nach oben. dp sollte 988 heißen sry
2026-03-25 13:24;u 958 922 902
2026-03-25 13:27;Aufpassen : IRAN DOES NOT ACCEPT CEASEFIRE, SAYS US TALKS ILLOGICAL: FARS
2026-03-25 14:38;AMD ein 💖 reminder . Depot 🍀Turbo-Optionsschein auf AMD
2026-03-25 14:40;Dow Jones Indikation L 46.374 H 46.745 now 46.651 wo ist da Schwäche 🥸
2026-03-25 14:45;ich denke oft, feather hat zwei accounts. tschüss 🤣
2026-03-25 14:54;du musst auch traden nicht nur mit dem geschirr klimpern. du weißt doch aus 2024 wie es geht 🤣🎈
2026-03-25 15:01;Leute, ich mach hier mal einen Punkt. Mir tut es für die treuen Trader leid, aber ich gebe mir das hier nicht länger. Wenn der ‚Oberhater‘ meint, er muss hier die Ansagen machen – bitte, hier ist die Bühne. Ich erinnere mich an 2024, als Josef bei Brokt einschreiten musste. Bevor das hier wieder so eskaliert, bin ich weg. Der Klügere gibt nach. Viel Erfolg 🍀
2026-03-26 09:21;brokt4, Mission erfolgreich: Stream sabotiert, Leute vertrieben. Und jetzt? Kommt da noch was mit Substanz oder war das Ego-Programm schon alles? Hast du ohne mich niemanden mehr, an dem du dich abarbeiten kannst? Die Leute hier warten bestimmt brennend auf deine nächsten genialen Ansagen !!!
2026-03-26 09:27;sry, mir ist das schon wichtig. es macht ja keinen Sinn das er jetzt hier nicht weiter schreibt. 🍀Viel Erfolg und Alles Gute BROKT 4
2026-03-26 14:34;subxero Wir erleben hier gerade eine exakte Kopie von 2024. Damals musste er nach dem Zoff gehen, weil Josef ihm die rote Karte gezeigt hat. Dass er zwei Jahre später zurückkehrt und genau denselben Stress anfängt, sagt alles. Ich bin inzwischen zu alt und zu reif für diese ewigen Wiederholungsschleifen. Ich ziehe hiermit die Reißleine und mache den Platz frei. Viel Erfolg beim Weitermachen. 🍀
2026-03-27 07:46;ERSTER 🥸Musterdepot Start 01 2026 ein paar Zeiger Reichmachertrades for free
2026-03-27 08:04;Moin, Ich bin mir meiner Verantwortung hier durchaus bewusst. Nur weil ich schon ein paar Jahre mehr auf dem Buckel habe, heißt das ja nicht, dass ich nicht mehr dazulerne. 😉 Selektives Lesen und Ignore Button ist jetzt ein guter Filter. Ich werde künftig einige meiner Trades direkt im Depot veröffentlichen – so kann jeder selbst entscheiden, was er sich davon anschauen möchte. Daytrades werde ich aus Zeitgründen allerdings nur selten posten können. Daytraden und hier schreiben ist anstrengend. Viel Erfolg allen Followern und Hatern. 🍀
2026-03-27 08:29;An dieser Stelle auch ein herzliches Dankeschön an alle für die zahlreichen E-Mails. 💖🍀
2026-03-27 08:31;622 der ovn DP im Z gültig bis wie bekannt bis 9.45 Uhr, erwarte 9 Uhr vola ausschläge
2026-03-27 08:49;N10 überverkauft erwarte heutet Erholung Gegenbewegung US Tech 100 Chart zu Nasdaq-100 (28.939,74 1,17 %):
2026-03-27 08:53;"Long Versuch, falls ich rein komme . Limit liegt im Markt. Depot. FRANKFURT (dpa-AFX Broker) - Das Bankhaus Metzler hat das Kursziel für SMA Solar von 37 auf 52 Euro angehoben und die Einstufung auf ""Buy"" belassen. Der Solartechnik-Hersteller sei bestens gerüstet für den Megazyklus der Elektrifizierung, schrieb Guido Hoymann am Freitag. Solarenergie sei kostengünstig, doch die Installation und die komplexe Netzanbindung von Großanlagen erforderten Fachkenntnisse vor Ort. Dadurch könne sich SMA im Wettbewerb behaupten./rob/tih/ag Chart zu SMA Solar Technology AG (59,45 € 0,76 %):"
2026-03-27 08:59;warte ich bis 12 Uhr Dow Jones Chart zu Dow Jones (52.159,40 0,58 %):
2026-03-27 09:01;Dax wie beschriebn Vola 9 Uhr nun muß 588 halten Chart zu DAX (24.900,50 0,22 %):
2026-03-27 09:03;SAP SE Chart zu SAP SE (135,76 € -1,81 %):
2026-03-27 09:07;ovn dp 622 hat getriggert 588 geegnbewegung jederzeit mgl. Chart zu DAX (24.900,50 0,22 %):
2026-03-27 09:09;nogut  Super ,du kennst ja echte knallharte muke 😉🥰
2026-03-27 09:09;nogut moin, deine Aufgaben und Pflichten bleiben trotzdem bestehen 😉 besten dank dafür
2026-03-27 09:10;558 und 522 aber man will den rebound , sap kämpft 🍀
2026-03-27 09:18;Trigger 622 short zu 588 558 und 522 wie angesagt, ich mache tvk gewinne mit nehmen 502
2026-03-27 09:36;Dax knapp über 100er 4 gestoppt L&S DAX L&S DAX #2 Chart zu DAX (24.900,50 0,22 %):
2026-03-27 09:39;22.350 kann 385 erreicht werden Chart zu DAX (24.905,47 0,86 %):
2026-03-27 09:40;Dax Chart zu DAX (24.905,47 0,86 %):
2026-03-27 09:42;SAP hält dagegen 🍀🎈 SAP SE Chart zu SAP SE (135,76 € -1,81 %):
2026-03-27 09:44;100er wie so oft für rebound gut Chart zu DAX (24.900,50 0,22 %):
2026-03-27 09:48;DP hier 23.558 Chart zu Nasdaq-100 (28.939,74 1,17 %):
2026-03-27 09:58;nogut das war für N100US Tech 100 Chart zu Nasdaq-100 (28.939,74 1,17 %):
2026-03-27 10:01;N100 nun Boden am DP ? Chart zu Nasdaq-100 (28.939,74 1,17 %):
2026-03-27 10:04;Bitcoin im Testmodus DP 67.906 Bitcoin BTC/USD Chart zu Bitcoin BTC/USD (66.873,00 $ 2,37 %):
2026-03-27 10:06;nogut Super ! dazu Chart zu VDAX-NEW (17,7641 -1,26 %):
2026-03-27 10:08;zu Öl wird am WE was kommen : Chart zu WTI Öl (84,833 $/bbl. 2,32 %):
2026-03-27 10:10;Thomorgen es gab ein Versprechen und da er es einhält ist alles 🍀🆗
2026-03-27 10:50;10.45 uhr 364 dax
2026-03-27 11:09;reversal an 312 👈
2026-03-27 11:56;ab 321 nun zum tt
2026-03-27 11:58;laufender dp 302
2026-03-27 12:01;u 202
2026-03-27 12:16;205 t 202 knapp now reversal zum 3.
2026-03-27 12:37;jetzt am dp angekommen , fällt die entscheidung 🍀
2026-03-27 13:13;"da will ich dabei sein, cash vorsorge AUSTIN (dpa-AFX) - Elon Musks Weltraumfirma SpaceX will bei ihrem Börsengang Medienberichten zufolge einen Rekorderlös von bis zu 75 US-Milliarden Dollar (rund 65 Mrd Euro) einnehmen. Als Termin für die Aktienplatzierung werde der Juni angepeilt, schrieben die Website ""The Information"" und die Nachrichtenagentur Bloomberg unter Berufung auf informierte Personen."
2026-03-27 13:48;fro_trade 45,55 wenn dann 47,40
2026-03-27 14:12;BITCOIN heute hier 10:06 Uhr den short 🍀🤑
2026-03-27 14:32;ich bin dafür das wir den n100 heute im Plus schließen lassen 🍀🤑🆗
2026-03-27 14:37;gibt es keinen namen für die formation im dax 5er, die chartexperten haben doch da immer namen . zickzack or so 🤣
2026-03-27 14:48;🆗 Whipsaw
2026-03-27 14:53;www.cnbc.com/2026/03/27/iran-war-wipes-out-100-billion-from-luxury-stocks.html
2026-03-27 15:19;bonda mit 322trigger
2026-03-27 15:24;dax macht ja seit 10 or 12 uhr sägezahn seitwärts
2026-03-27 15:26;322 dp fight
2026-03-27 15:43;"Polens Parlament stimmt Plänen zu, die die Mehrwertsteuer auf Benzin und Diesel von 23 auf 8 Prozent senken, dem Energieminister bis Ende Juni eine Reduzierung der Energiesteuer bis zum EU‑Minimum von rund 7 Cent je Liter erlauben und einen täglich festgelegten maximalen Einzelhandelspreis einführen. Die Maßnahmen, die noch die Unterschrift von Präsident Karol Nawrocki benötigen, sollen bereits vor Karfreitag greifen; die Regierung will mögliche Effekte auf Tanktourismus beobachten."
2026-03-27 15:48;de.investing.com/technical/indices-pivot-points-camarilla
2026-03-27 15:54;nogut mgl. hab es mir nicht weiter angeschaut nur camelia gelesen und link rein
2026-03-27 16:01;nogut hast du so eine map nur für nasdaq chipaktien ?
2026-03-27 16:08;finviz.com/map.ashx?t=sec_ndx
2026-03-27 16:14;nogut RESPEKT. mit was du dich alles beschäftigst und nebenher noch tradest 🍀
2026-03-27 16:15;fro_trade SMA Solar Technology AG alles wie bestellt 🤣🤑🍀
2026-03-27 16:20;nogut alles gut. keine umstände. 🍀
2026-03-27 16:29;wenn sich n100 chipwerte erholen dann ein gutes zeichen für den markt
2026-03-27 16:30;nogut danke habe alles in meinen favos gefunden
2026-03-27 17:07;beobachten . reversal in aussicht Chart zu Advanced Micro Devices Inc. (525,2700 $ 4,31 %):
2026-03-27 17:07;reminder Chart zu VDAX-NEW (17,7769 -1,19 %):
2026-03-27 17:10;dp 267 DAX (24.906,90 0,24 %) Chart zu DAX (24.901,00 0,22 %):
2026-03-27 19:17;das sieht nicht gut aus . Chart zu Bitcoin BTC/USD (66.872,00 $ 2,37 %):
2026-03-27 19:19;dax ovn we DP 231 Chart zu DAX (24.901,00 0,22 %): Chart zu Dow Jones (52.156,90 0,57 %):
2026-03-27 19:30;Aclopapse congrats. 🍀🤑🆗
2026-03-27 20:15;Aclopapse dax zeigerdaten doch heute ständig gepostet und auch den ovn we z
2026-03-27 20:21;nogut durch deine viele arbeit und das ganze einstellen
2026-03-27 20:21;nogut runter
2026-03-27 20:34;am we erwarte ich eine annährung zwischen iran und usa, man wird es vorläufige einigung nennen. alles nur hören und sagen. keine handelsempfehlung . möglich
2026-03-29 10:42;www.capital.de/wirtschaft-politik/sondervermoegen--der-eigentliche-skandal-liegt-woanders-37239728.html
2026-03-29 10:45;www.ndr.de/nachrichten/info/spritpreise-aktuell-so-entwickeln-sich-benzin-und-dieselpreise,spritpreise-128.html
2026-03-29 10:47;www.bild.de/politik/ausland-und-internationales/hoffnung-am-oelmarkt-saudis-umgehen-ploetzlich-strasse-von-hormus-69c828d904eeb30f4b108302
2026-03-29 10:47;www.ig.com/de/wochenendhandel
2026-03-29 20:08;Man braucht gar keinen Chart mehr lesen, die geballte Untergangsstimmung überall reicht völlig. Beeindruckend, wie sicher sicher viele sind, dass es noch meilenweit bergab geht. 😉🍀
2026-03-30 15:01;so long nein, es sei denn es gäbe neuigkeiten von der deutschen regierung 🤣 sry, Trump
2026-03-30 15:46;www.spiegel.de/politik/deutschland/ahmed-al-sharaa-in-berlin-uebergangspraesident-von-syrien-bei-frank-walter-steinmeier-a-2dd761c8-992b-4fb0-9b94-1ccca56ab1f3
2026-03-30 15:52;bonda hello
2026-03-30 15:55;bonda lass uns hier über Börse die BRD und die Welt schreiben, sonst kommen die Neider und Hater aus ihren Löchern 😉
2026-03-30 16:02;bonda sl ausgelöst. kommt vor wenn man mit stopps arbeitet 🆗
2026-03-30 16:05;394-98 muß
2026-03-30 16:08;wie gehts eigentlich Timmy ?
2026-03-30 16:13;dp z 392
2026-03-30 16:28;und die deutsche regierung kann auch die energiepreise senken 😉
2026-03-30 16:42;mein ja nur ,das die nachbarländer für ihre bürger da einiges ermöglichen.
2026-03-30 16:58;da hatte ich was mißverstanden. 🆗Das einzige Szenario, dass die Energiepreise sicher runterbringen wird,
2026-03-30 17:00;so ähnlich argumentiert auch die deutsche regierung. die nachbarländer nicht 😉
2026-03-30 17:09;Taskforce und Arbeitskreise und Berater brauchen Zeit 😉
2026-03-30 17:22;siemens energy reagiert schon 🤣🍀
2026-04-23 07:46;moin, longparty vorrüber die 950 🙈👻🆗
2026-04-23 07:58;bonda entgegen meinem regelbuch 🙈nun ist der sl weit weg 🤔
2026-04-23 07:59;nogut der bauch sagte gestern abend noch n100 short, war aber dann doch zu müde 🤣
2026-04-23 08:14;nogut du bist halt unser Stream Fuchs 👍
2026-04-23 08:37;letzter poi war 058
2026-04-23 09:01;"erst am 21.04. schrieb ein User hier 🤔 ""Dieser mutige Mann scheut sich vor keiner Blamage wegen seiner Inkompetenz. Er weiß das die Amerikaner die ihn gewählt haben genau sein niedriges Niveau haben und nichts anderes sehen und hören wollen. Wäre das amerikanische Volk anspruchsvoller hätte es einen anderen Präsidenten gewählt"""
2026-04-23 09:17;im rücklauf gab es an den poi s einstiege 💪
2026-04-23 09:18;habnurwenig es geht diesmal nicht um Trump. Denkt mal nach 😉 wenn ihr Lust dazu habt.
2026-04-23 09:22;MonaSusa ah, du hast meinen Wink verstanden 😆🍀und irgendwann gelingt dir das Bild einstellen auch. Die Amerikaner dich ich kenne schaffen das auf Anhieb. 😉💪
2026-04-23 09:25;DAX 145 wichtig 🆗👻
2026-04-23 09:29;MonaSusa Du bist auf dem richtigen Weg. 👍😆 nogut ist dafür zuständig 🤣
2026-04-23 09:33;weil 145 widerstand short
2026-04-23 09:47;nun sollten wir den dp 194 erreichen oder rückwärts
2026-04-23 10:15;nun richtung tt . 950 sind pflicht . 088 und 058 vorher
2026-04-23 10:20;abprall an 100er 👻
2026-04-23 10:53;new dp 102
2026-04-23 10:54;guck an 088 und 058 🤣😉🤑🆗
2026-04-23 10:57;Chromium2 das zählt bei mir nicht mit. das wird sonst zu viel 🙈🤣🍀
2026-04-23 10:58;ist unser Bildeinsteller wieder abgetaucht ? 😆🍀
2026-04-23 10:59;sap trader bereiten sich vor ⛈️
2026-04-23 11:07;der 1000er kampf wird kein leichter sein
2026-04-23 11:09;so blödheit ovn ausrutscher ausgebügelt.
2026-04-23 11:10;bonda 22.05 binzer zeit
2026-04-23 11:28;sap da wird einiges vorweg genommen
2026-04-23 11:30;"gebt bitte bescheid short ab 5. mai Infineon-Aktien steigen nach starken Ausblicken von Texas Instruments und STMicroelectronics; Jefferies lobt TI und STMicro signalisiert für das zweite Quartal Umsätze über den Erwartungen. Goldman-Sachs-Analyst Alexander Duval hebt das Infineon-Kursziel auf 53 Euro an und bestätigt Kaufen vor den Zahlen am 6. Mai."
2026-04-23 11:32;ich finde die spaltmaßschränke nicht gut . Tesla kündigt 1.000 zusätzliche Stellen in der Gigafactory Berlin‑Brandenburg bis Ende Juni an, um die Wochenproduktion ab dem dritten Quartal um etwa 20 Prozent zu steigern. Zudem will das Unternehmen rund 500 Leihkräfte unbefristet übernehmen und sucht mehrere Hundert Beschäftigte für die Batteriezellfertigung mit Produktionsstart in der ersten Jahreshälfte 2027.
2026-04-23 11:39;nogut ja sieht so aus. tausender, 088 und 058 , ist anstrengend, ich bin jetzt erstmal offline zur us börse zurück
2026-04-23 11:39;noic wolltest du mailen ?
2026-04-23 11:46;noic dann suche 😉
2026-04-23 11:46;noic ich hatte doch meine geschrieben.
2026-04-23 11:47;Monetenfred 108 new dp unten bekannt oben 122 152 188
2026-04-23 14:47;Bär_79 nur wer all meine postings liest wird erfolgreich sein 😆👍
2026-04-23 14:49;11:39 Uhr 👍😉👻
2026-04-23 14:50;14.45 uhr dp 038
2026-04-23 14:52;u bisher nur 022 u 002 988 wenn unter dp
2026-04-23 14:53;NFLX - nun baer 🆗 After Hours: Last | 8:52 AM EDT 94.31quote up+1.07 (+1.15%)
2026-04-23 14:53;bonda aktuell alles auf Long -dp beachten
2026-04-23 14:57;nogut uvä
2026-04-23 15:15;noic meine signale sind bisher nur hier zu bekommen und das auch nicht regelmäßig. sei bloß vorsichtig im trading. 🍀
2026-04-23 15:48;new dp 152
2026-04-23 15:51;dp 152 o 188 202 222 258 u 138 102 088 022
2026-04-23 15:52;warum kennt man infineon nicht 👻🤣🍀🙈
2026-04-23 16:18;der Dax geht mir auf den Zeiger 🤣🤣🤣
2026-04-23 16:19;da wird klar schiff gemacht. SAP SE
2026-04-23 16:21;Avis Budget Group Inc. alle autos weg ?
2026-04-23 16:48;eierei bis kassa schluss
2026-04-23 17:19;bonda nach oben nur nach oben 🤑
2026-04-23 17:22;bonda danke und ich dachte schon Trump hat seine Finger im Spiel 🤣😉
2026-04-23 17:25;bonda Melanie und ich bei Dollar 😆🍀
2026-04-23 17:32;nogut ja
2026-04-23 17:34;bonda hatte kassa geschrieben nach
2026-04-23 17:42;Verzweiflung  bei ?
2026-04-23 17:47;kassa durch und plums
2026-04-23 17:49;habe eben mein netflix abo gekündigt 🤣
2026-04-23 17:50;kuhbauer aber noch nicht im Z, aber drüber
2026-04-23 17:51;ovn dp von 17.45 122
2026-04-23 17:52;nogut ja siehste ja welchen ich nehmen musste , auf die schnelle, aber 152 war bekannt
2026-04-23 17:55;nogut ja habe bei onvista gesehen das die keine kurse stellen seit ca 5pm und musste auch ausweiseichen. habe aber immer onvista offen und kann 100erte verfolgen und Z sortiert auch aber sieht die kursaussetzer nicht
2026-04-23 17:57;ohjee was nun wieder 👻
2026-04-23 17:58;kannst dir alles einstellen und speichern www.onvista.de/derivate/Knock-Outs/Knock-Outs-auf-DAX?cols=instrument,strikeAbs,knockOutAbs,dateMaturity,quote.bid,quote.ask,gearingAsk,spreadAskPct,derivativesSubCategory.id,issuer.name,urlProspectus&gearingAskRange=&idExerciseRight=1&idIssuer=53881,54283,53159 viel besser finde ich
2026-04-23 18:00;jetzt wurden die stops überrannt und schlecht ausgeführt. ärgerlich
2026-04-23 18:03;träume ich, ist der dax eben 200 p hochgeschossen ?
2026-04-23 18:04;ljen krass die haben top zahlen und aussichten präsentiert, aber eine aktie den ausschlag-wahnsinn
2026-04-23 18:05;roth 69  brunnensteuer 🤣 bekommt nur wer einen brunnen hat
2026-04-23 18:11;bonda sl war platziert, rest macht der broker und emittent
2026-04-23 18:16;siemens energy steigt heute schon den ganzen tag und nun der spike mit den zahlen und aussichten 😉🤔 sap fällt den ganzen tag und 22.05 kommen die fakten ⛈️ sap hat auch ein managerproblem die wollen mehr Boni. laut artikel im managermagazin. das wird spannend
2026-04-23 18:22;nogut ja stimmt. ist gewohnheit. man sieht die eingefrorenen mehr geht nicht
2026-04-23 18:24;ljen ich mochte SAP nie. kann mit Fußball zu tun haben 🤣🙈
2026-04-23 18:25;Markus G. boden wenn hält 138. aber heute entscheidung nachbörslich
2026-04-23 18:32;H 257 🙈👻
2026-04-23 18:32;Monetenfred wurde hier genannt dp 152 o 188 202 222 258 u 138 102 088 022
2026-04-23 18:35;bonda ich auch nicht 🤣 war zu fast. ber beeindruckend wie die zahlen passten
2026-04-23 18:37;bonda die macht SAP dann morgen 😆🙈joke
2026-04-23 19:07;hat sap schon gemeldet 🤣🙈
2026-04-23 19:13;nochmal jemand short mit 152. das ist ja heute wie geld drucken 😆👻
2026-04-23 19:16;950 tickt
2026-04-23 19:26;bonda bist du dabei ? hier gehts zur sache 🤣 und nogut macht Abendbrot 😉🍀
2026-04-23 19:30;nogut zum scalpen beides mgl. aber ovn no no , vermute aber 24 k geht durch wie butter. man sind das spikes
2026-04-23 19:40;butter
2026-04-23 19:43;bonda 950 🤣👻
2026-04-23 19:44;roth 69 bei -5 % dann stimme ich zu 🙈😉
2026-04-23 19:44;und nur wegen SAP 🤣👻⛈️
2026-04-23 19:49;bei den spikes wird man nie perfekt treffen wichtig gewinn und dann mal pause
2026-04-23 19:51;902 wichtig
2026-04-23 19:57;cash ist trumpf
2026-04-23 21:20;so long unberechenbar wie heute. bauch sagt dax gap down zum open, aber wer weiß 🍀
2026-04-23 21:22;orcl hat ihnen gezeigt wie man es macht. verliert aber aktuell auch
2026-04-24 08:02;MOIN, 🎉 SAP alles wird gut 😉
2026-04-24 08:04;companiesmarketcap.com/de/dax/groesste-unternehmen-nach-marktkapitalisierung/
2026-04-24 08:38;hoffe bin 9 uhr fertig bevor viele sap zurück kaufen 🙈
2026-04-24 08:38;scalp short 188 ziel 152
2026-04-24 08:47;nogut du fuchs . kannst gern in zukunft ansagen 👍
2026-04-24 09:11;152 🍀
2026-04-24 09:29;152-188 range
2026-04-24 09:49;Jetzt gehts los 🤣🙈 Entlastung für die Bürger der BRD www.bild.de/politik/inland/der-grosse-steuer-tag-jetzt-gehts-um-17cent-69eb1120ba6fbb31e59b8ffe
2026-04-24 10:01;liebe leute. da schreib ich jetzt mal nix dazu.
2026-04-24 10:08;bonda zettel an PC seit jahren 10.45 Uhr
2026-04-24 10:19;bonda na gut akzeptiert, aber nochmal darf das nicht passieren 🤣🤣🤣 immer noch 152
2026-04-24 10:36;und wer ist an 152 short ? bonda
2026-04-24 10:43;bonda wenn du weißt das es dorthin fällt, warum gehst die strecke nicht short ?
2026-04-24 10:46;108 new dp . hoffe der eine follower liest es 🤣🙈🍀
2026-04-24 10:57;z 022 u
2026-04-24 11:05;u 088 022 002 kann 950
2026-04-24 11:21;Strandläufer ach du sch..., hoffe alles gut. 🍀
2026-04-24 11:22;Open-End Turbo-Optionsschein auf Infineon fühle mich bei dem schein irgendwie (betrogen)
2026-04-24 11:24;bonda 24 K 🤑
2026-04-24 11:32;MonaSusa Guten Morgen all 😉
2026-04-24 11:36;jetzt zählt es an der 022 🍀👍🆗
2026-04-24 11:47;Monetenfred 11.22 Uhr bitte überprüfen nogut . danke
2026-04-24 11:56;Open End Turbo Call Optionsschein auf DAX Hexerei 👻
2026-04-24 11:57;dp normal 058
2026-04-24 12:01;seit 11.45 uhr 058
2026-04-24 12:02;u 950 noch im z dp 058 o 088 122
2026-04-24 12:14;nogut aufgeld und innerer wert und dazu open end schwer nachvollziehbar da sie sich verschieben. bei laufzeitbegrenzt besser
2026-04-24 12:15;schon wieder spikes im dax 🙈
2026-04-24 14:27;dp 258 von 13.45
2026-04-24 14:52;dp new 118
2026-04-24 14:56;wahnsinn 👻 Top-Werte im Nasdaq-100 (vorbörslich): Intel Corp. +25,24 % auf 83,69 USD / Advanced Micro Devices Inc. +10,76 % auf 338,25 USD / QUALCOMM Inc. +7,86 % auf 144,48 USD
2026-04-24 15:52;bonda bewegt sich nicht -nur seitwärts
2026-04-24 15:57;bonda ich war eben 10 km joggen. mir reicht es 🤣
2026-04-24 17:44;sap entäuscht mich heute,hatte +10% mind. erwartet.
2026-04-24 17:49;bonda  n100 short 🙈
2026-04-24 17:49;dp ovn we 188 u max 042 o max 258 288
2026-04-24 17:54;nogut warst du im live trading erfolgreich bei js ?
2026-04-24 17:57;nogut ich war einmal dabei
2026-04-24 18:03;nogut heute nicht. denke letzte woche war es oder noch eins früher.
2026-04-24 18:26;dax zu volatil. da geht bei mir nix mehr vor dem we
2026-04-26 19:58;inside.stock3.com/artikel/pta-news-stock3-ag-stock3-setzt-wachstumskurs-fort-neuer-quartals-und-monatsrekord-bei-tradezahlen-2,17036206
2026-04-27 07:52;bonda moin. GBE Brokers ist ein regulierter CFD-Broker mit Niederlassungen in den Vereinigten Arabischen Emiraten und auf den Seychellen.
2026-04-27 07:57;Das Gehabe rund um Timmy ist echt bezeichnend. Dieses völlig Unorganisierte und die ständigen Reibereien erinnern mich eins zu eins an aktuelle deutsche Politik. Es wird nur noch reagiert statt agiert, und am Ende bleibt das eigentliche Problem auf der Strecke, weil alle nur mit sich selbst beschäftigt sind. Ein perfektes Abbild der aktuellen Lage in Deutschland.
2026-04-27 08:19;JFD ist überall raus-gab es eine Meldung zur Änderung ?
2026-04-27 08:24;Knipser  ja
2026-04-27 11:47;ljen Monetenfred 😉👍
2026-04-27 11:48;fill or kill hier im Osten gibt es ständig was neues 😉🍀
2026-04-27 12:01;kleiner egoscalp an 288 🤣👻
2026-04-27 12:02;dp noch 258
2026-04-27 12:17;"Bundeskanzler Friedrich Merz sieht eine stärkere Einbindung der Ukraine in die EU als Voraussetzung für ein Kriegsende und fordert glaubwürdige, irreversible Schritte bis zur Vollmitgliedschaft; zudem schlägt er vor, ukrainische Vertreter zunächst ohne Stimmrecht an EU-Gremien teilnehmen zu lassen. Zugleich bekräftigt er beim EU-Projekttag in Marsberg den Anspruch Deutschlands auf eine Führungsrolle in der EU und betont, Europa könne bei besserer Zusammenarbeit mindestens so stark sein wie die USA."
2026-04-27 14:17;Knipser mich hat es auch verwirrt, anfangs dachte ich Merz hat Selensky abgelöst 🤣
2026-04-27 14:19;kuhbauer ich hau am WE in die Staaten ab und freue mich schon auf Melanie 🤣🍀😉
2026-04-27 14:35;Strandläufer aktuell 312
2026-04-27 14:47;brand new 258
2026-04-27 14:53;u max 238 222 202
2026-04-27 14:56;Knipser verstehe nicht ? was habe ich verpasst ?
2026-04-27 15:33;am mittwoch wird einiges entschieden
2026-04-27 15:35;Knipser und fed
2026-04-27 15:55;dp now 188
2026-04-27 16:11;perfekt gedreht
2026-04-27 18:14;kuhbauer  122 ovn
2026-04-27 20:31;verisimile Danke. Ich freu mich auch mal wieder auf nette und serviceorientierte Menschen in Supermärkten und Restaurants zu treffen. 😉
2026-04-28 09:26;gumo, was macht nogut ?
2026-04-28 09:34;am 1000er immer erst abprall einplanen 👻
2026-04-28 09:38;der ovn zeiger hat ein tief 002 angezeigt , keine 950
2026-04-28 09:44;fill or kill Bernd Förtsch : Die neuen Geschäfte des Mr. Dausend
2026-04-28 09:44;kuhbauer bis 10.45 danach alles mgl.
2026-04-28 09:56;nogut Es ist ein unbezahlbarer Luxus, morgens ohne Wecker so lange schlafen zu dürfen, bis der Körper von selbst erwacht. 🍀
2026-04-28 10:45;112 dp new - nix mehr los hier 🤔
2026-04-28 11:00;bonda geld kann man in beide rtg verdienen. irgendwann wird die 950 kommen. jetzt ist timmy wichtiger 😆
2026-04-28 11:05;nix FED live stream 🤣 www.zdf.de/play/magazine/zdfheute-live-102/rettungsversuch-wal-timmy-video-100
2026-04-28 11:11;Partytimmung 🎉 Die Inflationserwartungen der Verbraucher in der Eurozone steigen im März laut EZB-Umfrage deutlich: für 12 Monate auf 4,0% (zuvor 2,5%), für drei Jahre auf 3,0% und für fünf Jahre leicht auf 2,4%. Die EZB verweist auf Verunsicherung im Zuge des Iran-Kriegs und entscheidet am Donnerstag über die Geldpolitik.
2026-04-28 11:25;Aleks85 ich hatte auf Hilfe von Selensky gehofft, habe gehört er verfügt über gute Schwimmer und Taucher. Alles nur gerüchte . 🙈🤣😉
2026-04-28 11:30;Aleks85 die helfen überall 😆
2026-04-28 13:06;Knipser und ich an Helga Beimer 🤣
2026-04-28 13:10;laufender dp 124 u 060 kein 950 im z
2026-04-28 13:13;Infineon Technologies AG wurde auch zeit 🎉
2026-04-28 13:14;hatte da noch ein rechnung offen 🤣🍀
2026-04-28 13:42;fro_trade und jetzt ?
2026-04-28 13:45;ich brauche mein boot ,dann schleppe ich timmy in den atlantik - kann ja keiner mit ansehen was da los ist . 🤔
2026-04-28 13:46;fro_trade soll ich dann verkaufen oder was empfiehlst du ?
2026-04-28 13:47;bonda nee, bei der kälte und den strengen regeln, macht es keinen sinn 🙈
2026-04-28 13:49;bonda hier kommste nur damit weiter 🤣 dailyboats.com/de/boat/354986-buy-ice-1a-icebreaker-55m-for-sale
2026-04-28 13:50;peng 950 und der neue Z mit dp 24.012
2026-04-28 13:51;fro_trade den sl habe ich schon länger auf kk sieht man in der spalte
2026-04-28 13:53;siemens e stand auch auf liste aber bei einzelwerten tue ich mich schwer. immer mal 😉👻🤣🤑
2026-04-28 14:08;auftrag erledigt . Infineon Technologies AG 🤣🤑 andere können noch damit arbeiten
2026-04-28 14:15;das grauen hat einen namen 🤣 n100 vorbörse
2026-04-28 14:16;bonda du entwickelst dich zum 2 . Fuchs im stream 🤑😉🆗
2026-04-28 14:24;bonda böse Zungen sagen immer : „Die zwei glücklichsten Tage im Leben eines Bootfahrers sind, wenn man das Boot kauft und das Boot verkauft.“
2026-04-28 14:26;bonda zweitwohnsitz kann ich allein schon wegen der Nähe zu Melanie 😍 empfehlen . 🤣 922 karate
2026-04-28 14:35;14.45
2026-04-28 14:45;u now 888 no more dp 988
2026-04-28 15:02;Timmy . ist drin , im Transporter 🍀
2026-04-28 15:04;wenn Bayern heute verliert fallen die US Börsen am Mittwoch vor dem FED Entscheidung. 😉🍀
2026-04-28 15:19;ich gucke hier . www.zdf.de/play/magazine/zdfheute-live-102/rettungsversuch-wal-timmy-video-100
2026-04-28 15:21;gleich übernimmt 🤣 share.google/2gppseyEd91B0cqUj
2026-04-28 15:35;und wieder der JENS , Germany bester Politiker 🙈 Unions-Fraktionschef Jens Spahn sieht die geplante Zuckerabgabe auf gesüßte Getränke vor allem als Beitrag zu besserer Kinder- und Jugendernährung. In der Einkommensteuerdebatte zeigt er sich offen für Gespräche, warnt vor „roten Linien“ und hält eine vollständige oder überwiegende Gegenfinanzierung von Entlastungen für kleinere und mittlere Einkommen über höhere Steuern auf hohe Einkommen für unrealistisch, da dies Spitzensteuersätze bis zu 60 Prozent bedeuten würde.
2026-04-28 15:41;war mir klar das die patrioten wieder zu kaufen 🤣 brauche eine pause muß stutzen noch waschen 🤣
2026-04-28 17:26;I like Pepsi 🤣🍀
2026-04-28 18:10;keiner mehr da ?
2026-04-28 18:16;dann einfach mal rufen 😉 ovn dp 038 o 088 o 122 u 958 922
2026-04-28 20:19;MonaSusa kannst du uns bitte ein Bild davon einstellen 🤣😉
2026-04-29 08:37;Bären-Helga. MOIN. 👍👍👍 leider denken noch zu viele Menschen das wird schon und alles ist gut.
2026-04-29 08:42;Adidas , geht doch noch was
2026-04-29 09:15;fro_trade danke , das bedeutet mir viel 👍🍀
2026-04-29 09:35;"Panik . Ab 1. Mai bis Ende Juni senkt die Bundesregierung die Energiesteuern auf Benzin und Diesel um 14,04 Cent je Liter (Preiseffekt inklusive Mehrwertsteuer rund 16,7 Cent), die Weitergabe an den Zapfsäulen erfolgt teils verzögert. Der Staat verzichtet auf rund 1,6 Mrd. Euro; der Verband bft warnt vor möglichen Engpässen, der ADAC rechnet nicht mit flächendeckenden Problemen."
2026-04-29 09:43;Monetenfred 18.16 Uhr 👻🆗 dann einfach mal rufen 😉 ovn dp 038 o 088 o 122 u 958 922 bis 10.45 Uhr 🙈
2026-04-29 09:44;gleich wird das Ergebnis vom Bayern Spiel eingepreist 😉🎉
2026-04-29 09:48;läuft aktuell ein aboverkäufer reichmacher seminar oder warum hier nix los ? was soll das erst next week werden 🙈🤣
2026-04-29 10:12;Monetenfred 18.16 Uhr 👻🆗 dann einfach mal rufen 😉 ovn dp 038 o 088 o 122 u 958 922 bis 10.45 Uhr 🙈 👻👻👻👻🤑🎉
2026-04-29 10:48;fro_trade sei nicht so gierig 🤣🤑, hast doch eben haufen kohle gemacht
2026-04-29 10:49;Pablo Es aber nur in Germany 🤣
2026-04-29 10:49;kuhbauer danke, das ist nicht selbstverständlich, auch wenn viele das inzwischen denken. danke für den daumen hoch 🍀
2026-04-29 11:00;Monetenfred 18.16 Uhr 👻🆗 dann einfach mal rufen 😉 ovn dp 038 o 088 o 122 u 958 922 bis 10.45 Uhr 🙈 👻👻👻👻🤑🎉 Lasst einen Daumen hoch da, wenn es euch geholfen hat. Like nicht vergessen! 🤑
2026-04-29 11:36;noch dp 988
2026-04-29 11:55;kuhbauer 968 u922 888
2026-04-29 11:58;902 mgl abprall
2026-04-29 12:07;Pablo Es KI sagt Ein Preis von 3,53 USD pro Gallone entspricht etwa 0,93 USD pro Liter oder umgerechnet 0,80 EUR pro Liter. kann das passen ? USA in euro 0,80 Liter - Germany 2,22 € - kann das sein stimmt die Berechnung ?
2026-04-29 12:10;Steuern, die Sie in Florida NICHT bezahlen Auf Ebene des Bundesstaates Florida fallen folgende Steuern für Privatpersonen weg: Keine staatliche Einkommensteuer: Florida ist einer von wenigen US-Bundesstaaten, die keine Steuer auf Löhne, Gehälter, Dividenden oder Kapitalerträge erheben. Keine Erbschaft- oder Schenkungsteuer: Florida erhebt keine eigenen Steuern auf Erbschaften oder Schenkungen. Keine Steuer auf immaterielles Vermögen: Es gibt keine Steuern auf den Besitz von Aktien, Anleihen oder Investmentfonds. Bundes-Einkommensteuer (Federal Income Tax): Als US-Bürger müssen Sie zwingend eine jährliche Steuererklärung beim Internal Revenue Service (IRS) einreichen und Ihr weltweites Einkommen versteuern. Umsatzsteuer (Sales Tax): Der Basissteuersatz in Florida beträgt 6 %. Je nach County kann durch lokale Zuschläge ein Gesamtsteuersatz von bis zu 8,5 % entstehen. Steuerfrei: Die meisten Lebensmittel für den Eigenverbrauch sowie verschreibungspflichtige Medikamente sind von der Sales Tax befreit. Grundsteuer (Property Tax): Wenn Sie Immobilien besitzen, zahlen Sie Grundsteuern an das jeweilige County. Der durchschnittliche effektive Steuersatz liegt bei etwa 0,74 % - 0,98 % des Schätzwertes. Homestead Exemption: Wenn die Immobilie Ihr Hauptwohnsitz ist, können Sie eine Befreiung von bis zu 50.000 USD des steuerpflichtigen Wertes beantragen. Verbrauchsteuern: Dazu gehören Steuern auf Benzin (ca. 39,4 Cents pro Gallone) und Tabakwaren
2026-04-29 12:11;"Aktuell liegt der durchschnittliche Benzinpreis in Florida bei etwa 4,08 USD pro Gallone für herkömmliches ""Regular"" Benzin. Umgerechnet entspricht dies ca. 1,08 USD pro Liter (etwa 1,01 EUR/l)"
2026-04-29 12:33;Knipser interessiert doch niemanden hier, die meisten werden doch täglich von den medien geblendet. aktuelle kamera und der schwarze kanal 2.0 🤣
2026-04-29 12:44;Ich hätte das Solidarprinzip abgeschafft und nur wer eingezahlt hat , hat Ansprüche. Für Leute die Niemals eingezahlt haben sollte der Staat aufkommen und nicht die Menschen die ihr Leben lang eingezahlt haben. www.bild.de/politik/bundesregierung-gesundheits-sparpaket-beschlossen-69f1cf25052adba8a89e3e9b
2026-04-29 12:46;passend dazu tägliche meldungen . www.bild.de/regional/dortmund/dortmund-syrer-23-will-maedchen-15-nachts-im-ice-vergewaltigen-69f067f7ed8c6d6030069d93
2026-04-29 12:57;Vermeidung von Doppelsteuer: Freistellungsmethode: Bestimmte Einkünfte werden in einem Land von der Steuer befreit, wenn sie bereits im anderen Land versteuert wurden. Anrechnungsmethode: In einem Land gezahlte Steuern können auf die Steuerschuld im anderen Land angerechnet werden, sodass du nur die Differenz zum höheren Steuersatz zahlst.
2026-04-29 12:57;auch daran wurde gedacht 🤣 Das Doppelbesteuerungsabkommen (DBA) zwischen Deutschland und den USA ist ein völkerrechtlicher Vertrag, der verhindern soll, dass Personen, die in beiden Ländern finanziell aktiv sind, für dasselbe Einkommen zweimal Steuern zahlen müssen
2026-04-29 12:58;dp 988 weiter aktiv
2026-04-29 13:19;Pablo Es ein Freund sagte . Herr Spahn will es ändern 🤔🤣
2026-04-29 13:40;es wird zeit hier mal wieder zu shorten . Infineon Technologies AG 🤣🤣🤣
2026-04-29 13:40;so long er hoch dann runter .
2026-04-29 13:43;so long nachbörslich kommen auch noch paar zahlen von schwergewichten 😉
2026-04-29 13:45;erst Ukraine Krieg nun IRAN, aber die eigenen Unfähigkeit wird nie in Zweifel gestellt 🙈 Finanzminister Lars Klingbeil sieht derzeit keine Aussetzung der Schuldenbremse vor, schließt sie bei einer Zuspitzung der Wirtschaftskrise infolge des Iran-Kriegs aber nicht aus. Die Regierung beobachtet Auswirkungen wie Lieferkettenstörungen, ein Überschreitungsbeschluss oder eine Notlage ist aktuell nicht geplant.
2026-04-29 13:48;In den USA findet am 1. Mai regulärer Börsenhandel statt. Anders als in Deutschland und vielen europäischen Ländern ist der 1. Mai (Labor Day in Europa) in den USA kein gesetzlicher Feiertag für den Aktienmarkt.
2026-04-29 13:54;dp 988 weiterhin u 888 0 022 058 102
2026-04-29 14:03;passt. Deutschland: Die Verbraucherpreise sind im April zum Vorjahr um 2,9% gestiegen, erwartet wurde ein Anstieg um 2,9 %. Erste Schätzung.
2026-04-29 14:07;Ich warte auf eine Regierungsreform 🤣 Bundesfinanzminister Lars Klingbeil bekräftigt das uneingeschränkte Vertrauen in Bundeskanzler Merz und die Handlungsfähigkeit der schwarz-roten Koalition, die eine Gesundheitsreform auf den Weg bringt und die Eckwerte des Haushalts beschließt. In den kommenden Wochen sind eine Reform der Einkommensteuer sowie eine Rentenreform geplant.
2026-04-29 14:35;Wichtige Informationen zur Adidas-Dividende (Stand 29. April 2026): Dividende: 2,80 € vorgeschlagen für die Hauptversammlung am 7. Mai 2026. Auszahlungstag: 12. Mai 2026. Ex-Tag: 8. Mai 2026. Dividendenrendite: Beträgt beim aktuellen Kursniveau ca. 1,45 % - 1,47 %. Aktienrückkauf: Ein Programm über bis zu 1 Milliarde Euro ist für 2026 geplant, um den Wert der verbleibenden Aktien zu stärken
2026-04-29 15:47;bonda 924 dp new
2026-04-29 15:50;bonda und ich will auf eine karibik insel mit 12 nackten blonden frisösen 🤣
2026-04-29 15:57;bonda no . ich will 12 🤣 du willst doch dein 7er reihe
2026-04-29 15:57;kann dazu nicht schreiben was ich will.... www.bild.de/regional/niedersachsen/iraker-stiess-liana-16-vor-zug-bahnsteig-killer-muss-in-psychiatrie-69f1bb091922032097a2d9c7
2026-04-29 16:04;Knipser lass uns doch unsere Träume 🤣👍
2026-04-29 16:19;fro_trade super, danke. aber der typ geht gar nicht. ich sehe zu 89% aus wie dwayne the rock. 🆗
2026-04-29 16:29;bonda Die Cigarette 52' Thunder Center Console ist für High-Performance-Entertainment konzipiert und bietet großzügige Sitzmöglichkeiten, darunter sieben luxuriöse, vorwärtsgerichtete Steuersitze, die in zwei Reihen angeordnet sind. Hier ist die Aufschlüsselung der Sitzplatzkapazitäten auf der 52' Thunder: Steuerstand / Achterdeck: Hinter der Konsole befinden sich sieben individuell stoßdämpfende und elektrisch verstellbare Sitze. Bugbereich: Der Bug verfügt über einen großen, umlaufenden Sitzbereich für mindestens acht Passagiere sowie eine zusätzliche, übergroße und vorwärtsgerichtete Sonnenliege direkt vor der Mittelkonsole für weitere drei Personen. Gesamtkapazität: Das Boot bietet im Cockpit-Bereich bequem Platz für über 15 bis 18 Passagiere.
2026-04-29 16:37;fro_trade Super. das gefällt mir. 🤣 bin zwar etwas heller, aber insel und sonne...
2026-04-29 16:38;hier drehen sie jetzt durch 🙈Infineon Technologies AG
2026-04-29 16:40;fro_trade habe alles gesehen. perfekt. 👍🆗 danke
2026-04-29 16:53;letzter dp 968 wird jetzt bis fed seitwärts laufen
2026-04-29 18:00;so long im letzten zeige wird keine 7er reihe angezeigt. ovn dp 922 oben 088 unten 858 802
2026-04-29 18:09;bonda das passende Haus 🤣 da hast du und deine sechs Frisösen Platz luxuryhomes.com/lh/listing/British_Virgin_Islands/Virgin_Gorda/Colison_Point_Little_Dix%282%29
2026-04-29 19:14;bonda zu deiner Frage 18:32 Uhr warum hört Z um 17.45 auf ? Kann man den nicht bis 21.45 programmieren? dann wären die Daten nicht mehr fror free zu haben 🤣🎉🍀
2026-04-29 19:23;bonda sry, sollte ein joke sein.🤣
2026-04-30 08:39;moin. sieht ja jeder was ich mache 😉🍀
2026-04-30 08:40;bin jetzt mal knapp 2 h offline .
2026-04-30 10:25;fro_trade danke für den hinweis 👍an 902 gefahr für abprall or seitwärts
2026-04-30 10:31;wenn 922 dann 958
2026-04-30 10:44;Knipser ab morgen senken sie doch ?ich war eben nur den flieger putzen 😉
2026-04-30 10:58;858 dp o max 24.022 u max 23702
2026-04-30 11:55;alex.s das boot liegt schon immer in fl. hier im land der neider habe ich kein boot 😆
2026-04-30 11:57;978 dp
2026-04-30 11:57;Profitipper wenn Micha im Gym ist, kommt Laura mich oft besuchen 😉👍
2026-04-30 12:01;alex.s an Boot Tankstellen noch mal mind. 30% drauf
2026-04-30 12:07;alex.s wenn du vor 1988 geboren bist kannst du ohne Bootsführerschein in FL fahren . Das ist interessant wenn die Laien die Bremse suchen 🤣 und die wichtigen deutschen Urlauber die ja ALLES können auf den Sandbänken fest gefahren liegen bleiben. Ich helfe da gern 😉
2026-04-30 12:18;alex.s nicht für geld ! ich helfe genau wie hier for free. 🍀
2026-04-30 13:12;Profitipper kann ich for free auch nicht versenden, sonst bekommt Laura Ärger mit ihren Ony Fans 🤣
2026-04-30 13:15;114 jetzt richtungsentscheidend
2026-04-30 13:18;subxero passt da auch 😉🤣🙈
2026-04-30 13:46;088 new dp oben 114 122 158 u 958 max.
2026-04-30 14:36;so long ja gut mgl. sie ziehen alles hoch und lassen uns dann morgen nicht handeln, wenn es abwärts geht
2026-04-30 14:44;AAndreas Super. Congrats . 🍀 da kannste morgen eine 1.Mai Bratwurst mit Limo genießen 😉
2026-04-30 14:48;158 new dp
2026-04-30 14:48;nogut feierst du schon den 1.mai ?
2026-04-30 15:01;nogut . gute Besserung und Alles Gute. ich löse morgen meine restlichen FDGB Bratwurstgutscheine ein und trinke eine Vita dazu. 👍😉
2026-04-30 16:25;noch 133 dp
2026-04-30 16:25;wenn 178 dann 222 258
2026-04-30 16:47;dp now 192
2026-04-30 16:52;bonda lesen, handeln , reich. mehr kann ich nicht tun 🤑
2026-04-30 16:53;keine 30 min 🤣👻 wenn 178 dann 222 258
2026-04-30 16:54;bonda wichtig ist mit +++
2026-04-30 17:07;bonda positionen aufteilen
2026-04-30 17:08;Heatmap (Kursliste DAX)
2026-04-30 17:17;X-Turbo auf DAX
2026-04-30 17:36;bonda ich nicht. hatte den eben nur mal zum scalpen. es gibt aktuell nix
2026-04-30 20:18;so long Patrioten geben Alles 🍀👍😉
2026-04-30 20:25;so long volle kanne in us bis handelsschluss, früher bin ich bei schluss auf th immer short gegangen ovn . da war ich noch jünger 😉🤣
2026-04-30 20:36;nogut puuuh. da haste glück gehabt. war nur ein kurzer scalp gier trade. 🍀 krass kein DSL bei dem Eisen 🙈
2026-04-30 20:37;so long FL kann ich jeden empfehlen. so schöööön.
2026-04-30 20:40;nogut hatte heute auch immer mal dsl flattern und aussetzer, aber hier in DDR 🤣 und bei dem Monopol (nur ein Anbieter) Kabel Binz nicht ungewöhnlich. 😉
2026-04-30 20:43;nogut Call auf RWE St kumpel hat mir eben screenshot geschickt und sich für den schein bedankt. du erinnerst dich 0,46 war unser kk 😉👍seiner auch
2026-04-30 21:03;schluss für diese woche. ich wünsche allen einen erholsamen feiertag und ein schönes we. 🍀
2026-05-02 20:03;Volkskanzler 🤮 www.bild.de/politik/ausland-und-internationales/angefressen-beim-buergerdialog-merz-weist-todkranke-waehlerin-schroff-zurecht-69f5eec60fb4cef56585012a
2026-05-02 20:06;🙈 www.kettner-edelmetalle.de/news/eklat-in-salzwedel-merz-blockt-krebskranke-burgerin-ab-und-verstrickt-sich-in-eine-falschaussage-01-05-2026
2026-05-04 13:55;nogut www.waterwayguide-data.com/fuel-price-report/8#:~:text=Table_title:%20Tarpon%20Point%20Marina%20Table_content:%20header:%20%7C,FL:%2087%20Octane:%20%7C%20:%20No%20%7C
2026-05-04 13:56;moin, dp now 268
2026-05-04 14:10;nogut gasprices.aaa.com/?state=FL
2026-05-04 15:18;bonda perfekt wie immer. freundliche und lachende menschen überall.
2026-05-04 15:38;bonda noch 218
2026-05-04 15:42;bonda ja. noch heißt in dem fall bis neue daten kommen das wäre dNN in 4 min
2026-05-04 15:46;dp new 218
2026-05-04 15:47;u max next 1h -188 - 158 mgl
2026-05-04 15:49;kuhbauer abwarten. siehe AMD first
2026-05-04 16:06;15.47 uhr
2026-05-04 16:08;macht den AMD short jemand mit ? ist da jemand dabei ?
2026-05-04 16:11;Monetenfred wollte nur wissen ob es weiter sinn macht meine zeit zu opfern und trades einzustellen 🍀😉
2026-05-04 16:28;jeder kann sich KO Zertifikate selbst suchen , es gibt kein Gesetz 😆 das ihr meine Vorschläge zu realiseren . onvista ist für mich seit gefühlt 100 jahren perfekt dafür
2026-05-04 16:37;madzocker1 bei scheinen von UniCredit waren sie ok
2026-05-04 16:39;amd bringt morgen nachbörslich earnings
2026-05-04 16:45;infineon . auch morgen
2026-05-04 16:47;Monetenfred Die Ergebnisse für das zweite Quartal 2026 werden am 6. Mai 2026 voraussichtlich gegen 07:30 Uhr (MESZ) veröffentlicht
2026-05-04 17:11;168 dp
2026-05-04 17:11;u 102 o 188 202
2026-05-04 17:13;diesen öl short vk habe ich letzte nacht oder heute morgen verschlafen
2026-05-04 17:42;kuhbauer 27.500 mgl
2026-05-04 17:43;hui die 950 hatte ich noch nicht
2026-05-04 17:49;ovn dp 24.018 u 952 922 902 o 058 102 152
2026-05-05 12:48;24.271 dp brand new
2026-05-05 12:51;0 max 358 u 152
2026-05-05 13:45;wenn 358 new 388 + 402 dp 322
2026-05-05 14:15;bonda abgeschafft 😉
2026-05-05 14:17;388 punktgenau . nun aber vollgas 🤣🤑🍀
2026-05-05 14:22;bonda ich kenne nur 402 👻
2026-05-05 14:22;muss erstmal 358 und 388 verteidigen und halten
2026-05-05 14:23;roth 69 zeitangabe fehlt ? 😉😆🤔 wann heute , in der next 1 h ?
2026-05-05 14:35;roth 69 ich wünsche es dir 🤑🍀
2026-05-05 14:43;PayPal Holdings Inc PYPL:NASDAQ Last | 8:42 AM EDT 45.98quote -4.41 (-8.75%)
2026-05-05 14:45;www.bild.de/politik/bis-zu-1860-jobs-bedroht-biontech-schliesst-standorte-69f9cb576fe2dee7bfb136ae
2026-05-05 14:46;Monetenfred bei seitwärtbewegung das gleiche wie 13.45 uhr
2026-05-05 15:49;bonda 320 hatte ich bisher nicht genannt 🤣 322 hat weiterhin bestand
2026-05-05 15:51;bonda genau das hat mich zum reichsten mann auf rügen gemacht 🤣🤣🤣
2026-05-05 15:53;258 222 192 oben raus besser
2026-05-05 16:03;kuhbauer bin gespannt. mgl. ja. aber zu viele setzen darauf
2026-05-05 16:19;bonda du wolltest ziele für unten. dann trade sie auch 🤣🤑
2026-05-05 16:36;dp bekannt und vollgas
2026-05-05 16:39;bonda willst du mit mir streiten oder traden 🤣 die regeln sind bekannt
2026-05-05 16:40;bonda  du bist aber pingelig 🤣👻
2026-05-05 17:27;so long nee, weiß ich aktuell nicht.
2026-05-05 17:51;dp ovn 408
2026-05-05 17:52;wenn 422 dann 458 mehr habe ich nicht u 388 358 302
2026-05-05 19:10;Knipser danke für den hinweis. wenn bayern morgen gewinnt bin ich donnerstag wieder im plus 🙈🤣
2026-05-05 19:16;Knipser bin auf AMD und die Reaktion gespannt 😆
2026-05-05 19:26;Knipser bei mir hängt die liste von nogut am OBO 😉 da steht after close . today
2026-05-06 12:32;nogut heimlich 🤣🤣🤣
2026-05-06 12:45;dp now 028 o st 058 088 102
2026-05-06 12:46;keine daten hier im portal habe gekauft FC8BDU
2026-05-06 12:48;sobald daten hier zur verfügung stehen wird der trade nachgetragen !!! 🤔🆗
2026-05-06 12:49;andere haben bessere technik am laufen . www.onvista.de/derivate/Knock-Outs/328522177-FC8BDU-DE000FC8BDU3
2026-05-06 12:51;102 👍🍀 wenn die halten 138 und 152
2026-05-06 13:03;bin oben mit 150,5 und wie angesagt 152 bis 13.45 uhr fertig
2026-05-06 13:05;Monetenfred bei fragen, wisst ihr ja 3mal rufen 🤣 wie bei beetlejuice
2026-05-06 14:41;BEETLEJUICE 🤣
2026-05-06 14:45;fro_trade dp now 958
2026-05-06 14:48;GetM habe gelesen der deutsche Kanzler Merz hat bestellt 🤣 und Selensky baut sie auf
2026-05-06 14:48;n100 28.199 dp
2026-05-06 14:49;u wenn 922 902 888
2026-05-06 15:11;922 902 reicher 🤑
2026-05-06 15:13;die deutschen dax autowerte feiern den abgang aus gemany und den bau neuer werke in usa 👍🆗🤔
2026-05-06 15:25;Verteidigungsminister Boris Pistorius will den Bundestag stärker in die Vorhaben zur Stärkung der Bundeswehr einbinden. Bis zum 31. Juli legt sein Ministerium dem Parlament ein Lagebild zur Fähigkeitsentwicklung vor und passt das Berichtswesen an die neue Sicherheitslage an. Besser die Sicherheitslage in öffentlichen Verkehrsmitteln und Innenstädten anpassen. 🤔
2026-05-06 15:35;bonda geschnitten 🤣
2026-05-06 15:36;"Bundeskanzler Friedrich Merz sagt im ZDF, ein Kompromiss der Koalition zur Einkommensteuerreform sei offen; er lehnt höhere Belastungen für obere Einkommen ab und verweist auf mögliche Nachteile für mittelständische Personengesellschaften. Finanzminister Lars Klingbeil kündigt Entlastungen für kleine und mittlere Einkommen an, die haushaltsschonend durch Beiträge von Spitzenverdienern finanziert werden sollen, während Merz die Abschaffung des Solidaritätszuschlags fordert."
2026-05-06 15:56;nogut alles Taktik. erst die Mörkte schön hoch gepusht nun tut der fall nicht so weh 🤣🤔
2026-05-06 16:06;GetM achja, die kohle die auf der autobahn transportiert wurde da das überweisungslimit überschritten war 🤣🙈
2026-05-06 16:21;das war die Anzahlung : www.focus.de/immobilien/ukrainischer-milliardaer-kauft-in-monaco-eine-wohnung-fuer-471-millionen-euro_a0e20840-438d-4764-8013-0afce7cf73c7.html
2026-05-06 16:32;Monetenfred seitwärts seit 14.45 uhr, da keine veränderung im chart auch keine im dp somit 958 seit 14.45 uhr
2026-05-06 16:35;nogut dp n100 28. 258 gbe
2026-05-06 17:04;Knipser schreibe mehr darüber .
2026-05-06 17:40;weit weg 🙈 www.bild.de/politik/meinung-kommentare-kolumnen/kommentar-zu-baerbel-bas-das-ist-realitaetsverweigerung-69fb412878a5e02b5e7a62f3
2026-05-06 18:32;AMD tausend 🤣
2026-05-06 18:33;dp ovn 888
2026-05-06 19:11;mehr platz nach unten. oben erstmal fertig. unten 858 802 788
2026-05-06 19:13;adidas AG Voraussetzung: Um die Dividende zu erhalten, müssen Sie die Aktie spätestens am Tag der Hauptversammlung (7. Mai) in Ihrem Depot haben. Dividendenhöhe: Vorgeschlagen ist eine Ausschüttung von 2,80 € pro Aktie. Das ist eine deutliche Steigerung gegenüber dem Vorjahr (2,00 €).
2026-05-06 19:22;alex.s Fußball WM 🍀
2026-05-06 20:22;nogut  nee bayern paris
2026-05-07 14:35;kuhbauer hi, den nächsten schiri kaufe ich.
2026-05-07 14:51;dp now 922 immer noch
2026-05-07 14:57;oben nur 958 max. 988 un 002
2026-05-07 15:08;da bayern gestern unentschieden gespielt hat kenn der markt keinen neuen weg 🤣🍀
2026-05-07 15:19;kuhbauer ist mir zu anstrengend, zu viel stress ,
2026-05-07 15:33;die 7er ist näher als die 000er reihe 😉
2026-05-07 15:46;ups da war die 7er Reihe Dax nix BMW 🤣
2026-05-07 16:05;dp von 15.45 uhr dax 818
2026-05-07 16:09;and now 6er reihe sichtbar, gab es auch mal bei bmw 🤣
2026-05-07 16:13;kuhbauer habe nur bis 800
2026-05-07 17:16;722 🆗👍
2026-05-07 17:19;Infineon Technologies AG dax ab 722 zur 6er reihe
2026-05-07 17:29;5er reihe nun doch aktiv M5 🤣
2026-05-07 17:43;ich habe keine Schuld 🤣🤑😉 www.bild.de/politik/inland/steuerschaetzung-2026-einnahmen-brechen-um-17-8-milliarden-euro-ein-69fc9164122b28e67b1df071
2026-05-07 17:48;Knipser das Problem , zu viel glauben das Ukraine, Iran Krieg oder Trump und Timmy schuld sind 🤣🙈 next please, vorher taschen voll und ausgesorgt bis kiste kommt
2026-05-07 17:56;Knipser rechtslenker nix für mich 🤣
2026-05-07 17:57;hier spielt die musik 🤣 www.cars.com/shopping/tesla/truck/fort_myers-fl/
2026-05-07 18:05;ich höre und sehe den m5 schon 😉😆🤣
2026-05-07 18:10;hurra hurra die 5er reihe ist da 🙈🤑
2026-05-07 18:11;aktuell z.B. 520i, 520d, 530i, 540d, 550e
2026-05-07 19:08;quaaaaaaaaaaaaaaalcom 🤣🙈 ovn dp dax 608
2026-05-07 19:10;Wahrsager super, das macht mir freude das einer davon profitieren kann. wären es mehr müsste ich gebühren verlangen 🤣🤑🆗
2026-05-07 19:25;sun-set bist später rein oder hattest stopp offen. ich trau bei einzelwerten dem Zeiger noch nicht so 🙈😉🤣 fehler
2026-05-07 19:26;bonda wechsel von 7er auf 5er Reiher 🤣 3erreihe gibt es auch
2026-05-07 19:28;iiiiiiiiiiiiiiiiiiiiiiiiiiiiiiifiiiiiiiiiiiiiiiiiiiiineon 🤣🤑 ZEIGER Signal
2026-05-07 20:03;sun-set  du Fuchs 🤑👍🍀
2026-05-07 20:07;fro_trade nur tt . werde heute noch kasse machen
2026-05-07 20:07;n100 588 dp gbe u max. 388 o max 781
2026-05-07 20:39;die 3er Reihe ist schon nah 🤣🤑
2026-05-08 12:03;hey, wo steigt die party 🤣🎉
2026-05-08 12:13;infineon wird von alles seiten gepusht. da muss man dagegen halten 🤣
2026-05-08 12:15;dax dp noch 449
2026-05-08 13:03;ich verlange das Schiedsrichter in Zukunft während des Spiels ausgetauscht werden können 👍😉
2026-05-08 13:29;und dann kauft man eine Wohnung .... www.focus.de/immobilien/ukrainischer-milliardaer-kauft-fuenf-etagen-wohnung-in-monaco-fuer-471-millionen-euro_a0e20840-438d-4764-8013-0afce7cf73c7.html
2026-05-08 14:15;dp 458 nix los
2026-05-08 15:30;Der Bundesrat lehnt wegen erwarteter Steuerausfälle für Länder und Kommunen die geplante steuerfreie Entlastungsprämie von bis zu 1.000 Euro ab, die Arbeitgeber ihren Beschäftigten bis 30. Juni 2027 zahlen könnten. Die Bundesregierung kann nun den Vermittlungsausschuss anrufen.
2026-05-08 15:47;so long alles überrant. jetzt muss erstmal 1h der handel laufen. dann neuberechnung
2026-05-08 16:15;nee nur dreier bmw
2026-05-08 16:45;388 dp u dreier reihe o fünfer reihe
2026-05-08 17:09;vielleicht ab 17.45 bisher dreier wie angesagt gehalten
2026-05-08 17:15;nun wohl doch früher zu 288 🎉
2026-05-08 17:44;im n100 wird bei bei einigen werten viel phantasie eingepreist.
2026-05-08 17:45;dp 328 u 1er o 5er
2026-05-08 19:15;kuhbauer dir auch 🍀
2026-05-11 12:45;dp im kommentarfeld
2026-05-11 13:47;dp 13.45 uhr 278
2026-05-11 13:51;u sollte an 232 -222 - 201 stoppen
2026-05-11 14:03;bonda weiß ich nicht. viel zu weit weg und nicht im Z, bisher stoppt es wie angesagt. dachte du lobst mich dafür, aber du willst immer mehr und alles 🤣
2026-05-11 14:07;Turbo Short auf Infineon bonda super Timing wieder mal.
2026-05-11 14:24;bonda dann hätte ich es geschrieben 😉🎉 aber so war u erstmal bekannt
2026-05-11 14:35;bin jetzt mal max. 2h offline. muß garage aufräumen und spielzeuge archivieren und sortieren, platz schaffen 🤣👍
2026-05-11 16:58;weiß ich noch nicht dp 271
2026-05-11 17:39;bonda paar waveRunner durch zufall entdeckt 🤣😆
2026-05-11 17:45;ovn dp 338
2026-05-11 18:54;nogut  jetzt
2026-05-11 19:09;nogut spread zu weit
2026-05-11 19:28;nogut sah eben anders aus , aber die wollen nix verlieren
2026-05-11 20:29;nogut dein intel long ist ja krass. congrats
2026-05-12 12:31;"alex.s Voll krass ist auch das hier. ""der Bund hat während der Corona-Pandemie Gelder in Milliardenhöhe aus der sozialen Pflegeversicherung für versicherungsfremde Leistungen verwendet. Laut Berichten und Gutachten handelt es sich um rund 5,2 bis 5,9 Milliarden Euro an pandemiebedingten Kosten, die die Pflegekassen getragen haben, obwohl sie primär aus Steuermitteln hätten finanziert werden müssen"" www.vdk.de/presse/pressemitteilung/vdk-bund-muss-coronahilfen-an-pflegekassen-zurueckzahlen/"
2026-05-12 13:02;088 aktueller dp
2026-05-12 13:03;intel wurde auch als tagesshort angezeigt, wollte aber nicht zu viel mit nehmen 🤣🎉
2026-05-12 13:04;nogut man sieht ja nur das eine depot von dir, somit kann es sich nur um das genannte handeln
2026-05-12 13:05;noch keine 950 im z
2026-05-12 13:11;0ben 158 mgl.
2026-05-12 13:17;denke der move eben soll 158 erledigt haben
2026-05-12 13:41;nogut du fuchs 😉👍 um die bezahlabokonkurrenz im auge zu haben habe ich so ein test depot auch 🎉
2026-05-12 14:02;now dp 109 u keine 950 aber 992 im z
2026-05-12 15:07;bonda schön das es Einer merkt 🤣😉allein dafür lohnt sich meine arbeit
2026-05-12 15:20;ljen da geht noch mehr bei infineeon, siehe amnd und intel vorbörse
2026-05-12 15:21;subxero hatte die wahl intel or infineon. amd läuft
2026-05-12 15:27;109 bestand
2026-05-12 15:30;bonda 058 022 die tausend nicht unterschötzen.
2026-05-12 15:45;nogut wird alles weiter wieder hoch gekauft . nm lässt grüssen
2026-05-12 15:58;nun kommt bewegung rein
2026-05-12 16:04;siehe n100 werte
2026-05-12 16:05;reversal von 022 mgl-
2026-05-12 16:07;992 weiter im z
2026-05-12 16:08;nogut nimm sg
2026-05-12 16:40;022 stabil
2026-05-12 16:42;bin flat. will es nicht erzwingen
2026-05-12 16:56;024 dp
2026-05-12 17:07;933 und 902 mgl
2026-05-12 17:13;bonda 950 im auge haben
2026-05-12 18:21;ovn dp 24.008
2026-05-12 18:21;subxero muß jeder für sich entscheiden. liefere die Idee und tue mich bei einzelwerten schwer. es kommen imm wieder chancen. man kann nichts erzwingen
2026-05-12 18:23;hatte im z. intel, infineon, amd, qualcom alles auf short seit gestern, aber man kann nicht alles haben 🙈
2026-05-12 19:08;o 122 152 u 950 902
2026-05-12 19:10;schon krass wie im n100 die sieger der letzten tage geschmissen werden
2026-05-12 19:32;Profitipper ich lass mich gern bedienen 🤣 ribcity.com/
2026-05-12 20:08;n100 längerfristig shorten. extrem risiko. aktuell dp n100 26.728 gbe
2026-05-13 14:49;ihr kennt doch das Prozedere 🤣😉
2026-05-13 14:56;2x reicht noch nicht 😉
2026-05-13 14:58;dp 058 new
2026-05-13 15:02;u 022 nix 950 bisher o 088 102 122
2026-05-13 15:11;088 harter job bekannt
2026-05-13 15:12;da hat der Z bei Infineon wohl die Richtung verwechselt 🙈
2026-05-13 15:17;nogut oh nein. schreib es nicht , das setzt mich unter druck 😉🙈😆
2026-05-13 15:23;nogut wie geschrieben für mich 1. tranche, aber hätte hätte gibt es bei mir nicht NUR alles oder nichts 🤣🎉🙈
2026-05-13 15:24;intel entscheidet
2026-05-13 15:36;62,95 hatte ich xetra . bei lus + stu 64,31
2026-05-13 15:50;2 tranche war schon aktiviert dann dreht die amis chip ins minus . nun zeigt uns inf was es drauf hat
2026-05-13 15:51;088 nun dp
2026-05-13 15:51;u 950 im z
2026-05-13 16:38;subxero warum long raus, solang über dp alles long mit bekannten zielen.
2026-05-13 16:41;stimmt, dachte hatteab 122 158 188 gepostet
2026-05-13 16:56;dp von 16.45 108 u 022 max.
2026-05-13 18:31;bonda die wird seit letzten hier genannten dp nicht mehr angeiezgt
2026-05-13 18:32;nach 188 geht bis 202-212 ovn dp 138
2026-05-13 18:33;bonda sei zufrieden mit dem was du hast und mach mal pause
2026-05-14 13:06;GEZ gibt es nur in Germany. Zwangsgebühr
2026-05-14 17:35;Dagegen fliegen deutsche Politiker rumd um die Welt verschenken Geld was Ihnen nicht gehört und greifen dazu fleißig in Rentenkasse und Pflegekassen. Aber das stört den deutschen Michel keinesweg der wird ja brav auf Trump gelenkt. 🤣🍀😉
2026-05-14 18:33;mich nervt halt das in germany fast alles den bach runter geht aber immer fleißig auf trump etc. geschaut und berichtet wird. wenn ich lese das kinder von zweitfrauen einreisen und in germany anschläge planen dann fällt mir nix mehr ein. diese leute dann noch auf den taschen der abeitetenden bevölkerung liegen, das ist wahnsinn.
2026-05-15 11:53;subxero moin. dp 068 u 950 and more
2026-05-15 13:33;so long ja us short
2026-05-15 13:35;sun-set beide viel zu hoch. siehe auch us vorbörse
2026-05-15 13:37;Knipser kommen doch genug ins land die behandelt werden wollen, da wird genug verdient. ich hoffe das auch bald die kfz und gebäudebersicherer das solidaritätsprinzip einführen 🤣🙈
2026-05-15 13:44;bonda dann weißt du mehr als ich 🎉 congrats
2026-05-15 14:04;bonda alles unter 1,00 ist schrott
2026-05-15 14:05;bonda dp 058 u 988 958 next h
2026-05-15 14:07;bonda egal was du setzt,reisoko ist immer da nur bei scheinen über 1,00 verkierst nicht so viel mit spread und betrug, frage aber bitte nicht wenn du die antwort schon weißt 🤣👍
2026-05-15 14:11;Merz zieht die Fäden www.bild.de/politik/inland/friedrich-merz-telefoniert-mit-donald-trump-ende-der-eiszeit-6a070650d1570d73067a0eaa
2026-05-15 14:29;bonda nee nee, merz weiß schon was er tut 👍der deutsche bürger weiß das zu schätzen und zieht oft über trump her
2026-05-15 14:30;L 959 bin zufrieden 🤑🤣
2026-05-15 14:30;nogut na dann wirf alles aus deinen depots
2026-05-15 14:31;nogut du fuchs bist sau schnell 😆🆗
2026-05-15 14:46;bonda mgl. weiß ja meine ziele nur für 1 stunde
2026-05-15 14:47;bonda mit L meinte ich auch nicht Long sondern Low 🆗
2026-05-15 14:47;neuer dp
2026-05-15 14:49;958 dp
2026-05-15 14:53;jetzt mal paar punkte erholung mgl
2026-05-15 15:08;ihr wisst ja 988 gehört immer oft dazu
2026-05-15 15:09;glück das sap grün ist
2026-05-15 15:37;sap hält den dax stabil
2026-05-15 15:37;so long ich habe keine ahnung von gaps und auch nicht wo sie liegen. das interesssiert mich nicht. aber heute down. siehste ja und vorhin schon geschrieben
2026-05-15 15:39;und mein liebling ///
2026-05-15 15:49;958
2026-05-18 11:44;bonda moin, du hast mich mit deiner wolke geweckt. stell die mal in zukunft hier ein.
2026-05-18 11:50;endlich tut er was .... www.bild.de/politik/ausland-und-internationales/notstand-wegen-klima-lauterbach-schlaegt-pandemie-alarm-6a0aa38f639442857fa22bde
2026-05-18 12:11;short signal war optimal trader noch zu müde.
2026-05-18 12:12;bonda lies bitte nochmal was ich geschrieben habe 😉
2026-05-18 12:13;bonda lonng an 24 k nee da geht man im scalp mit millionefacher stückzahl short bis 950
2026-05-18 13:01;welche Indikation oder Xetra ? 🤔
2026-05-18 13:10;bäm da ist sie wieder. schnelles geld im pendlerverkehr 🍀🤑
2026-05-18 13:20;doch noch jemand hier-nee 2mal ist genug 🤣
2026-05-18 13:29;007 noch dp
2026-05-18 13:33;wenn 022 d 058 098
2026-05-18 13:36;Bitteschön 🤣🤑das tut gut
2026-05-18 13:39;🎉🎉🎉 www.youtube.com/watch?v=n67YJ7ICh_Q
2026-05-18 13:46;dp perfekt zur 158 gesprungen
2026-05-18 16:02;toolmmy unter 422
2026-05-18 16:34;422 🫣
2026-05-18 16:52;habe seit 7min 321
2026-05-18 16:57;süden
2026-05-18 17:03;a.freiberger 16.52 uhr dann minus 7min . genau da kam der dp
2026-05-18 17:18;intc . crwd . amd . qcom . orcl seit noon blinken rote short singanle
2026-05-18 18:36;n100 lehrbuchmäßig 👍
2026-05-18 20:18;Bär_79 ja 630 habe ich auch. wurde auch zeit mit konsolidierung
2026-05-18 20:23;nogut leider nicht für uns deine Entdeckung 😉
2026-05-18 20:25;748 wicvhtig n100 mit ttmzero
2026-05-18 20:50;nogut gebaut wir immer 😉
2026-05-19 14:50;ENDLICH www.bild.de/news/ausland/angela-merkel-bekommt-europaeischen-verdienstorden-6a0c4bd73b7096456ac7c0b6
2026-05-19 14:51;VERDIENT haben Alle viel www.deutschlandfunk.de/merkel-selenskyj-walesa-europaeisches-parlament-vergibt-erstmals-europaeischen-verdienstorden-102.html
2026-05-19 15:49;508 nun im dp
2026-05-19 16:24;wer fragt gewinnt 🤣🤑
2026-05-19 16:27;wo dax ohne sap
2026-05-19 16:29;reminder von gestern wo n100 ziele, zwei sagten 600 🤣🤑
2026-05-19 16:31;dax 388 ui ui break
2026-05-19 16:41;388 👻
2026-05-19 18:06;ovn dp 388 u 358 322 o 422 488
2026-05-19 18:16;falls jemand über den kauf eines Bootes nachdenkt... www.youtube.com/shorts/WkZMjB68nD8
2026-05-19 19:30;verisimile 👍🆗
2026-05-19 20:55;Monetenfred  👻👻👻 heute 18:06 ovn dp 388 u 358 322 o 422 488 🤑🤑🤑
2026-05-19 21:13;358 ist oft für paar punkte nach N gut
2026-05-20 12:00;Strandläufer dp 458 ziele bisher 🎉 o und unten 👻 immer gut aufgepasst
2026-05-20 12:01;0 502 522 555 poi
2026-05-20 12:07;aktuell nix im zeiger. 🆗 mal vorbörse abwarten
2026-05-20 12:14;nach 555 ruft 600 reichtum für alles leser und frager 🎉🤣🤑
2026-05-20 14:30;sry, i know 593 ist nix 600 🤣🎉👻
2026-05-20 14:35;puuuh n100 vorbörse da rollt der usd 🤣🎉
2026-05-20 14:47;brand new dp 528 u 488 458 o max th mit bekannten poi s vorhin
2026-05-20 15:08;bonda echt. was ist da los ? Gute Besserung 🍀
2026-05-20 15:35;14.47 Uhr REICHTUM für Frager
2026-05-20 16:07;was die nur an Intel finden 🎉 52 Week High132.75 52 Week High Date05/11/26 52 Week Low18.97 52 Week Low Date08/01/25
2026-05-20 16:13;seit 15.45 uhr sind wir mit dp an 518
2026-05-20 16:21;"nogut du bist ja auch hier 😉🍀 Die Ölpreise geben deutlich nach, nachdem laut der iranischen Agentur Tasnim in den vergangenen 24 Stunden 26 Schiffe in Koordination mit den Revolutionsgarden die Straße von Hormus passiert haben. Großbritannien lockert zudem Sanktionen und erlaubt auf unbestimmte Zeit den Import von in Drittländern aus russischem Öl raffiniertem Flugzeugtreibstoff und Diesel; die Maßnahme wird laut Regierung laufend überprüft."
2026-05-20 16:26;Der pakistanische Armeechef könnte morgen den Iran besuchen, um die Fertigstellung des endgültigen Vertragsentwurfs bekannt zu geben. Die nächste Verhandlungsrunde wird nach der Hadsch-Saison in Islamabad stattfinden: Al Hadath
2026-05-20 16:59;MonaSusa naja Trump Fan ist etwas übertrieben. Ich respektiere Ihn wie jeden anderen Menschen auch ! Fan von Melanie passt schon besser 🤣 Keine Ahnung über das Telefon. habe immer noch mein Nokia 2010 🙈
2026-05-20 17:02;nogut dein depot popup läuft wohl auch nicht mehr ?
2026-05-20 17:03;nogut und alles nur wegen der fritz box
2026-05-20 17:04;dp 632
2026-05-20 17:05;nogut bin auch oft zu faul was zu über-einzutragen und die allgemeine wertschätzung hat auch nachgelassen 🤣🙈😉das ist das los eines free anbieters
2026-05-20 17:07;MonaSusa nur wer die 6 motoren aufruft klick on kann das sehen 🤣
2026-05-20 17:17;TRUMP SAYS US IN 'FINAL STAGES' OF TALKS WITH IRAN: POOL REPORT.
2026-05-20 17:18;im Z sind wir über 25 k oben
2026-05-20 17:22;h 899 🙈
2026-05-20 17:59;dp ovn 738 stroh zu gold
2026-05-20 20:52;nogut heute noch gewinnmitnahme im nvda short möglich 😉🤔
2026-05-21 12:37;Strandläufer zuletzt 11.45 bei 838 dp
2026-05-21 13:00;auch wenn keiner ruft oder fragt 🤣🤑 lad ich den dp von 12.45 uhr hier mal ab 614 🎉 macht der gewohnheit 🤣
2026-05-21 13:05;MonaSusa im Z kamen die 838 rechtzeitig. entschuldige bitte, bin erst aufgestanden und hatte gesehen das nur einb user gerufen hatte und das auch nur mit halber kraft. deshalb kam der dp meinerseits d.h. die bekanntgabe hier im teuren stream zu spät. aber bei den hohen abogebühren die ich verlange ist das unverzeihlich. 🤔
2026-05-21 13:07;ljen stock3 system hat das so gewählt. muß ich händisch ändern 😉🍀
2026-05-21 13:25;ljen die kumpels von den in us vorbörse machen es vor , aber der michel zögert noch 🤣
2026-05-21 15:45;fro_trade brand new 618 dp u 522 488
2026-05-21 15:46;alex.s ich bin extrem faul und selbst das strengt mich an 🤣🙈🍀
2026-05-21 15:49;MonaSusa man sollte immer vor augen haben , es ist doch nur geld ! 🍀
2026-05-21 15:54;(Ich will) Ich will, dass ihr mir vertraut (Ich will) Ich will, dass ihr mir glaubt (Ich will) Ich will eure Blicke spüren (Ich will) Jeden Herzschlag kontrollieren (Ich will) Ich will eure Stimmen hören (Ich will) Ich will die Ruhe stören (Ich will) Ich will, dass ihr mich gut seht (Ich will) Ich will, dass ihr mich versteht (Ich will) Ich will eure Fantasie (Ich will) Ich will eure Energie (Ich will) Ich will eure Hände seh'n (Ich will) In Beifall untergeh'n 🍀👍
2026-05-21 15:57;o wenn 702 🚀
2026-05-21 16:05;nvda ist aber bisher nicht der brüller
2026-05-21 16:21;Trader00815 sorry 🍀 ich halte ihn gleich mal an und nehm die vola für dich raus 😉 618 und 702 genannt
2026-05-21 16:22;na bitte, nun wird nvda mal etwas geschmissen.
2026-05-21 16:30;dp 618 und gedreht. da freut sich das traderherz 🍀🤑
2026-05-21 16:51;MonaSusa positionen aufteilen und an 702 erste gewinne mit nehmen genommen. es ist NUR Geld
2026-05-21 17:25;🙈
2026-05-21 20:19;wir haben noch nicht fertig 🤣 reich werden hört nicht 17.30 auf 😉🤣
2026-05-21 20:20;n100 short liegt in der luft 😉
2026-05-22 15:44;kuhbauer hello, was gibts ? 🍀😉
2026-05-22 15:57;24.878 im dax
2026-05-22 16:10;n100 dp 376 gbe
2026-05-23 13:01;MonaSusa Bären-Helga. Ich möchte klarstellen: Hier muss niemand weggehen, jeder kann hier sein! Ist eh nicht mein Stream. Was ich aber absolut nicht verstehe, ist, warum hier ständig auf Trump herumgehackt und er beleidigt werden muss ! Er ist nicht euer Präsident, ihr kennt ihn nicht und habt ihn nicht gewählt. Die USA sind nicht Deutschland. Bei unseren eigenen Politikern läuft genug schief, aber da traut sich keiner so den Mund aufzumachen, weil man Angst haben muss, dass das SEK vor der Tür steht. Glaubt nicht immer alles, was die Medien euch vorsetzen. Respekt solltet man jedem entgegenbringen. Schöne Pfingsten 🍀
2026-05-23 18:30;"Es gibt zahlreiche weitere Fälle, bei denen Beleidigungen im Netz gegen deutsche Spitzenpolitiker zu Strafverfahren und teils umstrittenen Hausdurchsuchungen geführt haben. Viele Abgeordnete nutzen mittlerweile automatisierte Agenturen oder spezialisierte Kanzleien, um Hasskommentare systematisch anzuzeigen. Der Hintergrund: CDU-Chef Friedrich Merz hat in den vergangenen Jahren Hunderte von Strafanträgen wegen Beleidigung eingereicht. Er ging juristisch unter anderem gegen Bezeichnungen wie „kleiner Nazi“, „Arschloch“ oder „drecks Suffkopf“ vor. Annalena Baerbock & Robert Habeck (Bündnis 90/Die Grünen)Der Hintergrund: Die beiden grünen Spitzenpolitiker gehören zu den am häufigsten attackierten Regierungsmitgliedern. Allein im Wirtschaftsministerium wurden in einer Legislaturperiode über 800 Strafanzeigen wegen Beleidigung oder Bedrohung gestellt.Die Konsequenz: Neben der „Schwachkopf“-Affäre wurden bundesweit Dutzende Verfahren eingeleitet. Häufig geht es um herabwürdigende Memes, bearbeitete Fotos oder massive Beschimpfungen in den Kommentarspalten von Plattformen wie Facebook und X. Marie-Agnes Strack-Zimmermann (FDP)Der Hintergrund: Die FDP-Politikerin ist bekannt dafür, im Grunde jede digitale Beleidigung zur Anzeige zu bringen. Sie reichte zeitweise monatlich hunderte Strafanzeigen ein, um eine rote Linie gegen Hass im Netz zu ziehen.Die Konsequenz: Ein Großteil dieser Anzeigen führt zu Geldstrafen per Strafbefehl, in Einzelfällen wurden auch hier im Vorfeld Datenträger per Hausdurchsuchung sichergestellt, um die Identität der Täter hinter anonymen Accounts zu klären. Der Fall ""Pimmelgate"": Ein prominentes Beispiel war der Fall des Hamburger Innensenators Andy Grote. Nachdem er auf Twitter als „so 1 Pimmel“ bezeichnet wurde, ließ die Polizei die Wohnung des Verfassers durchsuchen. Die Aktion sorgte bundesweit für eine große Debatte über die Verhältnismäßigkeit solcher Maßnahmen, und die Durchsuchung wurde im Nachhinein gerichtlich als rechtswidrig eingestuft.Die ""Schwachkopf""-Affäre: Auch die Beleidigung von Bundeswirtschaftsminister Robert Habeck als „Schwachkopf“ auf X (ehemals Twitter) führte zu einer Strafanzeige und einer Hausdurchsuchung. Dies löste eine heftige politische und rechtliche Kontroverse darüber aus, wie weit Kritik gehen darf und wo die Schwelle für staatliche Repressionen liegt. usw. ......😉"
2026-05-23 18:34;Jambalayo Danke für deine ausführliche Antwort. Ich glaube, da hast du mich ein bisschen missverstanden: Mir ging es überhaupt nicht darum, Kritik an Trump oder anderen Politikern zu verbieten oder das Recht dazu abzusprechen. Jede fundierte Kritik ist völlig legitim – egal ob an US-Politikern oder der deutschen Regierung.👉Worauf ich hinauswollte, ist schlicht und ergreifend der Tonfall. Man kann in der Sache völlig uneins sein und scharfe Kritik üben, ohne ins Beleidigende abzurutschen. 🆗Und was den Punkt mit den Repressionen angeht: Klar gibt es hierzulande freie Medien und harte Kritik. Aber die jüngsten Fälle (wie die Hausdurchsuchungen wegen Begriffen wie 'Pimmel' oder 'Schwachkopf') zeigen eben, dass die Grenzen bei Beleidigungen gegen das eigene Spitzenpersonal in Deutschland rechtlich sehr schnell und rigoros gezogen werden.Mir geht es einfach um einen respektvollen Umgang und sachliche Diskussionen, statt bloßem Gehate – egal, um wen es geht. Dir auch noch schöne Pfingsten!“
2026-05-26 14:09;kuhbauer bin fast immer hier am lesen und ärgere mich dann über einige Kommentare die eigentlich nicht der Netiquette entsprechen , aber bei Trump drückt stock3 evtl. auch mal ein Auge zu. Das FBI ist weiter weg als das SEK 🤣🙈
2026-05-26 14:55;kuhbauer seit 10 min . 258
2026-05-26 15:02;kuhbauer u 222 188 o 288 322 358
2026-05-26 17:11;Monetenfred u 222
2026-05-26 17:40;🤑🤣🆗
2026-05-26 18:01;an 188 und dann falls an 222 kann man dann zu legen
2026-05-26 18:25;ovn dp 228
2026-05-26 18:26;habe einige n100 werte im short und den german auch
2026-05-26 18:45;ljen nee die habe ich nicht. aber dell ist schon safe
2026-05-27 12:13;nogut das passiert öfter als man glaubt. da man keinen bootsführersschein benötigt (geb. vor 1988) kommen auch schlechte autofahrer auf ein boot. ganz normal solche kapriolen.
2026-05-27 12:56;nogut ja .
2026-05-27 13:24;wer schreibt der bleibt 🤣 wer fragt gewinnt 🤑 noch 332
2026-05-27 13:25;überall
2026-05-27 13:45;uvä
2026-05-27 14:34;find ich gut 👍
2026-05-27 15:32;nogut die fragen sind bei allen gleich 🤣 musste mich nicht anstrengen
2026-05-27 15:37;die chiper geben heute auch mal nach 🤑 dax dp noch 258
2026-05-27 15:38;Turbo Long auf Robinhood Markets Inc vorbörslich gab es signal
2026-05-27 15:41;nogut 950 mit ALLES 😉🎉
2026-05-27 15:46;bei mir schon geschichte hood
2026-05-27 15:47;Infineon Technologies AG
2026-05-27 15:58;dp uvä 258
2026-05-27 16:29;ach 188 🚀
2026-05-27 16:33;wow hood . echtes signal
2026-05-27 16:36;Knipser hatte viele k drin. reicht zum tanken 😉 regeln sind regeln
2026-05-27 16:38;Knipser habe ja noch den liebling im short 623100 und rechnung offen
2026-05-27 16:39;Knipser ja genau. die nervt total
2026-05-27 16:40;Monetenfred nun auch beendet
2026-05-27 17:13;pizza margherita ist auch ital. küche 😉🤣
2026-05-27 19:17;ovn 218 u max, 058 o 258
2026-05-28 08:05;gestern 19:17 ovn 218 u max, 058 👍 o 258 🍀🎉 moin, einen aboverkäufer würde man jetzt in der senfte tragen 🤣 und bejubeln. aber for free sieht man es als selbstverständlichkeit an. verrückte welt 🙈
2026-05-28 08:12;Lostack hast du heute auch eine Meinung dazu ?
2026-05-28 10:07;Geheule der Libertären 🤣🤣🤣
2026-05-28 14:57;Bär_79 o 102 u 988 dp 048
2026-05-28 15:07;hatten wir 3pm eben 102,5 😉👻🤔 ?
2026-05-28 15:12;dp beachten . erstaml stopp
2026-05-28 15:36;Monetenfred noch bis 15.45 uhr zu 988 zeit 👻🤣
2026-05-28 15:38;Monetenfred innerhalb 1 h 🆗 von 14.57 Uhr o 102 🤑 u 988 🤑 dp 048 ich will keine Senfte ich will eine goldene Kutsche 🤣
2026-05-28 15:45;krass 950 nicht im Z und nicht genannt 🆗🤑👻 nur 988 und 🚀wie bestellt
2026-05-28 15:46;fro_trade ich liebe es moderner so bauhausstil 😉🤣
2026-05-28 15:49;dp bleibt falls 122 ....erst morgen
2026-05-28 16:01;msft aktiv L
2026-05-28 16:16;Bär_79 na bitte da hast deine 180 🎉
2026-05-28 16:18;DER AUSLÖSER 🤣🤣🤣 SPD-Chef und Vizekanzler Lars Klingbeil betont ein Vertrauensverhältnis mit Kanzler Friedrich Merz und weist Spekulationen über einen Kanzlerwechsel zurück. Er bekräftigt, dass die Koalition an einem großen Reformpaket für Wettbewerbsfähigkeit, Wachstum und Arbeitsplätze arbeitet und zu Kompromissen bereit ist.
2026-05-28 16:36;und jetzt das und down 🤣🤣🤣 www.bild.de/politik/inland/von-der-leyens-eu-haushalt-deutschland-droht-xxl-rechnung-aus-bruessel-6a16c77461be973b7ac9ea60
2026-05-28 16:44;Monetenfred Turbo Long auf Robinhood Markets Inc gestern hier zu 0,60 - 15.38 Uhr- da habe ich einiges verschenkt
2026-05-28 16:50;obinhood gibt bekannt, dass berechtigte Kinder der Geburtsjahrgänge 2025 bis 2028 eine Ersteinzahlung von 1.000 US-Dollar vom US-Finanzministerium erhalten können. Die offizielle Trump Accounts App steht nun zum Download bereit und soll langfristige finanzielle Sicherheit für Millionen von Kindern aufbauen.
2026-05-28 19:25;da braucht man keine hebel ko s 🤣🙈
2026-05-28 20:43;108 ovn dp
2026-07-20 20:51;6 an dritter stelle 🤣🎁 zeit bis 10.45 früh- ein dip genügt
2026-07-20 20:53;my 2 cent aus eigener erfahrung- um so mehr man liest, online or papier-es beirrt einen in seinen entscheidungen 😉💪hat mir nie geholfen und mich nur beirrt
2026-07-20 20:55;in future wird nur dieses abo rendite abwerfen 🎁🤣😎 www.faz.net/aktuell/feuilleton/medien-und-film/medienpolitik/trump-verkauft-premiumabo-fuer-truth-social-201047626.html
2026-07-20 21:05;die 6 an dritter stelle rückt näher, reichtum für alle 🎁🤑🍀
2026-07-20 21:12;nur 12 P im ersten anlauf gefehlt. keiner mehr da ? nogut hat wohl seinen Hochsitz schon verlassen oder schreibt mit den Vips. na dann bis bald 🤑
2026-07-20 21:16;24.696 na bitte die 6 an dritte stelle 🤣🎁🍀🤑👻 kasse gemacht und ab in die nacht
2026-07-21 08:30;alex.s reicht dir eine glaskugel nicht mehr, mein Z hatte doch geschrieben 699 🆗🎁
2026-07-21 08:42;alex.s dann hat doch alles gepasst 😎🍀
2026-07-21 09:04;858 start reichtum nun für alle 🎁🤑🤣
2026-07-21 10:10;unter 858 alles short, mache selbst erstmal nix. hatte zwei perfekte trades und will die punkte nicht wieder hergeben 🤑🎁🤣
2026-07-21 10:13;oh NO - fake Munich Re-Aktien fallen um 14 Prozent auf 509,40 Euro, die seit Juni laufende Erholungsrally stockt. Finanzchef Andrew Buchanan sagt der Börsen-Zeitung, dass im Zuge des Halbjahresabschlusses das Pipeline-Geschäft für Q3 und Q4 geprüft werde und daraus die Prognose für den Markt abgeleitet werde. vor 31 MinKurznachricht
2026-07-21 10:28;nogut hast wieder nur die VIPs informiert 🤣
2026-07-21 11:45;249,50 sind keine 950 🤣😎
2026-07-21 11:45;949,50 auch nicht 🤑
2026-07-21 11:46;a.freiberger 11.45 brand new 912 dp
2026-07-21 11:54;nur über 958 + 988 und 25 k
2026-07-21 11:57;HOOD heute im 🤑 visier. einzelwerte trades kommen aber nicht mehr ins öffentliche depot
2026-07-21 14:56;seit 14.45 uhr 888 dp
2026-07-21 14:57;u 822 802 758
2026-07-21 15:31;peewee_ma immer
2026-07-21 15:32;HOOD 🤑🎁 wer liest gewinnt
2026-07-21 15:39;Monetenfred liegen dir neue Zahlen vor? Wenn ja, wäre ich dankbar, wenn du sie hier veröffentlichen würdest. 🤣🤑 So viel Zeit muss sein. Reich werden ist nun mal nicht einfach!“ or gibt's neue Zahlen? Wenn ja, hau sie gerne mal hier raus! 🤣🤑 So viel Zeit muss sein – reich werden ist schließlich kein Spaziergang.“
2026-07-21 15:39;dp noch 853
2026-07-21 15:45;FG5G2V
2026-07-21 15:45;dp new 858 u bleibt
2026-07-21 15:48;Unlimited X-Best Turbo-Optionsschein auf DAX nix da 🆗
2026-07-21 15:52;Knipser bitte ist auch nicht erforderlich. (auch keine Vorgabe) nur wenn möglich ein ganzer satz und ein danke als bezahlung 🤣😉👻
2026-07-21 15:54;Knipser gestern 12.12 Uhr moin, hast Du ein unten? 🍀 gab kein neues, deshalb keine antwort , gestern
2026-07-21 15:55;🤑👻🍀 es ist doch nur geld
2026-07-21 16:03;neuer dp 858 falls 812 dann bis 788 aber unwahrscheinlich
2026-07-21 16:03;spcx zum erweckt 💪🎁🤣
2026-07-21 16:04;HOOD volle kanne 🎁🍀
